# ************************************************************
# Sequel Pro SQL dump
# Version 4096
#
# http://www.sequelpro.com/
# http://code.google.com/p/sequel-pro/
#
# Host: localhost (MySQL 5.5.34)
# Database: av01875leatherback
# Generation Time: 2014-08-15 23:27:27 +0000
# ************************************************************


/*!40101 SET @OLD_CHARACTER_SET_CLIENT=@@CHARACTER_SET_CLIENT */;
/*!40101 SET @OLD_CHARACTER_SET_RESULTS=@@CHARACTER_SET_RESULTS */;
/*!40101 SET @OLD_COLLATION_CONNECTION=@@COLLATION_CONNECTION */;
/*!40101 SET NAMES utf8 */;
/*!40014 SET @OLD_FOREIGN_KEY_CHECKS=@@FOREIGN_KEY_CHECKS, FOREIGN_KEY_CHECKS=0 */;
/*!40101 SET @OLD_SQL_MODE=@@SQL_MODE, SQL_MODE='NO_AUTO_VALUE_ON_ZERO' */;
/*!40111 SET @OLD_SQL_NOTES=@@SQL_NOTES, SQL_NOTES=0 */;


# Dump of table craft_assetfiles
# ------------------------------------------------------------

DROP TABLE IF EXISTS `craft_assetfiles`;

CREATE TABLE `craft_assetfiles` (
  `id` int(11) NOT NULL,
  `sourceId` int(11) DEFAULT NULL,
  `folderId` int(11) NOT NULL,
  `filename` varchar(255) COLLATE utf8_unicode_ci NOT NULL,
  `kind` varchar(50) COLLATE utf8_unicode_ci NOT NULL DEFAULT 'unknown',
  `width` smallint(6) unsigned DEFAULT NULL,
  `height` smallint(6) unsigned DEFAULT NULL,
  `size` int(11) unsigned DEFAULT NULL,
  `dateModified` datetime DEFAULT NULL,
  `dateCreated` datetime NOT NULL,
  `dateUpdated` datetime NOT NULL,
  `uid` char(36) COLLATE utf8_unicode_ci NOT NULL DEFAULT '0',
  PRIMARY KEY (`id`),
  UNIQUE KEY `craft_assetfiles_filename_folderId_unq_idx` (`filename`,`folderId`),
  KEY `craft_assetfiles_sourceId_fk` (`sourceId`),
  KEY `craft_assetfiles_folderId_fk` (`folderId`),
  CONSTRAINT `craft_assetfiles_folderId_fk` FOREIGN KEY (`folderId`) REFERENCES `craft_assetfolders` (`id`) ON DELETE CASCADE,
  CONSTRAINT `craft_assetfiles_id_fk` FOREIGN KEY (`id`) REFERENCES `craft_elements` (`id`) ON DELETE CASCADE,
  CONSTRAINT `craft_assetfiles_sourceId_fk` FOREIGN KEY (`sourceId`) REFERENCES `craft_assetsources` (`id`) ON DELETE CASCADE
) ENGINE=InnoDB DEFAULT CHARSET=utf8 COLLATE=utf8_unicode_ci;

LOCK TABLES `craft_assetfiles` WRITE;
/*!40000 ALTER TABLE `craft_assetfiles` DISABLE KEYS */;

INSERT INTO `craft_assetfiles` (`id`, `sourceId`, `folderId`, `filename`, `kind`, `width`, `height`, `size`, `dateModified`, `dateCreated`, `dateUpdated`, `uid`)
VALUES
	(8,1,1,'turtle-robinson-widescreen.jpg','image',1600,900,180181,'2014-07-17 20:18:49','2014-07-17 20:18:49','2014-07-17 20:18:49','84be660b-3abe-4646-bf74-17785801fec5'),
	(9,1,1,'leatherback-nesting-full.jpg','image',1600,1162,436823,'2014-07-19 18:12:46','2014-07-19 18:12:47','2014-07-19 18:12:47','063947b5-ea35-4631-b3cb-7303eacdbf15'),
	(10,1,1,'trinidad-turtle.jpg','image',970,618,91873,'2014-07-21 15:38:16','2014-07-21 15:38:16','2014-07-21 15:38:16','e5f3bbf6-dd42-4f47-acdf-16ed034eeec1'),
	(14,1,1,'fisherman.jpg','image',257,257,22233,'2014-07-21 15:44:52','2014-07-21 15:44:52','2014-07-21 15:44:52','f295a647-d9d6-45ee-9dfe-482bdd6241a2'),
	(20,1,1,'compare-satellite.jpg','image',800,800,132788,'2014-07-21 15:50:14','2014-07-21 15:50:15','2014-07-21 15:50:15','a52ed0af-5147-45f4-a276-32a0382c53be'),
	(21,1,1,'compare-map.jpg','image',800,800,48301,'2014-07-21 15:50:26','2014-07-21 15:50:27','2014-07-21 15:50:27','2c2f1db8-51a6-42d2-b61a-1584d570f478'),
	(39,2,2,'george-headshot.jpg','image',300,300,28242,'2014-07-22 14:27:53','2014-07-22 14:27:54','2014-07-22 14:27:54','44caa84c-4258-4617-a48e-279683d840d5'),
	(40,2,2,'as-sm.png','image',476,476,280052,'2014-07-22 14:30:10','2014-07-22 14:30:12','2014-07-22 14:30:12','6b282135-bff0-42d2-a630-38b9130c281b'),
	(51,1,1,'photo-1.JPG','image',682,539,107936,'2014-07-23 14:36:55','2014-07-23 14:36:56','2014-07-23 14:36:56','c69bab02-54e4-4171-89e6-beee3bb3a6e0'),
	(54,1,1,'leatherback-turtle-nest-spiral.jpg','image',1024,768,296125,'2014-07-23 14:39:07','2014-07-23 14:39:07','2014-07-23 14:39:07','25090f33-a28d-417d-819d-fb191a6da82f'),
	(70,3,3,'tlt-threat-development.png','image',640,640,5786,'2014-07-31 15:42:27','2014-07-27 21:01:05','2014-07-31 15:42:35','060da30f-4264-490e-aef5-0b56a0030941'),
	(80,1,1,'o-SEA-TURTLE-DOCUMENTARY-facebook.jpg','image',1536,1024,318924,'2014-07-29 14:45:13','2014-07-29 14:45:14','2014-07-29 14:45:14','f403e847-d474-4e49-84ae-2229400c7a3c'),
	(81,3,3,'tlt-threat-fishing2x.png','image',240,240,4110,'2014-07-29 14:56:03','2014-07-29 14:56:03','2014-07-29 14:56:03','0e20a07d-5155-4c94-b660-44a5d3b99f2c'),
	(85,3,3,'tlt-threat-development2x.png','image',240,240,2736,'2014-07-29 15:01:09','2014-07-29 15:01:10','2014-07-29 15:01:10','a57071c9-278c-4adf-886a-efbad2140f20'),
	(91,3,3,'tlt-threat-climatchange.png','image',640,640,24716,'2014-07-31 15:42:26','2014-07-31 15:42:27','2014-07-31 15:42:27','f57cccf7-b914-4fed-9ee1-e89e544fbd6c'),
	(93,3,3,'tlt-threat-fishing.png','image',640,640,12652,'2014-07-31 15:42:28','2014-07-31 15:42:28','2014-07-31 15:42:28','56d25b6f-8785-4b8b-a51a-fc097989c90e'),
	(94,3,3,'tlt-threat-nestdisturbance.png','image',640,640,20582,'2014-07-31 15:42:29','2014-07-31 15:42:29','2014-07-31 15:58:54','bd8cd1cd-1d4c-492e-9606-34f23628ea51'),
	(95,3,3,'tlt-threat-pollution.png','image',640,640,22695,'2014-07-31 16:18:22','2014-07-31 15:42:30','2014-07-31 16:18:24','8046759e-479b-4b9c-8cdc-94ad257ce29e'),
	(113,2,2,'henry-rollins.jpg','image',600,600,50503,'2014-08-05 13:49:52','2014-08-05 13:49:52','2014-08-05 13:49:52','5802bfa7-f75d-485a-aa50-fb4e8eb938ef'),
	(115,2,2,'kristin-wiig.jpg','image',600,600,54819,'2014-08-05 14:53:04','2014-08-05 14:53:04','2014-08-05 14:53:04','ba32c1fc-2330-4a5f-b7c0-4897661eee35'),
	(117,2,2,'tristram.jpg','image',600,600,61996,'2014-08-05 14:54:06','2014-08-05 14:54:06','2014-08-05 14:54:06','dd2b4f62-c388-4482-9614-bf92e5346908'),
	(119,2,2,'georgia-tech.jpg','image',347,374,20580,'2014-08-05 15:00:05','2014-08-05 15:00:05','2014-08-05 15:00:05','e09b6354-870f-4bb6-bdc1-2fba12083036'),
	(121,2,2,'moore-foundation.png','image',278,254,22711,'2014-08-05 15:02:55','2014-08-05 15:02:56','2014-08-05 15:02:56','3b3d6035-047e-42ae-af1f-183c3b016f8a'),
	(123,2,2,'Bullis_Charter_School_Logo.jpg','image',186,300,26730,'2014-08-05 15:04:41','2014-08-05 15:04:41','2014-08-05 15:04:41','e41814db-ae19-48a1-af92-bfa865c33753'),
	(146,1,1,'turtles_hatchling_news.jpg','image',600,400,34649,'2014-08-07 15:53:24','2014-08-07 15:53:24','2014-08-07 15:53:24','05a855bf-779f-4707-a0c9-7bbd84756220'),
	(148,1,1,'turtle-drawing.gif','image',1024,586,125673,'2014-08-07 16:13:44','2014-08-07 16:13:44','2014-08-07 16:13:44','00385238-83f9-466b-b381-06df3ac08713'),
	(177,1,1,'turtle-drawing_1.gif','image',370,370,34982,'2014-08-12 21:39:51','2014-08-12 21:39:52','2014-08-12 21:39:52','460995b7-e561-4e1d-8384-4cb57ec1d88f');

/*!40000 ALTER TABLE `craft_assetfiles` ENABLE KEYS */;
UNLOCK TABLES;


# Dump of table craft_assetfolders
# ------------------------------------------------------------

DROP TABLE IF EXISTS `craft_assetfolders`;

CREATE TABLE `craft_assetfolders` (
  `id` int(11) NOT NULL AUTO_INCREMENT,
  `parentId` int(11) DEFAULT NULL,
  `sourceId` int(11) DEFAULT NULL,
  `name` varchar(255) COLLATE utf8_unicode_ci NOT NULL,
  `path` varchar(255) COLLATE utf8_unicode_ci DEFAULT NULL,
  `dateCreated` datetime NOT NULL,
  `dateUpdated` datetime NOT NULL,
  `uid` char(36) COLLATE utf8_unicode_ci NOT NULL DEFAULT '0',
  PRIMARY KEY (`id`),
  UNIQUE KEY `craft_assetfolders_name_parentId_sourceId_unq_idx` (`name`,`parentId`,`sourceId`),
  KEY `craft_assetfolders_parentId_fk` (`parentId`),
  KEY `craft_assetfolders_sourceId_fk` (`sourceId`),
  CONSTRAINT `craft_assetfolders_parentId_fk` FOREIGN KEY (`parentId`) REFERENCES `craft_assetfolders` (`id`) ON DELETE CASCADE,
  CONSTRAINT `craft_assetfolders_sourceId_fk` FOREIGN KEY (`sourceId`) REFERENCES `craft_assetsources` (`id`) ON DELETE CASCADE
) ENGINE=InnoDB DEFAULT CHARSET=utf8 COLLATE=utf8_unicode_ci;

LOCK TABLES `craft_assetfolders` WRITE;
/*!40000 ALTER TABLE `craft_assetfolders` DISABLE KEYS */;

INSERT INTO `craft_assetfolders` (`id`, `parentId`, `sourceId`, `name`, `path`, `dateCreated`, `dateUpdated`, `uid`)
VALUES
	(1,NULL,1,'Image uploads','','2014-07-17 19:54:14','2014-07-17 19:54:14','e4033f50-41ea-4f2b-9604-41d4f3283442'),
	(2,NULL,2,'People','','2014-07-22 14:00:32','2014-07-22 14:00:32','aa2805bb-6d0b-4990-a4a3-3bf9f678e25e'),
	(3,NULL,3,'Threats','','2014-07-27 20:44:56','2014-07-27 20:44:56','7b47c9d9-1e23-4760-9246-272b7f360c04');

/*!40000 ALTER TABLE `craft_assetfolders` ENABLE KEYS */;
UNLOCK TABLES;


# Dump of table craft_assetindexdata
# ------------------------------------------------------------

DROP TABLE IF EXISTS `craft_assetindexdata`;

CREATE TABLE `craft_assetindexdata` (
  `id` int(11) NOT NULL AUTO_INCREMENT,
  `sessionId` varchar(36) COLLATE utf8_unicode_ci NOT NULL DEFAULT '',
  `sourceId` int(10) NOT NULL,
  `offset` int(10) NOT NULL,
  `uri` varchar(255) COLLATE utf8_unicode_ci DEFAULT NULL,
  `size` int(10) DEFAULT NULL,
  `recordId` int(10) DEFAULT NULL,
  `dateCreated` datetime NOT NULL,
  `dateUpdated` datetime NOT NULL,
  `uid` char(36) COLLATE utf8_unicode_ci NOT NULL DEFAULT '0',
  PRIMARY KEY (`id`),
  UNIQUE KEY `craft_assetindexdata_sessionId_sourceId_offset_unq_idx` (`sessionId`,`sourceId`,`offset`),
  KEY `craft_assetindexdata_sourceId_fk` (`sourceId`),
  CONSTRAINT `craft_assetindexdata_sourceId_fk` FOREIGN KEY (`sourceId`) REFERENCES `craft_assetsources` (`id`) ON DELETE CASCADE
) ENGINE=InnoDB DEFAULT CHARSET=utf8 COLLATE=utf8_unicode_ci;



# Dump of table craft_assetsources
# ------------------------------------------------------------

DROP TABLE IF EXISTS `craft_assetsources`;

CREATE TABLE `craft_assetsources` (
  `id` int(11) NOT NULL AUTO_INCREMENT,
  `name` varchar(255) COLLATE utf8_unicode_ci NOT NULL,
  `type` varchar(150) COLLATE utf8_unicode_ci NOT NULL,
  `settings` text COLLATE utf8_unicode_ci,
  `sortOrder` tinyint(4) DEFAULT NULL,
  `fieldLayoutId` int(10) DEFAULT NULL,
  `dateCreated` datetime NOT NULL,
  `dateUpdated` datetime NOT NULL,
  `uid` char(36) COLLATE utf8_unicode_ci NOT NULL DEFAULT '0',
  PRIMARY KEY (`id`),
  UNIQUE KEY `craft_assetsources_name_unq_idx` (`name`),
  KEY `craft_assetsources_fieldLayoutId_fk` (`fieldLayoutId`),
  CONSTRAINT `craft_assetsources_fieldLayoutId_fk` FOREIGN KEY (`fieldLayoutId`) REFERENCES `craft_fieldlayouts` (`id`) ON DELETE SET NULL
) ENGINE=InnoDB DEFAULT CHARSET=utf8 COLLATE=utf8_unicode_ci;

LOCK TABLES `craft_assetsources` WRITE;
/*!40000 ALTER TABLE `craft_assetsources` DISABLE KEYS */;

INSERT INTO `craft_assetsources` (`id`, `name`, `type`, `settings`, `sortOrder`, `fieldLayoutId`, `dateCreated`, `dateUpdated`, `uid`)
VALUES
	(1,'Image uploads','Local','{\"path\":\"{basePath}assets\\/images\\/\",\"url\":\"{baseUrl}assets\\/images\\/\"}',1,62,'2014-07-17 19:54:14','2014-07-21 21:55:41','719d9718-7477-4312-bb2d-1f09e00e547e'),
	(2,'People','Local','{\"path\":\"{basePath}assets\\/people\\/\",\"url\":\"{baseUrl}assets\\/people\\/\"}',2,85,'2014-07-22 14:00:32','2014-07-27 20:44:16','c0eac2ad-b7e9-4089-aef5-c95b5cfb0ba8'),
	(3,'Threats','Local','{\"path\":\"{basePath}assets\\/threats\\/\",\"url\":\"{baseUrl}assets\\/threats\\/\"}',3,86,'2014-07-27 20:44:56','2014-07-27 20:44:56','5fdb1cd0-bf93-433e-8068-8840860dac70');

/*!40000 ALTER TABLE `craft_assetsources` ENABLE KEYS */;
UNLOCK TABLES;


# Dump of table craft_assettransformindex
# ------------------------------------------------------------

DROP TABLE IF EXISTS `craft_assettransformindex`;

CREATE TABLE `craft_assettransformindex` (
  `id` int(11) NOT NULL AUTO_INCREMENT,
  `fileId` int(11) NOT NULL,
  `location` varchar(255) COLLATE utf8_unicode_ci NOT NULL,
  `sourceId` int(11) DEFAULT NULL,
  `fileExists` tinyint(1) DEFAULT NULL,
  `inProgress` tinyint(1) DEFAULT NULL,
  `dateIndexed` datetime DEFAULT NULL,
  `dateCreated` datetime NOT NULL,
  `dateUpdated` datetime NOT NULL,
  `uid` char(36) COLLATE utf8_unicode_ci NOT NULL DEFAULT '0',
  PRIMARY KEY (`id`),
  KEY `craft_assettransformindex_sourceId_fileId_location_idx` (`sourceId`,`fileId`,`location`)
) ENGINE=InnoDB DEFAULT CHARSET=utf8 COLLATE=utf8_unicode_ci;

LOCK TABLES `craft_assettransformindex` WRITE;
/*!40000 ALTER TABLE `craft_assettransformindex` DISABLE KEYS */;

INSERT INTO `craft_assettransformindex` (`id`, `fileId`, `location`, `sourceId`, `fileExists`, `inProgress`, `dateIndexed`, `dateCreated`, `dateUpdated`, `uid`)
VALUES
	(5,9,'_homepageHero',1,1,0,'2014-07-21 20:08:25','2014-07-21 20:08:25','2014-07-21 20:08:26','09b797db-ab2d-4263-893e-4f3726832a1d'),
	(6,8,'_homepageHero',1,1,0,'2014-07-21 20:08:47','2014-07-21 20:08:47','2014-07-21 20:08:47','817db871-8898-4684-8f70-967a7b6422fe'),
	(8,14,'_standardImage',1,1,0,'2014-07-21 20:50:15','2014-07-21 20:50:15','2014-07-21 20:50:15','207d5916-e9b9-4433-a4f5-7aacd8a5fb25'),
	(10,20,'_standardImage',1,1,0,'2014-07-21 21:11:09','2014-07-21 21:11:09','2014-07-21 21:11:10','f5157803-c244-44e7-989c-65712b918020'),
	(11,21,'_standardImage',1,1,0,'2014-07-21 21:16:15','2014-07-21 21:16:15','2014-07-21 21:16:16','57e7d266-9ddc-495e-8adf-fcefd46a5638'),
	(13,9,'_heroImage',1,1,0,'2014-07-21 21:53:27','2014-07-21 21:53:27','2014-07-21 21:53:28','f231a2f7-2857-4beb-9add-131ffa6be529'),
	(21,21,'_newsFeatured',1,1,0,'2014-07-23 14:32:50','2014-07-23 14:32:50','2014-07-23 14:32:50','24cf4127-f4b5-4465-83a3-d0b52a41012f'),
	(24,51,'_newsTeaser',1,1,0,'2014-07-23 14:39:47','2014-07-23 14:39:47','2014-07-23 14:39:47','8f6eb03b-2ba2-4458-9c55-4ce1a80b1ffa'),
	(27,81,'_threatIcon',3,1,0,'2014-07-29 15:00:35','2014-07-29 15:00:35','2014-07-29 15:00:35','877c9e57-f417-42c3-adc4-e219e6734c3b'),
	(28,85,'_threatIcon',3,1,0,'2014-07-29 15:02:45','2014-07-29 15:02:45','2014-07-29 15:02:45','ae3aede3-23af-4f09-a29e-42858fa329fb'),
	(29,85,'_insetImage',3,1,0,'2014-07-29 15:33:06','2014-07-29 15:33:06','2014-07-29 15:33:07','cbb16d13-2a65-4380-87c4-a7cf572f06c3'),
	(30,70,'_threatIcon',3,1,0,'2014-07-31 15:45:43','2014-07-31 15:45:43','2014-07-31 15:45:44','202a2257-d945-46a0-8b64-d594f5190738'),
	(31,93,'_threatIcon',3,1,0,'2014-07-31 15:45:43','2014-07-31 15:45:43','2014-07-31 15:45:44','58dbb630-abab-456f-92e5-1f01328c086d'),
	(32,94,'_threatIcon',3,1,0,'2014-07-31 16:00:48','2014-07-31 16:00:48','2014-07-31 16:00:49','13a7b712-c0f1-4b08-a33b-3feca064726a'),
	(34,91,'_threatIcon',3,1,0,'2014-07-31 16:13:21','2014-07-31 16:13:21','2014-07-31 16:13:22','1f9adf76-d7f3-485b-bfcd-7a26b35d7c6a'),
	(36,95,'_threatIcon',3,1,0,'2014-07-31 16:18:30','2014-07-31 16:18:30','2014-07-31 16:18:30','64a51d7f-d64a-4417-bc02-bd79f3b27d2f'),
	(37,113,'_personHeadshot',2,1,0,'2014-08-05 18:44:51','2014-08-05 18:44:51','2014-08-05 18:44:51','be34ef4a-99f0-4d49-8fb5-6b80ade9646f'),
	(38,40,'_personHeadshot',2,1,0,'2014-08-05 18:44:51','2014-08-05 18:44:51','2014-08-05 18:44:52','c7bb8c8e-963d-4b00-82a0-731aae8e5ce4'),
	(39,115,'_personHeadshot',2,1,0,'2014-08-05 18:44:51','2014-08-05 18:44:51','2014-08-05 18:44:51','082bcb60-a618-48b2-8c9c-fd3b8d4be29e'),
	(40,117,'_personHeadshot',2,1,0,'2014-08-05 18:44:51','2014-08-05 18:44:51','2014-08-05 18:44:51','57f6a205-870f-4256-8c02-003c40758fa4'),
	(41,121,'_orgLogo',2,1,0,'2014-08-05 19:36:28','2014-08-05 19:36:28','2014-08-05 19:36:29','c841e640-9c45-42e2-8d3f-6df80835c4d7'),
	(42,123,'_orgLogo',2,1,0,'2014-08-05 19:36:28','2014-08-05 19:36:28','2014-08-05 19:36:28','ed443bf5-cdab-4f5c-9aaa-d35812a564c2'),
	(43,119,'_orgLogo',2,1,0,'2014-08-05 19:36:28','2014-08-05 19:36:28','2014-08-05 19:36:28','0075c6c3-de7b-4b4c-a662-e40f650fc437'),
	(44,8,'_newsTeaser',1,1,0,'2014-08-05 22:01:35','2014-08-05 22:01:35','2014-08-05 22:01:35','c1409a3c-bf8d-40b7-ac6a-fc1cdc5547a0'),
	(45,146,'_threatIcon',1,1,0,'2014-08-07 15:53:36','2014-08-07 15:53:36','2014-08-07 15:53:36','cb638037-ccb9-400f-b81a-fbfacbec3f61'),
	(46,146,'_slatTeaser',1,1,0,'2014-08-07 15:59:39','2014-08-07 15:59:39','2014-08-07 15:59:39','50dda586-632c-4aa9-881b-5783f9952554'),
	(47,146,'_spotTeaser',1,1,0,'2014-08-07 16:00:36','2014-08-07 16:00:36','2014-08-07 16:00:37','1137eeb2-6d6c-4275-9a7e-7d20f48926b6'),
	(48,80,'_heroImage',1,1,0,'2014-08-07 16:08:57','2014-08-07 16:08:57','2014-08-07 16:08:58','3f76c371-d9d2-429b-8e1c-980db7b08400'),
	(49,148,'_spotTeaser',1,1,0,'2014-08-07 16:16:39','2014-08-07 16:16:39','2014-08-07 16:16:39','9a012607-8c73-4ed6-9ec3-a3348b03adde'),
	(51,51,'_grid2up',1,1,0,'2014-08-12 16:53:04','2014-08-12 16:53:04','2014-08-12 16:53:05','82d92bff-e630-49f6-b1ec-d4cccf0422f5'),
	(52,10,'_heroImage',1,1,0,'2014-08-12 17:03:19','2014-08-12 17:03:19','2014-08-12 17:03:20','2d53f599-9b42-4d39-9320-987e31663fef'),
	(53,80,'_newsTeaser',1,1,0,'2014-08-12 17:03:19','2014-08-12 17:03:19','2014-08-12 17:03:20','64d3f4ce-c658-4b08-a72e-cbc2a04f423f'),
	(54,21,'_newsTeaser',1,1,0,'2014-08-12 17:03:19','2014-08-12 17:03:19','2014-08-12 17:03:20','46bee57e-40ee-4d47-8d6e-5a18e8180b74'),
	(55,8,'_heroImage',1,1,0,'2014-08-12 17:14:20','2014-08-12 17:14:20','2014-08-12 17:14:21','776b105d-7f30-4930-ac4d-c931aabc1e36'),
	(56,10,'_newsTeaser',1,1,0,'2014-08-12 17:14:20','2014-08-12 17:14:20','2014-08-12 17:14:21','6acaae1f-d5ca-42a9-8a99-d496c154ea43'),
	(57,9,'_grid2up',1,1,0,'2014-08-12 21:10:45','2014-08-12 21:10:45','2014-08-12 21:10:46','efc8795e-3679-4612-9b96-8b9871947828'),
	(58,10,'_grid2up',1,1,0,'2014-08-12 21:10:45','2014-08-12 21:10:45','2014-08-12 21:10:46','a79770f5-f62f-432f-a916-ceeebf00b049'),
	(59,10,'_newsFeatured',1,1,0,'2014-08-12 21:11:25','2014-08-12 21:11:25','2014-08-12 21:11:26','106abec6-578a-4a85-abc7-18cda78a6ad2'),
	(60,54,'_newsTeaser',1,1,0,'2014-08-12 21:11:25','2014-08-12 21:11:25','2014-08-12 21:11:26','44ea7309-1f37-4baf-9ad1-2ec3177305ff'),
	(61,20,'_newsTeaser',1,1,0,'2014-08-12 21:11:25','2014-08-12 21:11:25','2014-08-12 21:11:26','c789c7de-ff0c-4ad5-90fd-e07726e36bc5'),
	(62,148,'_heroImage',1,1,0,'2014-08-12 21:21:17','2014-08-12 21:21:17','2014-08-12 21:21:18','df36b5c0-9816-4c4a-b266-fecf38927ab4'),
	(63,177,'_spotTeaser',1,1,0,'2014-08-12 21:40:42','2014-08-12 21:40:42','2014-08-12 21:40:42','2af08d85-9920-46d1-89a8-a4992260d692'),
	(64,10,'_standardImage',1,1,0,'2014-08-12 21:41:19','2014-08-12 21:41:19','2014-08-12 21:41:20','f11a9738-7afb-4866-8088-2b499541ffae'),
	(65,14,'_insetImage',1,1,0,'2014-08-12 21:41:19','2014-08-12 21:41:19','2014-08-12 21:41:19','53ba0d24-757f-4d3e-969d-644921d35dd8'),
	(66,20,'_comparisonImage',1,1,0,'2014-08-12 21:41:19','2014-08-12 21:41:19','2014-08-12 21:41:19','8005e2a2-b091-477d-a186-f22272af6bc1'),
	(67,21,'_comparisonImage',1,1,0,'2014-08-12 21:41:19','2014-08-12 21:41:19','2014-08-12 21:41:19','29404c6f-7cb3-4b71-96cf-f9179b5f1e30'),
	(68,9,'_standardImage',1,1,0,'2014-08-12 21:45:21','2014-08-12 21:45:21','2014-08-12 21:45:22','9810e66a-dd77-4820-afde-3e6395e745f9'),
	(69,20,'_newsFeatured',1,1,0,'2014-08-15 23:09:46','2014-08-15 23:09:46','2014-08-15 23:09:47','90ae90be-2aea-45f2-971a-114324b2a593');

/*!40000 ALTER TABLE `craft_assettransformindex` ENABLE KEYS */;
UNLOCK TABLES;


# Dump of table craft_assettransforms
# ------------------------------------------------------------

DROP TABLE IF EXISTS `craft_assettransforms`;

CREATE TABLE `craft_assettransforms` (
  `id` int(11) NOT NULL AUTO_INCREMENT,
  `name` varchar(255) COLLATE utf8_unicode_ci NOT NULL,
  `handle` varchar(255) COLLATE utf8_unicode_ci NOT NULL,
  `mode` enum('stretch','fit','crop') COLLATE utf8_unicode_ci NOT NULL DEFAULT 'crop',
  `position` enum('top-left','top-center','top-right','center-left','center-center','center-right','bottom-left','bottom-center','bottom-right') COLLATE utf8_unicode_ci NOT NULL DEFAULT 'center-center',
  `height` int(10) DEFAULT NULL,
  `width` int(10) DEFAULT NULL,
  `quality` int(10) DEFAULT NULL,
  `dimensionChangeTime` datetime DEFAULT NULL,
  `dateCreated` datetime NOT NULL,
  `dateUpdated` datetime NOT NULL,
  `uid` char(36) COLLATE utf8_unicode_ci NOT NULL DEFAULT '0',
  PRIMARY KEY (`id`),
  UNIQUE KEY `craft_assettransforms_name_unq_idx` (`name`),
  UNIQUE KEY `craft_assettransforms_handle_unq_idx` (`handle`)
) ENGINE=InnoDB DEFAULT CHARSET=utf8 COLLATE=utf8_unicode_ci;

LOCK TABLES `craft_assettransforms` WRITE;
/*!40000 ALTER TABLE `craft_assettransforms` DISABLE KEYS */;

INSERT INTO `craft_assettransforms` (`id`, `name`, `handle`, `mode`, `position`, `height`, `width`, `quality`, `dimensionChangeTime`, `dateCreated`, `dateUpdated`, `uid`)
VALUES
	(1,'Block: hero image','heroImage','crop','center-center',640,1280,NULL,'2014-08-12 16:53:57','2014-07-19 18:25:25','2014-08-12 16:53:57','45e74a3e-9c69-470b-995a-b7ece904ab7d'),
	(2,'Block: standard image','standardImage','crop','center-center',NULL,960,NULL,'2014-08-12 16:54:10','2014-07-21 15:32:27','2014-08-12 16:54:10','d300e7f8-b919-4961-8f93-002c38ed832c'),
	(3,'Block: inset image','insetImage','crop','center-center',NULL,320,NULL,'2014-08-12 16:54:03','2014-07-21 15:33:41','2014-08-12 16:54:03','1a9a6817-fa00-465b-b39f-b0bea8599b4b'),
	(4,'Block: comparison image','comparisonImage','crop','center-center',480,480,NULL,'2014-08-12 16:53:51','2014-07-21 15:34:52','2014-08-12 16:53:51','d1a5b466-43ed-4447-bd03-dd02a273721f'),
	(6,'News: featured image','newsFeatured','crop','center-center',NULL,640,NULL,'2014-08-12 16:54:28','2014-07-23 12:39:32','2014-08-12 16:54:28','c884ec97-8fc4-488a-a5b8-4b323925652c'),
	(7,'News: teaser image','newsTeaser','crop','center-center',NULL,320,NULL,'2014-08-12 16:54:37','2014-07-23 12:40:07','2014-08-12 16:54:37','c9abb38b-0e96-4960-ac32-2db1a29b6159'),
	(8,'Threats: threat icon','threatIcon','fit','center-center',120,120,NULL,'2014-07-29 14:59:38','2014-07-29 14:59:38','2014-07-29 14:59:38','cc600969-d9cc-46d9-833c-4a1fcea99d77'),
	(9,'About: person headshot','personHeadshot','crop','center-center',280,280,NULL,'2014-08-05 18:40:52','2014-08-05 18:40:52','2014-08-05 18:41:12','c31454f1-7ea9-48d5-9ed8-16c4bcde8ec1'),
	(10,'About: organization logo','orgLogo','fit','center-center',280,280,NULL,'2014-08-05 18:44:07','2014-08-05 18:44:07','2014-08-05 18:44:07','3dd8426f-3df0-4a18-b2b4-a0cda5fbdcf6'),
	(11,'Global: spot teaser','spotTeaser','crop','center-center',120,120,NULL,'2014-08-07 15:58:38','2014-08-07 15:58:38','2014-08-07 16:00:22','3e8a5988-4799-4abd-8e8b-8d1809981391'),
	(12,'Global: 2-up','grid2up','crop','center-center',NULL,800,NULL,'2014-08-12 16:52:33','2014-08-12 16:52:33','2014-08-12 16:52:33','dbcd7c3d-cb91-41ff-9c40-d55e16273bb5');

/*!40000 ALTER TABLE `craft_assettransforms` ENABLE KEYS */;
UNLOCK TABLES;


# Dump of table craft_categories
# ------------------------------------------------------------

DROP TABLE IF EXISTS `craft_categories`;

CREATE TABLE `craft_categories` (
  `id` int(11) NOT NULL,
  `groupId` int(11) NOT NULL,
  `dateCreated` datetime NOT NULL,
  `dateUpdated` datetime NOT NULL,
  `uid` char(36) COLLATE utf8_unicode_ci NOT NULL DEFAULT '0',
  PRIMARY KEY (`id`),
  KEY `craft_categories_groupId_fk` (`groupId`),
  CONSTRAINT `craft_categories_groupId_fk` FOREIGN KEY (`groupId`) REFERENCES `craft_categorygroups` (`id`) ON DELETE CASCADE,
  CONSTRAINT `craft_categories_id_fk` FOREIGN KEY (`id`) REFERENCES `craft_elements` (`id`) ON DELETE CASCADE
) ENGINE=InnoDB DEFAULT CHARSET=utf8 COLLATE=utf8_unicode_ci;

LOCK TABLES `craft_categories` WRITE;
/*!40000 ALTER TABLE `craft_categories` DISABLE KEYS */;

INSERT INTO `craft_categories` (`id`, `groupId`, `dateCreated`, `dateUpdated`, `uid`)
VALUES
	(36,1,'2014-07-22 14:13:50','2014-07-22 14:13:50','f09d23c0-5dc8-49ae-9fde-d64b2abaf41c'),
	(37,1,'2014-07-22 14:14:01','2014-07-22 14:14:01','b7d5c3b0-d24f-495d-96f0-e2ff16f45ffa'),
	(38,1,'2014-07-22 14:14:06','2014-08-05 18:04:47','43139477-1914-49b4-b22e-4e0f52bcd3fe'),
	(105,3,'2014-08-05 13:36:44','2014-08-05 13:36:44','f3f102ec-60fb-4270-8271-3a46f2dbda66'),
	(106,3,'2014-08-05 13:36:46','2014-08-05 13:36:46','1508680f-6aa0-4fbb-bd3c-32396f8c2a4a'),
	(107,3,'2014-08-05 13:36:48','2014-08-05 13:36:48','8a06b11a-e30c-4a6f-9ef3-7c59d7f7a14a'),
	(108,2,'2014-08-05 13:37:04','2014-08-05 13:37:04','3f904337-07b9-4e22-a726-f09609631f1b'),
	(109,2,'2014-08-05 13:37:06','2014-08-05 13:37:06','fd74b829-5f92-4858-ae4d-d9aa4654a02c'),
	(110,2,'2014-08-05 13:37:07','2014-08-05 13:37:07','a7a89a41-02f5-480f-b962-69e93fbac3bd'),
	(111,1,'2014-08-05 13:37:58','2014-08-05 13:37:58','e4954411-ed20-460a-a4a7-a32ecdb9c1d6');

/*!40000 ALTER TABLE `craft_categories` ENABLE KEYS */;
UNLOCK TABLES;


# Dump of table craft_categorygroups
# ------------------------------------------------------------

DROP TABLE IF EXISTS `craft_categorygroups`;

CREATE TABLE `craft_categorygroups` (
  `id` int(11) NOT NULL AUTO_INCREMENT,
  `structureId` int(11) NOT NULL,
  `fieldLayoutId` int(11) DEFAULT NULL,
  `name` varchar(255) COLLATE utf8_unicode_ci NOT NULL,
  `handle` varchar(255) COLLATE utf8_unicode_ci NOT NULL,
  `hasUrls` tinyint(1) unsigned NOT NULL DEFAULT '1',
  `template` varchar(500) COLLATE utf8_unicode_ci DEFAULT NULL,
  `dateCreated` datetime NOT NULL,
  `dateUpdated` datetime NOT NULL,
  `uid` char(36) COLLATE utf8_unicode_ci NOT NULL DEFAULT '0',
  PRIMARY KEY (`id`),
  UNIQUE KEY `craft_categorygroups_name_unq_idx` (`name`),
  UNIQUE KEY `craft_categorygroups_handle_unq_idx` (`handle`),
  KEY `craft_categorygroups_structureId_fk` (`structureId`),
  KEY `craft_categorygroups_fieldLayoutId_fk` (`fieldLayoutId`),
  CONSTRAINT `craft_categorygroups_fieldLayoutId_fk` FOREIGN KEY (`fieldLayoutId`) REFERENCES `craft_fieldlayouts` (`id`) ON DELETE SET NULL,
  CONSTRAINT `craft_categorygroups_structureId_fk` FOREIGN KEY (`structureId`) REFERENCES `craft_structures` (`id`) ON DELETE CASCADE
) ENGINE=InnoDB DEFAULT CHARSET=utf8 COLLATE=utf8_unicode_ci;

LOCK TABLES `craft_categorygroups` WRITE;
/*!40000 ALTER TABLE `craft_categorygroups` DISABLE KEYS */;

INSERT INTO `craft_categorygroups` (`id`, `structureId`, `fieldLayoutId`, `name`, `handle`, `hasUrls`, `template`, `dateCreated`, `dateUpdated`, `uid`)
VALUES
	(1,1,169,'People roles','peopleCats',0,NULL,'2014-07-22 14:13:21','2014-08-05 13:18:17','6942d139-49ed-4ebc-a2eb-0b569a81c972'),
	(2,3,167,'Sponsor levels','sponsorCats',0,NULL,'2014-08-05 13:17:29','2014-08-05 13:17:29','621f25e3-8cbb-4625-8e34-3bee3e35d305'),
	(3,4,168,'Partner levels','partnerCats',0,NULL,'2014-08-05 13:17:59','2014-08-05 13:17:59','f17cfcd6-1d69-4028-a95d-116e64e0f530');

/*!40000 ALTER TABLE `craft_categorygroups` ENABLE KEYS */;
UNLOCK TABLES;


# Dump of table craft_categorygroups_i18n
# ------------------------------------------------------------

DROP TABLE IF EXISTS `craft_categorygroups_i18n`;

CREATE TABLE `craft_categorygroups_i18n` (
  `id` int(11) NOT NULL AUTO_INCREMENT,
  `groupId` int(11) NOT NULL,
  `locale` char(12) COLLATE utf8_unicode_ci NOT NULL,
  `urlFormat` varchar(255) COLLATE utf8_unicode_ci DEFAULT NULL,
  `nestedUrlFormat` varchar(255) COLLATE utf8_unicode_ci DEFAULT NULL,
  `dateCreated` datetime NOT NULL,
  `dateUpdated` datetime NOT NULL,
  `uid` char(36) COLLATE utf8_unicode_ci NOT NULL DEFAULT '0',
  PRIMARY KEY (`id`),
  UNIQUE KEY `craft_categorygroups_i18n_groupId_locale_unq_idx` (`groupId`,`locale`),
  KEY `craft_categorygroups_i18n_locale_fk` (`locale`),
  CONSTRAINT `craft_categorygroups_i18n_groupId_fk` FOREIGN KEY (`groupId`) REFERENCES `craft_categorygroups` (`id`) ON DELETE CASCADE,
  CONSTRAINT `craft_categorygroups_i18n_locale_fk` FOREIGN KEY (`locale`) REFERENCES `craft_locales` (`locale`) ON DELETE CASCADE ON UPDATE CASCADE
) ENGINE=InnoDB DEFAULT CHARSET=utf8 COLLATE=utf8_unicode_ci;

LOCK TABLES `craft_categorygroups_i18n` WRITE;
/*!40000 ALTER TABLE `craft_categorygroups_i18n` DISABLE KEYS */;

INSERT INTO `craft_categorygroups_i18n` (`id`, `groupId`, `locale`, `urlFormat`, `nestedUrlFormat`, `dateCreated`, `dateUpdated`, `uid`)
VALUES
	(1,1,'en_us',NULL,NULL,'2014-07-22 14:13:21','2014-07-22 14:13:21','7a5d6e66-b5ab-4825-ac92-a63abf759162'),
	(2,1,'es',NULL,NULL,'2014-07-22 14:13:21','2014-07-22 14:13:21','3c6487f2-81cc-45bb-aa4e-fc17878cbb80'),
	(3,2,'en_us',NULL,NULL,'2014-08-05 13:17:29','2014-08-05 13:17:29','759d8f46-ee36-48f8-9277-9f49727d6251'),
	(4,2,'es',NULL,NULL,'2014-08-05 13:17:29','2014-08-05 13:17:29','937d5b52-55d7-4264-b079-0bc328c44861'),
	(5,3,'en_us',NULL,NULL,'2014-08-05 13:17:59','2014-08-05 13:17:59','1676c814-a32d-48fb-9a92-24a41b718c18'),
	(6,3,'es',NULL,NULL,'2014-08-05 13:17:59','2014-08-05 13:17:59','9f51f7d6-ada6-413e-8f2d-10409bd5d9db');

/*!40000 ALTER TABLE `craft_categorygroups_i18n` ENABLE KEYS */;
UNLOCK TABLES;


# Dump of table craft_content
# ------------------------------------------------------------

DROP TABLE IF EXISTS `craft_content`;

CREATE TABLE `craft_content` (
  `id` int(11) NOT NULL AUTO_INCREMENT,
  `elementId` int(11) NOT NULL,
  `locale` char(12) COLLATE utf8_unicode_ci NOT NULL,
  `title` varchar(255) COLLATE utf8_unicode_ci DEFAULT NULL,
  `field_heading` text COLLATE utf8_unicode_ci,
  `field_body` text COLLATE utf8_unicode_ci,
  `field_facebookUrl` text COLLATE utf8_unicode_ci,
  `field_twitterHandle` text COLLATE utf8_unicode_ci,
  `field_youtubeUrl` text COLLATE utf8_unicode_ci,
  `field_googleAnalyticsId` text COLLATE utf8_unicode_ci,
  `field_metaDescription` text COLLATE utf8_unicode_ci,
  `field_metaKeywords` text COLLATE utf8_unicode_ci,
  `field_methods` text COLLATE utf8_unicode_ci,
  `field_showAlert` tinyint(1) unsigned NOT NULL DEFAULT '0',
  `field_alertHeadline` text COLLATE utf8_unicode_ci,
  `field_alertBody` text COLLATE utf8_unicode_ci,
  `field_alertActionText` varchar(20) COLLATE utf8_unicode_ci DEFAULT NULL,
  `field_alertActionUrl` text COLLATE utf8_unicode_ci,
  `field_altText` text COLLATE utf8_unicode_ci,
  `field_heroCaptionTitle` text COLLATE utf8_unicode_ci,
  `field_heroCaption` text COLLATE utf8_unicode_ci,
  `field_missionIntro` text COLLATE utf8_unicode_ci,
  `field_missionBody` text COLLATE utf8_unicode_ci,
  `field_shortTitle` varchar(60) COLLATE utf8_unicode_ci DEFAULT NULL,
  `field_teaser` text COLLATE utf8_unicode_ci,
  `field_eventStart` datetime DEFAULT NULL,
  `field_eventEnd` datetime DEFAULT NULL,
  `field_allDay` tinyint(1) unsigned NOT NULL DEFAULT '0',
  `field_showLocation` tinyint(1) unsigned NOT NULL DEFAULT '0',
  `field_rsvpUrl` text COLLATE utf8_unicode_ci,
  `field_rsvpButton` varchar(255) COLLATE utf8_unicode_ci DEFAULT NULL,
  `field_photoCredit` varchar(120) COLLATE utf8_unicode_ci DEFAULT NULL,
  `field_jobTitle` text COLLATE utf8_unicode_ci,
  `field_boardRole` text COLLATE utf8_unicode_ci,
  `field_affiliation` text COLLATE utf8_unicode_ci,
  `field_isFeatured` tinyint(1) unsigned NOT NULL DEFAULT '0',
  `field_displayName` text COLLATE utf8_unicode_ci,
  `field_pageIntro` text COLLATE utf8_unicode_ci,
  `field_locationName` text COLLATE utf8_unicode_ci,
  `field_locationStreetAddress` text COLLATE utf8_unicode_ci,
  `field_locationStreetAddress2` text COLLATE utf8_unicode_ci,
  `field_locationCity` text COLLATE utf8_unicode_ci,
  `field_locationState` text COLLATE utf8_unicode_ci,
  `field_locationPostcode` text COLLATE utf8_unicode_ci,
  `field_locationCountry` text COLLATE utf8_unicode_ci,
  `field_locationTestAddress` text COLLATE utf8_unicode_ci,
  `field_websiteUrl` text COLLATE utf8_unicode_ci,
  `field_websitePrettyUrl` text COLLATE utf8_unicode_ci,
  `field_histBody` text COLLATE utf8_unicode_ci,
  `field_nameFirst` text COLLATE utf8_unicode_ci,
  `field_nameLast` text COLLATE utf8_unicode_ci,
  `field_orgName` text COLLATE utf8_unicode_ci,
  `field_nameSuffix` text COLLATE utf8_unicode_ci,
  `field_secTitle` text COLLATE utf8_unicode_ci,
  `field_historyTurtles` text COLLATE utf8_unicode_ci,
  `field_historyNests` text COLLATE utf8_unicode_ci,
  `field_historyTitle` text COLLATE utf8_unicode_ci,
  `field_historyIntro` text COLLATE utf8_unicode_ci,
  `field_historyShow` tinyint(1) unsigned NOT NULL DEFAULT '0',
  `field_nestingTime` datetime DEFAULT NULL,
  `field_nestingShow` tinyint(1) unsigned NOT NULL DEFAULT '0',
  `field_nestingTitle` text COLLATE utf8_unicode_ci,
  `field_nestingIntro` text COLLATE utf8_unicode_ci,
  `field_hatcheryTime` datetime DEFAULT NULL,
  `field_hatcheryShow` tinyint(1) unsigned NOT NULL DEFAULT '0',
  `field_hatcheryTitle` text COLLATE utf8_unicode_ci,
  `field_hatcheryIntro` text COLLATE utf8_unicode_ci,
  `field_nestingMap` text COLLATE utf8_unicode_ci,
  `field_comparisonTitle` text COLLATE utf8_unicode_ci,
  `field_comparisonIntro` text COLLATE utf8_unicode_ci,
  `field_comparisonShow` tinyint(1) unsigned NOT NULL DEFAULT '0',
  `dateCreated` datetime NOT NULL,
  `dateUpdated` datetime NOT NULL,
  `uid` char(36) COLLATE utf8_unicode_ci NOT NULL DEFAULT '0',
  PRIMARY KEY (`id`),
  UNIQUE KEY `craft_content_elementId_locale_unq_idx` (`elementId`,`locale`),
  KEY `craft_content_title_idx` (`title`),
  KEY `craft_content_locale_fk` (`locale`),
  CONSTRAINT `craft_content_elementId_fk` FOREIGN KEY (`elementId`) REFERENCES `craft_elements` (`id`) ON DELETE CASCADE,
  CONSTRAINT `craft_content_locale_fk` FOREIGN KEY (`locale`) REFERENCES `craft_locales` (`locale`) ON DELETE CASCADE ON UPDATE CASCADE
) ENGINE=InnoDB DEFAULT CHARSET=utf8 COLLATE=utf8_unicode_ci;

LOCK TABLES `craft_content` WRITE;
/*!40000 ALTER TABLE `craft_content` DISABLE KEYS */;

INSERT INTO `craft_content` (`id`, `elementId`, `locale`, `title`, `field_heading`, `field_body`, `field_facebookUrl`, `field_twitterHandle`, `field_youtubeUrl`, `field_googleAnalyticsId`, `field_metaDescription`, `field_metaKeywords`, `field_methods`, `field_showAlert`, `field_alertHeadline`, `field_alertBody`, `field_alertActionText`, `field_alertActionUrl`, `field_altText`, `field_heroCaptionTitle`, `field_heroCaption`, `field_missionIntro`, `field_missionBody`, `field_shortTitle`, `field_teaser`, `field_eventStart`, `field_eventEnd`, `field_allDay`, `field_showLocation`, `field_rsvpUrl`, `field_rsvpButton`, `field_photoCredit`, `field_jobTitle`, `field_boardRole`, `field_affiliation`, `field_isFeatured`, `field_displayName`, `field_pageIntro`, `field_locationName`, `field_locationStreetAddress`, `field_locationStreetAddress2`, `field_locationCity`, `field_locationState`, `field_locationPostcode`, `field_locationCountry`, `field_locationTestAddress`, `field_websiteUrl`, `field_websitePrettyUrl`, `field_histBody`, `field_nameFirst`, `field_nameLast`, `field_orgName`, `field_nameSuffix`, `field_secTitle`, `field_historyTurtles`, `field_historyNests`, `field_historyTitle`, `field_historyIntro`, `field_historyShow`, `field_nestingTime`, `field_nestingShow`, `field_nestingTitle`, `field_nestingIntro`, `field_hatcheryTime`, `field_hatcheryShow`, `field_hatcheryTitle`, `field_hatcheryIntro`, `field_nestingMap`, `field_comparisonTitle`, `field_comparisonIntro`, `field_comparisonShow`, `dateCreated`, `dateUpdated`, `uid`)
VALUES
	(1,1,'en_us',NULL,NULL,NULL,NULL,'',NULL,NULL,NULL,NULL,NULL,0,NULL,NULL,NULL,NULL,NULL,NULL,NULL,NULL,NULL,NULL,NULL,NULL,NULL,0,0,NULL,NULL,NULL,NULL,NULL,NULL,0,NULL,NULL,NULL,NULL,NULL,NULL,NULL,NULL,NULL,NULL,NULL,NULL,NULL,NULL,NULL,NULL,NULL,NULL,NULL,NULL,NULL,NULL,0,NULL,0,NULL,NULL,NULL,0,NULL,NULL,NULL,NULL,NULL,0,'2014-07-16 22:00:59','2014-07-22 14:47:54','5f957c11-0cc1-40ff-bfe9-9f6d3530f1be'),
	(2,2,'en_us','Homepage','Welcome to 216.243.143.149!','<p>It’s true, this site doesn’t have a whole lot of content yet, but don’t worry. Our web developers have just installed the CMS, and they’re setting things up for the content editors this very moment. Soon 216.243.143.149 will be an oasis of fresh perspectives, sharp analyses, and astute opinions that will keep you coming back again and again.</p>',NULL,NULL,NULL,NULL,NULL,NULL,NULL,1,'<p>Here\'s my alert headline</p>','<p>Here\'s my alert body in english.</p>','Google it','http://www.google.com',NULL,'Headline for image caption here lorem ipsum dolor','<p>If there is some additional information, then it will be set like this in some descriptive text that will accompany the caption like so.</p>','The Leatherback Trust is a non-profit organization dedicated to saving the leatherback sea turtle. Our mission is to promote the conservation of leatherbacks and other turtles at risk of extinction.','<p>Leatherback turtles are critically endangered worldwide. Populations of Eastern Pacific leatherbacks declined 90% since 1990. The Leatherback Trust (TLT) aims to reverse this trend by tackling the <a href=\"http://leatherback.startingnow.co/html-v2/homepage.html#\">5 most deadly threats</a> to leatherbacks and other sea turtles. Our scientists <a href=\"http://leatherback.startingnow.co/html-v2/homepage.html#\">conduct research</a> at nesting beaches and at sea, collecting critical data to support conservation interventions. We <a href=\"http://leatherback.startingnow.co/html-v2/homepage.html#\">partner with communities</a> to <a href=\"http://leatherback.startingnow.co/html-v2/homepage.html#\">protect nesting beaches</a> and work with governments to <a href=\"http://leatherback.startingnow.co/html-v2/homepage.html#\">inform sustainable development and fisheries management priorities</a>.</p>',NULL,NULL,NULL,NULL,0,0,NULL,NULL,NULL,NULL,NULL,NULL,0,NULL,NULL,NULL,NULL,NULL,NULL,NULL,NULL,NULL,NULL,NULL,NULL,NULL,NULL,NULL,NULL,NULL,NULL,NULL,NULL,NULL,NULL,0,NULL,0,NULL,NULL,NULL,0,NULL,NULL,NULL,NULL,NULL,0,'2014-07-16 22:01:00','2014-08-05 22:33:41','4b4f72ff-9270-4ff1-91b8-e82190ad2243'),
	(6,5,'en_us',NULL,NULL,NULL,'https://www.facebook.com/leatherbacktrust','@leatherbacktrust','',NULL,NULL,NULL,NULL,0,NULL,NULL,NULL,NULL,NULL,NULL,NULL,NULL,NULL,NULL,NULL,NULL,NULL,0,0,NULL,NULL,NULL,NULL,NULL,NULL,0,NULL,NULL,NULL,NULL,NULL,NULL,NULL,NULL,NULL,NULL,NULL,NULL,NULL,NULL,NULL,NULL,NULL,NULL,NULL,NULL,NULL,NULL,0,NULL,0,NULL,NULL,NULL,0,NULL,NULL,NULL,NULL,NULL,0,'2014-07-17 14:30:47','2014-07-22 14:21:30','24acf810-a10c-4aaf-adec-9a67bb61e8f5'),
	(7,5,'es',NULL,NULL,NULL,'https://www.facebook.com/leatherbacktrust','@leatherbacktrust','',NULL,NULL,NULL,NULL,0,NULL,NULL,NULL,NULL,NULL,NULL,NULL,NULL,NULL,NULL,NULL,NULL,NULL,0,0,NULL,NULL,NULL,NULL,NULL,NULL,0,NULL,NULL,NULL,NULL,NULL,NULL,NULL,NULL,NULL,NULL,NULL,NULL,NULL,NULL,NULL,NULL,NULL,NULL,NULL,NULL,NULL,NULL,0,NULL,0,NULL,NULL,NULL,0,NULL,NULL,NULL,NULL,NULL,0,'2014-07-17 14:30:47','2014-07-22 14:21:30','24426d88-8e75-45dd-9aaa-95948bdebfae'),
	(8,6,'en_us',NULL,NULL,NULL,NULL,NULL,NULL,'UA-XXXXXXXX','The Leatherback Trust is a non-profit organization dedicated to saving the leatherback sea turtle. Our mission is to promote the conservation of leatherbacks and other turtles at risk of extinction.','leatherback, protection, conservation, sea turtles',NULL,0,NULL,NULL,NULL,NULL,NULL,NULL,NULL,NULL,NULL,NULL,NULL,NULL,NULL,0,0,NULL,NULL,NULL,NULL,NULL,NULL,0,NULL,NULL,NULL,NULL,NULL,NULL,NULL,NULL,NULL,NULL,NULL,NULL,NULL,NULL,NULL,NULL,NULL,NULL,NULL,NULL,NULL,NULL,0,NULL,0,NULL,NULL,NULL,0,NULL,NULL,NULL,NULL,NULL,0,'2014-07-17 14:36:44','2014-07-21 20:16:23','17cc2b8f-e6d7-4d12-9f45-618698cda71e'),
	(9,6,'es',NULL,NULL,NULL,NULL,NULL,NULL,'UA-XXXXXXXX','Here is the spanish version of the meta description','spanish, meta, keywords, here',NULL,0,NULL,NULL,NULL,NULL,NULL,NULL,NULL,NULL,NULL,NULL,NULL,NULL,NULL,0,0,NULL,NULL,NULL,NULL,NULL,NULL,0,NULL,NULL,NULL,NULL,NULL,NULL,NULL,NULL,NULL,NULL,NULL,NULL,NULL,NULL,NULL,NULL,NULL,NULL,NULL,NULL,NULL,NULL,0,NULL,0,NULL,NULL,NULL,0,NULL,NULL,NULL,NULL,NULL,0,'2014-07-17 14:36:44','2014-07-21 20:16:23','050d2a2a-488b-4162-9d1c-f9adcd11f53c'),
	(10,7,'en_us',NULL,NULL,NULL,NULL,NULL,NULL,NULL,NULL,NULL,'[\"email\",\"twitter\",\"facebook\"]',0,NULL,NULL,NULL,NULL,NULL,NULL,NULL,NULL,NULL,NULL,NULL,NULL,NULL,0,0,NULL,NULL,NULL,NULL,NULL,NULL,0,NULL,NULL,NULL,NULL,NULL,NULL,NULL,NULL,NULL,NULL,NULL,NULL,NULL,NULL,NULL,NULL,NULL,NULL,NULL,NULL,NULL,NULL,0,NULL,0,NULL,NULL,NULL,0,NULL,NULL,NULL,NULL,NULL,0,'2014-07-17 14:43:51','2014-07-22 21:28:31','42e21e82-9847-4d47-80a3-dd5358eaf568'),
	(11,7,'es',NULL,NULL,NULL,NULL,NULL,NULL,NULL,NULL,NULL,'[\"email\",\"twitter\",\"facebook\"]',0,NULL,NULL,NULL,NULL,NULL,NULL,NULL,NULL,NULL,NULL,NULL,NULL,NULL,0,0,NULL,NULL,NULL,NULL,NULL,NULL,0,NULL,NULL,NULL,NULL,NULL,NULL,NULL,NULL,NULL,NULL,NULL,NULL,NULL,NULL,NULL,NULL,NULL,NULL,NULL,NULL,NULL,NULL,0,NULL,0,NULL,NULL,NULL,0,NULL,NULL,NULL,NULL,NULL,0,'2014-07-17 14:43:51','2014-07-22 21:28:31','97f5536b-35c3-4418-9808-ae3a2c504f9d'),
	(13,2,'es','Homepage',NULL,NULL,NULL,NULL,NULL,NULL,NULL,NULL,NULL,1,'','<p>Here\'s my alert body in spanish with <em>some italics </em>and <strong>some bold</strong>.</p>','','',NULL,'','<p>Spanish hero caption here. Lorem ipsum dolor sit amet consecutat velorem dolor. Adipiscing elite ventorum.&nbsp;No caption title for the spanish version.</p>','Spanish mission statement here lore ipsum dolor sit amet consecutat velorem dolor. Adipiscing elite ventorum.','<p>Spanish mission statement body here lorem ipsum dolor sit amet consecutat velorem dolor. Adipiscing elite vestibulum elite ventorum.</p>',NULL,NULL,NULL,NULL,0,0,NULL,NULL,NULL,NULL,NULL,NULL,0,NULL,NULL,NULL,NULL,NULL,NULL,NULL,NULL,NULL,NULL,NULL,NULL,NULL,NULL,NULL,NULL,NULL,NULL,NULL,NULL,NULL,NULL,0,NULL,0,NULL,NULL,NULL,0,NULL,NULL,NULL,NULL,NULL,0,'2014-07-17 14:48:51','2014-08-05 22:34:15','6be75aab-11c6-4a99-9e05-26b587925e72'),
	(14,8,'en_us','turtle-robinson-widescreen',NULL,NULL,NULL,NULL,NULL,NULL,NULL,NULL,NULL,0,NULL,NULL,NULL,NULL,'A leatherback hatchling in shallow water',NULL,NULL,NULL,NULL,NULL,NULL,NULL,NULL,0,0,NULL,NULL,'M. Robinson',NULL,NULL,NULL,0,NULL,NULL,NULL,NULL,NULL,NULL,NULL,NULL,NULL,NULL,NULL,NULL,NULL,NULL,NULL,NULL,NULL,NULL,NULL,NULL,NULL,NULL,0,NULL,0,NULL,NULL,NULL,0,NULL,NULL,NULL,NULL,NULL,0,'2014-07-17 20:18:49','2014-07-21 21:08:30','cdea97e2-3154-446a-a759-acfc626e5f96'),
	(15,8,'es','turtle-robinson-widescreen',NULL,NULL,NULL,NULL,NULL,NULL,NULL,NULL,NULL,0,NULL,NULL,NULL,NULL,NULL,NULL,NULL,NULL,NULL,NULL,NULL,NULL,NULL,0,0,NULL,NULL,NULL,NULL,NULL,NULL,0,NULL,NULL,NULL,NULL,NULL,NULL,NULL,NULL,NULL,NULL,NULL,NULL,NULL,NULL,NULL,NULL,NULL,NULL,NULL,NULL,NULL,NULL,0,NULL,0,NULL,NULL,NULL,0,NULL,NULL,NULL,NULL,NULL,0,'2014-07-17 20:18:49','2014-07-17 20:18:49','c4aab18c-e48e-45be-b31c-e0ffaa0ceb35'),
	(16,9,'en_us','leatherback-nesting-full',NULL,NULL,NULL,NULL,NULL,NULL,NULL,NULL,NULL,0,NULL,NULL,NULL,NULL,'A research team works on a leatherback in the dark of night.',NULL,NULL,NULL,NULL,NULL,NULL,NULL,NULL,0,0,NULL,NULL,'George Schillinger',NULL,NULL,NULL,0,NULL,NULL,NULL,NULL,NULL,NULL,NULL,NULL,NULL,NULL,NULL,NULL,NULL,NULL,NULL,NULL,NULL,NULL,NULL,NULL,NULL,NULL,0,NULL,0,NULL,NULL,NULL,0,NULL,NULL,NULL,NULL,NULL,0,'2014-07-19 18:12:47','2014-07-21 21:07:49','7bd38a36-ac2d-45f2-9c53-5a164bbc1af2'),
	(17,9,'es','leatherback-nesting-full',NULL,NULL,NULL,NULL,NULL,NULL,NULL,NULL,NULL,0,NULL,NULL,NULL,NULL,'A team works on a leatherback at night.',NULL,NULL,NULL,NULL,NULL,NULL,NULL,NULL,0,0,NULL,NULL,'G. Schillinger',NULL,NULL,NULL,0,NULL,NULL,NULL,NULL,NULL,NULL,NULL,NULL,NULL,NULL,NULL,NULL,NULL,NULL,NULL,NULL,NULL,NULL,NULL,NULL,NULL,NULL,0,NULL,0,NULL,NULL,NULL,0,NULL,NULL,NULL,NULL,NULL,0,'2014-07-19 18:12:47','2014-07-21 21:54:58','587fa1e8-b1b7-4ff4-8909-ddb842b50433'),
	(18,10,'en_us','trinidad-turtle',NULL,NULL,NULL,NULL,NULL,NULL,NULL,NULL,NULL,0,NULL,NULL,NULL,NULL,'Turtle on the beach',NULL,NULL,NULL,NULL,NULL,NULL,NULL,NULL,0,0,NULL,NULL,'Some Photographer',NULL,NULL,NULL,0,NULL,NULL,NULL,NULL,NULL,NULL,NULL,NULL,NULL,NULL,NULL,NULL,NULL,NULL,NULL,NULL,NULL,NULL,NULL,NULL,NULL,NULL,0,NULL,0,NULL,NULL,NULL,0,NULL,NULL,NULL,NULL,NULL,0,'2014-07-21 15:38:16','2014-07-21 21:08:16','4e24b446-37b9-4798-9828-e0532908427f'),
	(19,10,'es','trinidad-turtle',NULL,NULL,NULL,NULL,NULL,NULL,NULL,NULL,NULL,0,NULL,NULL,NULL,NULL,'Photo on the beach',NULL,NULL,NULL,NULL,NULL,NULL,NULL,NULL,0,0,NULL,NULL,'AP photo',NULL,NULL,NULL,0,NULL,NULL,NULL,NULL,NULL,NULL,NULL,NULL,NULL,NULL,NULL,NULL,NULL,NULL,NULL,NULL,NULL,NULL,NULL,NULL,NULL,NULL,0,NULL,0,NULL,NULL,NULL,0,NULL,NULL,NULL,NULL,NULL,0,'2014-07-21 15:38:16','2014-07-21 21:31:03','52bc8f9a-7e81-4a0d-b90c-0ab0b67a37db'),
	(20,11,'en_us','Endangered leatherback sea turtles experience resurgence in Trinidad',NULL,NULL,NULL,NULL,NULL,NULL,NULL,NULL,NULL,0,NULL,NULL,NULL,NULL,NULL,'','',NULL,NULL,'Endangered leatherback turtles resurge','<p>Here\'s my teaser&nbsp;Lorem ipsum praesent purus sed. Erat mauris elit. Per lacinia quam dui. Mattis metus ridiculus metus lectus malesuada.</p>',NULL,NULL,0,0,NULL,NULL,NULL,NULL,NULL,NULL,1,NULL,NULL,NULL,NULL,NULL,NULL,NULL,NULL,NULL,NULL,NULL,NULL,NULL,NULL,NULL,NULL,NULL,NULL,NULL,NULL,NULL,NULL,0,NULL,0,NULL,NULL,NULL,0,NULL,NULL,NULL,NULL,NULL,0,'2014-07-21 15:39:20','2014-08-07 15:01:17','b49c31f0-e6d1-45f2-b3e5-9a83fb8ac6e3'),
	(21,11,'es','Spanish title leatherback sea turtles experience resurgence in Trinidad',NULL,NULL,NULL,NULL,NULL,NULL,NULL,NULL,NULL,0,NULL,NULL,NULL,NULL,NULL,'Here\'s a caption title for the spanish story hero image','<p>And here\'s a caption for the hero image. Lorem ipsum dolor sit amet consecutat velorem dolor. Adipiscing elite ventorum.</p>',NULL,NULL,'Spanish short title here','<p>Here\'s my spanish&nbsp;teaser&nbsp;Lorem ipsum praesent purus sed. Erat mauris elit. Per lacinia quam dui. Mattis metus ridiculus metus lectus malesuada.</p>',NULL,NULL,0,0,NULL,NULL,NULL,NULL,NULL,NULL,1,NULL,NULL,NULL,NULL,NULL,NULL,NULL,NULL,NULL,NULL,NULL,NULL,NULL,NULL,NULL,NULL,NULL,NULL,NULL,NULL,NULL,NULL,0,NULL,0,NULL,NULL,NULL,0,NULL,NULL,NULL,NULL,NULL,0,'2014-07-21 15:39:20','2014-07-23 14:52:34','ffeb9724-a2b7-43c9-ad24-fcc9af4159f0'),
	(22,14,'en_us','fisherman',NULL,NULL,NULL,NULL,NULL,NULL,NULL,NULL,NULL,0,NULL,NULL,NULL,NULL,'A fisherman maintaining his net.',NULL,NULL,NULL,NULL,NULL,NULL,NULL,NULL,0,0,NULL,NULL,'First Lastname',NULL,NULL,NULL,0,NULL,NULL,NULL,NULL,NULL,NULL,NULL,NULL,NULL,NULL,NULL,NULL,NULL,NULL,NULL,NULL,NULL,NULL,NULL,NULL,NULL,NULL,0,NULL,0,NULL,NULL,NULL,0,NULL,NULL,NULL,NULL,NULL,0,'2014-07-21 15:44:52','2014-07-21 21:07:39','23358247-6354-4635-80b7-ef2b0e38e359'),
	(23,14,'es','fisherman',NULL,NULL,NULL,NULL,NULL,NULL,NULL,NULL,NULL,0,NULL,NULL,NULL,NULL,NULL,NULL,NULL,NULL,NULL,NULL,NULL,NULL,NULL,0,0,NULL,NULL,NULL,NULL,NULL,NULL,0,NULL,NULL,NULL,NULL,NULL,NULL,NULL,NULL,NULL,NULL,NULL,NULL,NULL,NULL,NULL,NULL,NULL,NULL,NULL,NULL,NULL,NULL,0,NULL,0,NULL,NULL,NULL,0,NULL,NULL,NULL,NULL,NULL,0,'2014-07-21 15:44:52','2014-07-21 15:44:52','caec71e5-60b0-4d96-a3be-468d9013b60c'),
	(24,20,'en_us','compare-satellite',NULL,NULL,NULL,NULL,NULL,NULL,NULL,NULL,NULL,0,NULL,NULL,NULL,NULL,'Satellite image of LBNP',NULL,NULL,NULL,NULL,NULL,NULL,NULL,NULL,0,0,NULL,NULL,'Google maps',NULL,NULL,NULL,0,NULL,NULL,NULL,NULL,NULL,NULL,NULL,NULL,NULL,NULL,NULL,NULL,NULL,NULL,NULL,NULL,NULL,NULL,NULL,NULL,NULL,NULL,0,NULL,0,NULL,NULL,NULL,0,NULL,NULL,NULL,NULL,NULL,0,'2014-07-21 15:50:15','2014-07-22 15:40:36','dc026085-5d93-40ba-9f3e-c54a9f573baa'),
	(25,20,'es','compare-satellite',NULL,NULL,NULL,NULL,NULL,NULL,NULL,NULL,NULL,0,NULL,NULL,NULL,NULL,NULL,NULL,NULL,NULL,NULL,NULL,NULL,NULL,NULL,0,0,NULL,NULL,NULL,NULL,NULL,NULL,0,NULL,NULL,NULL,NULL,NULL,NULL,NULL,NULL,NULL,NULL,NULL,NULL,NULL,NULL,NULL,NULL,NULL,NULL,NULL,NULL,NULL,NULL,0,NULL,0,NULL,NULL,NULL,0,NULL,NULL,NULL,NULL,NULL,0,'2014-07-21 15:50:15','2014-07-21 15:50:15','9670cd63-5605-4395-8b00-441126183700'),
	(26,21,'en_us','compare-map',NULL,NULL,NULL,NULL,NULL,NULL,NULL,NULL,NULL,0,NULL,NULL,NULL,NULL,'Map of LBNP',NULL,NULL,NULL,NULL,NULL,NULL,NULL,NULL,0,0,NULL,NULL,'Adam Snetman',NULL,NULL,NULL,0,NULL,NULL,NULL,NULL,NULL,NULL,NULL,NULL,NULL,NULL,NULL,NULL,NULL,NULL,NULL,NULL,NULL,NULL,NULL,NULL,NULL,NULL,0,NULL,0,NULL,NULL,NULL,0,NULL,NULL,NULL,NULL,NULL,0,'2014-07-21 15:50:27','2014-07-21 22:15:43','a0e09283-1cfd-4196-8fad-3428c5e8c06d'),
	(27,21,'es','compare-map',NULL,NULL,NULL,NULL,NULL,NULL,NULL,NULL,NULL,0,NULL,NULL,NULL,NULL,NULL,NULL,NULL,NULL,NULL,NULL,NULL,NULL,NULL,0,0,NULL,NULL,NULL,NULL,NULL,NULL,0,NULL,NULL,NULL,NULL,NULL,NULL,NULL,NULL,NULL,NULL,NULL,NULL,NULL,NULL,NULL,NULL,NULL,NULL,NULL,NULL,NULL,NULL,0,NULL,0,NULL,NULL,NULL,0,NULL,NULL,NULL,NULL,NULL,0,'2014-07-21 15:50:27','2014-07-21 15:50:27','e90ac229-3eb2-4cd9-ab82-c83845fad831'),
	(34,34,'en_us','Event long title name here',NULL,NULL,NULL,NULL,NULL,NULL,NULL,NULL,NULL,0,NULL,NULL,NULL,NULL,NULL,'','',NULL,NULL,'Event short title here','<p>Here\'s my event teaser</p>','2014-08-06 17:30:00','2014-08-09 22:00:00',0,1,'mailto:snetman@gmail.com','RSVP',NULL,NULL,NULL,NULL,0,NULL,NULL,'My apartment','3420 79th Street','No. 6D','Jackson Heights','NY','11372','','',NULL,NULL,NULL,NULL,NULL,NULL,NULL,NULL,NULL,NULL,NULL,NULL,0,NULL,0,NULL,NULL,NULL,0,NULL,NULL,NULL,NULL,NULL,0,'2014-07-21 22:36:20','2014-08-12 21:46:31','812b1402-311e-449e-bfbf-4fb7c1a125b9'),
	(35,34,'es','Event name here',NULL,NULL,NULL,NULL,NULL,NULL,NULL,NULL,NULL,0,NULL,NULL,NULL,NULL,NULL,'','',NULL,NULL,'Short title here for event','<p>Here\'s my event teaser</p>','2014-08-06 17:30:00','2014-08-09 22:00:00',0,1,'mailto:snetman@gmail.com','RSVP',NULL,NULL,NULL,NULL,0,NULL,NULL,'Mí apartamento','3420 79th Street','No. 6D','Jackson Heights','NY','11372','',NULL,NULL,NULL,NULL,NULL,NULL,NULL,NULL,NULL,NULL,NULL,NULL,NULL,0,NULL,0,NULL,NULL,NULL,0,NULL,NULL,NULL,NULL,NULL,0,'2014-07-21 22:36:20','2014-08-12 21:46:31','cb6d65c5-c51b-4a58-8c9c-91e1c4f7b090'),
	(36,36,'en_us','Board of Directors',NULL,NULL,NULL,NULL,NULL,NULL,NULL,NULL,NULL,0,NULL,NULL,NULL,NULL,NULL,NULL,NULL,NULL,NULL,NULL,NULL,NULL,NULL,0,0,NULL,NULL,NULL,NULL,NULL,NULL,0,NULL,NULL,NULL,NULL,NULL,NULL,NULL,NULL,NULL,NULL,NULL,NULL,NULL,NULL,NULL,NULL,NULL,NULL,NULL,NULL,NULL,NULL,0,NULL,0,NULL,NULL,NULL,0,NULL,NULL,NULL,NULL,NULL,0,'2014-07-22 14:13:50','2014-07-22 14:13:50','710125d3-cb07-464a-af84-08efb9e87134'),
	(37,36,'es','Board of Directors',NULL,NULL,NULL,NULL,NULL,NULL,NULL,NULL,NULL,0,NULL,NULL,NULL,NULL,NULL,NULL,NULL,NULL,NULL,NULL,NULL,NULL,NULL,0,0,NULL,NULL,NULL,NULL,NULL,NULL,0,NULL,NULL,NULL,NULL,NULL,NULL,NULL,NULL,NULL,NULL,NULL,NULL,NULL,NULL,NULL,NULL,NULL,NULL,NULL,NULL,NULL,NULL,0,NULL,0,NULL,NULL,NULL,0,NULL,NULL,NULL,NULL,NULL,0,'2014-07-22 14:13:50','2014-07-22 14:13:50','aa8b1774-c27b-46fd-8db7-725e682dc09f'),
	(38,37,'en_us','Staff',NULL,NULL,NULL,NULL,NULL,NULL,NULL,NULL,NULL,0,NULL,NULL,NULL,NULL,NULL,NULL,NULL,NULL,NULL,NULL,NULL,NULL,NULL,0,0,NULL,NULL,NULL,NULL,NULL,NULL,0,NULL,NULL,NULL,NULL,NULL,NULL,NULL,NULL,NULL,NULL,NULL,NULL,NULL,NULL,NULL,NULL,NULL,NULL,NULL,NULL,NULL,NULL,0,NULL,0,NULL,NULL,NULL,0,NULL,NULL,NULL,NULL,NULL,0,'2014-07-22 14:14:01','2014-07-22 14:14:01','941c43a9-9472-48e8-83e1-d61045240019'),
	(39,37,'es','Staff',NULL,NULL,NULL,NULL,NULL,NULL,NULL,NULL,NULL,0,NULL,NULL,NULL,NULL,NULL,NULL,NULL,NULL,NULL,NULL,NULL,NULL,NULL,0,0,NULL,NULL,NULL,NULL,NULL,NULL,0,NULL,NULL,NULL,NULL,NULL,NULL,NULL,NULL,NULL,NULL,NULL,NULL,NULL,NULL,NULL,NULL,NULL,NULL,NULL,NULL,NULL,NULL,0,NULL,0,NULL,NULL,NULL,0,NULL,NULL,NULL,NULL,NULL,0,'2014-07-22 14:14:01','2014-07-22 14:14:01','7a6c4dba-4d85-4421-9e65-af6e07f1c715'),
	(40,38,'en_us','Contributing Scientists',NULL,NULL,NULL,NULL,NULL,NULL,NULL,NULL,NULL,0,NULL,NULL,NULL,NULL,NULL,NULL,NULL,NULL,NULL,NULL,NULL,NULL,NULL,0,0,NULL,NULL,NULL,NULL,NULL,NULL,0,NULL,NULL,NULL,NULL,NULL,NULL,NULL,NULL,NULL,NULL,NULL,NULL,NULL,NULL,NULL,NULL,NULL,NULL,NULL,NULL,NULL,NULL,0,NULL,0,NULL,NULL,NULL,0,NULL,NULL,NULL,NULL,NULL,0,'2014-07-22 14:14:06','2014-08-05 18:04:47','d3b6685e-fcd7-4534-8701-b8f6d53a57d1'),
	(41,38,'es','Contributing Scientist',NULL,NULL,NULL,NULL,NULL,NULL,NULL,NULL,NULL,0,NULL,NULL,NULL,NULL,NULL,NULL,NULL,NULL,NULL,NULL,NULL,NULL,NULL,0,0,NULL,NULL,NULL,NULL,NULL,NULL,0,NULL,NULL,NULL,NULL,NULL,NULL,NULL,NULL,NULL,NULL,NULL,NULL,NULL,NULL,NULL,NULL,NULL,NULL,NULL,NULL,NULL,NULL,0,NULL,0,NULL,NULL,NULL,0,NULL,NULL,NULL,NULL,NULL,0,'2014-07-22 14:14:06','2014-07-22 14:14:06','8b76838a-3388-42d9-a80e-6e5a978552c7'),
	(42,39,'en_us','george-headshot',NULL,NULL,NULL,NULL,NULL,NULL,NULL,NULL,NULL,0,NULL,NULL,NULL,NULL,NULL,NULL,NULL,NULL,NULL,NULL,NULL,NULL,NULL,0,0,NULL,NULL,NULL,NULL,NULL,NULL,0,NULL,NULL,NULL,NULL,NULL,NULL,NULL,NULL,NULL,NULL,NULL,NULL,NULL,NULL,NULL,NULL,NULL,NULL,NULL,NULL,NULL,NULL,0,NULL,0,NULL,NULL,NULL,0,NULL,NULL,NULL,NULL,NULL,0,'2014-07-22 14:27:53','2014-07-22 14:27:53','3355406b-53b4-4a2e-a44c-d189f2b6ffcc'),
	(43,39,'es','george-headshot',NULL,NULL,NULL,NULL,NULL,NULL,NULL,NULL,NULL,0,NULL,NULL,NULL,NULL,NULL,NULL,NULL,NULL,NULL,NULL,NULL,NULL,NULL,0,0,NULL,NULL,NULL,NULL,NULL,NULL,0,NULL,NULL,NULL,NULL,NULL,NULL,NULL,NULL,NULL,NULL,NULL,NULL,NULL,NULL,NULL,NULL,NULL,NULL,NULL,NULL,NULL,NULL,0,NULL,0,NULL,NULL,NULL,0,NULL,NULL,NULL,NULL,NULL,0,'2014-07-22 14:27:54','2014-07-22 14:27:54','efd1797e-61c6-4356-be1c-b7dfcc93debc'),
	(44,40,'en_us','as-sm',NULL,NULL,NULL,NULL,NULL,NULL,NULL,NULL,NULL,0,NULL,NULL,NULL,NULL,NULL,NULL,NULL,NULL,NULL,NULL,NULL,NULL,NULL,0,0,NULL,NULL,NULL,NULL,NULL,NULL,0,NULL,NULL,NULL,NULL,NULL,NULL,NULL,NULL,NULL,NULL,NULL,NULL,NULL,NULL,NULL,NULL,NULL,NULL,NULL,NULL,NULL,NULL,0,NULL,0,NULL,NULL,NULL,0,NULL,NULL,NULL,NULL,NULL,0,'2014-07-22 14:30:12','2014-07-22 14:30:12','b4912732-3db6-4fd4-8e27-fd9baa8469e8'),
	(45,40,'es','as-sm',NULL,NULL,NULL,NULL,NULL,NULL,NULL,NULL,NULL,0,NULL,NULL,NULL,NULL,NULL,NULL,NULL,NULL,NULL,NULL,NULL,NULL,NULL,0,0,NULL,NULL,NULL,NULL,NULL,NULL,0,NULL,NULL,NULL,NULL,NULL,NULL,NULL,NULL,NULL,NULL,NULL,NULL,NULL,NULL,NULL,NULL,NULL,NULL,NULL,NULL,NULL,NULL,0,NULL,0,NULL,NULL,NULL,0,NULL,NULL,NULL,NULL,NULL,0,'2014-07-22 14:30:12','2014-07-22 14:30:12','22faec34-7b9e-4ac8-b605-04d5faf80871'),
	(46,41,'en_us',NULL,NULL,NULL,NULL,'@adamsnetman',NULL,NULL,NULL,NULL,NULL,0,NULL,NULL,NULL,NULL,NULL,NULL,NULL,NULL,NULL,NULL,NULL,NULL,NULL,0,0,NULL,NULL,NULL,NULL,NULL,NULL,0,NULL,NULL,NULL,NULL,NULL,NULL,NULL,NULL,NULL,NULL,NULL,NULL,NULL,NULL,NULL,NULL,NULL,NULL,NULL,NULL,NULL,NULL,0,NULL,0,NULL,NULL,NULL,0,NULL,NULL,NULL,NULL,NULL,0,'2014-07-22 14:30:29','2014-07-22 14:35:44','157a6795-954f-41ba-8ec8-4fbaf6877d58'),
	(51,44,'en_us','Here\'s my title',NULL,NULL,NULL,NULL,NULL,NULL,NULL,NULL,NULL,0,NULL,NULL,NULL,NULL,NULL,'','',NULL,NULL,'Here\'s the short title','<p>Here\'s a teaser for this story.</p>',NULL,NULL,0,0,NULL,NULL,NULL,NULL,NULL,NULL,0,NULL,NULL,NULL,NULL,NULL,NULL,NULL,NULL,NULL,NULL,NULL,NULL,NULL,NULL,NULL,NULL,NULL,NULL,NULL,NULL,NULL,NULL,0,NULL,0,NULL,NULL,NULL,0,NULL,NULL,NULL,NULL,NULL,0,'2014-07-22 16:43:37','2014-08-07 15:01:17','1f26fd87-d58d-4a34-a483-5c2bd9a4969a'),
	(52,44,'es','Here\'s my spanish title',NULL,NULL,NULL,NULL,NULL,NULL,NULL,NULL,NULL,0,NULL,NULL,NULL,NULL,NULL,'','',NULL,NULL,'Here\'s my spanish short title','<p>This is the teaser for this story.</p>',NULL,NULL,0,0,NULL,NULL,NULL,NULL,NULL,NULL,0,NULL,NULL,NULL,NULL,NULL,NULL,NULL,NULL,NULL,NULL,NULL,NULL,NULL,NULL,NULL,NULL,NULL,NULL,NULL,NULL,NULL,NULL,0,NULL,0,NULL,NULL,NULL,0,NULL,NULL,NULL,NULL,NULL,0,'2014-07-22 16:43:37','2014-07-23 14:08:30','8b7ac0c9-9589-4f4a-a2bd-da9d2bee7fc4'),
	(53,49,'en_us','News & Events section front',NULL,NULL,NULL,NULL,NULL,NULL,NULL,NULL,NULL,0,NULL,NULL,NULL,NULL,NULL,NULL,NULL,NULL,NULL,'News & events','<p>Teaser for the news and events section</p>',NULL,NULL,0,0,NULL,NULL,NULL,NULL,NULL,NULL,0,NULL,NULL,NULL,NULL,NULL,NULL,NULL,NULL,NULL,NULL,NULL,NULL,NULL,NULL,NULL,NULL,NULL,NULL,NULL,NULL,NULL,NULL,0,NULL,0,NULL,NULL,NULL,0,NULL,NULL,NULL,NULL,NULL,0,'2014-07-23 13:46:44','2014-08-07 15:01:26','d6fce4af-fcb8-4d8c-9fc3-4f2aaf0bdec8'),
	(54,49,'es','News & Events section front',NULL,NULL,NULL,NULL,NULL,NULL,NULL,NULL,NULL,0,NULL,NULL,NULL,NULL,NULL,NULL,NULL,NULL,NULL,NULL,NULL,NULL,NULL,0,0,NULL,NULL,NULL,NULL,NULL,NULL,0,NULL,NULL,NULL,NULL,NULL,NULL,NULL,NULL,NULL,NULL,NULL,NULL,NULL,NULL,NULL,NULL,NULL,NULL,NULL,NULL,NULL,NULL,0,NULL,0,NULL,NULL,NULL,0,NULL,NULL,NULL,NULL,NULL,0,'2014-07-23 13:46:44','2014-08-07 15:01:24','181b4a72-1840-4e16-bfef-8c4f689795f2'),
	(57,51,'en_us','photo-1',NULL,NULL,NULL,NULL,NULL,NULL,NULL,NULL,NULL,0,NULL,NULL,NULL,NULL,'Turtle illustration',NULL,NULL,NULL,NULL,NULL,NULL,NULL,NULL,0,0,NULL,NULL,'Illustrator Name Here',NULL,NULL,NULL,0,NULL,NULL,NULL,NULL,NULL,NULL,NULL,NULL,NULL,NULL,NULL,NULL,NULL,NULL,NULL,NULL,NULL,NULL,NULL,NULL,NULL,NULL,0,NULL,0,NULL,NULL,NULL,0,NULL,NULL,NULL,NULL,NULL,0,'2014-07-23 14:36:56','2014-07-23 14:37:16','18205c1f-a451-4dca-ae04-33ebf32dec55'),
	(58,51,'es','photo-1',NULL,NULL,NULL,NULL,NULL,NULL,NULL,NULL,NULL,0,NULL,NULL,NULL,NULL,NULL,NULL,NULL,NULL,NULL,NULL,NULL,NULL,NULL,0,0,NULL,NULL,'Illustrator Name Here',NULL,NULL,NULL,0,NULL,NULL,NULL,NULL,NULL,NULL,NULL,NULL,NULL,NULL,NULL,NULL,NULL,NULL,NULL,NULL,NULL,NULL,NULL,NULL,NULL,NULL,0,NULL,0,NULL,NULL,NULL,0,NULL,NULL,NULL,NULL,NULL,0,'2014-07-23 14:36:56','2014-07-23 14:37:16','1c7f51ca-2d34-4d78-b610-f2d07f3fde58'),
	(59,52,'en_us','There\'s a turtle somewhere that is interesting',NULL,NULL,NULL,NULL,NULL,NULL,NULL,NULL,NULL,0,NULL,NULL,NULL,NULL,NULL,'','',NULL,NULL,'There\'s a turtle somewhere that is interesting','<p>Teaser for the interesting turtle is here.</p>',NULL,NULL,0,0,NULL,NULL,NULL,NULL,NULL,NULL,0,NULL,NULL,NULL,NULL,NULL,NULL,NULL,NULL,NULL,NULL,NULL,NULL,NULL,NULL,NULL,NULL,NULL,NULL,NULL,NULL,NULL,NULL,0,NULL,0,NULL,NULL,NULL,0,NULL,NULL,NULL,NULL,NULL,0,'2014-07-23 14:38:09','2014-08-07 15:01:18','6ce0355a-e27d-4cd3-bc45-d6b6c865d387'),
	(60,52,'es','There\'s a turtle somewhere that is interesting',NULL,NULL,NULL,NULL,NULL,NULL,NULL,NULL,NULL,0,NULL,NULL,NULL,NULL,NULL,'','',NULL,NULL,'Interesting turtle found!','<p>Teaser for the interesting turtle is here.</p>',NULL,NULL,0,0,NULL,NULL,NULL,NULL,NULL,NULL,0,NULL,NULL,NULL,NULL,NULL,NULL,NULL,NULL,NULL,NULL,NULL,NULL,NULL,NULL,NULL,NULL,NULL,NULL,NULL,NULL,NULL,NULL,0,NULL,0,NULL,NULL,NULL,0,NULL,NULL,NULL,NULL,NULL,0,'2014-07-23 14:38:09','2014-07-23 14:38:09','65f32f08-5ea2-40c2-9e8b-f99816b617f7'),
	(61,54,'en_us','leatherback-turtle-nest-spiral',NULL,NULL,NULL,NULL,NULL,NULL,NULL,NULL,NULL,0,NULL,NULL,NULL,NULL,'Turtle tracks',NULL,NULL,NULL,NULL,NULL,NULL,NULL,NULL,0,0,NULL,NULL,'',NULL,NULL,NULL,0,NULL,NULL,NULL,NULL,NULL,NULL,NULL,NULL,NULL,NULL,NULL,NULL,NULL,NULL,NULL,NULL,NULL,NULL,NULL,NULL,NULL,NULL,0,NULL,0,NULL,NULL,NULL,0,NULL,NULL,NULL,NULL,NULL,0,'2014-07-23 14:39:07','2014-07-23 14:39:23','a6cae79a-d8d9-452f-9700-a0c6fa08a329'),
	(62,54,'es','leatherback-turtle-nest-spiral',NULL,NULL,NULL,NULL,NULL,NULL,NULL,NULL,NULL,0,NULL,NULL,NULL,NULL,NULL,NULL,NULL,NULL,NULL,NULL,NULL,NULL,NULL,0,0,NULL,NULL,'',NULL,NULL,NULL,0,NULL,NULL,NULL,NULL,NULL,NULL,NULL,NULL,NULL,NULL,NULL,NULL,NULL,NULL,NULL,NULL,NULL,NULL,NULL,NULL,NULL,NULL,0,NULL,0,NULL,NULL,NULL,0,NULL,NULL,NULL,NULL,NULL,0,'2014-07-23 14:39:07','2014-07-23 14:39:23','714da080-243b-4e61-8d78-058fe0d8160b'),
	(63,55,'en_us','Yet another turtle is around',NULL,NULL,NULL,NULL,NULL,NULL,NULL,NULL,NULL,0,NULL,NULL,NULL,NULL,NULL,'','',NULL,NULL,'Turtle is around','<p>Here\'s a longer teaser. It\'s about 100 characters. Maybe I should change this instruction to allow for longer teasers.</p>',NULL,NULL,0,0,NULL,NULL,NULL,NULL,NULL,NULL,0,NULL,NULL,NULL,NULL,NULL,NULL,NULL,NULL,NULL,NULL,NULL,NULL,NULL,NULL,NULL,NULL,NULL,NULL,NULL,NULL,NULL,NULL,0,NULL,0,NULL,NULL,NULL,0,NULL,NULL,NULL,NULL,NULL,0,'2014-07-23 14:39:37','2014-08-07 15:01:18','c1b1bbf5-33f9-4308-95b7-b4710f33d47e'),
	(64,55,'es','Yet another turtle is around (spanish)',NULL,NULL,NULL,NULL,NULL,NULL,NULL,NULL,NULL,0,NULL,NULL,NULL,NULL,NULL,'','',NULL,NULL,'Yet another turtle is around (spanish)','<p>Here\'s a longer teaser. It\'s about 100 characters. Maybe I should change this instruction to allow for longer teasers.</p>',NULL,NULL,0,0,NULL,NULL,NULL,NULL,NULL,NULL,0,NULL,NULL,NULL,NULL,NULL,NULL,NULL,NULL,NULL,NULL,NULL,NULL,NULL,NULL,NULL,NULL,NULL,NULL,NULL,NULL,NULL,NULL,0,NULL,0,NULL,NULL,NULL,0,NULL,NULL,NULL,NULL,NULL,0,'2014-07-23 14:39:37','2014-07-27 20:07:20','b02998bb-1ac8-466b-9472-deaee3015eca'),
	(73,62,'en_us',NULL,NULL,NULL,NULL,NULL,NULL,NULL,NULL,NULL,NULL,0,NULL,NULL,NULL,NULL,NULL,NULL,NULL,NULL,NULL,NULL,NULL,NULL,NULL,0,0,NULL,NULL,NULL,NULL,NULL,NULL,0,NULL,NULL,NULL,NULL,NULL,NULL,NULL,NULL,NULL,NULL,NULL,NULL,NULL,NULL,NULL,NULL,NULL,NULL,NULL,NULL,NULL,NULL,0,NULL,0,NULL,NULL,NULL,0,NULL,NULL,NULL,NULL,NULL,0,'2014-07-27 19:48:57','2014-07-27 19:48:57','d4c2bd04-d4c2-40a9-bcc1-ebc2213295f0'),
	(74,62,'es',NULL,NULL,NULL,NULL,NULL,NULL,NULL,NULL,NULL,NULL,0,NULL,NULL,NULL,NULL,NULL,NULL,NULL,NULL,NULL,NULL,NULL,NULL,NULL,0,0,NULL,NULL,NULL,NULL,NULL,NULL,0,NULL,NULL,NULL,NULL,NULL,NULL,NULL,NULL,NULL,NULL,NULL,NULL,NULL,NULL,NULL,NULL,NULL,NULL,NULL,NULL,NULL,NULL,0,NULL,0,NULL,NULL,NULL,0,NULL,NULL,NULL,NULL,NULL,0,'2014-07-27 19:48:57','2014-07-27 19:48:57','f6e7dfd2-72b6-4864-b98a-a116edfafad5'),
	(75,63,'en_us',NULL,NULL,NULL,NULL,NULL,NULL,NULL,NULL,NULL,NULL,0,NULL,NULL,NULL,NULL,NULL,NULL,NULL,NULL,NULL,NULL,NULL,NULL,NULL,0,0,NULL,NULL,NULL,NULL,NULL,NULL,0,NULL,NULL,NULL,NULL,NULL,NULL,NULL,NULL,NULL,NULL,NULL,NULL,NULL,NULL,NULL,NULL,NULL,NULL,NULL,NULL,NULL,NULL,0,NULL,0,NULL,NULL,NULL,0,NULL,NULL,NULL,NULL,NULL,0,'2014-07-27 19:49:28','2014-07-27 19:49:28','a7414dd8-656f-458e-a411-c7fafc5b6b39'),
	(76,63,'es',NULL,NULL,NULL,NULL,NULL,NULL,NULL,NULL,NULL,NULL,0,NULL,NULL,NULL,NULL,NULL,NULL,NULL,NULL,NULL,NULL,NULL,NULL,NULL,0,0,NULL,NULL,NULL,NULL,NULL,NULL,0,NULL,NULL,NULL,NULL,NULL,NULL,NULL,NULL,NULL,NULL,NULL,NULL,NULL,NULL,NULL,NULL,NULL,NULL,NULL,NULL,NULL,NULL,0,NULL,0,NULL,NULL,NULL,0,NULL,NULL,NULL,NULL,NULL,0,'2014-07-27 19:49:28','2014-07-27 19:49:28','6e2f6076-8faf-4a2b-b2ee-1de7b575baf0'),
	(77,64,'en_us',NULL,NULL,NULL,NULL,NULL,NULL,NULL,NULL,NULL,NULL,0,NULL,NULL,NULL,NULL,NULL,NULL,NULL,NULL,NULL,NULL,NULL,NULL,NULL,0,0,NULL,NULL,NULL,NULL,NULL,NULL,0,NULL,NULL,NULL,NULL,NULL,NULL,NULL,NULL,NULL,NULL,NULL,NULL,NULL,NULL,NULL,NULL,NULL,NULL,NULL,NULL,NULL,NULL,0,NULL,0,NULL,NULL,NULL,0,NULL,NULL,NULL,NULL,NULL,0,'2014-07-27 20:07:17','2014-07-27 20:07:17','6683711d-f5e2-4181-90fc-ffa17ebdf630'),
	(78,64,'es',NULL,NULL,NULL,NULL,NULL,NULL,NULL,NULL,NULL,NULL,0,NULL,NULL,NULL,NULL,NULL,NULL,NULL,NULL,NULL,NULL,NULL,NULL,NULL,0,0,NULL,NULL,NULL,NULL,NULL,NULL,0,NULL,NULL,NULL,NULL,NULL,NULL,NULL,NULL,NULL,NULL,NULL,NULL,NULL,NULL,NULL,NULL,NULL,NULL,NULL,NULL,NULL,NULL,0,NULL,0,NULL,NULL,NULL,0,NULL,NULL,NULL,NULL,NULL,0,'2014-07-27 20:07:17','2014-07-27 20:07:17','b7f1f17d-132b-4ad6-8665-d7d593062bc4'),
	(79,65,'en_us',NULL,NULL,NULL,NULL,NULL,NULL,NULL,NULL,NULL,NULL,0,NULL,NULL,NULL,NULL,NULL,NULL,NULL,NULL,NULL,NULL,NULL,NULL,NULL,0,0,NULL,NULL,NULL,NULL,NULL,NULL,0,NULL,NULL,NULL,NULL,NULL,NULL,NULL,NULL,NULL,NULL,NULL,NULL,NULL,NULL,NULL,NULL,NULL,NULL,NULL,NULL,NULL,NULL,0,NULL,0,NULL,NULL,NULL,0,NULL,NULL,NULL,NULL,NULL,0,'2014-07-27 20:16:55','2014-07-27 20:16:55','afa09692-c90d-4bb1-bd30-cbe02a6db98d'),
	(80,65,'es',NULL,NULL,NULL,NULL,NULL,NULL,NULL,NULL,NULL,NULL,0,NULL,NULL,NULL,NULL,NULL,NULL,NULL,NULL,NULL,NULL,NULL,NULL,NULL,0,0,NULL,NULL,NULL,NULL,NULL,NULL,0,NULL,NULL,NULL,NULL,NULL,NULL,NULL,NULL,NULL,NULL,NULL,NULL,NULL,NULL,NULL,NULL,NULL,NULL,NULL,NULL,NULL,NULL,0,NULL,0,NULL,NULL,NULL,0,NULL,NULL,NULL,NULL,NULL,0,'2014-07-27 20:16:55','2014-07-27 20:16:55','67aa3bf2-d81f-4cce-9494-a565afbac6be'),
	(81,66,'en_us','A new test english entry',NULL,NULL,NULL,NULL,NULL,NULL,NULL,NULL,NULL,0,NULL,NULL,NULL,NULL,NULL,'','',NULL,NULL,'A new test english entry','<p>Teaser here</p>',NULL,NULL,0,0,NULL,NULL,NULL,NULL,NULL,NULL,0,NULL,NULL,NULL,NULL,NULL,NULL,NULL,NULL,NULL,NULL,NULL,NULL,NULL,NULL,NULL,NULL,NULL,NULL,NULL,NULL,NULL,NULL,0,NULL,0,NULL,NULL,NULL,0,NULL,NULL,NULL,NULL,NULL,0,'2014-07-27 20:16:58','2014-08-07 15:01:18','be7d7924-47cf-4568-9f4f-4c2e0d4bfeb0'),
	(82,66,'es','A new test spanish entry',NULL,NULL,NULL,NULL,NULL,NULL,NULL,NULL,NULL,0,NULL,NULL,NULL,NULL,NULL,'','',NULL,NULL,'A new test spanish entry','<p>Teaser here</p>',NULL,NULL,0,0,NULL,NULL,NULL,NULL,NULL,NULL,0,NULL,NULL,NULL,NULL,NULL,NULL,NULL,NULL,NULL,NULL,NULL,NULL,NULL,NULL,NULL,NULL,NULL,NULL,NULL,NULL,NULL,NULL,0,NULL,0,NULL,NULL,NULL,0,NULL,NULL,NULL,NULL,NULL,0,'2014-07-27 20:16:58','2014-07-29 20:55:03','283dc169-23d0-4e78-b262-e99c0a1aaf44'),
	(83,69,'en_us','Threats section front',NULL,NULL,NULL,NULL,NULL,NULL,NULL,NULL,NULL,0,NULL,NULL,NULL,NULL,NULL,NULL,NULL,NULL,NULL,'Threats','<p>Leatherbacks face different threats specific to each stage of their lives and the habitats they occupy during those stages. To save the leatherback, we must reduce threats in all habitats turtles occupy across their entire life cycle.</p>',NULL,NULL,0,0,NULL,NULL,NULL,NULL,NULL,NULL,0,NULL,'<p>Leatherbacks face different threats specific to each stage of their lives and the habitats they occupy during those stages. To save the leatherback, we must reduce threats in all habitats turtles occupy across their entire life cycle.</p><p>For example, a nest that eludes poachers may produce a hatchling lucky enough to avoid ingesting plastics. The turtle will need to avoid entanglement in fishing gear as she migrates over long distances in search of jellyfish. After the 15-25 years, she will reach maturity and return to her natal beach to nest for the first time. Lights on the beach may prevent her from nesting – or if she does – disorient nestlings.</p><p>Lorem ipsum dolor dit amet adipiscing ultrices sit amet vel arcu. Fusce tellus lectus, rhoncus vel tortor id.</p>',NULL,NULL,NULL,NULL,NULL,NULL,NULL,NULL,NULL,NULL,NULL,NULL,NULL,NULL,NULL,NULL,NULL,NULL,NULL,NULL,0,NULL,0,NULL,NULL,NULL,0,NULL,NULL,NULL,NULL,NULL,0,'2014-07-27 20:47:31','2014-08-07 14:55:14','a185085d-e209-4973-97f3-069fcea27107'),
	(84,69,'es','Threats section front',NULL,NULL,NULL,NULL,NULL,NULL,NULL,NULL,NULL,0,NULL,NULL,NULL,NULL,NULL,NULL,NULL,NULL,NULL,NULL,NULL,NULL,NULL,0,0,NULL,NULL,NULL,NULL,NULL,NULL,0,NULL,'<p>(Spanish version)&nbsp;Leatherbacks face different threats specific to each stage of their lives and the habitats they occupy during those stages. To save the leatherback, we must reduce threats in all habitats turtles occupy across their entire life cycle.</p><p>For example, a nest that eludes poachers may produce a hatchling lucky enough to avoid ingesting plastics. The turtle will need to avoid entanglement in fishing gear as she migrates over long distances in search of jellyfish. After the 15-25 years, she will reach maturity and return to her natal beach to nest for the first time. Lights on the beach may prevent her from nesting – or if she does – disorient nestlings.</p><p>Lorem ipsum dolor dit amet adipiscing ultrices sit amet vel arcu. Fusce tellus lectus, rhoncus vel tortor id.</p>',NULL,NULL,NULL,NULL,NULL,NULL,NULL,NULL,NULL,NULL,NULL,NULL,NULL,NULL,NULL,NULL,NULL,NULL,NULL,NULL,0,NULL,0,NULL,NULL,NULL,0,NULL,NULL,NULL,NULL,NULL,0,'2014-07-27 20:47:31','2014-08-07 14:55:13','6e06fb0c-c004-49ec-9e43-be1d4890f93a'),
	(85,70,'en_us','tlt-threat-development',NULL,NULL,NULL,NULL,NULL,NULL,NULL,NULL,NULL,0,NULL,NULL,NULL,NULL,'Development icon',NULL,NULL,NULL,NULL,NULL,NULL,NULL,NULL,0,0,NULL,NULL,NULL,NULL,NULL,NULL,0,NULL,NULL,NULL,NULL,NULL,NULL,NULL,NULL,NULL,NULL,NULL,NULL,NULL,NULL,NULL,NULL,NULL,NULL,NULL,NULL,NULL,NULL,0,NULL,0,NULL,NULL,NULL,0,NULL,NULL,NULL,NULL,NULL,0,'2014-07-27 21:01:05','2014-07-31 15:44:50','199377da-15ce-44c9-bd97-ec05ff24c6d6'),
	(86,70,'es','tlt-threat-development',NULL,NULL,NULL,NULL,NULL,NULL,NULL,NULL,NULL,0,NULL,NULL,NULL,NULL,NULL,NULL,NULL,NULL,NULL,NULL,NULL,NULL,NULL,0,0,NULL,NULL,NULL,NULL,NULL,NULL,0,NULL,NULL,NULL,NULL,NULL,NULL,NULL,NULL,NULL,NULL,NULL,NULL,NULL,NULL,NULL,NULL,NULL,NULL,NULL,NULL,NULL,NULL,0,NULL,0,NULL,NULL,NULL,0,NULL,NULL,NULL,NULL,NULL,0,'2014-07-27 21:01:05','2014-07-27 21:01:05','d0644b15-f77a-43ce-af24-bc9ba418454c'),
	(87,71,'en_us','Development',NULL,NULL,NULL,NULL,NULL,NULL,NULL,NULL,NULL,0,NULL,NULL,NULL,NULL,NULL,NULL,NULL,NULL,NULL,'Development','<p>Nunc sed felis ut elit adipiscing ultrices sit amet vel arcu. Fusce tellus lectus, rhoncus vel tortor id, bibendum molestie mi. Donec convallis sagittis feli.</p>',NULL,NULL,0,0,NULL,NULL,NULL,NULL,NULL,NULL,0,NULL,NULL,NULL,NULL,NULL,NULL,NULL,NULL,NULL,NULL,NULL,NULL,NULL,NULL,NULL,NULL,NULL,NULL,NULL,NULL,NULL,NULL,0,NULL,0,NULL,NULL,NULL,0,NULL,NULL,NULL,NULL,NULL,0,'2014-07-27 21:02:06','2014-08-07 19:27:22','2ba4856d-f253-4e16-9a21-cb9a0bbf4f18'),
	(88,71,'es','Urbanización',NULL,NULL,NULL,NULL,NULL,NULL,NULL,NULL,NULL,0,NULL,NULL,NULL,NULL,NULL,NULL,NULL,NULL,NULL,'Urbanización','<p>Spanish teaser nunc sed felis ut elit adipiscing ultrices sit amet vel arcu. Fusce tellus lectus, rhoncus vel tortor id, bibendum molestie mi. Donec convallis sagittis feli.</p>',NULL,NULL,0,0,NULL,NULL,NULL,NULL,NULL,NULL,0,NULL,NULL,NULL,NULL,NULL,NULL,NULL,NULL,NULL,NULL,NULL,NULL,NULL,NULL,NULL,NULL,NULL,NULL,NULL,NULL,NULL,NULL,0,NULL,0,NULL,NULL,NULL,0,NULL,NULL,NULL,NULL,NULL,0,'2014-07-27 21:02:06','2014-08-07 15:28:01','8ffc9b28-a99d-447c-bf4a-a8d2f633d694'),
	(89,74,'en_us',NULL,NULL,NULL,NULL,NULL,NULL,NULL,NULL,NULL,NULL,0,NULL,NULL,NULL,NULL,NULL,NULL,NULL,NULL,NULL,NULL,NULL,NULL,NULL,0,0,NULL,NULL,NULL,NULL,NULL,NULL,0,NULL,NULL,NULL,NULL,NULL,NULL,NULL,NULL,NULL,NULL,NULL,NULL,NULL,NULL,NULL,NULL,NULL,NULL,NULL,NULL,NULL,NULL,0,NULL,0,NULL,NULL,NULL,0,NULL,NULL,NULL,NULL,NULL,0,'2014-07-28 21:39:31','2014-07-28 21:39:31','21c9d212-9808-4821-88ea-eb1f56c88287'),
	(90,74,'es',NULL,NULL,NULL,NULL,NULL,NULL,NULL,NULL,NULL,NULL,0,NULL,NULL,NULL,NULL,NULL,NULL,NULL,NULL,NULL,NULL,NULL,NULL,NULL,0,0,NULL,NULL,NULL,NULL,NULL,NULL,0,NULL,NULL,NULL,NULL,NULL,NULL,NULL,NULL,NULL,NULL,NULL,NULL,NULL,NULL,NULL,NULL,NULL,NULL,NULL,NULL,NULL,NULL,0,NULL,0,NULL,NULL,NULL,0,NULL,NULL,NULL,NULL,NULL,0,'2014-07-28 21:39:31','2014-07-28 21:39:31','5db6e237-bc70-4ac5-9469-25dfdeaf98d1'),
	(91,75,'en_us',NULL,NULL,NULL,NULL,NULL,NULL,NULL,NULL,NULL,NULL,0,NULL,NULL,NULL,NULL,NULL,NULL,NULL,NULL,NULL,NULL,NULL,NULL,NULL,0,0,NULL,NULL,NULL,NULL,NULL,NULL,0,NULL,NULL,NULL,NULL,NULL,NULL,NULL,NULL,NULL,NULL,NULL,NULL,NULL,NULL,NULL,NULL,NULL,NULL,NULL,NULL,NULL,NULL,0,NULL,0,NULL,NULL,NULL,0,NULL,NULL,NULL,NULL,NULL,0,'2014-07-28 21:42:19','2014-07-28 21:42:19','88a357f1-73a4-41aa-a21d-a6ea26e4dd91'),
	(92,75,'es',NULL,NULL,NULL,NULL,NULL,NULL,NULL,NULL,NULL,NULL,0,NULL,NULL,NULL,NULL,NULL,NULL,NULL,NULL,NULL,NULL,NULL,NULL,NULL,0,0,NULL,NULL,NULL,NULL,NULL,NULL,0,NULL,NULL,NULL,NULL,NULL,NULL,NULL,NULL,NULL,NULL,NULL,NULL,NULL,NULL,NULL,NULL,NULL,NULL,NULL,NULL,NULL,NULL,0,NULL,0,NULL,NULL,NULL,0,NULL,NULL,NULL,NULL,NULL,0,'2014-07-28 21:42:19','2014-07-28 21:42:19','a6b2035e-c46b-4631-a6a4-8dd2720449fd'),
	(93,76,'en_us',NULL,NULL,NULL,NULL,NULL,NULL,NULL,NULL,NULL,NULL,0,NULL,NULL,NULL,NULL,NULL,NULL,NULL,NULL,NULL,NULL,NULL,NULL,NULL,0,0,NULL,NULL,NULL,NULL,NULL,NULL,0,NULL,NULL,NULL,NULL,NULL,NULL,NULL,NULL,NULL,NULL,NULL,NULL,NULL,NULL,NULL,NULL,NULL,NULL,NULL,NULL,NULL,NULL,0,NULL,0,NULL,NULL,NULL,0,NULL,NULL,NULL,NULL,NULL,0,'2014-07-29 14:41:44','2014-07-29 14:41:44','75f21cc2-f144-4d68-8106-93d850cfe835'),
	(94,76,'es',NULL,NULL,NULL,NULL,NULL,NULL,NULL,NULL,NULL,NULL,0,NULL,NULL,NULL,NULL,NULL,NULL,NULL,NULL,NULL,NULL,NULL,NULL,NULL,0,0,NULL,NULL,NULL,NULL,NULL,NULL,0,NULL,NULL,NULL,NULL,NULL,NULL,NULL,NULL,NULL,NULL,NULL,NULL,NULL,NULL,NULL,NULL,NULL,NULL,NULL,NULL,NULL,NULL,0,NULL,0,NULL,NULL,NULL,0,NULL,NULL,NULL,NULL,NULL,0,'2014-07-29 14:41:44','2014-07-29 14:41:44','307c39f3-c17a-4d85-9cf9-48e17d810e9d'),
	(95,77,'en_us',NULL,NULL,NULL,NULL,NULL,NULL,NULL,NULL,NULL,NULL,0,NULL,NULL,NULL,NULL,NULL,NULL,NULL,NULL,NULL,NULL,NULL,NULL,NULL,0,0,NULL,NULL,NULL,NULL,NULL,NULL,0,NULL,NULL,NULL,NULL,NULL,NULL,NULL,NULL,NULL,NULL,NULL,NULL,NULL,NULL,NULL,NULL,NULL,NULL,NULL,NULL,NULL,NULL,0,NULL,0,NULL,NULL,NULL,0,NULL,NULL,NULL,NULL,NULL,0,'2014-07-29 14:41:50','2014-07-29 14:41:50','a5dc9c17-f799-4e41-94cc-e383c6a29a19'),
	(96,77,'es',NULL,NULL,NULL,NULL,NULL,NULL,NULL,NULL,NULL,NULL,0,NULL,NULL,NULL,NULL,NULL,NULL,NULL,NULL,NULL,NULL,NULL,NULL,NULL,0,0,NULL,NULL,NULL,NULL,NULL,NULL,0,NULL,NULL,NULL,NULL,NULL,NULL,NULL,NULL,NULL,NULL,NULL,NULL,NULL,NULL,NULL,NULL,NULL,NULL,NULL,NULL,NULL,NULL,0,NULL,0,NULL,NULL,NULL,0,NULL,NULL,NULL,NULL,NULL,0,'2014-07-29 14:41:50','2014-07-29 14:41:50','3f66d72b-0e32-433d-874b-6485f78a6d1d'),
	(97,78,'en_us',NULL,NULL,NULL,NULL,NULL,NULL,NULL,NULL,NULL,NULL,0,NULL,NULL,NULL,NULL,NULL,NULL,NULL,NULL,NULL,NULL,NULL,NULL,NULL,0,0,NULL,NULL,NULL,NULL,NULL,NULL,0,NULL,NULL,NULL,NULL,NULL,NULL,NULL,NULL,NULL,NULL,NULL,NULL,NULL,NULL,NULL,NULL,NULL,NULL,NULL,NULL,NULL,NULL,0,NULL,0,NULL,NULL,NULL,0,NULL,NULL,NULL,NULL,NULL,0,'2014-07-29 14:42:12','2014-07-29 14:42:12','296a2140-d4a4-48e9-8c35-3ae29d0ac9af'),
	(98,78,'es',NULL,NULL,NULL,NULL,NULL,NULL,NULL,NULL,NULL,NULL,0,NULL,NULL,NULL,NULL,NULL,NULL,NULL,NULL,NULL,NULL,NULL,NULL,NULL,0,0,NULL,NULL,NULL,NULL,NULL,NULL,0,NULL,NULL,NULL,NULL,NULL,NULL,NULL,NULL,NULL,NULL,NULL,NULL,NULL,NULL,NULL,NULL,NULL,NULL,NULL,NULL,NULL,NULL,0,NULL,0,NULL,NULL,NULL,0,NULL,NULL,NULL,NULL,NULL,0,'2014-07-29 14:42:12','2014-07-29 14:42:12','f31f0668-42d2-4215-a0ac-bcf743e5c66b'),
	(99,79,'en_us',NULL,NULL,NULL,NULL,NULL,NULL,NULL,NULL,NULL,NULL,0,NULL,NULL,NULL,NULL,NULL,NULL,NULL,NULL,NULL,NULL,NULL,NULL,NULL,0,0,NULL,NULL,NULL,NULL,NULL,NULL,0,NULL,NULL,NULL,NULL,NULL,NULL,NULL,NULL,NULL,NULL,NULL,NULL,NULL,NULL,NULL,NULL,NULL,NULL,NULL,NULL,NULL,NULL,0,NULL,0,NULL,NULL,NULL,0,NULL,NULL,NULL,NULL,NULL,0,'2014-07-29 14:42:40','2014-07-29 14:42:40','7916351d-d065-415b-ba72-0c1517309a6d'),
	(100,79,'es',NULL,NULL,NULL,NULL,NULL,NULL,NULL,NULL,NULL,NULL,0,NULL,NULL,NULL,NULL,NULL,NULL,NULL,NULL,NULL,NULL,NULL,NULL,NULL,0,0,NULL,NULL,NULL,NULL,NULL,NULL,0,NULL,NULL,NULL,NULL,NULL,NULL,NULL,NULL,NULL,NULL,NULL,NULL,NULL,NULL,NULL,NULL,NULL,NULL,NULL,NULL,NULL,NULL,0,NULL,0,NULL,NULL,NULL,0,NULL,NULL,NULL,NULL,NULL,0,'2014-07-29 14:42:40','2014-07-29 14:42:40','8ca32a22-d087-4ce6-8f3e-50640f7df2a0'),
	(101,80,'en_us','o-SEA-TURTLE-DOCUMENTARY-facebook',NULL,NULL,NULL,NULL,NULL,NULL,NULL,NULL,NULL,0,NULL,NULL,NULL,NULL,NULL,NULL,NULL,NULL,NULL,NULL,NULL,NULL,NULL,0,0,NULL,NULL,NULL,NULL,NULL,NULL,0,NULL,NULL,NULL,NULL,NULL,NULL,NULL,NULL,NULL,NULL,NULL,NULL,NULL,NULL,NULL,NULL,NULL,NULL,NULL,NULL,NULL,NULL,0,NULL,0,NULL,NULL,NULL,0,NULL,NULL,NULL,NULL,NULL,0,'2014-07-29 14:45:14','2014-07-29 14:45:14','1ed56785-27ab-4361-804a-9ddce23d47f9'),
	(102,80,'es','o-SEA-TURTLE-DOCUMENTARY-facebook',NULL,NULL,NULL,NULL,NULL,NULL,NULL,NULL,NULL,0,NULL,NULL,NULL,NULL,NULL,NULL,NULL,NULL,NULL,NULL,NULL,NULL,NULL,0,0,NULL,NULL,NULL,NULL,NULL,NULL,0,NULL,NULL,NULL,NULL,NULL,NULL,NULL,NULL,NULL,NULL,NULL,NULL,NULL,NULL,NULL,NULL,NULL,NULL,NULL,NULL,NULL,NULL,0,NULL,0,NULL,NULL,NULL,0,NULL,NULL,NULL,NULL,NULL,0,'2014-07-29 14:45:14','2014-07-29 14:45:14','526f11d6-1c26-451f-846d-009fd2711112'),
	(103,81,'en_us','tlt-threat-fishing2x',NULL,NULL,NULL,NULL,NULL,NULL,NULL,NULL,NULL,0,NULL,NULL,NULL,NULL,NULL,NULL,NULL,NULL,NULL,NULL,NULL,NULL,NULL,0,0,NULL,NULL,NULL,NULL,NULL,NULL,0,NULL,NULL,NULL,NULL,NULL,NULL,NULL,NULL,NULL,NULL,NULL,NULL,NULL,NULL,NULL,NULL,NULL,NULL,NULL,NULL,NULL,NULL,0,NULL,0,NULL,NULL,NULL,0,NULL,NULL,NULL,NULL,NULL,0,'2014-07-29 14:56:03','2014-07-29 14:56:03','b1748bd9-e4eb-4c0b-8f7c-e5f5db4852ca'),
	(104,81,'es','tlt-threat-fishing2x',NULL,NULL,NULL,NULL,NULL,NULL,NULL,NULL,NULL,0,NULL,NULL,NULL,NULL,NULL,NULL,NULL,NULL,NULL,NULL,NULL,NULL,NULL,0,0,NULL,NULL,NULL,NULL,NULL,NULL,0,NULL,NULL,NULL,NULL,NULL,NULL,NULL,NULL,NULL,NULL,NULL,NULL,NULL,NULL,NULL,NULL,NULL,NULL,NULL,NULL,NULL,NULL,0,NULL,0,NULL,NULL,NULL,0,NULL,NULL,NULL,NULL,NULL,0,'2014-07-29 14:56:03','2014-07-29 14:56:03','499c9bbf-59c8-4ee3-9541-c26b170d2ba5'),
	(105,82,'en_us','Fishing',NULL,NULL,NULL,NULL,NULL,NULL,NULL,NULL,NULL,0,NULL,NULL,NULL,NULL,NULL,NULL,NULL,NULL,NULL,'Fishing','<p>Nunc sed felis ut elit adipiscing ultrices sit amet vel arcu. Fusce tellus lectus, rhoncus vel tortor id, bibendum molestie mi. Donec convallis sagittis feli.</p>',NULL,NULL,0,0,NULL,NULL,NULL,NULL,NULL,NULL,0,NULL,NULL,NULL,NULL,NULL,NULL,NULL,NULL,NULL,NULL,NULL,NULL,NULL,NULL,NULL,NULL,NULL,NULL,NULL,NULL,NULL,NULL,0,NULL,0,NULL,NULL,NULL,0,NULL,NULL,NULL,NULL,NULL,0,'2014-07-29 14:56:24','2014-08-07 14:53:26','bd917ff9-54e0-459e-96e3-2ee37da03f26'),
	(106,82,'es','Pesca',NULL,NULL,NULL,NULL,NULL,NULL,NULL,NULL,NULL,0,NULL,NULL,NULL,NULL,NULL,NULL,NULL,NULL,NULL,'Pesca','<p>Nunc sed felis ut elit adipiscing ultrices sit amet vel arcu. Fusce tellus lectus, rhoncus vel tortor id, bibendum molestie mi. Donec convallis sagittis feli.</p>',NULL,NULL,0,0,NULL,NULL,NULL,NULL,NULL,NULL,0,NULL,NULL,NULL,NULL,NULL,NULL,NULL,NULL,NULL,NULL,NULL,NULL,NULL,NULL,NULL,NULL,NULL,NULL,NULL,NULL,NULL,NULL,0,NULL,0,NULL,NULL,NULL,0,NULL,NULL,NULL,NULL,NULL,0,'2014-07-29 14:56:24','2014-08-07 15:27:45','a60c46e6-f52f-4ddd-badb-2a28fbfb8c49'),
	(107,85,'en_us','tlt-threat-development2x',NULL,NULL,NULL,NULL,NULL,NULL,NULL,NULL,NULL,0,NULL,NULL,NULL,NULL,'Drawing of buildings encroaching on the water\'s edge',NULL,NULL,NULL,NULL,NULL,NULL,NULL,NULL,0,0,NULL,NULL,NULL,NULL,NULL,NULL,0,NULL,NULL,NULL,NULL,NULL,NULL,NULL,NULL,NULL,NULL,NULL,NULL,NULL,NULL,NULL,NULL,NULL,NULL,NULL,NULL,NULL,NULL,0,NULL,0,NULL,NULL,NULL,0,NULL,NULL,NULL,NULL,NULL,0,'2014-07-29 15:01:10','2014-07-29 15:01:50','a74ea3b5-39ea-4edc-8492-dea2c7040c06'),
	(108,85,'es','tlt-threat-development2x',NULL,NULL,NULL,NULL,NULL,NULL,NULL,NULL,NULL,0,NULL,NULL,NULL,NULL,NULL,NULL,NULL,NULL,NULL,NULL,NULL,NULL,NULL,0,0,NULL,NULL,NULL,NULL,NULL,NULL,0,NULL,NULL,NULL,NULL,NULL,NULL,NULL,NULL,NULL,NULL,NULL,NULL,NULL,NULL,NULL,NULL,NULL,NULL,NULL,NULL,NULL,NULL,0,NULL,0,NULL,NULL,NULL,0,NULL,NULL,NULL,NULL,NULL,0,'2014-07-29 15:01:10','2014-07-29 15:01:10','5415b100-925d-4ce8-bee2-387cfa5c946a'),
	(109,87,'en_us',NULL,NULL,NULL,NULL,NULL,NULL,NULL,NULL,NULL,NULL,0,NULL,NULL,NULL,NULL,NULL,NULL,NULL,NULL,NULL,NULL,NULL,NULL,NULL,0,0,NULL,NULL,NULL,NULL,NULL,NULL,0,NULL,NULL,NULL,NULL,NULL,NULL,NULL,NULL,NULL,NULL,NULL,NULL,NULL,NULL,NULL,NULL,NULL,NULL,NULL,NULL,NULL,NULL,0,NULL,0,NULL,NULL,NULL,0,NULL,NULL,NULL,NULL,NULL,0,'2014-07-29 20:54:20','2014-07-29 20:54:20','46404e29-12b2-41b1-bc2f-953158cf3890'),
	(110,87,'es',NULL,NULL,NULL,NULL,NULL,NULL,NULL,NULL,NULL,NULL,0,NULL,NULL,NULL,NULL,NULL,NULL,NULL,NULL,NULL,NULL,NULL,NULL,NULL,0,0,NULL,NULL,NULL,NULL,NULL,NULL,0,NULL,NULL,NULL,NULL,NULL,NULL,NULL,NULL,NULL,NULL,NULL,NULL,NULL,NULL,NULL,NULL,NULL,NULL,NULL,NULL,NULL,NULL,0,NULL,0,NULL,NULL,NULL,0,NULL,NULL,NULL,NULL,NULL,0,'2014-07-29 20:54:20','2014-07-29 20:54:20','b8dafc3b-0184-44bb-a44c-c871809141d7'),
	(111,91,'en_us','tlt-threat-climatchange',NULL,NULL,NULL,NULL,NULL,NULL,NULL,NULL,NULL,0,NULL,NULL,NULL,NULL,'Climate change icon',NULL,NULL,NULL,NULL,NULL,NULL,NULL,NULL,0,0,NULL,NULL,NULL,NULL,NULL,NULL,0,NULL,NULL,NULL,NULL,NULL,NULL,NULL,NULL,NULL,NULL,NULL,NULL,NULL,NULL,NULL,NULL,NULL,NULL,NULL,NULL,NULL,NULL,0,NULL,0,NULL,NULL,NULL,0,NULL,NULL,NULL,NULL,NULL,0,'2014-07-31 15:42:27','2014-07-31 15:44:39','2a351570-0e8b-4333-bcea-cc932e0e6d8d'),
	(112,91,'es','tlt-threat-climatchange',NULL,NULL,NULL,NULL,NULL,NULL,NULL,NULL,NULL,0,NULL,NULL,NULL,NULL,NULL,NULL,NULL,NULL,NULL,NULL,NULL,NULL,NULL,0,0,NULL,NULL,NULL,NULL,NULL,NULL,0,NULL,NULL,NULL,NULL,NULL,NULL,NULL,NULL,NULL,NULL,NULL,NULL,NULL,NULL,NULL,NULL,NULL,NULL,NULL,NULL,NULL,NULL,0,NULL,0,NULL,NULL,NULL,0,NULL,NULL,NULL,NULL,NULL,0,'2014-07-31 15:42:27','2014-07-31 15:42:27','7ae6ae06-0351-458c-a17d-c6808c9b9b84'),
	(115,93,'en_us','tlt-threat-fishing',NULL,NULL,NULL,NULL,NULL,NULL,NULL,NULL,NULL,0,NULL,NULL,NULL,NULL,'Fishing icon',NULL,NULL,NULL,NULL,NULL,NULL,NULL,NULL,0,0,NULL,NULL,NULL,NULL,NULL,NULL,0,NULL,NULL,NULL,NULL,NULL,NULL,NULL,NULL,NULL,NULL,NULL,NULL,NULL,NULL,NULL,NULL,NULL,NULL,NULL,NULL,NULL,NULL,0,NULL,0,NULL,NULL,NULL,0,NULL,NULL,NULL,NULL,NULL,0,'2014-07-31 15:42:28','2014-07-31 15:44:21','93bea55f-94b1-4271-bceb-b3bd4307848f'),
	(116,93,'es','tlt-threat-fishing',NULL,NULL,NULL,NULL,NULL,NULL,NULL,NULL,NULL,0,NULL,NULL,NULL,NULL,NULL,NULL,NULL,NULL,NULL,NULL,NULL,NULL,NULL,0,0,NULL,NULL,NULL,NULL,NULL,NULL,0,NULL,NULL,NULL,NULL,NULL,NULL,NULL,NULL,NULL,NULL,NULL,NULL,NULL,NULL,NULL,NULL,NULL,NULL,NULL,NULL,NULL,NULL,0,NULL,0,NULL,NULL,NULL,0,NULL,NULL,NULL,NULL,NULL,0,'2014-07-31 15:42:28','2014-07-31 15:42:28','4352fe13-d9d6-491b-af1b-e9ab2e389dc4'),
	(117,94,'en_us','tlt-threat-nestdisturbance',NULL,NULL,NULL,NULL,NULL,NULL,NULL,NULL,NULL,0,NULL,NULL,NULL,NULL,'Nest disturbance icon',NULL,NULL,NULL,NULL,NULL,NULL,NULL,NULL,0,0,NULL,NULL,NULL,NULL,NULL,NULL,0,NULL,NULL,NULL,NULL,NULL,NULL,NULL,NULL,NULL,NULL,NULL,NULL,NULL,NULL,NULL,NULL,NULL,NULL,NULL,NULL,NULL,NULL,0,NULL,0,NULL,NULL,NULL,0,NULL,NULL,NULL,NULL,NULL,0,'2014-07-31 15:42:29','2014-07-31 15:58:54','e5ac761b-ef7f-43dd-b876-9a56407dabc7'),
	(118,94,'es','tlt-threat-poaching',NULL,NULL,NULL,NULL,NULL,NULL,NULL,NULL,NULL,0,NULL,NULL,NULL,NULL,NULL,NULL,NULL,NULL,NULL,NULL,NULL,NULL,NULL,0,0,NULL,NULL,NULL,NULL,NULL,NULL,0,NULL,NULL,NULL,NULL,NULL,NULL,NULL,NULL,NULL,NULL,NULL,NULL,NULL,NULL,NULL,NULL,NULL,NULL,NULL,NULL,NULL,NULL,0,NULL,0,NULL,NULL,NULL,0,NULL,NULL,NULL,NULL,NULL,0,'2014-07-31 15:42:29','2014-07-31 15:42:29','46b258a8-c20e-4812-9281-0270268a6adf'),
	(119,95,'en_us','tlt-threat-pollution',NULL,NULL,NULL,NULL,NULL,NULL,NULL,NULL,NULL,0,NULL,NULL,NULL,NULL,'Pollution icon',NULL,NULL,NULL,NULL,NULL,NULL,NULL,NULL,0,0,NULL,NULL,NULL,NULL,NULL,NULL,0,NULL,NULL,NULL,NULL,NULL,NULL,NULL,NULL,NULL,NULL,NULL,NULL,NULL,NULL,NULL,NULL,NULL,NULL,NULL,NULL,NULL,NULL,0,NULL,0,NULL,NULL,NULL,0,NULL,NULL,NULL,NULL,NULL,0,'2014-07-31 15:42:29','2014-07-31 16:18:24','b2cc2dc1-eab9-4461-9ff2-b21dbc47a57b'),
	(120,95,'es','tlt-threat-pollution',NULL,NULL,NULL,NULL,NULL,NULL,NULL,NULL,NULL,0,NULL,NULL,NULL,NULL,NULL,NULL,NULL,NULL,NULL,NULL,NULL,NULL,NULL,0,0,NULL,NULL,NULL,NULL,NULL,NULL,0,NULL,NULL,NULL,NULL,NULL,NULL,NULL,NULL,NULL,NULL,NULL,NULL,NULL,NULL,NULL,NULL,NULL,NULL,NULL,NULL,NULL,NULL,0,NULL,0,NULL,NULL,NULL,0,NULL,NULL,NULL,NULL,NULL,0,'2014-07-31 15:42:30','2014-07-31 15:42:30','1225d88a-e54b-4885-87e3-3cf7fe1b96b9'),
	(121,96,'en_us','Nest disturbance',NULL,NULL,NULL,NULL,NULL,NULL,NULL,NULL,NULL,0,NULL,NULL,NULL,NULL,NULL,NULL,NULL,NULL,NULL,'Nest disturbance','<p>Nunc sed felis ut elit adipiscing ultrices sit amet vel arcu. Fusce tellus lectus, rhoncus vel tortor id, bibendum molestie mi. Donec convallis sagittis feli.</p>',NULL,NULL,0,0,NULL,NULL,NULL,NULL,NULL,NULL,0,NULL,NULL,NULL,NULL,NULL,NULL,NULL,NULL,NULL,NULL,NULL,NULL,NULL,NULL,NULL,NULL,NULL,NULL,NULL,NULL,NULL,NULL,0,NULL,0,NULL,NULL,NULL,0,NULL,NULL,NULL,NULL,NULL,0,'2014-07-31 15:58:26','2014-08-07 14:53:26','82a71c1f-2f78-473d-9023-61ae03c4f4e1'),
	(122,96,'es','Perturbación nido',NULL,NULL,NULL,NULL,NULL,NULL,NULL,NULL,NULL,0,NULL,NULL,NULL,NULL,NULL,NULL,NULL,NULL,NULL,'Perturbación nido','<p>Nunc sed felis ut elit adipiscing ultrices sit amet vel arcu. Fusce tellus lectus, rhoncus vel tortor id, bibendum molestie mi. Donec convallis sagittis feli.</p>',NULL,NULL,0,0,NULL,NULL,NULL,NULL,NULL,NULL,0,NULL,NULL,NULL,NULL,NULL,NULL,NULL,NULL,NULL,NULL,NULL,NULL,NULL,NULL,NULL,NULL,NULL,NULL,NULL,NULL,NULL,NULL,0,NULL,0,NULL,NULL,NULL,0,NULL,NULL,NULL,NULL,NULL,0,'2014-07-31 15:58:27','2014-08-07 15:28:20','4a2b20c9-1384-4aa1-8ec1-93201bb746f1'),
	(123,99,'en_us','Pollution',NULL,NULL,NULL,NULL,NULL,NULL,NULL,NULL,NULL,0,NULL,NULL,NULL,NULL,NULL,NULL,NULL,NULL,NULL,'Pollution','<p>Nunc sed felis ut elit adipiscing ultrices sit amet vel arcu. Fusce tellus lectus, rhoncus vel tortor id, bibendum molestie mi. Donec convallis sagittis feli.</p>',NULL,NULL,0,0,NULL,NULL,NULL,NULL,NULL,NULL,0,NULL,NULL,NULL,NULL,NULL,NULL,NULL,NULL,NULL,NULL,NULL,NULL,NULL,NULL,NULL,NULL,NULL,NULL,NULL,NULL,NULL,NULL,0,NULL,0,NULL,NULL,NULL,0,NULL,NULL,NULL,NULL,NULL,0,'2014-07-31 16:09:33','2014-08-07 14:53:26','e2b092a8-a2f6-4252-b23c-eb3cece9bbf9'),
	(124,99,'es','Polución',NULL,NULL,NULL,NULL,NULL,NULL,NULL,NULL,NULL,0,NULL,NULL,NULL,NULL,NULL,NULL,NULL,NULL,NULL,'Polución','<p>Nunc sed felis ut elit adipiscing ultrices sit amet vel arcu. Fusce tellus lectus, rhoncus vel tortor id, bibendum molestie mi. Donec convallis sagittis feli.</p>',NULL,NULL,0,0,NULL,NULL,NULL,NULL,NULL,NULL,0,NULL,NULL,NULL,NULL,NULL,NULL,NULL,NULL,NULL,NULL,NULL,NULL,NULL,NULL,NULL,NULL,NULL,NULL,NULL,NULL,NULL,NULL,0,NULL,0,NULL,NULL,NULL,0,NULL,NULL,NULL,NULL,NULL,0,'2014-07-31 16:09:33','2014-08-07 15:27:29','6d8011e3-3a15-445c-883b-1ee67c1de4e8'),
	(125,102,'en_us','Climate change',NULL,NULL,NULL,NULL,NULL,NULL,NULL,NULL,NULL,0,NULL,NULL,NULL,NULL,NULL,NULL,NULL,NULL,NULL,'Climate change','<p>Nunc sed felis ut elit adipiscing ultrices sit amet vel arcu. Fusce tellus lectus, rhoncus vel tortor id, bibendum molestie mi. Donec convallis sagittis feli.</p>',NULL,NULL,0,0,NULL,NULL,NULL,NULL,NULL,NULL,0,NULL,NULL,NULL,NULL,NULL,NULL,NULL,NULL,NULL,NULL,NULL,NULL,NULL,NULL,NULL,NULL,NULL,NULL,NULL,NULL,NULL,NULL,0,NULL,0,NULL,NULL,NULL,0,NULL,NULL,NULL,NULL,NULL,0,'2014-07-31 16:12:30','2014-08-07 14:53:26','9193c088-8510-46c4-9db6-8a24166dbe1e'),
	(126,102,'es','El cambio climático',NULL,NULL,NULL,NULL,NULL,NULL,NULL,NULL,NULL,0,NULL,NULL,NULL,NULL,NULL,NULL,NULL,NULL,NULL,'El cambio climático','<p>Nunc sed felis ut elit adipiscing ultrices sit amet vel arcu. Fusce tellus lectus, rhoncus vel tortor id, bibendum molestie mi. Donec convallis sagittis feli.</p>',NULL,NULL,0,0,NULL,NULL,NULL,NULL,NULL,NULL,0,NULL,NULL,NULL,NULL,NULL,NULL,NULL,NULL,NULL,NULL,NULL,NULL,NULL,NULL,NULL,NULL,NULL,NULL,NULL,NULL,NULL,NULL,0,NULL,0,NULL,NULL,NULL,0,NULL,NULL,NULL,NULL,NULL,0,'2014-07-31 16:12:30','2014-08-07 15:28:44','78c98586-2418-42c6-8cc9-022cbcec33f3'),
	(127,105,'en_us','High',NULL,NULL,NULL,NULL,NULL,NULL,NULL,NULL,NULL,0,NULL,NULL,NULL,NULL,NULL,NULL,NULL,NULL,NULL,NULL,NULL,NULL,NULL,0,0,NULL,NULL,NULL,NULL,NULL,NULL,0,NULL,NULL,NULL,NULL,NULL,NULL,NULL,NULL,NULL,NULL,NULL,NULL,NULL,NULL,NULL,NULL,NULL,NULL,NULL,NULL,NULL,NULL,0,NULL,0,NULL,NULL,NULL,0,NULL,NULL,NULL,NULL,NULL,0,'2014-08-05 13:36:44','2014-08-05 13:36:44','35cf7626-a72e-41b7-a5fd-649fb6cc72c7'),
	(128,105,'es','High',NULL,NULL,NULL,NULL,NULL,NULL,NULL,NULL,NULL,0,NULL,NULL,NULL,NULL,NULL,NULL,NULL,NULL,NULL,NULL,NULL,NULL,NULL,0,0,NULL,NULL,NULL,NULL,NULL,NULL,0,NULL,NULL,NULL,NULL,NULL,NULL,NULL,NULL,NULL,NULL,NULL,NULL,NULL,NULL,NULL,NULL,NULL,NULL,NULL,NULL,NULL,NULL,0,NULL,0,NULL,NULL,NULL,0,NULL,NULL,NULL,NULL,NULL,0,'2014-08-05 13:36:44','2014-08-05 13:36:44','9b97e5b3-8a24-43d2-97dd-1f2c7b831461'),
	(129,106,'en_us','Medium',NULL,NULL,NULL,NULL,NULL,NULL,NULL,NULL,NULL,0,NULL,NULL,NULL,NULL,NULL,NULL,NULL,NULL,NULL,NULL,NULL,NULL,NULL,0,0,NULL,NULL,NULL,NULL,NULL,NULL,0,NULL,NULL,NULL,NULL,NULL,NULL,NULL,NULL,NULL,NULL,NULL,NULL,NULL,NULL,NULL,NULL,NULL,NULL,NULL,NULL,NULL,NULL,0,NULL,0,NULL,NULL,NULL,0,NULL,NULL,NULL,NULL,NULL,0,'2014-08-05 13:36:46','2014-08-05 13:36:46','aac2a20e-9c3c-42d8-a48a-9ddb5551747a'),
	(130,106,'es','Medium',NULL,NULL,NULL,NULL,NULL,NULL,NULL,NULL,NULL,0,NULL,NULL,NULL,NULL,NULL,NULL,NULL,NULL,NULL,NULL,NULL,NULL,NULL,0,0,NULL,NULL,NULL,NULL,NULL,NULL,0,NULL,NULL,NULL,NULL,NULL,NULL,NULL,NULL,NULL,NULL,NULL,NULL,NULL,NULL,NULL,NULL,NULL,NULL,NULL,NULL,NULL,NULL,0,NULL,0,NULL,NULL,NULL,0,NULL,NULL,NULL,NULL,NULL,0,'2014-08-05 13:36:46','2014-08-05 13:36:46','64937f23-9b5c-488d-af49-42255a9264f1'),
	(131,107,'en_us','Low',NULL,NULL,NULL,NULL,NULL,NULL,NULL,NULL,NULL,0,NULL,NULL,NULL,NULL,NULL,NULL,NULL,NULL,NULL,NULL,NULL,NULL,NULL,0,0,NULL,NULL,NULL,NULL,NULL,NULL,0,NULL,NULL,NULL,NULL,NULL,NULL,NULL,NULL,NULL,NULL,NULL,NULL,NULL,NULL,NULL,NULL,NULL,NULL,NULL,NULL,NULL,NULL,0,NULL,0,NULL,NULL,NULL,0,NULL,NULL,NULL,NULL,NULL,0,'2014-08-05 13:36:48','2014-08-05 13:36:48','8ccef5a6-ae0f-4c66-9c82-6b61ba1911db'),
	(132,107,'es','Low',NULL,NULL,NULL,NULL,NULL,NULL,NULL,NULL,NULL,0,NULL,NULL,NULL,NULL,NULL,NULL,NULL,NULL,NULL,NULL,NULL,NULL,NULL,0,0,NULL,NULL,NULL,NULL,NULL,NULL,0,NULL,NULL,NULL,NULL,NULL,NULL,NULL,NULL,NULL,NULL,NULL,NULL,NULL,NULL,NULL,NULL,NULL,NULL,NULL,NULL,NULL,NULL,0,NULL,0,NULL,NULL,NULL,0,NULL,NULL,NULL,NULL,NULL,0,'2014-08-05 13:36:48','2014-08-05 13:36:48','d35c8242-5a08-410e-9159-6e1e3a6d0f9c'),
	(133,108,'en_us','High',NULL,NULL,NULL,NULL,NULL,NULL,NULL,NULL,NULL,0,NULL,NULL,NULL,NULL,NULL,NULL,NULL,NULL,NULL,NULL,NULL,NULL,NULL,0,0,NULL,NULL,NULL,NULL,NULL,NULL,0,NULL,NULL,NULL,NULL,NULL,NULL,NULL,NULL,NULL,NULL,NULL,NULL,NULL,NULL,NULL,NULL,NULL,NULL,NULL,NULL,NULL,NULL,0,NULL,0,NULL,NULL,NULL,0,NULL,NULL,NULL,NULL,NULL,0,'2014-08-05 13:37:04','2014-08-05 13:37:04','5e895e21-d560-48b9-bc14-9d013521205d'),
	(134,108,'es','High',NULL,NULL,NULL,NULL,NULL,NULL,NULL,NULL,NULL,0,NULL,NULL,NULL,NULL,NULL,NULL,NULL,NULL,NULL,NULL,NULL,NULL,NULL,0,0,NULL,NULL,NULL,NULL,NULL,NULL,0,NULL,NULL,NULL,NULL,NULL,NULL,NULL,NULL,NULL,NULL,NULL,NULL,NULL,NULL,NULL,NULL,NULL,NULL,NULL,NULL,NULL,NULL,0,NULL,0,NULL,NULL,NULL,0,NULL,NULL,NULL,NULL,NULL,0,'2014-08-05 13:37:04','2014-08-05 13:37:04','ec35d7f1-4f30-4980-98ae-ac356f7372d4'),
	(135,109,'en_us','Medium',NULL,NULL,NULL,NULL,NULL,NULL,NULL,NULL,NULL,0,NULL,NULL,NULL,NULL,NULL,NULL,NULL,NULL,NULL,NULL,NULL,NULL,NULL,0,0,NULL,NULL,NULL,NULL,NULL,NULL,0,NULL,NULL,NULL,NULL,NULL,NULL,NULL,NULL,NULL,NULL,NULL,NULL,NULL,NULL,NULL,NULL,NULL,NULL,NULL,NULL,NULL,NULL,0,NULL,0,NULL,NULL,NULL,0,NULL,NULL,NULL,NULL,NULL,0,'2014-08-05 13:37:06','2014-08-05 13:37:06','37cbc206-0527-4ca4-b7e1-e9a2937ab6b6'),
	(136,109,'es','Medium',NULL,NULL,NULL,NULL,NULL,NULL,NULL,NULL,NULL,0,NULL,NULL,NULL,NULL,NULL,NULL,NULL,NULL,NULL,NULL,NULL,NULL,NULL,0,0,NULL,NULL,NULL,NULL,NULL,NULL,0,NULL,NULL,NULL,NULL,NULL,NULL,NULL,NULL,NULL,NULL,NULL,NULL,NULL,NULL,NULL,NULL,NULL,NULL,NULL,NULL,NULL,NULL,0,NULL,0,NULL,NULL,NULL,0,NULL,NULL,NULL,NULL,NULL,0,'2014-08-05 13:37:06','2014-08-05 13:37:06','56608498-c10a-4034-bb5a-86da0f9b30e4'),
	(137,110,'en_us','Low',NULL,NULL,NULL,NULL,NULL,NULL,NULL,NULL,NULL,0,NULL,NULL,NULL,NULL,NULL,NULL,NULL,NULL,NULL,NULL,NULL,NULL,NULL,0,0,NULL,NULL,NULL,NULL,NULL,NULL,0,NULL,NULL,NULL,NULL,NULL,NULL,NULL,NULL,NULL,NULL,NULL,NULL,NULL,NULL,NULL,NULL,NULL,NULL,NULL,NULL,NULL,NULL,0,NULL,0,NULL,NULL,NULL,0,NULL,NULL,NULL,NULL,NULL,0,'2014-08-05 13:37:07','2014-08-05 13:37:07','b006c492-2cb5-40df-b892-100db7859322'),
	(138,110,'es','Low',NULL,NULL,NULL,NULL,NULL,NULL,NULL,NULL,NULL,0,NULL,NULL,NULL,NULL,NULL,NULL,NULL,NULL,NULL,NULL,NULL,NULL,NULL,0,0,NULL,NULL,NULL,NULL,NULL,NULL,0,NULL,NULL,NULL,NULL,NULL,NULL,NULL,NULL,NULL,NULL,NULL,NULL,NULL,NULL,NULL,NULL,NULL,NULL,NULL,NULL,NULL,NULL,0,NULL,0,NULL,NULL,NULL,0,NULL,NULL,NULL,NULL,NULL,0,'2014-08-05 13:37:07','2014-08-05 13:37:07','3eecd154-5b46-4128-935a-2a73e87bc293'),
	(139,111,'en_us','Board of Advisors',NULL,NULL,NULL,NULL,NULL,NULL,NULL,NULL,NULL,0,NULL,NULL,NULL,NULL,NULL,NULL,NULL,NULL,NULL,NULL,NULL,NULL,NULL,0,0,NULL,NULL,NULL,NULL,NULL,NULL,0,NULL,NULL,NULL,NULL,NULL,NULL,NULL,NULL,NULL,NULL,NULL,NULL,NULL,NULL,NULL,NULL,NULL,NULL,NULL,NULL,NULL,NULL,0,NULL,0,NULL,NULL,NULL,0,NULL,NULL,NULL,NULL,NULL,0,'2014-08-05 13:37:58','2014-08-05 13:37:58','f564f04d-e832-4d07-a75f-1b84595bd0d7'),
	(140,111,'es','Board of Advisors',NULL,NULL,NULL,NULL,NULL,NULL,NULL,NULL,NULL,0,NULL,NULL,NULL,NULL,NULL,NULL,NULL,NULL,NULL,NULL,NULL,NULL,NULL,0,0,NULL,NULL,NULL,NULL,NULL,NULL,0,NULL,NULL,NULL,NULL,NULL,NULL,NULL,NULL,NULL,NULL,NULL,NULL,NULL,NULL,NULL,NULL,NULL,NULL,NULL,NULL,NULL,NULL,0,NULL,0,NULL,NULL,NULL,0,NULL,NULL,NULL,NULL,NULL,0,'2014-08-05 13:37:58','2014-08-05 13:37:58','827be8da-064b-4229-a081-37a826c93ea8'),
	(141,112,'en_us','Adam-Snetman',NULL,NULL,NULL,NULL,NULL,NULL,NULL,NULL,NULL,0,NULL,NULL,NULL,NULL,NULL,NULL,NULL,NULL,NULL,NULL,NULL,NULL,NULL,0,0,NULL,NULL,NULL,'Job title here','Board Vice President','',0,NULL,NULL,NULL,NULL,NULL,NULL,NULL,NULL,NULL,NULL,NULL,NULL,NULL,'Adam','Snetman',NULL,'',NULL,NULL,NULL,NULL,NULL,0,NULL,0,NULL,NULL,NULL,0,NULL,NULL,NULL,NULL,NULL,0,'2014-08-05 13:40:17','2014-08-05 19:55:57','de2a9f4b-df4e-4115-a485-fb6a439f34ab'),
	(142,112,'es','Adam Snetman',NULL,NULL,NULL,NULL,NULL,NULL,NULL,NULL,NULL,0,NULL,NULL,NULL,NULL,NULL,NULL,NULL,NULL,NULL,NULL,NULL,NULL,NULL,0,0,NULL,NULL,NULL,'Job title here','','Brandeis University',0,NULL,NULL,NULL,NULL,NULL,NULL,NULL,NULL,NULL,NULL,NULL,NULL,NULL,'Adam','Snetman',NULL,NULL,NULL,NULL,NULL,NULL,NULL,0,NULL,0,NULL,NULL,NULL,0,NULL,NULL,NULL,NULL,NULL,0,'2014-08-05 13:40:17','2014-08-05 19:55:57','adab9f0f-0a58-4cc1-ba34-ab77d65db548'),
	(143,113,'en_us','henry-rollins',NULL,NULL,NULL,NULL,NULL,NULL,NULL,NULL,NULL,0,NULL,NULL,NULL,NULL,NULL,NULL,NULL,NULL,NULL,NULL,NULL,NULL,NULL,0,0,NULL,NULL,NULL,NULL,NULL,NULL,0,NULL,NULL,NULL,NULL,NULL,NULL,NULL,NULL,NULL,NULL,NULL,NULL,NULL,NULL,NULL,NULL,NULL,NULL,NULL,NULL,NULL,NULL,0,NULL,0,NULL,NULL,NULL,0,NULL,NULL,NULL,NULL,NULL,0,'2014-08-05 13:49:52','2014-08-05 13:49:52','7731b82c-6d08-48b3-a63d-4096ea7dd350'),
	(144,113,'es','henry-rollins',NULL,NULL,NULL,NULL,NULL,NULL,NULL,NULL,NULL,0,NULL,NULL,NULL,NULL,NULL,NULL,NULL,NULL,NULL,NULL,NULL,NULL,NULL,0,0,NULL,NULL,NULL,NULL,NULL,NULL,0,NULL,NULL,NULL,NULL,NULL,NULL,NULL,NULL,NULL,NULL,NULL,NULL,NULL,NULL,NULL,NULL,NULL,NULL,NULL,NULL,NULL,NULL,0,NULL,0,NULL,NULL,NULL,0,NULL,NULL,NULL,NULL,NULL,0,'2014-08-05 13:49:52','2014-08-05 13:49:52','9958916b-4854-493a-8ed2-b6a34cecd1c9'),
	(145,114,'en_us','Henry-Rollins',NULL,NULL,NULL,NULL,NULL,NULL,NULL,NULL,NULL,0,NULL,NULL,NULL,NULL,NULL,NULL,NULL,NULL,NULL,NULL,NULL,NULL,NULL,0,0,NULL,NULL,NULL,'','Board president','',0,NULL,NULL,NULL,NULL,NULL,NULL,NULL,NULL,NULL,NULL,NULL,NULL,NULL,'Henry','Rollins',NULL,'',NULL,NULL,NULL,NULL,NULL,0,NULL,0,NULL,NULL,NULL,0,NULL,NULL,NULL,NULL,NULL,0,'2014-08-05 13:50:02','2014-08-05 14:50:12','7942106f-c834-4d76-9de8-14144d3008ca'),
	(146,114,'es','Henry Rollins',NULL,NULL,NULL,NULL,NULL,NULL,NULL,NULL,NULL,0,NULL,NULL,NULL,NULL,NULL,NULL,NULL,NULL,NULL,NULL,NULL,NULL,NULL,0,0,NULL,NULL,NULL,'Lead Singer','Board member','The Rollins Band',0,NULL,NULL,NULL,NULL,NULL,NULL,NULL,NULL,NULL,NULL,NULL,NULL,NULL,'Henry','Rollins',NULL,NULL,NULL,NULL,NULL,NULL,NULL,0,NULL,0,NULL,NULL,NULL,0,NULL,NULL,NULL,NULL,NULL,0,'2014-08-05 13:50:02','2014-08-05 14:50:12','48a920e1-af44-430d-b54b-9610df7f0e1d'),
	(147,115,'en_us','kristin-wiig',NULL,NULL,NULL,NULL,NULL,NULL,NULL,NULL,NULL,0,NULL,NULL,NULL,NULL,NULL,NULL,NULL,NULL,NULL,NULL,NULL,NULL,NULL,0,0,NULL,NULL,NULL,NULL,NULL,NULL,0,NULL,NULL,NULL,NULL,NULL,NULL,NULL,NULL,NULL,NULL,NULL,NULL,NULL,NULL,NULL,NULL,NULL,NULL,NULL,NULL,NULL,NULL,0,NULL,0,NULL,NULL,NULL,0,NULL,NULL,NULL,NULL,NULL,0,'2014-08-05 14:53:04','2014-08-05 14:53:04','321aba44-3945-45f3-9aeb-ec70ac10383d'),
	(148,115,'es','kristin-wiig',NULL,NULL,NULL,NULL,NULL,NULL,NULL,NULL,NULL,0,NULL,NULL,NULL,NULL,NULL,NULL,NULL,NULL,NULL,NULL,NULL,NULL,NULL,0,0,NULL,NULL,NULL,NULL,NULL,NULL,0,NULL,NULL,NULL,NULL,NULL,NULL,NULL,NULL,NULL,NULL,NULL,NULL,NULL,NULL,NULL,NULL,NULL,NULL,NULL,NULL,NULL,NULL,0,NULL,0,NULL,NULL,NULL,0,NULL,NULL,NULL,NULL,NULL,0,'2014-08-05 14:53:04','2014-08-05 14:53:04','87b9dcdc-cce7-422d-a693-b05d8dcc7879'),
	(149,116,'en_us','Kristin-Wiig',NULL,NULL,NULL,NULL,NULL,NULL,NULL,NULL,NULL,0,NULL,NULL,NULL,NULL,NULL,NULL,NULL,NULL,NULL,NULL,NULL,NULL,NULL,0,0,NULL,NULL,NULL,'','','Saturday Night Live',0,NULL,NULL,NULL,NULL,NULL,NULL,NULL,NULL,NULL,NULL,NULL,NULL,NULL,'Kristin','Wiig',NULL,'',NULL,NULL,NULL,NULL,NULL,0,NULL,0,NULL,NULL,NULL,0,NULL,NULL,NULL,NULL,NULL,0,'2014-08-05 14:53:31','2014-08-05 14:53:31','31e46985-e182-45a7-afaf-b62e075f22d9'),
	(150,116,'es','Kristin-Wiig',NULL,NULL,NULL,NULL,NULL,NULL,NULL,NULL,NULL,0,NULL,NULL,NULL,NULL,NULL,NULL,NULL,NULL,NULL,NULL,NULL,NULL,NULL,0,0,NULL,NULL,NULL,'','','Saturday Night Live',0,NULL,NULL,NULL,NULL,NULL,NULL,NULL,NULL,NULL,NULL,NULL,NULL,NULL,'Kristin','Wiig',NULL,'',NULL,NULL,NULL,NULL,NULL,0,NULL,0,NULL,NULL,NULL,0,NULL,NULL,NULL,NULL,NULL,0,'2014-08-05 14:53:31','2014-08-05 14:53:31','693f0ca4-ee9b-44ee-971e-5b71af6de9c3'),
	(151,117,'en_us','tristram',NULL,NULL,NULL,NULL,NULL,NULL,NULL,NULL,NULL,0,NULL,NULL,NULL,NULL,NULL,NULL,NULL,NULL,NULL,NULL,NULL,NULL,NULL,0,0,NULL,NULL,NULL,NULL,NULL,NULL,0,NULL,NULL,NULL,NULL,NULL,NULL,NULL,NULL,NULL,NULL,NULL,NULL,NULL,NULL,NULL,NULL,NULL,NULL,NULL,NULL,NULL,NULL,0,NULL,0,NULL,NULL,NULL,0,NULL,NULL,NULL,NULL,NULL,0,'2014-08-05 14:54:06','2014-08-05 14:54:06','c68ff959-6db1-4077-9296-87a440ffce0e'),
	(152,117,'es','tristram',NULL,NULL,NULL,NULL,NULL,NULL,NULL,NULL,NULL,0,NULL,NULL,NULL,NULL,NULL,NULL,NULL,NULL,NULL,NULL,NULL,NULL,NULL,0,0,NULL,NULL,NULL,NULL,NULL,NULL,0,NULL,NULL,NULL,NULL,NULL,NULL,NULL,NULL,NULL,NULL,NULL,NULL,NULL,NULL,NULL,NULL,NULL,NULL,NULL,NULL,NULL,NULL,0,NULL,0,NULL,NULL,NULL,0,NULL,NULL,NULL,NULL,NULL,0,'2014-08-05 14:54:06','2014-08-05 14:54:06','2bf04ebb-2578-4ec9-b033-db01053016f0'),
	(153,118,'en_us','Tristram-Shandy',NULL,NULL,NULL,NULL,NULL,NULL,NULL,NULL,NULL,0,NULL,NULL,NULL,NULL,NULL,NULL,NULL,NULL,NULL,NULL,NULL,NULL,NULL,0,0,NULL,NULL,NULL,'','','Oxford University',0,NULL,NULL,NULL,NULL,NULL,NULL,NULL,NULL,NULL,NULL,NULL,NULL,NULL,'Tristram','Shandy',NULL,'Esq.',NULL,NULL,NULL,NULL,NULL,0,NULL,0,NULL,NULL,NULL,0,NULL,NULL,NULL,NULL,NULL,0,'2014-08-05 14:54:27','2014-08-05 14:54:27','8040889a-74b5-4e48-9944-60ce5346a80a'),
	(154,118,'es','Tristram-Shandy',NULL,NULL,NULL,NULL,NULL,NULL,NULL,NULL,NULL,0,NULL,NULL,NULL,NULL,NULL,NULL,NULL,NULL,NULL,NULL,NULL,NULL,NULL,0,0,NULL,NULL,NULL,'','','Oxford University',0,NULL,NULL,NULL,NULL,NULL,NULL,NULL,NULL,NULL,NULL,NULL,NULL,NULL,'Tristram','Shandy',NULL,'Esq.',NULL,NULL,NULL,NULL,NULL,0,NULL,0,NULL,NULL,NULL,0,NULL,NULL,NULL,NULL,NULL,0,'2014-08-05 14:54:27','2014-08-05 14:54:27','6940ec79-0348-49d4-b827-c721bae89204'),
	(155,119,'en_us','georgia-tech',NULL,NULL,NULL,NULL,NULL,NULL,NULL,NULL,NULL,0,NULL,NULL,NULL,NULL,NULL,NULL,NULL,NULL,NULL,NULL,NULL,NULL,NULL,0,0,NULL,NULL,NULL,NULL,NULL,NULL,0,NULL,NULL,NULL,NULL,NULL,NULL,NULL,NULL,NULL,NULL,NULL,NULL,NULL,NULL,NULL,NULL,NULL,NULL,NULL,NULL,NULL,NULL,0,NULL,0,NULL,NULL,NULL,0,NULL,NULL,NULL,NULL,NULL,0,'2014-08-05 15:00:05','2014-08-05 15:00:05','d51404e3-f00a-4007-9170-714a1a184b73'),
	(156,119,'es','georgia-tech',NULL,NULL,NULL,NULL,NULL,NULL,NULL,NULL,NULL,0,NULL,NULL,NULL,NULL,NULL,NULL,NULL,NULL,NULL,NULL,NULL,NULL,NULL,0,0,NULL,NULL,NULL,NULL,NULL,NULL,0,NULL,NULL,NULL,NULL,NULL,NULL,NULL,NULL,NULL,NULL,NULL,NULL,NULL,NULL,NULL,NULL,NULL,NULL,NULL,NULL,NULL,NULL,0,NULL,0,NULL,NULL,NULL,0,NULL,NULL,NULL,NULL,NULL,0,'2014-08-05 15:00:05','2014-08-05 15:00:05','596967e1-d657-465d-91fa-3d6047515524'),
	(157,120,'en_us','Gordon and Betty Moore Foundation',NULL,NULL,NULL,NULL,NULL,NULL,NULL,NULL,NULL,0,NULL,NULL,NULL,NULL,NULL,NULL,NULL,NULL,NULL,NULL,NULL,NULL,NULL,0,0,NULL,NULL,NULL,NULL,NULL,NULL,0,NULL,NULL,NULL,NULL,NULL,NULL,NULL,NULL,NULL,NULL,'http://www.moore.org/','moore.org',NULL,NULL,NULL,NULL,NULL,NULL,NULL,NULL,NULL,NULL,0,NULL,0,NULL,NULL,NULL,0,NULL,NULL,NULL,NULL,NULL,0,'2014-08-05 15:00:52','2014-08-05 19:47:27','2ba94621-b7c0-466e-8f67-e587aaead739'),
	(158,120,'es','Gordon and Betty Moore Foundation',NULL,NULL,NULL,NULL,NULL,NULL,NULL,NULL,NULL,0,NULL,NULL,NULL,NULL,NULL,NULL,NULL,NULL,NULL,NULL,NULL,NULL,NULL,0,0,NULL,NULL,NULL,NULL,NULL,NULL,0,NULL,NULL,NULL,NULL,NULL,NULL,NULL,NULL,NULL,NULL,'http://www.moore.org/','moore.org',NULL,NULL,NULL,NULL,NULL,NULL,NULL,NULL,NULL,NULL,0,NULL,0,NULL,NULL,NULL,0,NULL,NULL,NULL,NULL,NULL,0,'2014-08-05 15:00:52','2014-08-05 19:47:27','a1f05d31-3ec9-491e-9597-1f51bfbcb162'),
	(159,121,'en_us','moore-foundation',NULL,NULL,NULL,NULL,NULL,NULL,NULL,NULL,NULL,0,NULL,NULL,NULL,NULL,NULL,NULL,NULL,NULL,NULL,NULL,NULL,NULL,NULL,0,0,NULL,NULL,NULL,NULL,NULL,NULL,0,NULL,NULL,NULL,NULL,NULL,NULL,NULL,NULL,NULL,NULL,NULL,NULL,NULL,NULL,NULL,NULL,NULL,NULL,NULL,NULL,NULL,NULL,0,NULL,0,NULL,NULL,NULL,0,NULL,NULL,NULL,NULL,NULL,0,'2014-08-05 15:02:56','2014-08-05 15:02:56','2e12e00d-5858-4b46-8c06-8dccaa372d14'),
	(160,121,'es','moore-foundation',NULL,NULL,NULL,NULL,NULL,NULL,NULL,NULL,NULL,0,NULL,NULL,NULL,NULL,NULL,NULL,NULL,NULL,NULL,NULL,NULL,NULL,NULL,0,0,NULL,NULL,NULL,NULL,NULL,NULL,0,NULL,NULL,NULL,NULL,NULL,NULL,NULL,NULL,NULL,NULL,NULL,NULL,NULL,NULL,NULL,NULL,NULL,NULL,NULL,NULL,NULL,NULL,0,NULL,0,NULL,NULL,NULL,0,NULL,NULL,NULL,NULL,NULL,0,'2014-08-05 15:02:56','2014-08-05 15:02:56','5728d001-67e8-4c5a-8993-6d679568c3d3'),
	(161,122,'en_us','Georgia Tech University',NULL,NULL,NULL,NULL,NULL,NULL,NULL,NULL,NULL,0,NULL,NULL,NULL,NULL,NULL,NULL,NULL,NULL,NULL,NULL,NULL,NULL,NULL,0,0,NULL,NULL,NULL,NULL,NULL,NULL,0,NULL,NULL,NULL,NULL,NULL,NULL,NULL,NULL,NULL,NULL,'http://www.gatech.edu','gatech.edu',NULL,NULL,NULL,NULL,NULL,NULL,NULL,NULL,NULL,NULL,0,NULL,0,NULL,NULL,NULL,0,NULL,NULL,NULL,NULL,NULL,0,'2014-08-05 15:04:07','2014-08-05 15:04:07','b7a90b42-c211-4ab2-9dc7-9a818409f4d1'),
	(162,122,'es','Georgia Tech University',NULL,NULL,NULL,NULL,NULL,NULL,NULL,NULL,NULL,0,NULL,NULL,NULL,NULL,NULL,NULL,NULL,NULL,NULL,NULL,NULL,NULL,NULL,0,0,NULL,NULL,NULL,NULL,NULL,NULL,0,NULL,NULL,NULL,NULL,NULL,NULL,NULL,NULL,NULL,NULL,'http://www.gatech.edu','gatech.edu',NULL,NULL,NULL,NULL,NULL,NULL,NULL,NULL,NULL,NULL,0,NULL,0,NULL,NULL,NULL,0,NULL,NULL,NULL,NULL,NULL,0,'2014-08-05 15:04:07','2014-08-05 15:04:07','2b1dd879-92df-4e05-b4c3-3ccd870f49a7'),
	(163,123,'en_us','Bullis Charter School Logo',NULL,NULL,NULL,NULL,NULL,NULL,NULL,NULL,NULL,0,NULL,NULL,NULL,NULL,NULL,NULL,NULL,NULL,NULL,NULL,NULL,NULL,NULL,0,0,NULL,NULL,NULL,NULL,NULL,NULL,0,NULL,NULL,NULL,NULL,NULL,NULL,NULL,NULL,NULL,NULL,NULL,NULL,NULL,NULL,NULL,NULL,NULL,NULL,NULL,NULL,NULL,NULL,0,NULL,0,NULL,NULL,NULL,0,NULL,NULL,NULL,NULL,NULL,0,'2014-08-05 15:04:41','2014-08-05 15:04:41','b2edd3c6-2175-4c16-810d-0068b60c3d4d'),
	(164,123,'es','Bullis Charter School Logo',NULL,NULL,NULL,NULL,NULL,NULL,NULL,NULL,NULL,0,NULL,NULL,NULL,NULL,NULL,NULL,NULL,NULL,NULL,NULL,NULL,NULL,NULL,0,0,NULL,NULL,NULL,NULL,NULL,NULL,0,NULL,NULL,NULL,NULL,NULL,NULL,NULL,NULL,NULL,NULL,NULL,NULL,NULL,NULL,NULL,NULL,NULL,NULL,NULL,NULL,NULL,NULL,0,NULL,0,NULL,NULL,NULL,0,NULL,NULL,NULL,NULL,NULL,0,'2014-08-05 15:04:41','2014-08-05 15:04:41','c0fb1912-cb2b-4d9a-bc0b-5bdb6b913085'),
	(165,124,'en_us','Bullis Charter School',NULL,NULL,NULL,NULL,NULL,NULL,NULL,NULL,NULL,0,NULL,NULL,NULL,NULL,NULL,NULL,NULL,NULL,NULL,NULL,NULL,NULL,NULL,0,0,NULL,NULL,NULL,NULL,NULL,NULL,0,NULL,NULL,NULL,NULL,NULL,NULL,NULL,NULL,NULL,NULL,'http://bullisschool.org','',NULL,NULL,NULL,NULL,NULL,NULL,NULL,NULL,NULL,NULL,0,NULL,0,NULL,NULL,NULL,0,NULL,NULL,NULL,NULL,NULL,0,'2014-08-05 15:05:00','2014-08-05 19:46:53','5fae1519-1114-41f7-8869-310ab1ae0d29'),
	(166,124,'es','Bullis Charter School',NULL,NULL,NULL,NULL,NULL,NULL,NULL,NULL,NULL,0,NULL,NULL,NULL,NULL,NULL,NULL,NULL,NULL,NULL,NULL,NULL,NULL,NULL,0,0,NULL,NULL,NULL,NULL,NULL,NULL,0,NULL,NULL,NULL,NULL,NULL,NULL,NULL,NULL,NULL,NULL,'http://bullisschool.org','',NULL,NULL,NULL,NULL,NULL,NULL,NULL,NULL,NULL,NULL,0,NULL,0,NULL,NULL,NULL,0,NULL,NULL,NULL,NULL,NULL,0,'2014-08-05 15:05:00','2014-08-05 19:46:53','83e28f7b-6502-4bb1-93aa-9dda343b2711'),
	(167,125,'en_us','Here’s a title for this text only history entry',NULL,NULL,NULL,NULL,NULL,NULL,NULL,NULL,NULL,0,NULL,NULL,NULL,NULL,NULL,NULL,NULL,NULL,NULL,NULL,NULL,NULL,NULL,0,0,NULL,NULL,NULL,NULL,NULL,NULL,0,NULL,NULL,NULL,NULL,NULL,NULL,NULL,NULL,NULL,NULL,NULL,NULL,'<p>Entry description lorem ipsum dolor sit amet consecutat velorem dolor. Sed feugiat justo vitae purus aliquet, et mattis lacus porta. Pellentesque ac tempus nibh.</p>',NULL,NULL,NULL,NULL,NULL,NULL,NULL,NULL,NULL,0,NULL,0,NULL,NULL,NULL,0,NULL,NULL,NULL,NULL,NULL,0,'2014-08-05 15:06:23','2014-08-05 19:31:19','0ecab09e-cbdb-47f4-bdb7-4909fad3058e'),
	(168,125,'es','Here’s a title for this text only history entry',NULL,NULL,NULL,NULL,NULL,NULL,NULL,NULL,NULL,0,NULL,NULL,NULL,NULL,NULL,NULL,NULL,NULL,NULL,NULL,NULL,NULL,NULL,0,0,NULL,NULL,NULL,NULL,NULL,NULL,0,NULL,NULL,NULL,NULL,NULL,NULL,NULL,NULL,NULL,NULL,NULL,NULL,'<p>Entry description lorem ipsum dolor sit amet consecutat velorem dolor. Sed feugiat justo vitae purus aliquet, et mattis lacus porta. Pellentesque ac tempus nibh.</p>',NULL,NULL,NULL,NULL,NULL,NULL,NULL,NULL,NULL,0,NULL,0,NULL,NULL,NULL,0,NULL,NULL,NULL,NULL,NULL,0,'2014-08-05 15:06:23','2014-08-05 19:31:19','33111beb-14c9-478b-ae2a-66b31e946631'),
	(169,126,'en_us','Here’s a title for this history entry.',NULL,NULL,NULL,NULL,NULL,NULL,NULL,NULL,NULL,0,NULL,NULL,NULL,NULL,NULL,NULL,NULL,NULL,NULL,NULL,NULL,NULL,NULL,0,0,NULL,NULL,NULL,NULL,NULL,NULL,0,NULL,NULL,NULL,NULL,NULL,NULL,NULL,NULL,NULL,NULL,NULL,NULL,'<p>Entry description lorem ipsum dolor sit amet consecutat velorem dolor. Sed feugiat justo vitae purus aliquet, et mattis lacus porta. Pellentesque ac tempus nibh. Fusce rutrum ante est, id fringilla nibh varius ut. Nullam at eleifend lectus, quis feugiat diam.</p>',NULL,NULL,NULL,NULL,NULL,NULL,NULL,NULL,NULL,0,NULL,0,NULL,NULL,NULL,0,NULL,NULL,NULL,NULL,NULL,0,'2014-08-05 15:09:22','2014-08-05 19:31:19','b8a1789b-1a0d-4604-b86a-1a97512c4667'),
	(170,126,'es','Here’s a title for this history entry.',NULL,NULL,NULL,NULL,NULL,NULL,NULL,NULL,NULL,0,NULL,NULL,NULL,NULL,NULL,NULL,NULL,NULL,NULL,NULL,NULL,NULL,NULL,0,0,NULL,NULL,NULL,NULL,NULL,NULL,0,NULL,NULL,NULL,NULL,NULL,NULL,NULL,NULL,NULL,NULL,NULL,NULL,'<p>Entry description lorem ipsum dolor sit amet consecutat velorem dolor. Sed feugiat justo vitae purus aliquet, et mattis lacus porta. Pellentesque ac tempus nibh. Fusce rutrum ante est, id fringilla nibh varius ut. Nullam at eleifend lectus, quis feugiat diam.</p>',NULL,NULL,NULL,NULL,NULL,NULL,NULL,NULL,NULL,0,NULL,0,NULL,NULL,NULL,0,NULL,NULL,NULL,NULL,NULL,0,'2014-08-05 15:09:22','2014-08-05 19:31:19','a3b624ff-cf9b-47ce-98a5-471ab0d97cbc'),
	(171,127,'en_us','Lorem ipsum dolor sit amet',NULL,NULL,NULL,NULL,NULL,NULL,NULL,NULL,NULL,0,NULL,NULL,NULL,NULL,NULL,NULL,NULL,NULL,NULL,NULL,NULL,NULL,NULL,0,0,NULL,NULL,NULL,NULL,NULL,NULL,0,NULL,NULL,NULL,NULL,NULL,NULL,NULL,NULL,NULL,NULL,NULL,NULL,'<p>Aenean id metus ut ante condimentum molestie. Donec luctus vitae odio vitae rutrum. Sed eget nibh eleifend purus feugiat fermentum nec eu libero.</p>',NULL,NULL,NULL,NULL,NULL,NULL,NULL,NULL,NULL,0,NULL,0,NULL,NULL,NULL,0,NULL,NULL,NULL,NULL,NULL,0,'2014-08-05 15:10:22','2014-08-05 19:31:19','e589be84-23f7-4e67-af85-9f51809b5e6b'),
	(172,127,'es','Lorem ipsum dolor sit amet',NULL,NULL,NULL,NULL,NULL,NULL,NULL,NULL,NULL,0,NULL,NULL,NULL,NULL,NULL,NULL,NULL,NULL,NULL,NULL,NULL,NULL,NULL,0,0,NULL,NULL,NULL,NULL,NULL,NULL,0,NULL,NULL,NULL,NULL,NULL,NULL,NULL,NULL,NULL,NULL,NULL,NULL,'<p>Aenean id metus ut ante condimentum molestie. Donec luctus vitae odio vitae rutrum. Sed eget nibh eleifend purus feugiat fermentum nec eu libero.</p>',NULL,NULL,NULL,NULL,NULL,NULL,NULL,NULL,NULL,0,NULL,0,NULL,NULL,NULL,0,NULL,NULL,NULL,NULL,NULL,0,'2014-08-05 15:10:22','2014-08-05 19:31:19','ad9f593d-2933-4524-ab27-1442722ff800'),
	(173,128,'en_us','Lorem ipsum dolor sit amet consecutat velorem dolor adipiscing elit',NULL,NULL,NULL,NULL,NULL,NULL,NULL,NULL,NULL,0,NULL,NULL,NULL,NULL,NULL,NULL,NULL,NULL,NULL,NULL,NULL,NULL,NULL,0,0,NULL,NULL,NULL,NULL,NULL,NULL,0,NULL,NULL,NULL,NULL,NULL,NULL,NULL,NULL,NULL,NULL,NULL,NULL,'<p>Entry description lorem ipsum dolor sit amet consecutat velorem dolor. Sed feugiat justo vitae purus aliquet, et mattis lacus porta. Pellentesque ac tempus nibh.</p>',NULL,NULL,NULL,NULL,NULL,NULL,NULL,NULL,NULL,0,NULL,0,NULL,NULL,NULL,0,NULL,NULL,NULL,NULL,NULL,0,'2014-08-05 15:10:56','2014-08-05 19:31:19','8af69945-1e16-444c-a2fe-fa5423b0070b'),
	(174,128,'es','Lorem ipsum dolor sit amet consecutat velorem dolor adipiscing elit',NULL,NULL,NULL,NULL,NULL,NULL,NULL,NULL,NULL,0,NULL,NULL,NULL,NULL,NULL,NULL,NULL,NULL,NULL,NULL,NULL,NULL,NULL,0,0,NULL,NULL,NULL,NULL,NULL,NULL,0,NULL,NULL,NULL,NULL,NULL,NULL,NULL,NULL,NULL,NULL,NULL,NULL,'<p>Entry description lorem ipsum dolor sit amet consecutat velorem dolor. Sed feugiat justo vitae purus aliquet, et mattis lacus porta. Pellentesque ac tempus nibh.</p>',NULL,NULL,NULL,NULL,NULL,NULL,NULL,NULL,NULL,0,NULL,0,NULL,NULL,NULL,0,NULL,NULL,NULL,NULL,NULL,0,'2014-08-05 15:10:56','2014-08-05 19:31:19','00d42571-78d3-4405-909e-8db55ef3e369'),
	(175,129,'en_us','Here’s a title for this text only history entry',NULL,NULL,NULL,NULL,NULL,NULL,NULL,NULL,NULL,0,NULL,NULL,NULL,NULL,NULL,NULL,NULL,NULL,NULL,NULL,NULL,NULL,NULL,0,0,NULL,NULL,NULL,NULL,NULL,NULL,0,NULL,NULL,NULL,NULL,NULL,NULL,NULL,NULL,NULL,NULL,NULL,NULL,'<p>Entry description lorem ipsum dolor sit amet consecutat velorem dolor. Sed feugiat justo vitae purus aliquet, et mattis lacus porta. Pellentesque ac tempus nibh.</p>',NULL,NULL,NULL,NULL,NULL,NULL,NULL,NULL,NULL,0,NULL,0,NULL,NULL,NULL,0,NULL,NULL,NULL,NULL,NULL,0,'2014-08-05 15:11:36','2014-08-05 19:31:19','5b602252-b97f-4fea-a4bd-ae85399317f8'),
	(176,129,'es','Here’s a title for this text only history entry',NULL,NULL,NULL,NULL,NULL,NULL,NULL,NULL,NULL,0,NULL,NULL,NULL,NULL,NULL,NULL,NULL,NULL,NULL,NULL,NULL,NULL,NULL,0,0,NULL,NULL,NULL,NULL,NULL,NULL,0,NULL,NULL,NULL,NULL,NULL,NULL,NULL,NULL,NULL,NULL,NULL,NULL,'<p>Entry description lorem ipsum dolor sit amet consecutat velorem dolor. Sed feugiat justo vitae purus aliquet, et mattis lacus porta. Pellentesque ac tempus nibh.</p>',NULL,NULL,NULL,NULL,NULL,NULL,NULL,NULL,NULL,0,NULL,0,NULL,NULL,NULL,0,NULL,NULL,NULL,NULL,NULL,0,'2014-08-05 15:11:36','2014-08-05 19:31:19','a8425a57-004c-422a-990e-8e83d040de60'),
	(177,130,'en_us','Here’s a title for this entry.',NULL,NULL,NULL,NULL,NULL,NULL,NULL,NULL,NULL,0,NULL,NULL,NULL,NULL,NULL,NULL,NULL,NULL,NULL,NULL,NULL,NULL,NULL,0,0,NULL,NULL,NULL,NULL,NULL,NULL,0,NULL,NULL,NULL,NULL,NULL,NULL,NULL,NULL,NULL,NULL,NULL,NULL,'<p>Entry description lorem ipsum dolor sit amet consecutat velorem dolor.</p>',NULL,NULL,NULL,NULL,NULL,NULL,NULL,NULL,NULL,0,NULL,0,NULL,NULL,NULL,0,NULL,NULL,NULL,NULL,NULL,0,'2014-08-05 15:12:09','2014-08-05 19:31:19','7f1c7ee8-0b09-440d-9833-fc8c021468cf'),
	(178,130,'es','Here’s a title for this entry.',NULL,NULL,NULL,NULL,NULL,NULL,NULL,NULL,NULL,0,NULL,NULL,NULL,NULL,NULL,NULL,NULL,NULL,NULL,NULL,NULL,NULL,NULL,0,0,NULL,NULL,NULL,NULL,NULL,NULL,0,NULL,NULL,NULL,NULL,NULL,NULL,NULL,NULL,NULL,NULL,NULL,NULL,'<p>Entry description lorem ipsum dolor sit amet consecutat velorem dolor.</p>',NULL,NULL,NULL,NULL,NULL,NULL,NULL,NULL,NULL,0,NULL,0,NULL,NULL,NULL,0,NULL,NULL,NULL,NULL,NULL,0,'2014-08-05 15:12:09','2014-08-05 19:31:19','f71e2ec5-8f73-48ab-b3ed-4560d21d5e33'),
	(179,131,'en_us','About section front',NULL,NULL,NULL,NULL,NULL,NULL,NULL,NULL,NULL,0,NULL,NULL,NULL,NULL,NULL,'','',NULL,NULL,'About','<p>Here\'s the teaser for the about section.</p>',NULL,NULL,0,0,NULL,NULL,NULL,NULL,NULL,NULL,0,NULL,'<p>The Leatherback Trust (TLT) is an international non-profit conservation organization devoted to preserving endangered leatherback turtles and other sea turtle species. In 2000, turtle biologists Jim Spotila and Frank Paladino founded TLT to engage local communities in protection of nesting beaches critical to saving leatherback turtles. While we continue to safeguard nesting beaches, we are now extending our focus beyond beaches to combat threats and protect sea turtles in the oceans. TLT’s reputation for integrity is grounded in data-driven scientific research and community action programs delivering measurable results.</p>',NULL,NULL,NULL,NULL,NULL,NULL,NULL,NULL,NULL,NULL,NULL,NULL,NULL,NULL,NULL,NULL,NULL,NULL,NULL,NULL,0,NULL,0,NULL,NULL,NULL,0,NULL,NULL,NULL,NULL,NULL,0,'2014-08-05 15:22:58','2014-08-12 21:32:34','995bbe0b-0eeb-46d0-a09e-c38b16e22946'),
	(180,131,'es','About section front',NULL,NULL,NULL,NULL,NULL,NULL,NULL,NULL,NULL,0,NULL,NULL,NULL,NULL,NULL,NULL,NULL,NULL,NULL,'Acerca','<p>Here\'s the spanish teaser for the about section</p>',NULL,NULL,0,0,NULL,NULL,NULL,NULL,NULL,NULL,0,NULL,'<p>(Spanish)&nbsp;The Leatherback Trust (TLT) is an international non-profit conservation organization devoted to preserving endangered leatherback turtles and other sea turtle species. In 2000, turtle biologists Jim Spotila and Frank Paladino founded TLT to engage local communities in protection of nesting beaches critical to saving leatherback turtles. While we continue to safeguard nesting beaches, we are now extending our focus beyond beaches to combat threats and protect sea turtles in the oceans. TLT’s reputation for integrity is grounded in data-driven scientific research and community action programs delivering measurable results.</p>',NULL,NULL,NULL,NULL,NULL,NULL,NULL,NULL,NULL,NULL,NULL,NULL,NULL,NULL,NULL,NULL,NULL,NULL,NULL,NULL,0,NULL,0,NULL,NULL,NULL,0,NULL,NULL,NULL,NULL,NULL,0,'2014-08-05 15:22:58','2014-08-12 21:32:43','149ab1f0-63cb-42fe-89a3-48b2c70f0fdd'),
	(185,133,'en_us','Our Team',NULL,NULL,NULL,NULL,NULL,NULL,NULL,NULL,NULL,0,NULL,NULL,NULL,NULL,NULL,NULL,NULL,NULL,NULL,'Our Team','<p>Here\'s the teaser for the our team page</p>',NULL,NULL,0,0,NULL,NULL,NULL,NULL,NULL,NULL,0,NULL,'<p>Here\'s the intro to the our team page.</p>',NULL,NULL,NULL,NULL,NULL,NULL,NULL,NULL,NULL,NULL,NULL,NULL,NULL,NULL,NULL,NULL,NULL,NULL,NULL,NULL,0,NULL,0,NULL,NULL,NULL,0,NULL,NULL,NULL,NULL,NULL,0,'2014-08-05 17:26:53','2014-08-07 15:00:09','05180706-385f-4e00-b22d-175d7f243553'),
	(186,133,'es','Nuestro Equipo',NULL,NULL,NULL,NULL,NULL,NULL,NULL,NULL,NULL,0,NULL,NULL,NULL,NULL,NULL,NULL,NULL,NULL,NULL,'Nuestro Equipo','<p>Here\'s the (spanish)&nbsp;teaser for the our team page</p>',NULL,NULL,0,0,NULL,NULL,NULL,NULL,NULL,NULL,0,NULL,'<p>Here\'s the (Spanish)&nbsp;intro to the our team page.</p>',NULL,NULL,NULL,NULL,NULL,NULL,NULL,NULL,NULL,NULL,NULL,NULL,NULL,NULL,NULL,NULL,NULL,NULL,NULL,NULL,0,NULL,0,NULL,NULL,NULL,0,NULL,NULL,NULL,NULL,NULL,0,'2014-08-05 17:26:53','2014-08-05 17:27:48','df7e1dec-00e7-4e61-9f54-901c75ee7d26'),
	(187,134,'en_us','History of TLT',NULL,NULL,NULL,NULL,NULL,NULL,NULL,NULL,NULL,0,NULL,NULL,NULL,NULL,NULL,NULL,NULL,NULL,NULL,'History of TLT','<p>Teaser for the history page here.</p>',NULL,NULL,0,0,NULL,NULL,NULL,NULL,NULL,NULL,0,NULL,'<p>The Leatherback Trust is a non-profit foundation established by James R. Spotila, Ph.D. to save the leatherback turtle and other sea turtles from extinction. The Leatherback Trust scientists were instrumental in founding a new national park, Parque Marino Las Baulas, on the Pacific coast of Costa Rica. [WB]</p><p>The Leatherback Trust (TLT), established in 2000, is an international non-profit conservation organization devoted to preserving endangered leatherback turtles and other sea turtle species.</p><p>TLT applies a site-based approach to conservation centered actively on nesting beaches in Costa Rica and supporting research on beaches elsewhere globally. TLT uses an innovative, collaborative, and respectful approach to conservation, working with local communities to find win-win solutions for leatherback conservation. TLT has earned a reputation for integrity, through its emphasis on empirical work and its focus on action and results. We recognize the need and opportunity to expand beyond the beaches in order to address the other elements of sea turtle habitat critical to saving the turtles. These include inter-nesting areas, migration corridors and foraging areas.&nbsp;[SP]</p>',NULL,NULL,NULL,NULL,NULL,NULL,NULL,NULL,NULL,NULL,NULL,NULL,NULL,NULL,NULL,NULL,NULL,NULL,NULL,NULL,0,NULL,0,NULL,NULL,NULL,0,NULL,NULL,NULL,NULL,NULL,0,'2014-08-05 17:29:51','2014-08-07 15:00:09','eab7ed77-167f-4dc5-b922-78a18f848d3d'),
	(188,134,'es','Historia de TLT',NULL,NULL,NULL,NULL,NULL,NULL,NULL,NULL,NULL,0,NULL,NULL,NULL,NULL,NULL,NULL,NULL,NULL,NULL,'Historia de TLT','<p>Spanish teaser for the history page here.</p>',NULL,NULL,0,0,NULL,NULL,NULL,NULL,NULL,NULL,0,NULL,'<p>Spanish intro for the history page here.</p>',NULL,NULL,NULL,NULL,NULL,NULL,NULL,NULL,NULL,NULL,NULL,NULL,NULL,NULL,NULL,NULL,NULL,NULL,NULL,NULL,0,NULL,0,NULL,NULL,NULL,0,NULL,NULL,NULL,NULL,NULL,0,'2014-08-05 17:29:51','2014-08-05 17:30:39','b9576e8f-0200-4620-9fcf-eb4e499086c8'),
	(189,135,'en_us','Our Partners',NULL,NULL,NULL,NULL,NULL,NULL,NULL,NULL,NULL,0,NULL,NULL,NULL,NULL,NULL,NULL,NULL,NULL,NULL,'Our Partners','<p>Teaser for the our partners page</p>',NULL,NULL,0,0,NULL,NULL,NULL,NULL,NULL,NULL,0,NULL,'',NULL,NULL,NULL,NULL,NULL,NULL,NULL,NULL,NULL,NULL,NULL,NULL,NULL,NULL,NULL,NULL,NULL,NULL,NULL,NULL,0,NULL,0,NULL,NULL,NULL,0,NULL,NULL,NULL,NULL,NULL,0,'2014-08-05 17:35:15','2014-08-07 15:00:09','2336c716-2454-45d1-a29c-8976f7e91c1f'),
	(190,135,'es','Nuestros Socios',NULL,NULL,NULL,NULL,NULL,NULL,NULL,NULL,NULL,0,NULL,NULL,NULL,NULL,NULL,NULL,NULL,NULL,NULL,'Nuestros Socios','<p>Spanish teaser for the our partners page</p>',NULL,NULL,0,0,NULL,NULL,NULL,NULL,NULL,NULL,0,NULL,'<p>Spanish intro for the partners page</p>',NULL,NULL,NULL,NULL,NULL,NULL,NULL,NULL,NULL,NULL,NULL,NULL,NULL,NULL,NULL,NULL,NULL,NULL,NULL,NULL,0,NULL,0,NULL,NULL,NULL,0,NULL,NULL,NULL,NULL,NULL,0,'2014-08-05 17:35:15','2014-08-05 17:35:53','2e9f96b9-656a-4fda-87b2-b1416848926d'),
	(191,136,'en_us','A test page in the about section',NULL,NULL,NULL,NULL,NULL,NULL,NULL,NULL,NULL,0,NULL,NULL,NULL,NULL,NULL,'Here\'s my hero title','<p>Here\'s my hero caption.</p>',NULL,NULL,'Test page','<p>Here\'s the teaser</p>',NULL,NULL,0,0,NULL,NULL,NULL,NULL,NULL,NULL,0,NULL,NULL,NULL,NULL,NULL,NULL,NULL,NULL,NULL,NULL,NULL,NULL,NULL,NULL,NULL,NULL,NULL,NULL,NULL,NULL,NULL,NULL,0,NULL,0,NULL,NULL,NULL,0,NULL,NULL,NULL,NULL,NULL,0,'2014-08-05 19:08:36','2014-08-07 15:00:09','09386024-c90b-4792-bdcd-7a3d5b7ed5d5'),
	(192,136,'es','A test page in the about section',NULL,NULL,NULL,NULL,NULL,NULL,NULL,NULL,NULL,0,NULL,NULL,NULL,NULL,NULL,'','',NULL,NULL,'Test page','<p>Here\'s the teaser</p>',NULL,NULL,0,0,NULL,NULL,NULL,NULL,NULL,NULL,0,NULL,NULL,NULL,NULL,NULL,NULL,NULL,NULL,NULL,NULL,NULL,NULL,NULL,NULL,NULL,NULL,NULL,NULL,NULL,NULL,NULL,NULL,0,NULL,0,NULL,NULL,NULL,0,NULL,NULL,NULL,NULL,NULL,0,'2014-08-05 19:08:37','2014-08-05 19:08:37','5fabf167-5856-49cf-8e76-61fd2fabb816'),
	(193,138,'en_us','404 page',NULL,NULL,NULL,NULL,NULL,NULL,NULL,NULL,NULL,0,NULL,NULL,NULL,NULL,NULL,NULL,NULL,NULL,NULL,NULL,NULL,NULL,NULL,0,0,NULL,NULL,NULL,NULL,NULL,NULL,0,NULL,NULL,NULL,NULL,NULL,NULL,NULL,NULL,NULL,NULL,NULL,NULL,NULL,NULL,NULL,NULL,NULL,NULL,NULL,NULL,NULL,NULL,0,NULL,0,NULL,NULL,NULL,0,NULL,NULL,NULL,NULL,NULL,0,'2014-08-07 13:57:29','2014-08-07 14:14:51','ab1f3d85-26bd-4f17-9123-7f3edf06d72b'),
	(194,138,'es','404 page',NULL,NULL,NULL,NULL,NULL,NULL,NULL,NULL,NULL,0,NULL,NULL,NULL,NULL,NULL,NULL,NULL,NULL,NULL,NULL,NULL,NULL,NULL,0,0,NULL,NULL,NULL,NULL,NULL,NULL,0,NULL,NULL,NULL,NULL,NULL,NULL,NULL,NULL,NULL,NULL,NULL,NULL,NULL,NULL,NULL,NULL,NULL,NULL,NULL,NULL,NULL,NULL,0,NULL,0,NULL,NULL,NULL,0,NULL,NULL,NULL,NULL,NULL,0,'2014-08-07 13:57:29','2014-08-07 13:58:51','a5dd73b0-d9e9-4eb5-9008-201496ab1b57'),
	(195,142,'en_us','Why Leatherbacks section front',NULL,NULL,NULL,NULL,NULL,NULL,NULL,NULL,NULL,0,NULL,NULL,NULL,NULL,NULL,NULL,NULL,NULL,NULL,'Why Leatherbacks','<p>Teaser for the why leatherbacks section here.</p>',NULL,NULL,0,0,NULL,NULL,NULL,NULL,NULL,NULL,0,NULL,'<p>Sea turtles swam the oceans when dinosaurs roamed the earth. Early ocean explorers marveled at the abundance of sea turtles. [Add quote?] [Numbers afforded&hellip; Explorers / subsistence hunters collected eggs/ ate meat &hellip; human populations grew, sea turtle populations dwindled]. Now these ancient reptiles confront new threats, like pollution, industrial fishing, climate change, and large-scale coastal development.</p>',NULL,NULL,NULL,NULL,NULL,NULL,NULL,NULL,NULL,NULL,NULL,NULL,NULL,NULL,NULL,NULL,NULL,NULL,NULL,NULL,0,NULL,0,NULL,NULL,NULL,0,NULL,NULL,NULL,NULL,NULL,0,'2014-08-07 14:23:44','2014-08-12 21:33:15','c2263520-bdea-4468-b3d6-6fae33e5e6ec'),
	(196,142,'es','Why Leatherbacks section front',NULL,NULL,NULL,NULL,NULL,NULL,NULL,NULL,NULL,0,NULL,NULL,NULL,NULL,NULL,NULL,NULL,NULL,NULL,'Porque Leatherbacks','<p>Spanish teaser for this section front here.</p>',NULL,NULL,0,0,NULL,NULL,NULL,NULL,NULL,NULL,0,NULL,'<p>(Spanish intro)&nbsp;Sea turtles swam the oceans when dinosaurs roamed the earth. Early ocean explorers marveled at the abundance of sea turtles. [Add quote?] [Numbers afforded&hellip; Explorers / subsistence hunters collected eggs/ ate meat &hellip; human populations grew, sea turtle populations dwindled]. Now these ancient reptiles confront new threats, like pollution, industrial fishing, climate change, and large-scale coastal development.</p>',NULL,NULL,NULL,NULL,NULL,NULL,NULL,NULL,NULL,NULL,NULL,NULL,NULL,NULL,NULL,NULL,NULL,NULL,NULL,NULL,0,NULL,0,NULL,NULL,NULL,0,NULL,NULL,NULL,NULL,NULL,0,'2014-08-07 14:23:44','2014-08-12 21:33:37','45b0d197-ad55-4493-bafd-3aff39956260'),
	(205,143,'en_us','Habits and Habitats',NULL,NULL,NULL,NULL,NULL,NULL,NULL,NULL,NULL,0,NULL,NULL,NULL,NULL,NULL,'','',NULL,NULL,'Habits and Habitats','<p>Here\'s a teaser for the habits and habitats page</p>',NULL,NULL,0,0,NULL,NULL,NULL,NULL,NULL,NULL,0,NULL,NULL,NULL,NULL,NULL,NULL,NULL,NULL,NULL,NULL,NULL,NULL,NULL,NULL,NULL,NULL,NULL,NULL,NULL,NULL,NULL,NULL,0,NULL,0,NULL,NULL,NULL,0,NULL,NULL,NULL,NULL,NULL,0,'2014-08-07 15:43:59','2014-08-12 21:09:07','22a4a4f4-e670-4066-add0-5f2974390f91'),
	(206,143,'es','Hábits y Hábitats',NULL,NULL,NULL,NULL,NULL,NULL,NULL,NULL,NULL,0,NULL,NULL,NULL,NULL,NULL,'','',NULL,NULL,'Hábits y Hábitats','<p>Here\'s a spanish&nbsp;teaser for the habits and habitats page</p>',NULL,NULL,0,0,NULL,NULL,NULL,NULL,NULL,NULL,0,NULL,NULL,NULL,NULL,NULL,NULL,NULL,NULL,NULL,NULL,NULL,NULL,NULL,NULL,NULL,NULL,NULL,NULL,NULL,NULL,NULL,NULL,0,NULL,0,NULL,NULL,NULL,0,NULL,NULL,NULL,NULL,NULL,0,'2014-08-07 15:43:59','2014-08-07 15:45:20','63d882de-aeed-4246-9c94-05ecd6a19420'),
	(207,146,'en_us','turtles hatchling news',NULL,NULL,NULL,NULL,NULL,NULL,NULL,NULL,NULL,0,NULL,NULL,NULL,NULL,NULL,NULL,NULL,NULL,NULL,NULL,NULL,NULL,NULL,0,0,NULL,NULL,NULL,NULL,NULL,NULL,0,NULL,NULL,NULL,NULL,NULL,NULL,NULL,NULL,NULL,NULL,NULL,NULL,NULL,NULL,NULL,NULL,NULL,NULL,NULL,NULL,NULL,NULL,0,NULL,0,NULL,NULL,NULL,0,NULL,NULL,NULL,NULL,NULL,0,'2014-08-07 15:53:24','2014-08-07 15:53:24','85e09f0e-466e-4292-a9dc-acd6cb6da650'),
	(208,146,'es','turtles hatchling news',NULL,NULL,NULL,NULL,NULL,NULL,NULL,NULL,NULL,0,NULL,NULL,NULL,NULL,NULL,NULL,NULL,NULL,NULL,NULL,NULL,NULL,NULL,0,0,NULL,NULL,NULL,NULL,NULL,NULL,0,NULL,NULL,NULL,NULL,NULL,NULL,NULL,NULL,NULL,NULL,NULL,NULL,NULL,NULL,NULL,NULL,NULL,NULL,NULL,NULL,NULL,NULL,0,NULL,0,NULL,NULL,NULL,0,NULL,NULL,NULL,NULL,NULL,0,'2014-08-07 15:53:24','2014-08-07 15:53:24','f6e6cbce-d101-4d5f-8130-1a2acbb71f3f'),
	(209,148,'en_us','turtle-drawing',NULL,NULL,NULL,NULL,NULL,NULL,NULL,NULL,NULL,0,NULL,NULL,NULL,NULL,NULL,NULL,NULL,NULL,NULL,NULL,NULL,NULL,NULL,0,0,NULL,NULL,NULL,NULL,NULL,NULL,0,NULL,NULL,NULL,NULL,NULL,NULL,NULL,NULL,NULL,NULL,NULL,NULL,NULL,NULL,NULL,NULL,NULL,NULL,NULL,NULL,NULL,NULL,0,NULL,0,NULL,NULL,NULL,0,NULL,NULL,NULL,NULL,NULL,0,'2014-08-07 16:13:44','2014-08-07 16:13:44','a30c2a18-c236-439c-b9ba-b23556b3f340'),
	(210,148,'es','turtle-drawing',NULL,NULL,NULL,NULL,NULL,NULL,NULL,NULL,NULL,0,NULL,NULL,NULL,NULL,NULL,NULL,NULL,NULL,NULL,NULL,NULL,NULL,NULL,0,0,NULL,NULL,NULL,NULL,NULL,NULL,0,NULL,NULL,NULL,NULL,NULL,NULL,NULL,NULL,NULL,NULL,NULL,NULL,NULL,NULL,NULL,NULL,NULL,NULL,NULL,NULL,NULL,NULL,0,NULL,0,NULL,NULL,NULL,0,NULL,NULL,NULL,NULL,NULL,0,'2014-08-07 16:13:44','2014-08-07 16:13:44','6090b61c-510f-435a-b5a1-f265a60af4da'),
	(211,149,'en_us','Ancient Animals',NULL,NULL,NULL,NULL,NULL,NULL,NULL,NULL,NULL,0,NULL,NULL,NULL,NULL,NULL,'','',NULL,NULL,'Ancient Animals','<p>Here\'s a teaser to my ancient animals page. Lorem ipsum dolor sit amet consecutat velorem dolor. Adipiscing elite ventorum.</p>',NULL,NULL,0,0,NULL,NULL,NULL,NULL,NULL,NULL,0,NULL,NULL,NULL,NULL,NULL,NULL,NULL,NULL,NULL,NULL,NULL,NULL,NULL,NULL,NULL,NULL,NULL,NULL,NULL,NULL,NULL,NULL,0,NULL,0,NULL,NULL,NULL,0,NULL,NULL,NULL,NULL,NULL,0,'2014-08-07 16:14:48','2014-08-12 21:40:29','71654587-5ec1-496d-a02c-56b40f2817e5'),
	(212,149,'es','Animales Antiguos',NULL,NULL,NULL,NULL,NULL,NULL,NULL,NULL,NULL,0,NULL,NULL,NULL,NULL,NULL,'','',NULL,NULL,'Animales Antiguos','<p>(Spanish)&nbsp;Here\'s a teaser to my ancient animals page. Lorem ipsum dolor sit amet consecutat velorem dolor. Adipiscing elite ventorum.</p>',NULL,NULL,0,0,NULL,NULL,NULL,NULL,NULL,NULL,0,NULL,NULL,NULL,NULL,NULL,NULL,NULL,NULL,NULL,NULL,NULL,NULL,NULL,NULL,NULL,NULL,NULL,NULL,NULL,NULL,NULL,NULL,0,NULL,0,NULL,NULL,NULL,0,NULL,NULL,NULL,NULL,NULL,0,'2014-08-07 16:14:48','2014-08-07 16:16:21','a4a3769c-54fd-4167-834f-8d43e2cd5b77'),
	(213,160,'en_us','Las Baulas National Park',NULL,NULL,NULL,NULL,NULL,NULL,NULL,NULL,NULL,0,NULL,NULL,NULL,NULL,NULL,NULL,NULL,NULL,NULL,'Las Baulas National Park','<p>Here\'s a teaser for this graphic data page in English.</p>',NULL,NULL,0,0,NULL,NULL,NULL,NULL,NULL,NULL,0,NULL,'<p>Page intro here Lorem ipsum ante a suspendisse nunc et morbi hac. Lectus massa nullam ultrices hymenaeos scelerisque pede velit curabitur ut praesent donec. Praesent curabitur lacus nulla arcu ultrices cras libero purus condimentum nulla vivamus. Elit tempor tempor in amet conubia hymenaeos facilisis. Mollis sed felis enim id integer eu. Id condimentum turpis. Nec.</p>',NULL,NULL,NULL,NULL,NULL,NULL,NULL,NULL,NULL,NULL,NULL,NULL,NULL,NULL,NULL,NULL,'[{\"col1\":\"1988\",\"col2\":\"1230\",\"col3\":\"600\",\"col4\":\"1100\"},{\"col1\":\"1989\",\"col2\":\"1480\",\"col3\":\"500\",\"col4\":\"1000\"},{\"col1\":\"1990\",\"col2\":\"720\",\"col3\":\"400\",\"col4\":\"1200\"},{\"col1\":\"1991\",\"col2\":\"800\",\"col3\":\"700\",\"col4\":\"850\"}]','[{\"col1\":\"1988\",\"col2\":\"100\",\"col3\":\"50\",\"col4\":\"40\"},{\"col1\":\"1989\",\"col2\":\"90\",\"col3\":\"45\",\"col4\":\"35\"},{\"col1\":\"1990\",\"col2\":\"80\",\"col3\":\"40\",\"col4\":\"30\"},{\"col1\":\"1991\",\"col2\":\"70\",\"col3\":\"35\",\"col4\":\"25\"}]','Turtles & nests in decline (title)','<p>Description here explaining graphic below lorem ipsum dolor sit amet consecutat velorem dolor. Adipiscing elit ventorum est caricula verti optum (english)</p>',1,'2014-08-11 03:00:00',1,'Nests at Las Baulas National Park','<p>Description here explaining graphic below lorem ipsum dolor sit amet consecutat velorem dolor. Adipiscing elit ventorum est caricula verti optum.</p>','2014-08-10 15:30:00',1,'In the Las Baulas Hatchery','<p>Description here explaining graphic below lorem ipsum dolor sit amet consecutat velorem dolor. Adipiscing elit ventorum est caricula verti optum.</p>','{\"mapLat\":\"10.323797780014518\",\"mapLng\":\"-85.84687820209962\",\"mapZoom\":\"13\",\"pinLat\":\"10.320589000000007\",\"pinLng\":\"-85.84910980000001\",\"__model__\":\"Craft\\\\SquareBitMaps_MapModel\"}','Comparing turtles and people','<p>Integer pellentesque et lectus vitae ultrices. Morbi rhoncus lorem ipsum, eu accumsan augue scelerisque vel. Duis vitae pulvinar justo, rutrum congue ipsum. Curabitur dictum vulputate dignissim. Quisque condimentum est mi, pretium rhoncus arcu tempus dapibus. Curabitur posuere odio eu est pretium dignissim.</p><p>Integer pellentesque et lectus vitae ultrices. Morbi rhoncus lorem ipsum, eu accumsan augue scelerisque vel. Duis vitae pulvinar justo, rutrum congue ipsum. Curabitur dictum vulputate dignissim.</p>',1,'2014-08-08 19:16:39','2014-08-12 17:02:29','e2fe9e7d-862a-4926-9997-aac7f63cdf76'),
	(214,160,'es','Parcas Nationales Las Baulas',NULL,NULL,NULL,NULL,NULL,NULL,NULL,NULL,NULL,0,NULL,NULL,NULL,NULL,NULL,NULL,NULL,NULL,NULL,'Parcas Nationales Las Baulas','<p>Here\'s a teaser for this graphic data page in Spanish.</p>',NULL,NULL,0,0,NULL,NULL,NULL,NULL,NULL,NULL,0,NULL,'<p>Spanish page intro here.</p>',NULL,NULL,NULL,NULL,NULL,NULL,NULL,NULL,NULL,NULL,NULL,NULL,NULL,NULL,NULL,NULL,'[{\"col1\":\"1988\",\"col2\":\"1230\",\"col3\":\"600\",\"col4\":\"1100\"},{\"col1\":\"1989\",\"col2\":\"1480\",\"col3\":\"500\",\"col4\":\"1000\"},{\"col1\":\"1990\",\"col2\":\"720\",\"col3\":\"400\",\"col4\":\"1200\"},{\"col1\":\"1991\",\"col2\":\"800\",\"col3\":\"700\",\"col4\":\"850\"}]','[{\"col1\":\"1988\",\"col2\":\"100\",\"col3\":\"50\",\"col4\":\"40\"},{\"col1\":\"1989\",\"col2\":\"90\",\"col3\":\"45\",\"col4\":\"35\"},{\"col1\":\"1990\",\"col2\":\"80\",\"col3\":\"40\",\"col4\":\"30\"},{\"col1\":\"1991\",\"col2\":\"70\",\"col3\":\"35\",\"col4\":\"25\"}]','Turtles and nests in decline (es)','<p>History spanish intro here</p>',1,'2014-08-11 03:00:00',1,'Nesting exhibit title (es)','<p>Nesting spanish intro here.</p>','2014-08-10 15:30:00',1,'Hatchery exhibit title (es)','<p>Hatchery spanish intro here</p>','{\"mapLat\":\"10.323797780014518\",\"mapLng\":\"-85.84687820209962\",\"mapZoom\":\"13\",\"pinLat\":\"10.320589000000007\",\"pinLng\":\"-85.84910980000001\",\"__model__\":\"Craft\\\\SquareBitMaps_MapModel\"}','Comparing turtles(es)','<p>Comparison spanish intro here</p>',1,'2014-08-08 19:16:39','2014-08-12 17:02:29','c4427373-30be-43bb-a29a-be5069d3d5d3'),
	(215,177,'en_us','Cropped turtle drawing',NULL,NULL,NULL,NULL,NULL,NULL,NULL,NULL,NULL,0,NULL,NULL,NULL,NULL,'Engraving of a turtle',NULL,NULL,NULL,NULL,NULL,NULL,NULL,NULL,0,0,NULL,NULL,'',NULL,NULL,NULL,0,NULL,NULL,NULL,NULL,NULL,NULL,NULL,NULL,NULL,NULL,NULL,NULL,NULL,NULL,NULL,NULL,NULL,NULL,NULL,NULL,NULL,NULL,0,NULL,0,NULL,NULL,NULL,0,NULL,NULL,NULL,NULL,NULL,0,'2014-08-12 21:39:52','2014-08-12 21:40:24','22a32010-1819-40ac-9062-a2d7a3aff2ed'),
	(216,177,'es','turtle-drawing 1',NULL,NULL,NULL,NULL,NULL,NULL,NULL,NULL,NULL,0,NULL,NULL,NULL,NULL,NULL,NULL,NULL,NULL,NULL,NULL,NULL,NULL,NULL,0,0,NULL,NULL,'',NULL,NULL,NULL,0,NULL,NULL,NULL,NULL,NULL,NULL,NULL,NULL,NULL,NULL,NULL,NULL,NULL,NULL,NULL,NULL,NULL,NULL,NULL,NULL,NULL,NULL,0,NULL,0,NULL,NULL,NULL,0,NULL,NULL,NULL,NULL,NULL,0,'2014-08-12 21:39:52','2014-08-12 21:40:24','69477cfb-a722-4188-b9ee-d6b50e2ef828');

/*!40000 ALTER TABLE `craft_content` ENABLE KEYS */;
UNLOCK TABLES;


# Dump of table craft_deprecationerrors
# ------------------------------------------------------------

DROP TABLE IF EXISTS `craft_deprecationerrors`;

CREATE TABLE `craft_deprecationerrors` (
  `id` int(11) NOT NULL AUTO_INCREMENT,
  `key` varchar(255) COLLATE utf8_unicode_ci NOT NULL,
  `fingerprint` varchar(255) COLLATE utf8_unicode_ci NOT NULL,
  `lastOccurrence` datetime NOT NULL,
  `file` varchar(255) COLLATE utf8_unicode_ci NOT NULL,
  `line` smallint(6) unsigned NOT NULL,
  `class` varchar(255) COLLATE utf8_unicode_ci DEFAULT NULL,
  `method` varchar(255) COLLATE utf8_unicode_ci DEFAULT NULL,
  `template` varchar(255) COLLATE utf8_unicode_ci DEFAULT NULL,
  `templateLine` smallint(6) unsigned DEFAULT NULL,
  `message` varchar(255) COLLATE utf8_unicode_ci DEFAULT NULL,
  `traces` text COLLATE utf8_unicode_ci,
  `dateCreated` datetime NOT NULL,
  `dateUpdated` datetime NOT NULL,
  `uid` char(36) COLLATE utf8_unicode_ci NOT NULL DEFAULT '0',
  PRIMARY KEY (`id`),
  UNIQUE KEY `craft_deprecationerrors_key_fingerprint_unq_idx` (`key`,`fingerprint`)
) ENGINE=InnoDB DEFAULT CHARSET=utf8 COLLATE=utf8_unicode_ci;



# Dump of table craft_elements
# ------------------------------------------------------------

DROP TABLE IF EXISTS `craft_elements`;

CREATE TABLE `craft_elements` (
  `id` int(11) NOT NULL AUTO_INCREMENT,
  `type` varchar(150) COLLATE utf8_unicode_ci NOT NULL,
  `enabled` tinyint(1) unsigned NOT NULL DEFAULT '1',
  `archived` tinyint(1) unsigned NOT NULL DEFAULT '0',
  `dateCreated` datetime NOT NULL,
  `dateUpdated` datetime NOT NULL,
  `uid` char(36) COLLATE utf8_unicode_ci NOT NULL DEFAULT '0',
  PRIMARY KEY (`id`),
  KEY `craft_elements_type_idx` (`type`),
  KEY `craft_elements_enabled_idx` (`enabled`),
  KEY `craft_elements_archived_idx` (`archived`)
) ENGINE=InnoDB DEFAULT CHARSET=utf8 COLLATE=utf8_unicode_ci;

LOCK TABLES `craft_elements` WRITE;
/*!40000 ALTER TABLE `craft_elements` DISABLE KEYS */;

INSERT INTO `craft_elements` (`id`, `type`, `enabled`, `archived`, `dateCreated`, `dateUpdated`, `uid`)
VALUES
	(1,'User',1,0,'2014-07-16 22:00:59','2014-07-22 14:47:54','fbd2df2e-cf89-4f75-b0dc-2c0b652d172b'),
	(2,'Entry',1,0,'2014-07-16 22:01:00','2014-08-05 22:34:15','6f1e04ad-989e-403a-8661-1cb97463aca0'),
	(5,'GlobalSet',1,0,'2014-07-17 14:30:47','2014-07-22 14:21:30','8327c4f3-bf67-425a-b610-44201e2d6dda'),
	(6,'GlobalSet',1,0,'2014-07-17 14:36:44','2014-07-21 20:16:23','798dd293-1977-4269-a96b-0eeb495342cb'),
	(7,'GlobalSet',1,0,'2014-07-17 14:43:51','2014-07-22 21:28:31','61ccb24b-c31e-4020-a80d-3477b5246fa6'),
	(8,'Asset',1,0,'2014-07-17 20:18:49','2014-07-21 21:08:30','cbbd710a-dcfb-4ff5-842d-13895ab57fa1'),
	(9,'Asset',1,0,'2014-07-19 18:12:47','2014-07-21 21:54:58','4f846619-3ef5-43ad-94c0-58aa538617b7'),
	(10,'Asset',1,0,'2014-07-21 15:38:16','2014-07-21 21:31:03','392fe5d8-3556-4e24-888b-4b0b02f5aa98'),
	(11,'Entry',1,0,'2014-07-21 15:39:20','2014-08-07 15:01:17','604de045-2d23-4804-83fa-e9277d1a6a76'),
	(12,'MatrixBlock',1,0,'2014-07-21 15:39:20','2014-07-29 14:42:42','8c71265b-33cc-4e08-a150-ad4e6c0c9615'),
	(13,'MatrixBlock',1,0,'2014-07-21 15:40:18','2014-07-29 14:42:42','0ac13a2a-f3f5-47dc-8824-966337b6c583'),
	(14,'Asset',1,0,'2014-07-21 15:44:52','2014-07-21 21:07:39','6c649483-00d2-408a-89b2-e96e02eafc5e'),
	(15,'MatrixBlock',1,0,'2014-07-21 15:45:31','2014-07-29 14:42:42','8d462db1-0097-4ecd-a35d-7c4ee04c1ae3'),
	(16,'MatrixBlock',1,0,'2014-07-21 15:46:13','2014-07-29 14:42:42','ed52a86c-2899-444b-9ffd-c4f07c34c473'),
	(17,'MatrixBlock',1,0,'2014-07-21 15:47:52','2014-07-29 14:42:42','621829b9-f44f-4c89-a4f8-c312811cd748'),
	(18,'MatrixBlock',1,0,'2014-07-21 15:47:52','2014-07-29 14:42:42','86d7d263-8267-4b23-84b0-67951fc30635'),
	(19,'MatrixBlock',1,0,'2014-07-21 15:47:52','2014-07-29 14:42:42','37e0959a-e810-4014-8e39-9801a5da614c'),
	(20,'Asset',1,0,'2014-07-21 15:50:15','2014-07-22 15:40:36','d1020f18-88b4-406d-af19-25c862c7dd7f'),
	(21,'Asset',1,0,'2014-07-21 15:50:27','2014-07-21 22:15:43','001b1506-639f-4e54-94e9-2e110e128ed2'),
	(22,'MatrixBlock',1,0,'2014-07-21 15:51:06','2014-07-29 14:42:42','9ad8bca1-b060-4007-a19d-180afa004644'),
	(23,'MatrixBlock',1,0,'2014-07-21 15:51:06','2014-07-29 14:42:42','a8f882ba-c1da-498b-81f9-ad8223e7ff8b'),
	(24,'MatrixBlock',1,0,'2014-07-21 15:51:06','2014-07-29 14:42:42','686d902b-e801-4666-9aea-359309055fe0'),
	(25,'MatrixBlock',1,0,'2014-07-21 15:51:06','2014-07-29 14:42:42','e540847c-aadf-4087-a327-8ddfb0df46da'),
	(26,'MatrixBlock',1,0,'2014-07-21 15:52:26','2014-07-29 14:42:42','4061ff3f-8420-4f27-85dd-f0063b84a980'),
	(27,'MatrixBlock',1,0,'2014-07-21 15:52:26','2014-07-29 14:42:42','a7a0d8d5-8cc2-47f5-9943-dfe5f1add060'),
	(28,'MatrixBlock',1,0,'2014-07-21 15:52:26','2014-07-29 14:42:42','73559e8c-3cf1-4110-8cd3-b43994a28a65'),
	(32,'MatrixBlock',1,0,'2014-07-21 15:54:52','2014-07-23 14:52:34','40f99c34-a4f9-4542-ba7b-a142370d9a50'),
	(34,'Entry',1,0,'2014-07-21 22:36:20','2014-08-12 21:46:31','248761a1-90dd-43cf-88ca-24511cacab2b'),
	(35,'MatrixBlock',1,0,'2014-07-21 22:36:20','2014-08-12 21:46:31','74ea0b3c-ac7a-433e-b50d-510dafcc2af5'),
	(36,'Category',1,0,'2014-07-22 14:13:50','2014-07-22 14:13:50','e1013409-446e-4cc7-82e7-04e8bdaef4e4'),
	(37,'Category',1,0,'2014-07-22 14:14:01','2014-07-22 14:14:01','1654b8b5-9038-4fd9-8732-ddf90a31c2b1'),
	(38,'Category',1,0,'2014-07-22 14:14:06','2014-08-05 18:04:47','3b6dfb7a-1d12-4201-8984-ac83be5cb048'),
	(39,'Asset',1,0,'2014-07-22 14:27:53','2014-07-22 14:27:53','502e5632-4908-4b0a-8775-2273b95bf4eb'),
	(40,'Asset',1,0,'2014-07-22 14:30:12','2014-07-22 14:30:12','c5411f32-d8e8-4b83-8e9c-a9c4ea3363ab'),
	(41,'User',1,0,'2014-07-22 14:30:29','2014-07-22 14:35:44','e6edbb8e-80d1-42b3-b488-75d144fca2d5'),
	(44,'Entry',1,0,'2014-07-22 16:43:37','2014-08-07 15:01:17','eca8dc26-77e5-4041-9a60-3bdeeae6719c'),
	(45,'MatrixBlock',1,0,'2014-07-22 16:47:22','2014-07-29 20:37:54','26c55086-3893-4240-8f56-d308e134fc2b'),
	(46,'MatrixBlock',1,0,'2014-07-22 16:47:22','2014-07-29 20:37:54','6f96972d-3be3-4d11-abb0-f9ba4e1008cd'),
	(47,'MatrixBlock',1,0,'2014-07-22 16:47:22','2014-07-29 20:37:54','0f7cd50a-81a6-4ec5-a19f-7f8b873d2d9f'),
	(48,'MatrixBlock',1,0,'2014-07-23 13:16:14','2014-07-23 14:08:30','82f216ce-da25-4576-8c83-0598f20a3e56'),
	(49,'Entry',1,0,'2014-07-23 13:46:44','2014-08-07 15:01:26','00c2b577-08d5-4702-9d88-c67ecfadabf8'),
	(50,'MatrixBlock',1,0,'2014-07-23 13:58:49','2014-08-05 22:33:06','1801f047-0d9a-472e-b62d-e57d46abfd05'),
	(51,'Asset',1,0,'2014-07-23 14:36:56','2014-07-23 14:37:16','6853ae11-ca40-417e-b49f-5f3e49e75bcf'),
	(52,'Entry',1,0,'2014-07-23 14:38:09','2014-08-07 15:01:18','6bceefd3-907c-4e3c-8d0b-0a5bc2650623'),
	(53,'MatrixBlock',1,0,'2014-07-23 14:38:09','2014-07-29 14:45:22','fdf8f681-497e-4b89-8edd-a588bd0e6449'),
	(54,'Asset',1,0,'2014-07-23 14:39:07','2014-07-23 14:39:23','f83820d5-eee7-409a-8317-86828d40d41c'),
	(55,'Entry',1,0,'2014-07-23 14:39:37','2014-08-07 15:01:18','96f079bc-8dd9-4637-a810-4a065eb4e30b'),
	(56,'MatrixBlock',1,0,'2014-07-23 14:39:37','2014-07-28 21:39:34','feaf6a12-09ee-4ede-8389-a0034adde953'),
	(58,'MatrixBlock',1,0,'2014-07-23 14:59:22','2014-07-27 20:07:20','d6049ec0-1121-46e9-97c1-c49248fcc887'),
	(62,'Tag',1,0,'2014-07-27 19:48:57','2014-07-27 19:48:57','d600c3e3-eee3-41f7-ad54-c8adb82174e3'),
	(63,'Tag',1,0,'2014-07-27 19:49:28','2014-07-27 19:49:28','cac38da5-04a4-40e8-bbb3-8c3655a27fab'),
	(64,'Tag',1,0,'2014-07-27 20:07:17','2014-07-27 20:07:17','063bc245-7bd9-4136-883f-66f057b2046b'),
	(65,'Tag',1,0,'2014-07-27 20:16:55','2014-07-27 20:16:55','5213d2e4-dd58-46b2-87df-635339dc3d12'),
	(66,'Entry',1,0,'2014-07-27 20:16:58','2014-08-07 15:01:18','a9bbf9fd-2419-44d3-9a08-1fc397c90607'),
	(67,'MatrixBlock',1,0,'2014-07-27 20:16:58','2014-07-29 20:38:38','8c8cf5bd-18f3-4e70-a4d8-3ef24ed88e0b'),
	(68,'MatrixBlock',1,0,'2014-07-27 20:17:36','2014-07-29 20:55:03','c062ab96-bfe1-4176-afa7-7426294ad898'),
	(69,'Entry',1,0,'2014-07-27 20:47:31','2014-08-07 14:55:14','883d2b3f-8a0a-4e83-89c0-5f8dd178aae7'),
	(70,'Asset',1,0,'2014-07-27 21:01:05','2014-07-31 15:44:50','bff2286b-1ce1-4875-82ae-a37e77399427'),
	(71,'Entry',1,0,'2014-07-27 21:02:06','2014-08-07 19:27:22','9eb05683-5416-4da8-9f9e-8936b4b12c66'),
	(72,'MatrixBlock',1,0,'2014-07-27 21:02:06','2014-08-07 19:27:23','c24217fd-fb7b-4a36-902b-eb9412a8b884'),
	(73,'MatrixBlock',1,0,'2014-07-27 21:02:25','2014-08-07 15:28:01','55ec6170-ab90-4e44-bd66-ffc4408ef5bf'),
	(74,'Tag',1,0,'2014-07-28 21:39:31','2014-07-28 21:39:31','b485ab00-670e-4882-9e30-41900b112e55'),
	(75,'Tag',1,0,'2014-07-28 21:42:19','2014-07-28 21:42:19','734016a9-391f-41c2-a2c1-a3a22f7acc6a'),
	(76,'Tag',1,0,'2014-07-29 14:41:44','2014-07-29 14:41:44','ce403ef9-6179-4de4-8532-20b9a82df9c7'),
	(77,'Tag',1,0,'2014-07-29 14:41:50','2014-07-29 14:41:50','1e764d1e-a8a4-470c-9546-24d4ebce579e'),
	(78,'Tag',1,0,'2014-07-29 14:42:12','2014-07-29 14:42:12','e1a4315b-9503-46d8-9462-0e6bcc89426c'),
	(79,'Tag',1,0,'2014-07-29 14:42:40','2014-07-29 14:42:40','3da84d02-0863-4a73-9835-a0a6132400b0'),
	(80,'Asset',1,0,'2014-07-29 14:45:14','2014-07-29 14:45:14','714a2f49-385d-4a66-b3bf-7b534be53fa2'),
	(81,'Asset',1,0,'2014-07-29 14:56:03','2014-07-29 14:56:03','c33df494-3773-49cd-9fc4-d275a9e8fd0d'),
	(82,'Entry',1,0,'2014-07-29 14:56:24','2014-08-07 15:27:45','a1397f34-dbfa-4fa6-af10-af7607a22462'),
	(83,'MatrixBlock',1,0,'2014-07-29 14:56:24','2014-07-31 15:57:16','cd4fc22a-f5ef-4f2a-a9ce-b8ac92c79cb9'),
	(84,'MatrixBlock',1,0,'2014-07-29 14:57:02','2014-08-07 15:27:45','f3796c87-b2e7-4c08-9d75-4cb82275a311'),
	(85,'Asset',1,0,'2014-07-29 15:01:10','2014-07-29 15:01:50','5544abb8-9ddd-41ee-87bb-21d649988b79'),
	(87,'Tag',1,0,'2014-07-29 20:54:20','2014-07-29 20:54:20','c42d3a3d-3f0e-4948-a079-780fffce3b35'),
	(90,'MatrixBlock',1,0,'2014-07-31 12:34:06','2014-08-07 19:27:23','121c6ded-d868-4142-8c0d-1d35d798ae35'),
	(91,'Asset',1,0,'2014-07-31 15:42:27','2014-07-31 15:44:39','41f3b415-a07a-4696-8a0b-34dbae608bb1'),
	(93,'Asset',1,0,'2014-07-31 15:42:28','2014-07-31 15:44:21','898585b3-7335-49df-b4e6-f3e689bedd9d'),
	(94,'Asset',1,0,'2014-07-31 15:42:29','2014-07-31 15:58:54','569bb064-499b-40b1-aad3-95fd9493dbc1'),
	(95,'Asset',1,0,'2014-07-31 15:42:29','2014-07-31 16:18:24','f5296036-b874-4dce-8a89-389776a2edb3'),
	(96,'Entry',1,0,'2014-07-31 15:58:26','2014-08-07 15:28:20','5d08ed98-be9d-4805-8bdf-bdbd17b8343b'),
	(97,'MatrixBlock',1,0,'2014-07-31 15:58:27','2014-07-31 15:58:27','4e654565-6f79-4008-876b-f17c85d6f3dd'),
	(98,'MatrixBlock',1,0,'2014-07-31 16:00:35','2014-08-07 15:28:20','dc7a4e88-e41e-45bb-871c-889f8dd3a504'),
	(99,'Entry',1,0,'2014-07-31 16:09:33','2014-08-07 15:27:29','e0b24c9d-bd46-4075-b372-c271d9ce791d'),
	(100,'MatrixBlock',1,0,'2014-07-31 16:09:33','2014-07-31 16:09:33','69bef27c-6f54-4517-977d-389e73dcc33b'),
	(101,'MatrixBlock',1,0,'2014-07-31 16:10:48','2014-08-07 15:27:29','e872830e-2e25-48f0-89ad-811e52780393'),
	(102,'Entry',1,0,'2014-07-31 16:12:30','2014-08-07 15:28:44','30e8f0da-2f11-493a-ae68-2a4a3c33fdf4'),
	(103,'MatrixBlock',1,0,'2014-07-31 16:12:30','2014-07-31 16:12:49','6046464b-8b22-42f6-bf34-4a32d140728b'),
	(104,'MatrixBlock',1,0,'2014-07-31 16:13:16','2014-08-07 15:28:44','5f674023-9615-46fe-b62d-3719c560e7db'),
	(105,'Category',1,0,'2014-08-05 13:36:44','2014-08-05 13:36:44','add9b92e-a567-4a10-93af-4baa2c210451'),
	(106,'Category',1,0,'2014-08-05 13:36:46','2014-08-05 13:36:46','edecf7a2-c026-4946-92ac-5d72b948a41f'),
	(107,'Category',1,0,'2014-08-05 13:36:48','2014-08-05 13:36:48','ab1824a7-3a08-4931-a81d-9c600777de84'),
	(108,'Category',1,0,'2014-08-05 13:37:04','2014-08-05 13:37:04','3a0f976e-952d-4666-b24a-e52655bfdfae'),
	(109,'Category',1,0,'2014-08-05 13:37:06','2014-08-05 13:37:06','a1969ee1-c3e6-4c4e-84e1-df965d249c93'),
	(110,'Category',1,0,'2014-08-05 13:37:07','2014-08-05 13:37:07','23f43b17-ea19-40df-ac2b-fa26a31f73fd'),
	(111,'Category',1,0,'2014-08-05 13:37:58','2014-08-05 13:37:58','1b9d7d23-28d4-43c8-91bf-a9c185009b69'),
	(112,'Entry',1,0,'2014-08-05 13:40:17','2014-08-05 19:55:57','ef060770-c811-426e-92f4-fb8f5ebce3e0'),
	(113,'Asset',1,0,'2014-08-05 13:49:52','2014-08-05 13:49:52','68165f69-e66c-4324-8722-6859d5a211c9'),
	(114,'Entry',1,0,'2014-08-05 13:50:02','2014-08-05 14:50:12','5db1395b-f6ad-4199-9d29-105c81954bb1'),
	(115,'Asset',1,0,'2014-08-05 14:53:04','2014-08-05 14:53:04','def8f800-d479-4c78-8272-bba7d55ff4f2'),
	(116,'Entry',1,0,'2014-08-05 14:53:31','2014-08-05 14:53:31','14294f53-d8ad-4b06-97fb-8e28d2abc802'),
	(117,'Asset',1,0,'2014-08-05 14:54:06','2014-08-05 14:54:06','c77c5924-d446-4af6-843c-4a85cb3ec621'),
	(118,'Entry',1,0,'2014-08-05 14:54:27','2014-08-05 14:54:27','4f56ae7b-9a87-47a2-8024-e40a379e95d5'),
	(119,'Asset',1,0,'2014-08-05 15:00:05','2014-08-05 15:00:05','362e4faa-3ebd-431b-9bbd-754ffe7e3286'),
	(120,'Entry',1,0,'2014-08-05 15:00:52','2014-08-05 19:47:27','88a29557-5206-4b60-84c0-9787146a4d31'),
	(121,'Asset',1,0,'2014-08-05 15:02:56','2014-08-05 15:02:56','ea478eba-771e-45a7-b832-9980f8c23ae8'),
	(122,'Entry',1,0,'2014-08-05 15:04:07','2014-08-05 15:04:07','80122340-2f99-4878-b392-1e80b78d841b'),
	(123,'Asset',1,0,'2014-08-05 15:04:41','2014-08-05 15:04:41','0e9842fe-c383-49bd-8b74-6d3c1ef6c13c'),
	(124,'Entry',1,0,'2014-08-05 15:05:00','2014-08-05 19:46:53','e614d0eb-d271-4a85-b1c1-126f65a0ba2f'),
	(125,'Entry',1,0,'2014-08-05 15:06:23','2014-08-05 19:31:19','9eca09e8-78de-45e9-aa48-f8a10607da1f'),
	(126,'Entry',1,0,'2014-08-05 15:09:22','2014-08-05 19:31:19','496d4f14-95bc-46d9-b53e-222994f0d659'),
	(127,'Entry',1,0,'2014-08-05 15:10:22','2014-08-05 19:31:19','930f9a9b-eea6-479d-9a08-a0973073ec8b'),
	(128,'Entry',1,0,'2014-08-05 15:10:56','2014-08-05 19:31:19','f2167317-0895-4289-a1a4-ad06e1db3967'),
	(129,'Entry',1,0,'2014-08-05 15:11:36','2014-08-05 19:31:19','4df79853-16a9-49c7-96e7-0d7e116e3388'),
	(130,'Entry',1,0,'2014-08-05 15:12:09','2014-08-05 19:31:19','461be752-0df8-4ac8-ac83-dddd4a2e652c'),
	(131,'Entry',1,0,'2014-08-05 15:22:58','2014-08-12 21:32:43','0a5fec75-4b1c-4807-bb09-7c963d3a7106'),
	(133,'Entry',1,0,'2014-08-05 17:26:53','2014-08-07 15:00:09','331dc0d5-58e9-491c-8ad8-4173be624d43'),
	(134,'Entry',1,0,'2014-08-05 17:29:51','2014-08-07 15:00:09','b2524480-4965-4f2d-8bac-2c4544b71dc8'),
	(135,'Entry',1,0,'2014-08-05 17:35:15','2014-08-07 15:00:09','56087cff-4053-4be9-9e46-6be8ad603434'),
	(136,'Entry',0,0,'2014-08-05 19:08:36','2014-08-07 15:00:09','d361b0d5-0b57-476c-9f94-be4130a2372d'),
	(137,'MatrixBlock',1,0,'2014-08-05 19:08:37','2014-08-05 21:07:27','bd1c4f15-2b03-4536-9647-6b16930c17c9'),
	(138,'Entry',1,0,'2014-08-07 13:57:29','2014-08-07 14:14:51','d7354390-66e7-421b-ade3-a152ee02f6bc'),
	(139,'MatrixBlock',1,0,'2014-08-07 13:58:38','2014-08-07 14:14:51','aca180fb-5364-441e-8b72-dd1dccd7f7b1'),
	(140,'MatrixBlock',1,0,'2014-08-07 13:58:51','2014-08-07 13:58:51','4e97680f-fc27-4aa8-b1d2-a333a024d093'),
	(141,'MatrixBlock',1,0,'2014-08-07 14:07:09','2014-08-07 14:14:51','038cf806-767b-4a2f-a682-ed55163358a7'),
	(142,'Entry',1,0,'2014-08-07 14:23:44','2014-08-12 21:33:37','ab32ebd2-e584-4ecd-96be-4b2d7eed1a45'),
	(143,'Entry',1,0,'2014-08-07 15:43:59','2014-08-12 21:09:07','63106710-d3de-4c14-a152-64ebdc3c3983'),
	(144,'MatrixBlock',1,0,'2014-08-07 15:43:59','2014-08-12 21:09:07','c479942f-5d58-42bf-a082-4d97380d066a'),
	(145,'MatrixBlock',1,0,'2014-08-07 15:45:21','2014-08-07 15:45:21','06d94bad-16eb-44c6-bae8-1824b01deb71'),
	(146,'Asset',1,0,'2014-08-07 15:53:24','2014-08-07 15:53:24','f7311587-6a41-4912-bbc8-66557461f952'),
	(148,'Asset',1,0,'2014-08-07 16:13:44','2014-08-07 16:13:44','fe9ffaba-86ff-4447-84b3-8882d56e027e'),
	(149,'Entry',1,0,'2014-08-07 16:14:48','2014-08-12 21:40:29','dc450ebb-934a-44f0-8e7d-52606c19cb5d'),
	(150,'MatrixBlock',1,0,'2014-08-07 16:14:48','2014-08-12 21:40:29','17c05745-dbe9-420d-ac2a-6b404791b53a'),
	(151,'MatrixBlock',1,0,'2014-08-07 16:16:21','2014-08-07 16:16:21','35dc39bc-e397-4d02-b6e9-673768564d67'),
	(152,'MatrixBlock',1,0,'2014-08-07 16:18:57','2014-08-12 21:40:29','eea4f771-d3ba-4411-8f03-ab27f8bacd56'),
	(153,'MatrixBlock',1,0,'2014-08-07 16:21:04','2014-08-12 21:40:29','50468acc-9708-4037-aeca-e11c75877298'),
	(154,'MatrixBlock',1,0,'2014-08-07 16:34:28','2014-08-12 21:40:29','0eb46590-91c5-4f8a-a136-91c9e0178744'),
	(155,'MatrixBlock',1,0,'2014-08-07 16:34:28','2014-08-12 21:40:29','0d046f2a-1812-497a-8b81-551959850510'),
	(156,'MatrixBlock',1,0,'2014-08-07 18:31:20','2014-08-12 21:09:08','2485b4c0-cfca-4c21-b2fc-c2addb1d5101'),
	(158,'MatrixBlock',1,0,'2014-08-07 19:23:24','2014-08-07 19:27:23','ee6cae06-01d6-4a35-b818-121c58c62d09'),
	(159,'MatrixBlock',1,0,'2014-08-07 19:23:24','2014-08-07 19:27:23','83cccab0-2d44-4c88-a7c4-32fb8f7cce31'),
	(160,'Entry',1,0,'2014-08-08 19:16:39','2014-08-12 17:02:29','2e0fc853-2d08-460c-b4d0-eb8af7cb441d'),
	(161,'MatrixBlock',1,0,'2014-08-11 20:09:31','2014-08-12 17:02:29','a23cee1d-4ed1-4f10-8d36-6648644c92dd'),
	(162,'MatrixBlock',1,0,'2014-08-11 20:09:31','2014-08-12 17:02:29','110e3c25-0e35-4fc6-9176-6620841807b0'),
	(163,'MatrixBlock',1,0,'2014-08-11 20:09:31','2014-08-12 17:02:29','7eaa3306-7dd5-453a-b026-ed6daca0c12a'),
	(164,'MatrixBlock',1,0,'2014-08-11 20:12:35','2014-08-12 17:02:29','97832f98-9ec3-46a6-8dbb-688d80375aff'),
	(165,'MatrixBlock',1,0,'2014-08-11 20:12:35','2014-08-12 17:02:29','f52d96c7-8388-4759-90ab-23a212ea9823'),
	(166,'MatrixBlock',1,0,'2014-08-11 20:12:35','2014-08-12 17:02:29','c51fa9bf-e232-4a34-97d3-607c877dad92'),
	(167,'MatrixBlock',1,0,'2014-08-11 20:12:35','2014-08-12 17:02:29','fbb48766-6728-4884-b769-d9ae14f3d3e5'),
	(168,'MatrixBlock',1,0,'2014-08-11 20:12:35','2014-08-12 17:02:29','a14c15a3-1104-45a2-b591-a6b6e374587b'),
	(169,'MatrixBlock',1,0,'2014-08-11 20:12:35','2014-08-12 17:02:29','456cabdb-bbe1-42d8-8a04-96625a9827de'),
	(170,'MatrixBlock',1,0,'2014-08-11 20:12:35','2014-08-12 17:02:29','2d0c5d44-ead2-4704-a8dc-017215971d35'),
	(171,'MatrixBlock',1,0,'2014-08-11 20:12:35','2014-08-12 17:02:29','eba08638-e76d-48f1-a2bf-e909478638fb'),
	(172,'MatrixBlock',1,0,'2014-08-11 20:12:35','2014-08-12 17:02:29','8f541c30-a0d9-4ed3-8fa4-e5ee2f759547'),
	(173,'MatrixBlock',1,0,'2014-08-11 20:12:35','2014-08-12 17:02:29','62512a3b-a9ed-4178-bb38-b851499b43ba'),
	(175,'MatrixBlock',1,0,'2014-08-12 16:22:16','2014-08-12 17:02:29','bcf23f40-9a52-4872-8818-8617f1b64695'),
	(177,'Asset',1,0,'2014-08-12 21:39:52','2014-08-12 21:40:24','768f3e5b-9101-476c-86ef-ce27eb671147');

/*!40000 ALTER TABLE `craft_elements` ENABLE KEYS */;
UNLOCK TABLES;


# Dump of table craft_elements_i18n
# ------------------------------------------------------------

DROP TABLE IF EXISTS `craft_elements_i18n`;

CREATE TABLE `craft_elements_i18n` (
  `id` int(11) NOT NULL AUTO_INCREMENT,
  `elementId` int(11) NOT NULL,
  `locale` char(12) COLLATE utf8_unicode_ci NOT NULL,
  `slug` varchar(255) COLLATE utf8_unicode_ci DEFAULT NULL,
  `uri` varchar(255) COLLATE utf8_unicode_ci DEFAULT NULL,
  `enabled` tinyint(1) unsigned NOT NULL DEFAULT '1',
  `dateCreated` datetime NOT NULL,
  `dateUpdated` datetime NOT NULL,
  `uid` char(36) COLLATE utf8_unicode_ci NOT NULL DEFAULT '0',
  PRIMARY KEY (`id`),
  UNIQUE KEY `craft_elements_i18n_elementId_locale_unq_idx` (`elementId`,`locale`),
  UNIQUE KEY `craft_elements_i18n_uri_locale_unq_idx` (`uri`,`locale`),
  KEY `craft_elements_i18n_slug_locale_idx` (`slug`,`locale`),
  KEY `craft_elements_i18n_enabled_idx` (`enabled`),
  KEY `craft_elements_i18n_locale_fk` (`locale`),
  CONSTRAINT `craft_elements_i18n_elementId_fk` FOREIGN KEY (`elementId`) REFERENCES `craft_elements` (`id`) ON DELETE CASCADE,
  CONSTRAINT `craft_elements_i18n_locale_fk` FOREIGN KEY (`locale`) REFERENCES `craft_locales` (`locale`) ON DELETE CASCADE ON UPDATE CASCADE
) ENGINE=InnoDB DEFAULT CHARSET=utf8 COLLATE=utf8_unicode_ci;

LOCK TABLES `craft_elements_i18n` WRITE;
/*!40000 ALTER TABLE `craft_elements_i18n` DISABLE KEYS */;

INSERT INTO `craft_elements_i18n` (`id`, `elementId`, `locale`, `slug`, `uri`, `enabled`, `dateCreated`, `dateUpdated`, `uid`)
VALUES
	(1,1,'en_us','',NULL,1,'2014-07-16 22:01:00','2014-07-22 14:47:54','8ac2fd36-a6f1-4ac7-bf7c-50ba40987fa4'),
	(2,2,'en_us','homepage','__home__',1,'2014-07-16 22:01:00','2014-08-05 22:34:15','2d408409-2d27-45cf-ac7c-113322b2c864'),
	(6,5,'en_us','',NULL,1,'2014-07-17 14:30:47','2014-07-22 14:21:30','d78289e7-fa79-45e9-8d66-137eeef27653'),
	(7,5,'es','',NULL,1,'2014-07-17 14:30:47','2014-07-22 14:21:30','eb308b6b-a73d-4b92-b24d-ae28132fcc4a'),
	(8,6,'en_us','',NULL,1,'2014-07-17 14:36:44','2014-07-21 20:16:23','8ce0679f-8e8b-4525-937d-7445c0450433'),
	(9,6,'es','',NULL,1,'2014-07-17 14:36:44','2014-07-21 20:16:23','b498f80b-c2b1-47c2-bec9-8bed3cf0bb6e'),
	(10,7,'en_us','',NULL,1,'2014-07-17 14:43:51','2014-07-22 21:28:31','6150c798-afaa-433c-a3b8-8f85c54cffdd'),
	(11,7,'es','',NULL,1,'2014-07-17 14:43:51','2014-07-22 21:28:31','0f0da309-a0b0-400d-82f7-6db73d8d084c'),
	(13,2,'es','homepage','__home__',1,'2014-07-17 14:48:51','2014-08-05 22:34:15','7439e1e5-e8c2-4d6f-b214-b4fd3a3eb4f5'),
	(14,8,'en_us','turtle-robinson-widescreen',NULL,1,'2014-07-17 20:18:49','2014-07-21 21:08:30','b3854863-36a8-4fb6-88ae-91c4e6db461e'),
	(15,8,'es','turtle-robinson-widescreen',NULL,1,'2014-07-17 20:18:49','2014-07-21 21:08:30','c2649169-f6ed-4ed3-97c2-bfd6035b21b6'),
	(16,9,'en_us','leatherback-nesting-full',NULL,1,'2014-07-19 18:12:47','2014-07-21 21:54:58','0e6573aa-a10f-4de5-8e95-8b5b7f6c1db7'),
	(17,9,'es','leatherback-nesting-full',NULL,1,'2014-07-19 18:12:47','2014-07-21 21:54:58','61157404-7298-4d5f-9f53-4c692d43a521'),
	(18,10,'en_us','trinidad-turtle',NULL,1,'2014-07-21 15:38:16','2014-07-21 21:31:03','f4cd1f63-3447-4b72-b706-462a6183e96b'),
	(19,10,'es','trinidad-turtle',NULL,1,'2014-07-21 15:38:16','2014-07-21 21:31:03','1f5ac25a-81b6-4a36-a825-27beadc85cca'),
	(20,11,'en_us','endangered-leatherback-sea-turtles-experience-resurgence-in-trinidad','news-events/2014/endangered-leatherback-sea-turtles-experience-resurgence-in-trinidad',1,'2014-07-21 15:39:20','2014-08-07 15:01:17','dc82b156-6dbe-4a59-aaae-932bacea7bf7'),
	(21,11,'es','endangered-leatherback-sea-turtles-experience-resurgence-in-trinidad','noticias-eventos/2014/endangered-leatherback-sea-turtles-experience-resurgence-in-trinidad',1,'2014-07-21 15:39:20','2014-08-07 15:01:17','d0716875-303e-40d5-a8bd-d181157718e7'),
	(22,12,'en_us','',NULL,1,'2014-07-21 15:39:20','2014-07-29 14:42:42','8d416d38-9135-41b3-867f-9dfb7f0129d6'),
	(23,13,'en_us','',NULL,1,'2014-07-21 15:40:18','2014-07-29 14:42:42','dd718ebf-ef56-4f84-a7fe-ccb76e8591ca'),
	(24,14,'en_us','fisherman',NULL,1,'2014-07-21 15:44:52','2014-07-21 21:07:39','239c110e-dd14-4a84-bd82-fb2a1ce156ff'),
	(25,14,'es','fisherman',NULL,1,'2014-07-21 15:44:52','2014-07-21 21:07:39','b552a022-522e-4112-87a8-b7339be7205e'),
	(26,15,'en_us','',NULL,1,'2014-07-21 15:45:31','2014-07-29 14:42:42','3f6fc3e5-0bef-492e-99d1-95696d46b04a'),
	(27,16,'en_us','',NULL,1,'2014-07-21 15:46:13','2014-07-29 14:42:42','2a1ac50e-725c-4539-be55-0a1054704953'),
	(28,17,'en_us','',NULL,1,'2014-07-21 15:47:52','2014-07-29 14:42:42','f5d7f2f8-57ef-42ec-b623-86ca9a7dfd0f'),
	(29,18,'en_us','',NULL,1,'2014-07-21 15:47:52','2014-07-29 14:42:42','3c534605-78ea-4e5f-b1e8-2b90bdcf4696'),
	(30,19,'en_us','',NULL,1,'2014-07-21 15:47:52','2014-07-29 14:42:42','ff3b7072-1f3e-4add-a4ae-3b73bded7f62'),
	(31,20,'en_us','compare-satellite',NULL,1,'2014-07-21 15:50:15','2014-07-22 15:40:36','a9e04cf1-4850-4271-9846-95b36e7b0a55'),
	(32,20,'es','compare-satellite',NULL,1,'2014-07-21 15:50:15','2014-07-22 15:40:36','462477f7-69c2-48dd-b9a6-ad62f1c61117'),
	(33,21,'en_us','compare-map',NULL,1,'2014-07-21 15:50:27','2014-07-21 22:15:43','2ed16e2a-ea24-4ed5-ab91-4e469dfbf327'),
	(34,21,'es','compare-map',NULL,1,'2014-07-21 15:50:27','2014-07-21 22:15:43','c940a20d-e51e-4165-9fb2-d7f25f20bd54'),
	(35,22,'en_us','',NULL,1,'2014-07-21 15:51:06','2014-07-29 14:42:42','fdf49f8e-e7fa-410a-8fbe-2aab7cd616c4'),
	(36,23,'en_us','',NULL,1,'2014-07-21 15:51:06','2014-07-29 14:42:42','bc0d6276-4b1c-4897-9d5c-10bb635b5fc4'),
	(37,24,'en_us','',NULL,1,'2014-07-21 15:51:06','2014-07-29 14:42:42','a0accec6-2939-469e-93e0-6c4c6a64ce65'),
	(38,25,'en_us','',NULL,1,'2014-07-21 15:51:06','2014-07-29 14:42:42','fdd0bfb4-dc24-432d-9d4c-a4edccb4f10b'),
	(39,26,'en_us','',NULL,1,'2014-07-21 15:52:26','2014-07-29 14:42:42','c9700281-6325-4c14-bdbf-e4a9a425ca18'),
	(40,27,'en_us','',NULL,1,'2014-07-21 15:52:26','2014-07-29 14:42:42','85c1d0f3-a3c9-4e1b-a34d-3b3d7671b087'),
	(41,28,'en_us','',NULL,1,'2014-07-21 15:52:26','2014-07-29 14:42:42','a76102bf-3ade-46bc-a253-dd7ac9614670'),
	(48,32,'es','',NULL,1,'2014-07-21 15:54:52','2014-07-23 14:52:34','8846294e-f4f7-46e3-8c1c-5dbe0b55fbf7'),
	(50,34,'en_us','event-name-here','news-events/2014/event-name-here',1,'2014-07-21 22:36:20','2014-08-12 21:46:31','8ff27269-3a9a-4636-8f04-fd2807fb8d29'),
	(51,34,'es','event-name-here','noticias-eventos/2014/event-name-here',1,'2014-07-21 22:36:20','2014-08-12 21:46:31','b47a5b30-fcde-4530-a1d7-8805d16e222b'),
	(52,35,'en_us','',NULL,1,'2014-07-21 22:36:20','2014-08-12 21:46:31','d4e766fa-b8b7-43a9-9f0a-1bb8d3a85a2f'),
	(53,36,'en_us','board-of-directors',NULL,1,'2014-07-22 14:13:50','2014-07-22 14:13:50','54737167-3937-4fa8-82ae-fd35ec01788b'),
	(54,36,'es','board-of-directors',NULL,1,'2014-07-22 14:13:50','2014-07-22 14:13:50','c7f633dc-3490-47b3-a269-c5fddf4d1b5b'),
	(55,37,'en_us','staff',NULL,1,'2014-07-22 14:14:01','2014-07-22 14:14:01','003d5cf5-de21-4ef3-9df5-e475a984be66'),
	(56,37,'es','staff',NULL,1,'2014-07-22 14:14:01','2014-07-22 14:14:01','f6f804e4-cfb7-4180-9820-8a8487853f41'),
	(57,38,'en_us','contributing-scientists',NULL,1,'2014-07-22 14:14:06','2014-08-05 18:04:47','cac866dd-70f0-49f9-9af0-2bc12ae7f86e'),
	(58,38,'es','contributing-scientist',NULL,1,'2014-07-22 14:14:06','2014-08-05 18:04:47','8ae781b3-aced-4e60-8452-80fd0fc82c78'),
	(59,39,'en_us','george-headshot',NULL,1,'2014-07-22 14:27:54','2014-07-22 14:27:54','5764ef6a-2243-4f3b-b589-a3b9429a2f36'),
	(60,39,'es','george-headshot',NULL,1,'2014-07-22 14:27:54','2014-07-22 14:27:54','26b44cc5-6f81-45ef-b23a-e5964225d823'),
	(61,40,'en_us','as-sm',NULL,1,'2014-07-22 14:30:12','2014-07-22 14:30:12','f91f1e60-b969-4732-9c55-c746f19e493d'),
	(62,40,'es','as-sm',NULL,1,'2014-07-22 14:30:12','2014-07-22 14:30:12','c43694e9-80be-4bc4-86f8-c1173f9f2957'),
	(63,41,'en_us','',NULL,1,'2014-07-22 14:30:29','2014-07-22 14:35:44','f1e00f0b-aa41-49e4-b4ff-3881b8570f12'),
	(68,44,'en_us','heres-my-title','news-events/2014/heres-my-title',1,'2014-07-22 16:43:37','2014-08-07 15:01:18','0f91b561-c7e3-40ba-9a6a-964db2d3c981'),
	(69,44,'es','heres-my-title','noticias-eventos/2014/heres-my-title',1,'2014-07-22 16:43:37','2014-08-07 15:01:18','38a19149-0bc2-458e-8c02-09020951d588'),
	(70,45,'en_us','',NULL,1,'2014-07-22 16:47:22','2014-07-29 20:37:54','d7efaef7-8967-4a71-9826-b1ced22ec795'),
	(71,46,'en_us','',NULL,1,'2014-07-22 16:47:22','2014-07-29 20:37:54','ad7a1c0f-5f60-4fbd-9ec3-44fb376658ee'),
	(72,47,'en_us','',NULL,1,'2014-07-22 16:47:22','2014-07-29 20:37:54','2b06d679-e593-4777-a005-2cfa4284fd1d'),
	(73,48,'es','',NULL,1,'2014-07-23 13:16:14','2014-07-23 14:08:30','f3efbb1d-411e-49e2-b628-a9e7d2e928b6'),
	(74,49,'en_us','newsandeventsfront','news-events',1,'2014-07-23 13:46:44','2014-08-07 15:01:26','a15f5948-74fd-4f91-942f-9b3b3d1ee880'),
	(75,49,'es','newsandeventsfront','noticias-eventos',1,'2014-07-23 13:46:44','2014-08-07 15:01:26','be8e8254-5194-4347-b585-88ff8c796846'),
	(78,50,'es','',NULL,1,'2014-07-23 13:58:49','2014-08-05 22:33:06','b170767f-cf47-4e4c-a913-c3555cb244ca'),
	(79,51,'en_us','photo-1',NULL,1,'2014-07-23 14:36:56','2014-07-23 14:37:16','281f82e3-76e8-40b8-9263-aced02c25c97'),
	(80,51,'es','photo-1',NULL,1,'2014-07-23 14:36:56','2014-07-23 14:37:16','6d1abb23-037a-49d0-8e67-9f42571c7714'),
	(81,52,'en_us','theres-a-turtle-somewhere-that-is-interesting','news-events/2014/theres-a-turtle-somewhere-that-is-interesting',1,'2014-07-23 14:38:09','2014-08-07 15:01:18','c8b36a8f-a363-4ce4-a761-9a0053478dcf'),
	(82,52,'es','theres-a-turtle-somewhere-that-is-interesting','noticias-eventos/2014/theres-a-turtle-somewhere-that-is-interesting',1,'2014-07-23 14:38:09','2014-08-07 15:01:18','cc9c8a7f-3161-4b0c-b370-a4f17487ffe6'),
	(83,53,'en_us','',NULL,1,'2014-07-23 14:38:09','2014-07-29 14:45:22','a48a6448-63d0-4480-b2eb-0ffe2f536f8a'),
	(84,54,'en_us','leatherback-turtle-nest-spiral',NULL,1,'2014-07-23 14:39:07','2014-07-23 14:39:23','0e6aa19c-0fd5-4d61-87c1-d9754b03d858'),
	(85,54,'es','leatherback-turtle-nest-spiral',NULL,1,'2014-07-23 14:39:07','2014-07-23 14:39:23','9393b44c-7cd7-459a-bc12-d089372d4c9e'),
	(86,55,'en_us','yet-another-turtle-is-around','news-events/2014/yet-another-turtle-is-around',1,'2014-07-23 14:39:37','2014-08-07 15:01:18','f8107f01-a712-4beb-9045-4b96814ab335'),
	(87,55,'es','yet-another-turtle-is-around','noticias-eventos/2014/yet-another-turtle-is-around',1,'2014-07-23 14:39:37','2014-08-07 15:01:18','dd8d7897-8ebd-4787-b12b-894b0a213066'),
	(88,56,'en_us','',NULL,1,'2014-07-23 14:39:37','2014-07-28 21:39:34','d91f7c05-7f67-4358-8824-061b179b5b11'),
	(91,58,'es','',NULL,1,'2014-07-23 14:59:22','2014-07-27 20:07:20','ed46ddfb-4e00-45d9-b449-7fd745f1cf22'),
	(98,62,'en_us','',NULL,1,'2014-07-27 19:48:57','2014-07-27 19:48:57','f7cdf06b-c2dc-4d2a-a206-e2f83018ed14'),
	(99,62,'es','',NULL,1,'2014-07-27 19:48:57','2014-07-27 19:48:57','d00df12a-f700-40dd-aaaa-18ba204b76c6'),
	(100,63,'en_us','',NULL,1,'2014-07-27 19:49:28','2014-07-27 19:49:28','650a7d71-f6ca-4c9a-b22b-2d65190901e9'),
	(101,63,'es','',NULL,1,'2014-07-27 19:49:28','2014-07-27 19:49:28','2f50dfe1-981d-441e-aeae-026d9e77482b'),
	(102,64,'en_us','',NULL,1,'2014-07-27 20:07:17','2014-07-27 20:07:17','733e7214-289f-41ba-930f-d714d31c0d30'),
	(103,64,'es','',NULL,1,'2014-07-27 20:07:17','2014-07-27 20:07:17','02db6edd-93b2-4adb-9a97-1dfdb1cd95d8'),
	(104,65,'en_us','',NULL,1,'2014-07-27 20:16:55','2014-07-27 20:16:55','35bb1235-7a78-4999-b9f7-80a323373180'),
	(105,65,'es','',NULL,1,'2014-07-27 20:16:55','2014-07-27 20:16:55','87f3443c-77f6-4e7d-ac16-45cab7b31893'),
	(106,66,'en_us','a-new-test-english-entry','news-events/2014/a-new-test-english-entry',1,'2014-07-27 20:16:58','2014-08-07 15:01:18','72046518-3f9d-4855-9572-cfd33b48e3d1'),
	(107,66,'es','a-new-test-english-entry','noticias-eventos/2014/a-new-test-english-entry',1,'2014-07-27 20:16:58','2014-08-07 15:01:18','c2b62ebf-636d-4f4f-9957-3b09134f7183'),
	(108,67,'en_us','',NULL,1,'2014-07-27 20:16:58','2014-07-29 20:38:38','2d0ad47e-6d17-49bd-acc7-9d0b05d746af'),
	(109,68,'es','',NULL,1,'2014-07-27 20:17:36','2014-07-29 20:55:03','c6ae292b-5d24-46a1-b45f-e448a56f1c97'),
	(110,69,'en_us','threatsfront','threats',1,'2014-07-27 20:47:31','2014-08-07 14:55:14','d9572ad8-7574-45f7-bfeb-a10005f550ef'),
	(111,69,'es','threatsfront','amenazas',1,'2014-07-27 20:47:31','2014-08-07 14:55:14','c602729a-76ad-4c17-8912-100ff3e5784c'),
	(112,70,'en_us','tlt-threat-development',NULL,1,'2014-07-27 21:01:05','2014-07-31 15:44:50','c92031ad-2a57-40ca-923d-833cea872d65'),
	(113,70,'es','tlt-threat-development',NULL,1,'2014-07-27 21:01:05','2014-07-31 15:44:50','d2cd94ce-7d97-46e4-9243-b168c2914ddf'),
	(114,71,'en_us','development','threats/development',1,'2014-07-27 21:02:06','2014-08-07 19:27:22','5fabcfc3-e5ec-4aa5-9390-f624d1e8b47b'),
	(115,71,'es','urbanización','amenazas/urbanización',1,'2014-07-27 21:02:06','2014-08-07 19:27:22','da75695f-d453-446b-abab-fe571ed5bcd0'),
	(116,72,'en_us','',NULL,1,'2014-07-27 21:02:06','2014-08-07 19:27:23','3b3ac394-5de0-40b2-8eec-bba7082310f6'),
	(117,73,'es','',NULL,1,'2014-07-27 21:02:25','2014-08-07 15:28:01','5e35ea69-9552-490b-83a7-fc9095582275'),
	(118,74,'en_us','',NULL,1,'2014-07-28 21:39:31','2014-07-28 21:39:31','7bca870d-c80e-426f-96e4-acddb011f5b5'),
	(119,74,'es','',NULL,1,'2014-07-28 21:39:31','2014-07-28 21:39:31','ce13df25-4e0c-4c75-b0da-44eabb91f94d'),
	(120,75,'en_us','',NULL,1,'2014-07-28 21:42:19','2014-07-28 21:42:19','9b071a0a-8495-479e-80cf-fdaf5ceb4626'),
	(121,75,'es','',NULL,1,'2014-07-28 21:42:19','2014-07-28 21:42:19','dbc940f4-1428-4e34-8308-46a15aa6378f'),
	(122,76,'en_us','',NULL,1,'2014-07-29 14:41:44','2014-07-29 14:41:44','485e170c-caa6-480f-bfce-9411f4d6f27a'),
	(123,76,'es','',NULL,1,'2014-07-29 14:41:44','2014-07-29 14:41:44','74eda3f3-cf9d-4cda-af02-10606fdd56f2'),
	(124,77,'en_us','',NULL,1,'2014-07-29 14:41:50','2014-07-29 14:41:50','2da70511-43c9-4525-a6c0-a986c64c9dbe'),
	(125,77,'es','',NULL,1,'2014-07-29 14:41:50','2014-07-29 14:41:50','b7c1d121-a23d-49bf-86de-e960c771b4b8'),
	(126,78,'en_us','',NULL,1,'2014-07-29 14:42:12','2014-07-29 14:42:12','c1937f96-0137-4774-8bf7-7621bd7b974f'),
	(127,78,'es','',NULL,1,'2014-07-29 14:42:12','2014-07-29 14:42:12','dc953841-b963-4858-b4a7-d41e2a3e40d3'),
	(128,79,'en_us','',NULL,1,'2014-07-29 14:42:40','2014-07-29 14:42:40','4deeacae-9049-4f0e-9dc9-836e5a91cf84'),
	(129,79,'es','',NULL,1,'2014-07-29 14:42:40','2014-07-29 14:42:40','4436bbcb-c82b-4abe-ae07-fc64dfac4943'),
	(130,80,'en_us','o-sea-turtle-documentary-facebook',NULL,1,'2014-07-29 14:45:14','2014-07-29 14:45:14','b5520fb0-574f-45ef-ba32-ab1c496a1e7c'),
	(131,80,'es','o-sea-turtle-documentary-facebook',NULL,1,'2014-07-29 14:45:14','2014-07-29 14:45:14','d89720db-b2cc-42b3-9c4e-8a6369f5c0a4'),
	(132,81,'en_us','tlt-threat-fishing2x',NULL,1,'2014-07-29 14:56:03','2014-07-29 14:56:03','39e15d6b-f61c-4e35-ab4a-2964e379b273'),
	(133,81,'es','tlt-threat-fishing2x',NULL,1,'2014-07-29 14:56:03','2014-07-29 14:56:03','78c58809-cf34-4be8-a1ec-c9c422e8d1a5'),
	(134,82,'en_us','fishing','threats/fishing',1,'2014-07-29 14:56:24','2014-08-07 15:27:45','ff83333a-c2d3-4b8f-87be-2182832bbf3b'),
	(135,82,'es','pesca','amenazas/pesca',1,'2014-07-29 14:56:24','2014-08-07 15:27:45','3b51ebfd-a5b9-4fa5-8efb-dfaf30224ebf'),
	(136,83,'en_us','',NULL,1,'2014-07-29 14:56:24','2014-07-31 15:57:16','0f0abd1d-cf0f-4531-9b8d-46675bceaa19'),
	(137,84,'es','',NULL,1,'2014-07-29 14:57:02','2014-08-07 15:27:45','c5452ece-f91a-4b26-95d5-888483a3164d'),
	(138,85,'en_us','tlt-threat-development2x',NULL,1,'2014-07-29 15:01:10','2014-07-29 15:01:50','27cfe720-5629-4e6b-9fac-2379155213d5'),
	(139,85,'es','tlt-threat-development2x',NULL,1,'2014-07-29 15:01:10','2014-07-29 15:01:50','78a05709-d0fa-48b9-9a91-adb3ce82d360'),
	(141,87,'en_us','',NULL,1,'2014-07-29 20:54:20','2014-07-29 20:54:20','8ebc3fde-5823-4828-8644-4f4689a178a7'),
	(142,87,'es','',NULL,1,'2014-07-29 20:54:20','2014-07-29 20:54:20','d3160564-9f2b-4fbb-b8fa-f3fcd9ae27c4'),
	(145,90,'en_us','',NULL,1,'2014-07-31 12:34:06','2014-08-07 19:27:23','fae4e984-d44a-4046-940b-2a76427b7b73'),
	(146,91,'en_us','tlt-threat-climatchange',NULL,1,'2014-07-31 15:42:27','2014-07-31 15:44:39','6bcd715c-69a8-4a4c-a4e6-d06aa599df24'),
	(147,91,'es','tlt-threat-climatchange',NULL,1,'2014-07-31 15:42:27','2014-07-31 15:44:39','9492ef40-f427-42b8-96d3-6a37eb36fd09'),
	(150,93,'en_us','tlt-threat-fishing',NULL,1,'2014-07-31 15:42:28','2014-07-31 15:44:21','824fab07-9635-46e0-ad50-046deffdd65e'),
	(151,93,'es','tlt-threat-fishing',NULL,1,'2014-07-31 15:42:28','2014-07-31 15:44:21','b2a20efb-992d-4a37-a62d-0e5af401bacc'),
	(152,94,'en_us','tlt-threat-poaching',NULL,1,'2014-07-31 15:42:29','2014-07-31 15:58:54','1ba3a5da-271b-465f-aa45-c448dc0d07a9'),
	(153,94,'es','tlt-threat-poaching',NULL,1,'2014-07-31 15:42:29','2014-07-31 15:58:54','414fcd85-aa41-4cc5-9cd7-24936586e465'),
	(154,95,'en_us','tlt-threat-pollution',NULL,1,'2014-07-31 15:42:29','2014-07-31 16:18:24','eb736af6-509e-44e2-833a-aaad7943e233'),
	(155,95,'es','tlt-threat-pollution',NULL,1,'2014-07-31 15:42:30','2014-07-31 16:18:24','1c353a16-3885-454a-997f-eb44112cdcf1'),
	(156,96,'en_us','nest-disturbance','threats/nest-disturbance',1,'2014-07-31 15:58:27','2014-08-07 15:28:20','0e305e55-211b-4952-988b-945eb2d1ac52'),
	(157,96,'es','perturbación-nido','amenazas/perturbación-nido',1,'2014-07-31 15:58:27','2014-08-07 15:28:20','06c19fca-2ecf-40b0-9f2c-7e1d53dab5cb'),
	(158,97,'en_us','',NULL,1,'2014-07-31 15:58:27','2014-07-31 15:58:27','1421711f-3ed5-4def-8913-788696067193'),
	(159,98,'es','',NULL,1,'2014-07-31 16:00:35','2014-08-07 15:28:20','4619f897-fbe5-4421-82df-fdf6be9187d5'),
	(160,99,'en_us','pollution','threats/pollution',1,'2014-07-31 16:09:33','2014-08-07 15:27:29','844406e6-b930-4f43-9484-d96ec49124f9'),
	(161,99,'es','polución','amenazas/polución',1,'2014-07-31 16:09:33','2014-08-07 15:27:29','4838c50c-3e2c-4fd0-a788-d024503d6b5e'),
	(162,100,'en_us','',NULL,1,'2014-07-31 16:09:33','2014-07-31 16:09:33','5f0a232b-e4c3-4d6d-8547-5f5ef8ef8c2d'),
	(163,101,'es','',NULL,1,'2014-07-31 16:10:48','2014-08-07 15:27:29','3ede60ce-da67-4338-999e-0c85a3784f75'),
	(164,102,'en_us','climate-change','threats/climate-change',1,'2014-07-31 16:12:30','2014-08-07 15:28:44','eb2a4ba1-ab83-4f82-9c91-e70b758c605e'),
	(165,102,'es','el-cambio-climático','amenazas/el-cambio-climático',1,'2014-07-31 16:12:30','2014-08-07 15:28:44','05fae426-4dc4-465f-97c5-e9447901ec90'),
	(166,103,'en_us','',NULL,1,'2014-07-31 16:12:30','2014-07-31 16:12:49','bc3c4286-c014-4c4c-a0fe-860c31828f95'),
	(167,104,'es','',NULL,1,'2014-07-31 16:13:16','2014-08-07 15:28:44','dbcba521-db40-4393-b71b-9a093693a1e6'),
	(168,105,'en_us','high',NULL,1,'2014-08-05 13:36:44','2014-08-05 13:36:44','9ee791f4-69c6-48e9-9b24-a76d87216a01'),
	(169,105,'es','high',NULL,1,'2014-08-05 13:36:44','2014-08-05 13:36:44','5146fac5-efc9-4710-9231-f9f4ffa0b4bd'),
	(170,106,'en_us','medium',NULL,1,'2014-08-05 13:36:46','2014-08-05 13:36:46','9cb2de2d-f6e0-4420-bf14-e3e65fae6b1f'),
	(171,106,'es','medium',NULL,1,'2014-08-05 13:36:46','2014-08-05 13:36:46','11615cfa-6693-4397-b262-6737f3d66c26'),
	(172,107,'en_us','low',NULL,1,'2014-08-05 13:36:48','2014-08-05 13:36:48','d039b623-3516-4837-9fe7-ab490f011a95'),
	(173,107,'es','low',NULL,1,'2014-08-05 13:36:48','2014-08-05 13:36:48','b4911edd-65f8-40ef-a5e4-cc217c117e25'),
	(174,108,'en_us','high',NULL,1,'2014-08-05 13:37:04','2014-08-05 13:37:04','96ca6514-f3c9-461e-9e2f-9b48431229f5'),
	(175,108,'es','high',NULL,1,'2014-08-05 13:37:04','2014-08-05 13:37:04','fe51ee21-da1e-4388-b960-0a4f9ed10292'),
	(176,109,'en_us','medium',NULL,1,'2014-08-05 13:37:06','2014-08-05 13:37:06','a26a4f2e-058f-4cb4-8ffd-ad9c79221995'),
	(177,109,'es','medium',NULL,1,'2014-08-05 13:37:06','2014-08-05 13:37:06','9d2a0edf-a960-437e-8865-4f4197dd0946'),
	(178,110,'en_us','low',NULL,1,'2014-08-05 13:37:07','2014-08-05 13:37:07','bcd5a56d-fca5-4749-9bf6-6447ffc1dbe3'),
	(179,110,'es','low',NULL,1,'2014-08-05 13:37:07','2014-08-05 13:37:07','4154d417-2691-433d-9b80-6f1594f42d5d'),
	(180,111,'en_us','board-of-advisors',NULL,1,'2014-08-05 13:37:58','2014-08-05 13:37:58','4fdea2f7-6bfd-464f-ad21-0f0289bf1ae9'),
	(181,111,'es','board-of-advisors',NULL,1,'2014-08-05 13:37:58','2014-08-05 13:37:58','35288fe8-9a53-4106-952b-2945ba49ecf7'),
	(182,112,'en_us','adam-snetman',NULL,1,'2014-08-05 13:40:17','2014-08-05 19:55:57','dc7912f4-2fe6-4c46-8009-1194ce7ab648'),
	(183,112,'es','adam-snetman',NULL,1,'2014-08-05 13:40:17','2014-08-05 19:55:57','e8b5ad75-5918-4d47-81bd-96ec2620ef40'),
	(184,113,'en_us','henry-rollins',NULL,1,'2014-08-05 13:49:52','2014-08-05 13:49:52','1e8899f5-0900-43b4-af58-5d461253c98a'),
	(185,113,'es','henry-rollins',NULL,1,'2014-08-05 13:49:52','2014-08-05 13:49:52','52e68fa3-0ec1-4732-8238-6c9ebcd053d2'),
	(186,114,'en_us','henry-rollins',NULL,1,'2014-08-05 13:50:02','2014-08-05 14:50:12','2dab151c-19e9-4423-a724-6d7eb77db4cc'),
	(187,114,'es','henry-rollins',NULL,1,'2014-08-05 13:50:02','2014-08-05 14:50:12','27ea2cea-e5af-4122-bb81-0e51ac08bec2'),
	(188,115,'en_us','kristin-wiig',NULL,1,'2014-08-05 14:53:04','2014-08-05 14:53:04','18ea36a2-bfbc-475d-be7b-0cff79293184'),
	(189,115,'es','kristin-wiig',NULL,1,'2014-08-05 14:53:04','2014-08-05 14:53:04','ec7fff51-420f-4d8b-ba11-5d220239d4e8'),
	(190,116,'en_us','kristin-wiig',NULL,1,'2014-08-05 14:53:31','2014-08-05 14:53:31','12b4f8a8-fff2-4399-abcb-6dfc0e225f04'),
	(191,116,'es','kristin-wiig',NULL,1,'2014-08-05 14:53:31','2014-08-05 14:53:31','c159e5de-0f01-436f-b2c6-c74e5a46ee59'),
	(192,117,'en_us','tristram',NULL,1,'2014-08-05 14:54:06','2014-08-05 14:54:06','fd44f805-6836-4ce6-9ec9-48287762285a'),
	(193,117,'es','tristram',NULL,1,'2014-08-05 14:54:06','2014-08-05 14:54:06','3465c7c7-7ce6-4119-9410-52e88b600a6e'),
	(194,118,'en_us','tristram-shandy',NULL,1,'2014-08-05 14:54:27','2014-08-05 14:54:27','ae8cddac-6075-43ac-bb7f-ac65984b93b2'),
	(195,118,'es','tristram-shandy',NULL,1,'2014-08-05 14:54:27','2014-08-05 14:54:27','72821577-3fc3-433f-8b15-cf2ead01b41a'),
	(196,119,'en_us','georgia-tech',NULL,1,'2014-08-05 15:00:05','2014-08-05 15:00:05','ab785525-6b4e-4a94-8b3c-5a374e38c90c'),
	(197,119,'es','georgia-tech',NULL,1,'2014-08-05 15:00:05','2014-08-05 15:00:05','98e4ff9b-2094-492b-8f25-fecf5342a31a'),
	(198,120,'en_us','gordon-and-betty-moore-foundation',NULL,1,'2014-08-05 15:00:52','2014-08-05 19:47:27','4d9bbe28-bfc3-42a7-9173-c5f9b7964767'),
	(199,120,'es','gordon-and-betty-moore-foundation',NULL,1,'2014-08-05 15:00:52','2014-08-05 19:47:27','89b7a01c-5575-478f-883b-e71ca89e34de'),
	(200,121,'en_us','moore-foundation',NULL,1,'2014-08-05 15:02:56','2014-08-05 15:02:56','953be868-a3cb-4fdf-9b95-3dcaeed82b51'),
	(201,121,'es','moore-foundation',NULL,1,'2014-08-05 15:02:56','2014-08-05 15:02:56','3e7ce42b-dff9-4553-9d34-a339ed72521a'),
	(202,122,'en_us','georgia-tech-university',NULL,1,'2014-08-05 15:04:07','2014-08-05 15:04:07','67dcd910-e895-4404-ae86-35eacf9b2776'),
	(203,122,'es','georgia-tech-university',NULL,1,'2014-08-05 15:04:07','2014-08-05 15:04:07','7d7301ef-0ae0-4c4d-a0b2-141f8672e38b'),
	(204,123,'en_us','bullis-charter-school-logo',NULL,1,'2014-08-05 15:04:41','2014-08-05 15:04:41','9bf1b23d-a881-4108-9760-472b6ff8b2e9'),
	(205,123,'es','bullis-charter-school-logo',NULL,1,'2014-08-05 15:04:41','2014-08-05 15:04:41','d9d6f5e3-5927-4448-9842-2ddb8974eb80'),
	(206,124,'en_us','bullis-charter-school',NULL,1,'2014-08-05 15:05:00','2014-08-05 19:46:53','68638281-41da-46f9-97f7-268cd5c17cbd'),
	(207,124,'es','bullis-charter-school',NULL,1,'2014-08-05 15:05:00','2014-08-05 19:46:53','21952ca9-b2a0-4226-8af6-6a7ae711b385'),
	(208,125,'en_us','heres-a-title-for-this-text-only-history-entry',NULL,1,'2014-08-05 15:06:23','2014-08-05 19:31:19','11d54805-5823-470e-b7ed-ec7729870f4f'),
	(209,125,'es','heres-a-title-for-this-text-only-history-entry',NULL,1,'2014-08-05 15:06:23','2014-08-05 19:31:19','b7e94ab0-1326-4ff0-b9e4-6172c77b9e13'),
	(210,126,'en_us','heres-a-title-for-this-history-entry.',NULL,1,'2014-08-05 15:09:22','2014-08-05 19:31:19','b18238a6-0558-4d86-a6d5-b51494a6e1bd'),
	(211,126,'es','heres-a-title-for-this-history-entry.',NULL,1,'2014-08-05 15:09:22','2014-08-05 19:31:19','38aeb780-d3c7-443e-bb9e-dac5d3205cea'),
	(212,127,'en_us','lorem-ipsum-dolor-sit-amet',NULL,1,'2014-08-05 15:10:22','2014-08-05 19:31:19','bff4f0ba-3fb2-4fa5-bc87-05505aef0a59'),
	(213,127,'es','lorem-ipsum-dolor-sit-amet',NULL,1,'2014-08-05 15:10:22','2014-08-05 19:31:19','90d893a8-eef8-4ad3-b757-c5c18f5f28f5'),
	(214,128,'en_us','lorem-ipsum-dolor-sit-amet-consecutat-velorem-dolor-adipiscing-elit',NULL,1,'2014-08-05 15:10:56','2014-08-05 19:31:19','e75e0f19-c421-4129-b466-e6bfce1bbf40'),
	(215,128,'es','lorem-ipsum-dolor-sit-amet-consecutat-velorem-dolor-adipiscing-elit',NULL,1,'2014-08-05 15:10:56','2014-08-05 19:31:19','7e8eff7c-a16c-4a95-8184-3f64fe06a7bb'),
	(216,129,'en_us','heres-a-title-for-this-text-only-history-entry',NULL,1,'2014-08-05 15:11:36','2014-08-05 19:31:19','a9c0cdc6-cd69-4f05-bf83-efb3211c9960'),
	(217,129,'es','heres-a-title-for-this-text-only-history-entry',NULL,1,'2014-08-05 15:11:36','2014-08-05 19:31:19','a7d59e21-92f4-4d95-a3e5-2aea32a28a97'),
	(218,130,'en_us','heres-a-title-for-this-entry.',NULL,1,'2014-08-05 15:12:09','2014-08-05 19:31:19','25b61cba-59fb-4a3b-8e56-35709c79ecd0'),
	(219,130,'es','heres-a-title-for-this-entry.',NULL,1,'2014-08-05 15:12:09','2014-08-05 19:31:19','e7167dfa-1548-47ee-8294-0aa08993d190'),
	(220,131,'en_us','aboutfront','about',1,'2014-08-05 15:22:58','2014-08-12 21:32:43','4e3f299d-c282-4651-83d8-d069dac447c4'),
	(221,131,'es','aboutfront','acerca',1,'2014-08-05 15:22:58','2014-08-12 21:32:43','c557bd41-4719-46b8-9ede-b1f2ccf39980'),
	(227,133,'en_us','our-team','about/our-team',1,'2014-08-05 17:26:53','2014-08-07 15:00:09','f2b40828-b874-4e5a-a49c-8a06f4b76e53'),
	(228,133,'es','our-team','acerca/our-team',1,'2014-08-05 17:26:53','2014-08-07 15:00:09','a527b9eb-db9b-4252-9534-cb54b4b49df0'),
	(229,134,'en_us','history-of-tlt','about/history-of-tlt',1,'2014-08-05 17:29:51','2014-08-12 21:47:55','6aa80133-2c31-48b6-8cb1-4b52df45196f'),
	(230,134,'es','history-of-tlt','acerca/history-of-tlt',1,'2014-08-05 17:29:51','2014-08-12 21:47:55','a3c69715-8da1-46e8-89df-c97b77c21951'),
	(231,135,'en_us','our-partners','about/our-partners',1,'2014-08-05 17:35:15','2014-08-07 15:00:09','3966a14c-9b3b-4cc7-905a-5a78d1f3b065'),
	(232,135,'es','our-partners','acerca/our-partners',1,'2014-08-05 17:35:15','2014-08-07 15:00:09','955486ad-10d1-4ca6-85be-dd456b9faa12'),
	(233,136,'en_us','a-test-page-in-the-about-section','about/a-test-page-in-the-about-section',1,'2014-08-05 19:08:37','2014-08-07 15:00:09','3e200b0a-1fa1-4f50-8c13-b2f8da305c3f'),
	(234,136,'es','a-test-page-in-the-about-section','acerca/a-test-page-in-the-about-section',1,'2014-08-05 19:08:37','2014-08-07 15:00:09','0fa2643b-f1a6-491c-82e1-c11b798f4a1a'),
	(235,137,'en_us','',NULL,1,'2014-08-05 19:08:37','2014-08-05 21:07:27','b179812e-34e9-448a-b087-a1a86468f2d3'),
	(236,138,'en_us','page404','404',1,'2014-08-07 13:57:29','2014-08-07 14:14:51','1acf5736-c4d7-40ea-bede-863df6f22b79'),
	(237,138,'es','page404','404',1,'2014-08-07 13:57:29','2014-08-07 14:14:51','588fa5c3-b63d-4036-bd24-663026482ba5'),
	(238,139,'en_us','',NULL,1,'2014-08-07 13:58:38','2014-08-07 14:14:51','bd0d82b2-30d7-454e-a2ec-22b0e0653d2d'),
	(239,140,'es','',NULL,1,'2014-08-07 13:58:51','2014-08-07 13:58:51','51a7dab3-6b4e-4d80-a2be-cbdcf03865ba'),
	(240,141,'en_us','',NULL,1,'2014-08-07 14:07:09','2014-08-07 14:14:51','8b282564-1963-47fa-84c0-40dab1220db3'),
	(241,142,'en_us','whyleatherbacksfront','why-leatherbacks',1,'2014-08-07 14:23:44','2014-08-12 21:33:37','61d88526-f0b2-4afb-b3ef-be72a306d84d'),
	(242,142,'es','whyleatherbacksfront','porque-leatherbacks',1,'2014-08-07 14:23:44','2014-08-12 21:33:37','329a48ac-6c64-4576-8f01-c53f7e5fa66f'),
	(251,143,'en_us','habits-habitats','why-leatherbacks/habits-habitats',1,'2014-08-07 15:43:59','2014-08-12 21:09:07','df885519-f02e-4f2f-9109-8347aaa8b305'),
	(252,143,'es','habits-habitats','porque-leatherbacks/habits-habitats',1,'2014-08-07 15:43:59','2014-08-12 21:09:07','903dc8f8-4f72-4074-8371-62f501a33ece'),
	(253,144,'en_us','',NULL,1,'2014-08-07 15:43:59','2014-08-12 21:09:07','c8c1b0bb-795d-4ccd-9e14-d18ff5ff062c'),
	(254,145,'es','',NULL,1,'2014-08-07 15:45:21','2014-08-07 15:45:21','aac0daf0-d452-416b-9cd8-a305eaa3767b'),
	(255,146,'en_us','turtles-hatchling-news',NULL,1,'2014-08-07 15:53:24','2014-08-07 15:53:24','07efc67d-8fd2-4606-a356-5b415cba3c02'),
	(256,146,'es','turtles-hatchling-news',NULL,1,'2014-08-07 15:53:24','2014-08-07 15:53:24','ef1c21fe-33d6-4713-9ec2-93b8c4f0dc8e'),
	(258,148,'en_us','turtle-drawing',NULL,1,'2014-08-07 16:13:44','2014-08-07 16:13:44','e06e1bb8-d943-4a1c-b75f-f24065d4add9'),
	(259,148,'es','turtle-drawing',NULL,1,'2014-08-07 16:13:44','2014-08-07 16:13:44','e3ae1c97-f409-421f-88c7-613513932c5a'),
	(260,149,'en_us','ancient-animals','why-leatherbacks/ancient-animals',1,'2014-08-07 16:14:48','2014-08-12 21:40:29','9199d670-99d0-4e27-a061-12d29ff8e515'),
	(261,149,'es','animales-antiguos','porque-leatherbacks/animales-antiguos',1,'2014-08-07 16:14:48','2014-08-12 21:40:29','168a1f5b-a4f9-41e6-968a-49102efed193'),
	(262,150,'en_us','',NULL,1,'2014-08-07 16:14:48','2014-08-12 21:40:29','20e15d2e-82a7-4668-9d52-9bd416e09065'),
	(263,151,'es','',NULL,1,'2014-08-07 16:16:21','2014-08-07 16:16:21','1c4c09a3-8d9f-4d9f-a0c0-62c1caa720f3'),
	(264,152,'en_us','',NULL,1,'2014-08-07 16:18:57','2014-08-12 21:40:29','808ed0f2-3f02-41f0-ac74-4ba0310645c4'),
	(265,153,'en_us','',NULL,1,'2014-08-07 16:21:04','2014-08-12 21:40:29','50b124f4-6c26-45b5-ac89-2fb7191f323c'),
	(266,154,'en_us','',NULL,1,'2014-08-07 16:34:28','2014-08-12 21:40:29','3f360138-e66c-44db-ae7a-fb225262b370'),
	(267,155,'en_us','',NULL,1,'2014-08-07 16:34:28','2014-08-12 21:40:29','99af657e-7205-4c53-ab65-aaaa5420ea89'),
	(268,156,'en_us','',NULL,1,'2014-08-07 18:31:20','2014-08-12 21:09:08','0a2f3137-75a0-4827-815a-7f7e9d110c4a'),
	(270,158,'en_us','',NULL,1,'2014-08-07 19:23:24','2014-08-07 19:27:23','6afad567-02bf-43ae-90d0-a950b6fdf04d'),
	(271,159,'en_us','',NULL,1,'2014-08-07 19:23:24','2014-08-07 19:27:23','c061a189-17a9-46ef-8d14-f66e649f33b7'),
	(272,160,'en_us','las-baulas','data/las-baulas',1,'2014-08-08 19:16:39','2014-08-12 17:02:29','bf8851b2-a546-4536-813f-4c6a35ead302'),
	(273,160,'es','las-baulas','datos/las-baulas',1,'2014-08-08 19:16:39','2014-08-12 17:02:29','03504d92-42de-4ff9-9356-1e90f5e0c912'),
	(274,161,'en_us','',NULL,1,'2014-08-11 20:09:31','2014-08-12 17:02:29','07452f9f-d213-4439-81b4-118186cb6f5e'),
	(275,161,'es','',NULL,1,'2014-08-11 20:09:31','2014-08-12 17:02:29','537ae0c3-1d75-45d4-ad51-0eb0bd657078'),
	(276,162,'en_us','',NULL,1,'2014-08-11 20:09:31','2014-08-12 17:02:29','1ba44b17-616c-42ff-9568-51aca5cef2b7'),
	(277,162,'es','',NULL,1,'2014-08-11 20:09:31','2014-08-12 17:02:29','bbd04566-2363-423f-bbf4-eedca9ec8d75'),
	(278,163,'en_us','',NULL,1,'2014-08-11 20:09:31','2014-08-12 17:02:29','1351c623-fbf8-4c0c-8190-d64fbe166ec5'),
	(279,163,'es','',NULL,1,'2014-08-11 20:09:32','2014-08-12 17:02:29','39d99db6-a176-49fe-a16c-79ca6c2dc029'),
	(280,164,'en_us','',NULL,1,'2014-08-11 20:12:35','2014-08-12 17:02:29','03928830-5b5a-4ffc-a054-322d56155581'),
	(281,164,'es','',NULL,1,'2014-08-11 20:12:35','2014-08-12 17:02:29','4ab5f77b-0ec0-4450-9576-cf7c321f4b49'),
	(282,165,'en_us','',NULL,1,'2014-08-11 20:12:35','2014-08-12 17:02:29','45a70f9e-5f52-407b-a00a-f65f5855f9bc'),
	(283,165,'es','',NULL,1,'2014-08-11 20:12:35','2014-08-12 17:02:29','bee07da5-f14b-40c4-a24c-40d0276e52f1'),
	(284,166,'en_us','',NULL,1,'2014-08-11 20:12:35','2014-08-12 17:02:29','c57b40eb-7c87-4824-bce7-967ec15f1af6'),
	(285,166,'es','',NULL,1,'2014-08-11 20:12:35','2014-08-12 17:02:29','8642a1d0-29fd-4761-8306-a8791c6e2933'),
	(286,167,'en_us','',NULL,1,'2014-08-11 20:12:35','2014-08-12 17:02:29','80d9739b-89fa-42e4-8193-ce1f18504eb3'),
	(287,167,'es','',NULL,1,'2014-08-11 20:12:35','2014-08-12 17:02:29','9bdabb2d-1a75-4af3-b722-f25c8eefbf36'),
	(288,168,'en_us','',NULL,1,'2014-08-11 20:12:35','2014-08-12 17:02:29','56da0615-4291-45bc-8aec-efb0688a908a'),
	(289,168,'es','',NULL,1,'2014-08-11 20:12:35','2014-08-12 17:02:29','ebeebcc1-2ac9-4281-a59d-ef0645c9cdd8'),
	(290,169,'en_us','',NULL,1,'2014-08-11 20:12:35','2014-08-12 17:02:29','c8ea1cc3-8703-4e4c-8e02-fd93e308efec'),
	(291,169,'es','',NULL,1,'2014-08-11 20:12:35','2014-08-12 17:02:29','1d120987-2775-4f38-97b3-1eb37f1b6b00'),
	(292,170,'en_us','',NULL,1,'2014-08-11 20:12:35','2014-08-12 17:02:29','5d3d0732-324f-4427-9779-f706b1a88848'),
	(293,170,'es','',NULL,1,'2014-08-11 20:12:35','2014-08-12 17:02:29','5f5575f7-4deb-46e6-8553-df2bc9e7d0d7'),
	(294,171,'en_us','',NULL,1,'2014-08-11 20:12:35','2014-08-12 17:02:29','008253bd-41b4-4348-a573-ac5c8275c829'),
	(295,171,'es','',NULL,1,'2014-08-11 20:12:35','2014-08-12 17:02:29','7bad8f07-2d59-4257-bd25-5c4aef3feee8'),
	(296,172,'en_us','',NULL,1,'2014-08-11 20:12:35','2014-08-12 17:02:29','abf0b32d-fb2d-4ebe-a925-f595f3b647f6'),
	(297,172,'es','',NULL,1,'2014-08-11 20:12:35','2014-08-12 17:02:29','b8a0060e-be9b-4b4c-842b-67d848881a72'),
	(298,173,'en_us','',NULL,1,'2014-08-11 20:12:35','2014-08-12 17:02:29','e20029f4-4e49-4fd2-9beb-2d64544df4d2'),
	(299,173,'es','',NULL,1,'2014-08-11 20:12:35','2014-08-12 17:02:29','5db300ae-8ccf-47df-91d1-af2a9d60bf60'),
	(302,175,'en_us','',NULL,1,'2014-08-12 16:22:16','2014-08-12 17:02:29','d6600392-e621-41ec-9120-3582f68e1ba9'),
	(303,175,'es','',NULL,1,'2014-08-12 16:22:16','2014-08-12 17:02:29','c2ad382b-1ac0-4561-8cb5-45fc11c2fbea'),
	(305,177,'en_us','turtle-drawing-1',NULL,1,'2014-08-12 21:39:52','2014-08-12 21:40:24','ebfddd2c-826a-4e8e-99ca-5e391d5bdbb4'),
	(306,177,'es','turtle-drawing-1',NULL,1,'2014-08-12 21:39:52','2014-08-12 21:40:25','8d334d96-eb2f-426a-884f-d538ffcafb8a');

/*!40000 ALTER TABLE `craft_elements_i18n` ENABLE KEYS */;
UNLOCK TABLES;


# Dump of table craft_emailmessages
# ------------------------------------------------------------

DROP TABLE IF EXISTS `craft_emailmessages`;

CREATE TABLE `craft_emailmessages` (
  `id` int(11) NOT NULL AUTO_INCREMENT,
  `key` char(150) COLLATE utf8_unicode_ci NOT NULL,
  `locale` char(12) COLLATE utf8_unicode_ci NOT NULL,
  `subject` varchar(1000) COLLATE utf8_unicode_ci NOT NULL,
  `body` text COLLATE utf8_unicode_ci NOT NULL,
  `dateCreated` datetime NOT NULL,
  `dateUpdated` datetime NOT NULL,
  `uid` char(36) COLLATE utf8_unicode_ci NOT NULL DEFAULT '0',
  PRIMARY KEY (`id`),
  UNIQUE KEY `craft_emailmessages_key_locale_unq_idx` (`key`,`locale`),
  KEY `craft_emailmessages_locale_fk` (`locale`),
  CONSTRAINT `craft_emailmessages_locale_fk` FOREIGN KEY (`locale`) REFERENCES `craft_locales` (`locale`) ON DELETE CASCADE ON UPDATE CASCADE
) ENGINE=InnoDB DEFAULT CHARSET=utf8 COLLATE=utf8_unicode_ci;



# Dump of table craft_entries
# ------------------------------------------------------------

DROP TABLE IF EXISTS `craft_entries`;

CREATE TABLE `craft_entries` (
  `id` int(11) NOT NULL,
  `sectionId` int(11) NOT NULL,
  `typeId` int(11) DEFAULT NULL,
  `authorId` int(11) DEFAULT NULL,
  `postDate` datetime DEFAULT NULL,
  `expiryDate` datetime DEFAULT NULL,
  `dateCreated` datetime NOT NULL,
  `dateUpdated` datetime NOT NULL,
  `uid` char(36) COLLATE utf8_unicode_ci NOT NULL DEFAULT '0',
  PRIMARY KEY (`id`),
  KEY `craft_entries_sectionId_idx` (`sectionId`),
  KEY `craft_entries_typeId_idx` (`typeId`),
  KEY `craft_entries_postDate_idx` (`postDate`),
  KEY `craft_entries_expiryDate_idx` (`expiryDate`),
  KEY `craft_entries_authorId_fk` (`authorId`),
  CONSTRAINT `craft_entries_authorId_fk` FOREIGN KEY (`authorId`) REFERENCES `craft_users` (`id`) ON DELETE CASCADE,
  CONSTRAINT `craft_entries_id_fk` FOREIGN KEY (`id`) REFERENCES `craft_elements` (`id`) ON DELETE CASCADE,
  CONSTRAINT `craft_entries_sectionId_fk` FOREIGN KEY (`sectionId`) REFERENCES `craft_sections` (`id`) ON DELETE CASCADE,
  CONSTRAINT `craft_entries_typeId_fk` FOREIGN KEY (`typeId`) REFERENCES `craft_entrytypes` (`id`) ON DELETE CASCADE
) ENGINE=InnoDB DEFAULT CHARSET=utf8 COLLATE=utf8_unicode_ci;

LOCK TABLES `craft_entries` WRITE;
/*!40000 ALTER TABLE `craft_entries` DISABLE KEYS */;

INSERT INTO `craft_entries` (`id`, `sectionId`, `typeId`, `authorId`, `postDate`, `expiryDate`, `dateCreated`, `dateUpdated`, `uid`)
VALUES
	(2,1,1,NULL,'2014-07-17 14:48:51',NULL,'2014-07-16 22:01:00','2014-08-05 22:34:15','2f854ee3-f283-4736-8eb5-0c811a538ec6'),
	(11,3,3,1,'2014-07-21 04:00:00',NULL,'2014-07-21 15:39:20','2014-07-29 14:42:42','d6a039e3-d17a-443e-b92e-764352469e46'),
	(34,3,4,1,'2014-07-28 22:36:00',NULL,'2014-07-21 22:36:20','2014-08-12 21:46:31','27c89839-347a-4eb5-99b9-a3c30395e2c2'),
	(44,3,3,41,'2014-07-23 08:00:00',NULL,'2014-07-22 16:43:37','2014-07-29 20:37:54','189e7dc6-5e45-4bde-b9b1-744a86b9aea2'),
	(49,4,5,NULL,'2014-08-07 15:01:24',NULL,'2014-07-23 13:46:44','2014-08-07 15:01:24','a359e769-1f76-440a-9add-95832a0095d5'),
	(52,3,3,1,'2014-07-23 14:38:00',NULL,'2014-07-23 14:38:09','2014-07-29 14:45:22','9bc87a75-1eb9-47d8-a85c-0a1dc9908f3c'),
	(55,3,3,1,'2014-07-23 14:39:00',NULL,'2014-07-23 14:39:37','2014-07-28 21:39:34','f443d6f6-66f5-468d-8884-e7b8aeb4f949'),
	(66,3,3,1,'2014-07-27 20:16:00',NULL,'2014-07-27 20:16:58','2014-07-29 20:55:03','8a25f4eb-bb1a-4614-94bc-453a392fa74e'),
	(69,5,6,NULL,'2014-08-07 14:55:13',NULL,'2014-07-27 20:47:31','2014-08-07 14:55:13','f99a4ba1-fc2a-4925-a5c4-a6e33d235482'),
	(71,6,7,1,'2014-07-27 21:02:00',NULL,'2014-07-27 21:02:06','2014-08-07 19:27:23','b5d29e0f-1060-485d-92a7-57ff565ccdb0'),
	(82,6,7,1,'2014-07-29 14:56:00',NULL,'2014-07-29 14:56:24','2014-08-07 15:27:45','a6d195ab-25cc-4558-85e9-9f5e9e60328c'),
	(96,6,7,1,'2014-07-31 15:58:00',NULL,'2014-07-31 15:58:27','2014-08-07 15:28:20','91576d49-a1b9-4794-ae1f-c5f89d724c16'),
	(99,6,7,1,'2014-07-31 16:09:00',NULL,'2014-07-31 16:09:33','2014-08-07 15:27:29','db71a019-4257-44da-8dda-f343ca6a1aa3'),
	(102,6,7,1,'2014-07-31 16:12:00',NULL,'2014-07-31 16:12:30','2014-08-07 15:28:44','e9b26c58-915f-4375-990f-f399f8219bad'),
	(112,7,8,1,'2014-08-05 13:40:00',NULL,'2014-08-05 13:40:17','2014-08-05 19:55:57','b7d8d58a-eb56-4ba5-bf3b-7ad4f32b18d3'),
	(114,7,8,1,'2014-08-05 13:50:00',NULL,'2014-08-05 13:50:02','2014-08-05 14:50:12','66edf21c-5677-41b9-b162-08a4f9e97b2f'),
	(116,7,8,1,'2014-08-05 14:53:31',NULL,'2014-08-05 14:53:31','2014-08-05 14:53:31','fdf80971-ab4d-49c9-9401-4820e36b433e'),
	(118,7,8,1,'2014-08-05 14:54:27',NULL,'2014-08-05 14:54:27','2014-08-05 14:54:27','bd7e0a65-009a-4d1b-8a70-9edd063f03f7'),
	(120,8,11,1,'2014-08-05 16:00:00',NULL,'2014-08-05 15:00:52','2014-08-05 19:47:27','ba109d51-e36a-4ba8-a028-f783a391dba3'),
	(122,8,11,1,'2014-08-05 15:04:07',NULL,'2014-08-05 15:04:07','2014-08-05 15:04:07','d7f78c40-8d9d-4653-b94a-5a3efae9cdef'),
	(124,8,11,1,'2014-08-05 15:05:00',NULL,'2014-08-05 15:05:00','2014-08-05 19:46:53','bc6aa973-acf2-4452-a620-abe145d24884'),
	(125,10,14,1,'2012-06-10 04:00:00',NULL,'2014-08-05 15:06:23','2014-08-05 15:08:33','1d39b734-ccb1-4169-809a-d300f4750443'),
	(126,10,14,1,'2012-05-11 04:00:00',NULL,'2014-08-05 15:09:22','2014-08-05 15:09:22','a71c8063-df7d-43dd-8a12-3c7d182a8f34'),
	(127,10,14,1,'2012-07-15 04:00:00',NULL,'2014-08-05 15:10:22','2014-08-05 15:10:22','55891370-b3b3-4f26-be88-e7552e41ce81'),
	(128,10,14,1,'2012-08-06 04:00:00',NULL,'2014-08-05 15:10:56','2014-08-05 15:10:56','579253a0-ffed-404d-94c4-bc5e922276c3'),
	(129,10,14,1,'2014-03-07 05:00:00',NULL,'2014-08-05 15:11:36','2014-08-05 15:11:36','3a62a13a-9bca-43c5-ac1f-da0bf53fca5b'),
	(130,10,14,1,'2014-08-04 04:00:00',NULL,'2014-08-05 15:12:09','2014-08-05 15:12:41','a47b8617-018a-4adc-a9f9-3cbefa8cb6cd'),
	(131,11,15,NULL,'2014-08-07 15:00:17',NULL,'2014-08-05 15:22:58','2014-08-12 21:32:43','aa96bddc-51cc-4650-82f0-0acbd1936a67'),
	(133,12,17,1,'2014-08-05 17:26:00',NULL,'2014-08-05 17:26:53','2014-08-05 17:27:48','6e68be7c-ea9e-4ffe-9c65-2255915aaa00'),
	(134,12,18,1,'2014-08-05 17:29:00',NULL,'2014-08-05 17:29:51','2014-08-05 17:30:39','769c7ecb-eeab-45c9-9aa5-e49a0a80c016'),
	(135,12,19,1,'2014-08-05 17:35:00',NULL,'2014-08-05 17:35:15','2014-08-05 20:46:58','508af213-650e-46e3-bf9b-d372cb4af032'),
	(136,12,16,1,'2014-08-05 19:08:00',NULL,'2014-08-05 19:08:37','2014-08-05 21:07:27','66dc98d8-e8e8-4828-97c8-f718588bd9a0'),
	(138,13,20,NULL,'2014-08-07 13:57:29',NULL,'2014-08-07 13:57:29','2014-08-07 14:14:51','54607b72-d0a8-4252-81aa-7f817f8ecbab'),
	(142,14,21,NULL,'2014-08-07 14:23:44',NULL,'2014-08-07 14:23:44','2014-08-12 21:33:37','c4e38fbe-1211-41a0-9211-29e5ca6f421a'),
	(143,15,22,1,'2014-08-07 15:43:00',NULL,'2014-08-07 15:43:59','2014-08-12 21:09:08','9fab59b4-f19c-4953-b6d6-13a96c4e46f5'),
	(149,15,22,1,'2014-08-07 16:14:00',NULL,'2014-08-07 16:14:48','2014-08-12 21:40:29','c78290c9-ecd1-4d0f-b26a-12e7cf12085e'),
	(160,16,23,1,'2014-08-08 19:16:00',NULL,'2014-08-08 19:16:39','2014-08-12 17:02:29','3085a108-e17e-4c2c-bfda-8399953322eb');

/*!40000 ALTER TABLE `craft_entries` ENABLE KEYS */;
UNLOCK TABLES;


# Dump of table craft_entrydrafts
# ------------------------------------------------------------

DROP TABLE IF EXISTS `craft_entrydrafts`;

CREATE TABLE `craft_entrydrafts` (
  `id` int(11) NOT NULL AUTO_INCREMENT,
  `entryId` int(11) NOT NULL,
  `sectionId` int(11) NOT NULL,
  `creatorId` int(11) NOT NULL,
  `locale` char(12) COLLATE utf8_unicode_ci NOT NULL,
  `name` varchar(255) COLLATE utf8_unicode_ci NOT NULL,
  `notes` tinytext COLLATE utf8_unicode_ci,
  `data` mediumtext COLLATE utf8_unicode_ci NOT NULL,
  `dateCreated` datetime NOT NULL,
  `dateUpdated` datetime NOT NULL,
  `uid` char(36) COLLATE utf8_unicode_ci NOT NULL DEFAULT '0',
  PRIMARY KEY (`id`),
  KEY `craft_entrydrafts_entryId_locale_idx` (`entryId`,`locale`),
  KEY `craft_entrydrafts_sectionId_fk` (`sectionId`),
  KEY `craft_entrydrafts_creatorId_fk` (`creatorId`),
  KEY `craft_entrydrafts_locale_fk` (`locale`),
  CONSTRAINT `craft_entrydrafts_creatorId_fk` FOREIGN KEY (`creatorId`) REFERENCES `craft_users` (`id`) ON DELETE CASCADE,
  CONSTRAINT `craft_entrydrafts_entryId_fk` FOREIGN KEY (`entryId`) REFERENCES `craft_entries` (`id`) ON DELETE CASCADE,
  CONSTRAINT `craft_entrydrafts_locale_fk` FOREIGN KEY (`locale`) REFERENCES `craft_locales` (`locale`) ON DELETE CASCADE ON UPDATE CASCADE,
  CONSTRAINT `craft_entrydrafts_sectionId_fk` FOREIGN KEY (`sectionId`) REFERENCES `craft_sections` (`id`) ON DELETE CASCADE
) ENGINE=InnoDB DEFAULT CHARSET=utf8 COLLATE=utf8_unicode_ci;

LOCK TABLES `craft_entrydrafts` WRITE;
/*!40000 ALTER TABLE `craft_entrydrafts` DISABLE KEYS */;

INSERT INTO `craft_entrydrafts` (`id`, `entryId`, `sectionId`, `creatorId`, `locale`, `name`, `notes`, `data`, `dateCreated`, `dateUpdated`, `uid`)
VALUES
	(1,120,8,1,'en_us','Draft 1',NULL,'{\"typeId\":null,\"authorId\":\"1\",\"title\":\"Gordon and Betty Moore Foundation\",\"slug\":\"gordon-and-betty-moore-foundation\",\"postDate\":null,\"expiryDate\":null,\"enabled\":1,\"fields\":{\"84\":[\"119\"],\"83\":\"\",\"86\":\"gatech.edu\",\"85\":\"http:\\/\\/www.gatech.edu\"}}','2014-08-05 15:00:52','2014-08-05 15:00:52','ec97a88c-037c-49a3-a1d2-225fa5ad2394'),
	(2,125,10,1,'en_us','Draft 1',NULL,'{\"typeId\":null,\"authorId\":\"1\",\"title\":\"Here\\u2019s a title for this text only history entry\",\"slug\":\"heres-a-title-for-this-text-only-history-entry\",\"postDate\":null,\"expiryDate\":null,\"enabled\":1,\"fields\":{\"88\":\"<p>Entry description lorem ipsum dolor sit amet consecutat velorem dolor. Sed feugiat justo vitae purus aliquet, et mattis lacus porta. Pellentesque ac tempus nibh.<\\/p>\",\"89\":\"\"}}','2014-08-05 15:06:23','2014-08-05 15:06:23','c936c315-4791-4e12-beb0-ea286c1993ea');

/*!40000 ALTER TABLE `craft_entrydrafts` ENABLE KEYS */;
UNLOCK TABLES;


# Dump of table craft_entrytypes
# ------------------------------------------------------------

DROP TABLE IF EXISTS `craft_entrytypes`;

CREATE TABLE `craft_entrytypes` (
  `id` int(11) NOT NULL AUTO_INCREMENT,
  `sectionId` int(11) NOT NULL,
  `fieldLayoutId` int(11) DEFAULT NULL,
  `name` varchar(255) COLLATE utf8_unicode_ci NOT NULL,
  `handle` varchar(255) COLLATE utf8_unicode_ci NOT NULL,
  `hasTitleField` tinyint(1) unsigned NOT NULL DEFAULT '1',
  `titleLabel` varchar(255) COLLATE utf8_unicode_ci DEFAULT 'Title',
  `titleFormat` varchar(255) COLLATE utf8_unicode_ci DEFAULT NULL,
  `sortOrder` tinyint(4) DEFAULT NULL,
  `dateCreated` datetime NOT NULL,
  `dateUpdated` datetime NOT NULL,
  `uid` char(36) COLLATE utf8_unicode_ci NOT NULL DEFAULT '0',
  PRIMARY KEY (`id`),
  UNIQUE KEY `craft_entrytypes_name_sectionId_unq_idx` (`name`,`sectionId`),
  UNIQUE KEY `craft_entrytypes_handle_sectionId_unq_idx` (`handle`,`sectionId`),
  KEY `craft_entrytypes_sectionId_fk` (`sectionId`),
  KEY `craft_entrytypes_fieldLayoutId_fk` (`fieldLayoutId`),
  CONSTRAINT `craft_entrytypes_fieldLayoutId_fk` FOREIGN KEY (`fieldLayoutId`) REFERENCES `craft_fieldlayouts` (`id`) ON DELETE SET NULL,
  CONSTRAINT `craft_entrytypes_sectionId_fk` FOREIGN KEY (`sectionId`) REFERENCES `craft_sections` (`id`) ON DELETE CASCADE
) ENGINE=InnoDB DEFAULT CHARSET=utf8 COLLATE=utf8_unicode_ci;

LOCK TABLES `craft_entrytypes` WRITE;
/*!40000 ALTER TABLE `craft_entrytypes` DISABLE KEYS */;

INSERT INTO `craft_entrytypes` (`id`, `sectionId`, `fieldLayoutId`, `name`, `handle`, `hasTitleField`, `titleLabel`, `titleFormat`, `sortOrder`, `dateCreated`, `dateUpdated`, `uid`)
VALUES
	(1,1,214,'Homepage','homepage',1,NULL,NULL,NULL,'2014-07-16 22:01:00','2014-08-05 22:31:40','ab54d878-dd57-41e4-998e-cd275bad9bc6'),
	(3,3,83,'News','news',1,'Title',NULL,NULL,'2014-07-21 13:43:23','2014-07-27 19:48:13','0a7bff31-dc61-402a-bd28-b15d839d3fc0'),
	(4,3,163,'Event','event',1,'Name',NULL,NULL,'2014-07-21 13:46:28','2014-07-30 15:43:55','6a92aa99-337b-41be-9ce2-e77a69a87a7c'),
	(5,4,206,'News & events landing','newsAndEventsLanding',1,NULL,NULL,NULL,'2014-07-23 13:46:44','2014-08-05 15:47:43','4601876d-ac13-4045-b91f-cb953f97a89a'),
	(6,5,204,'Threats section front','threatsFront',1,NULL,NULL,NULL,'2014-07-27 20:47:31','2014-08-05 15:45:37','2d032dd7-0a21-4e9c-8471-dd0058645d62'),
	(7,6,165,'Threats','threats',1,'Title',NULL,NULL,'2014-07-27 20:48:22','2014-07-31 12:52:55','76ceac0d-e7f4-4bf9-bba2-70e3fcd001a6'),
	(8,7,195,'People','people',0,NULL,'{nameFirst}-{nameLast}',NULL,'2014-08-05 13:29:04','2014-08-05 14:52:17','54b87985-23e4-4d49-a450-42565158a53f'),
	(11,8,191,'Partners','partners',1,'Name',NULL,NULL,'2014-08-05 14:16:12','2014-08-05 14:42:00','150c0931-c859-4f1e-98cc-dc78faae1fcf'),
	(12,9,189,'Organizations','orgs',1,'Name',NULL,NULL,'2014-08-05 14:16:29','2014-08-05 14:40:41','7957749d-8efc-49ab-bccb-db50e461eb7b'),
	(13,9,190,'Individuals','individuals',0,NULL,'{nameFirst}-{nameLast}',NULL,'2014-08-05 14:23:57','2014-08-05 14:41:19','14fd1281-826a-4ee6-8c1b-5467ad8d8896'),
	(14,10,194,'History','history',1,'Title',NULL,NULL,'2014-08-05 14:44:12','2014-08-05 14:45:38','c7d807ad-7a9f-4170-9918-aa71ec4808c6'),
	(15,11,303,'About section front','aboutFront',1,NULL,NULL,NULL,'2014-08-05 15:22:58','2014-08-12 21:33:54','f6fe72f4-1045-4336-ba82-2e50ab8321b5'),
	(16,12,208,'Interior page','interior',1,'Title',NULL,NULL,'2014-08-05 16:02:08','2014-08-05 16:05:16','f9ddf818-b876-4f7f-ba70-b53528a7eb42'),
	(17,12,210,'Team listing','teamListing',1,'Title',NULL,NULL,'2014-08-05 16:06:59','2014-08-05 16:07:56','b425b199-d500-4670-a9a9-62d190a335f5'),
	(18,12,212,'History timeline','historyTimeline',1,'Title',NULL,NULL,'2014-08-05 17:19:44','2014-08-05 17:20:14','948d30d7-6805-4715-b2fd-0d332e160feb'),
	(19,12,213,'Partners listing','partnersListing',1,'Title',NULL,NULL,'2014-08-05 17:33:17','2014-08-05 17:33:17','17f56e84-abeb-44b5-9ec5-4aaecbf394bd'),
	(20,13,218,'404 page','page404',1,NULL,NULL,NULL,'2014-08-07 13:57:29','2014-08-07 14:00:40','3c865d50-704b-4e38-afb7-061783df15c3'),
	(21,14,300,'Why Leatherbacks section front','whyLeatherbacksFront',1,NULL,NULL,NULL,'2014-08-07 14:23:44','2014-08-12 21:30:13','ce34fd61-2127-40c3-a21b-1fe57607fa16'),
	(22,15,222,'Interior page','interior',1,'Title',NULL,NULL,'2014-08-07 14:26:38','2014-08-07 14:29:41','2d93d565-ce30-4b57-92f1-58a91dd74ab2'),
	(23,16,299,'Graphic data','graphicData',1,'Title',NULL,NULL,'2014-08-08 19:16:39','2014-08-12 17:01:35','4ea59b08-9288-4f41-ac22-aa98ff54e6c1');

/*!40000 ALTER TABLE `craft_entrytypes` ENABLE KEYS */;
UNLOCK TABLES;


# Dump of table craft_entryversions
# ------------------------------------------------------------

DROP TABLE IF EXISTS `craft_entryversions`;

CREATE TABLE `craft_entryversions` (
  `id` int(11) NOT NULL AUTO_INCREMENT,
  `entryId` int(11) NOT NULL,
  `sectionId` int(11) NOT NULL,
  `creatorId` int(11) DEFAULT NULL,
  `locale` char(12) COLLATE utf8_unicode_ci NOT NULL,
  `num` smallint(6) unsigned NOT NULL,
  `notes` tinytext COLLATE utf8_unicode_ci,
  `data` mediumtext COLLATE utf8_unicode_ci NOT NULL,
  `dateCreated` datetime NOT NULL,
  `dateUpdated` datetime NOT NULL,
  `uid` char(36) COLLATE utf8_unicode_ci NOT NULL DEFAULT '0',
  PRIMARY KEY (`id`),
  KEY `craft_entryversions_entryId_locale_idx` (`entryId`,`locale`),
  KEY `craft_entryversions_sectionId_fk` (`sectionId`),
  KEY `craft_entryversions_creatorId_fk` (`creatorId`),
  KEY `craft_entryversions_locale_fk` (`locale`),
  CONSTRAINT `craft_entryversions_creatorId_fk` FOREIGN KEY (`creatorId`) REFERENCES `craft_users` (`id`) ON DELETE SET NULL,
  CONSTRAINT `craft_entryversions_entryId_fk` FOREIGN KEY (`entryId`) REFERENCES `craft_entries` (`id`) ON DELETE CASCADE,
  CONSTRAINT `craft_entryversions_locale_fk` FOREIGN KEY (`locale`) REFERENCES `craft_locales` (`locale`) ON DELETE CASCADE ON UPDATE CASCADE,
  CONSTRAINT `craft_entryversions_sectionId_fk` FOREIGN KEY (`sectionId`) REFERENCES `craft_sections` (`id`) ON DELETE CASCADE
) ENGINE=InnoDB DEFAULT CHARSET=utf8 COLLATE=utf8_unicode_ci;

LOCK TABLES `craft_entryversions` WRITE;
/*!40000 ALTER TABLE `craft_entryversions` DISABLE KEYS */;

INSERT INTO `craft_entryversions` (`id`, `entryId`, `sectionId`, `creatorId`, `locale`, `num`, `notes`, `data`, `dateCreated`, `dateUpdated`, `uid`)
VALUES
	(1,2,1,1,'en_us',1,'','{\"typeId\":\"1\",\"authorId\":null,\"title\":\"Homepage\",\"slug\":\"homepage\",\"postDate\":1405608531,\"expiryDate\":null,\"enabled\":1,\"fields\":{\"18\":\"\",\"19\":\"\",\"17\":\"\",\"16\":\"\",\"23\":\"<p>If there is some additional information, then it will be set like this in some descriptive text that will accompany the caption like so.<\\/p>\",\"22\":\"Headline for image caption here lorem ipsum dolor\",\"20\":\"\",\"25\":\"<p>Leatherback turtles are critically endangered worldwide. Populations of Eastern Pacific leatherbacks declined 90% since 1990. The Leatherback Trust (TLT) aims to reverse this trend by tackling the <a href=\\\"http:\\/\\/leatherback.startingnow.co\\/html-v2\\/homepage.html#\\\" style=\\\"font-family: Arial, Helvetica, Verdana, Tahoma, sans-serif; font-size: 14px;\\\">5 most deadly threats<\\/a> to leatherbacks and other sea turtles. Our scientists <a href=\\\"http:\\/\\/leatherback.startingnow.co\\/html-v2\\/homepage.html#\\\" style=\\\"font-family: Arial, Helvetica, Verdana, Tahoma, sans-serif; font-size: 14px;\\\">conduct research<\\/a> at nesting beaches and at sea, collecting critical data to support conservation interventions. We <a href=\\\"http:\\/\\/leatherback.startingnow.co\\/html-v2\\/homepage.html#\\\" style=\\\"font-family: Arial, Helvetica, Verdana, Tahoma, sans-serif; font-size: 14px;\\\">partner with communities<\\/a> to <a href=\\\"http:\\/\\/leatherback.startingnow.co\\/html-v2\\/homepage.html#\\\" style=\\\"font-family: Arial, Helvetica, Verdana, Tahoma, sans-serif; font-size: 14px;\\\">protect nesting beaches<\\/a> and work with governments to <a href=\\\"http:\\/\\/leatherback.startingnow.co\\/html-v2\\/homepage.html#\\\" style=\\\"font-family: Arial, Helvetica, Verdana, Tahoma, sans-serif; font-size: 14px;\\\">inform sustainable development and fisheries management priorities<\\/a>.<\\/p>\",\"24\":\"<p>The Leatherback Trust is a non-profit organization dedicated to saving the leatherback sea turtle. Our mission is to promote the conservation of leatherbacks and other turtles at risk of extinction.<\\/p>\",\"15\":\"\"}}','2014-07-17 20:16:35','2014-07-17 20:16:35','e84c64d0-c1d3-4bc2-997c-e453b9738735'),
	(2,2,1,1,'en_us',2,'','{\"typeId\":\"1\",\"authorId\":null,\"title\":\"Homepage\",\"slug\":\"homepage\",\"postDate\":1405608531,\"expiryDate\":null,\"enabled\":1,\"fields\":{\"18\":\"\",\"19\":\"\",\"17\":\"\",\"16\":\"\",\"23\":\"<p>If there is some additional information, then it will be set like this in some descriptive text that will accompany the caption like so.<\\/p>\",\"22\":\"Headline for image caption here lorem ipsum dolor\",\"20\":\"\",\"25\":\"<p>Leatherback turtles are critically endangered worldwide. Populations of Eastern Pacific leatherbacks declined 90% since 1990. The Leatherback Trust (TLT) aims to reverse this trend by tackling the <a href=\\\"http:\\/\\/leatherback.startingnow.co\\/html-v2\\/homepage.html#\\\">5 most deadly threats<\\/a> to leatherbacks and other sea turtles. Our scientists <a href=\\\"http:\\/\\/leatherback.startingnow.co\\/html-v2\\/homepage.html#\\\">conduct research<\\/a> at nesting beaches and at sea, collecting critical data to support conservation interventions. We <a href=\\\"http:\\/\\/leatherback.startingnow.co\\/html-v2\\/homepage.html#\\\">partner with communities<\\/a> to <a href=\\\"http:\\/\\/leatherback.startingnow.co\\/html-v2\\/homepage.html#\\\">protect nesting beaches<\\/a> and work with governments to <a href=\\\"http:\\/\\/leatherback.startingnow.co\\/html-v2\\/homepage.html#\\\">inform sustainable development and fisheries management priorities<\\/a>.<\\/p>\",\"24\":\"<p>The Leatherback Trust is a non-profit organization dedicated to saving the leatherback sea turtle. Our mission is to promote the conservation of leatherbacks and other turtles at risk of extinction.<\\/p>\",\"15\":\"\"}}','2014-07-17 20:17:21','2014-07-17 20:17:21','5d911060-0a95-4432-8893-d132b6e6a5eb'),
	(3,2,1,1,'en_us',3,'','{\"typeId\":\"1\",\"authorId\":null,\"title\":\"Homepage\",\"slug\":\"homepage\",\"postDate\":1405608531,\"expiryDate\":null,\"enabled\":1,\"fields\":{\"18\":\"\",\"19\":\"\",\"17\":\"\",\"16\":\"\",\"23\":\"<p>If there is some additional information, then it will be set like this in some descriptive text that will accompany the caption like so.<\\/p>\",\"22\":\"Headline for image caption here lorem ipsum dolor\",\"20\":[\"8\"],\"25\":\"<p>Leatherback turtles are critically endangered worldwide. Populations of Eastern Pacific leatherbacks declined 90% since 1990. The Leatherback Trust (TLT) aims to reverse this trend by tackling the <a href=\\\"http:\\/\\/leatherback.startingnow.co\\/html-v2\\/homepage.html#\\\">5 most deadly threats<\\/a> to leatherbacks and other sea turtles. Our scientists <a href=\\\"http:\\/\\/leatherback.startingnow.co\\/html-v2\\/homepage.html#\\\">conduct research<\\/a> at nesting beaches and at sea, collecting critical data to support conservation interventions. We <a href=\\\"http:\\/\\/leatherback.startingnow.co\\/html-v2\\/homepage.html#\\\">partner with communities<\\/a> to <a href=\\\"http:\\/\\/leatherback.startingnow.co\\/html-v2\\/homepage.html#\\\">protect nesting beaches<\\/a> and work with governments to <a href=\\\"http:\\/\\/leatherback.startingnow.co\\/html-v2\\/homepage.html#\\\">inform sustainable development and fisheries management priorities<\\/a>.<\\/p>\",\"24\":\"<p>The Leatherback Trust is a non-profit organization dedicated to saving the leatherback sea turtle. Our mission is to promote the conservation of leatherbacks and other turtles at risk of extinction.<\\/p>\",\"15\":\"\"}}','2014-07-17 20:19:45','2014-07-17 20:19:45','d0102280-4cef-4d5e-a35a-a019c6f7ba1a'),
	(4,2,1,1,'es',1,'','{\"typeId\":\"1\",\"authorId\":null,\"title\":\"Homepage\",\"slug\":\"homepage\",\"postDate\":1405608531,\"expiryDate\":null,\"enabled\":1,\"fields\":{\"18\":\"\",\"19\":\"\",\"17\":\"\",\"16\":\"\",\"23\":\"\",\"22\":\"\",\"20\":[\"8\"],\"25\":\"\",\"24\":\"\",\"15\":\"\"}}','2014-07-17 20:20:01','2014-07-17 20:20:01','03e7bb7d-1f1b-4df3-92f0-0dcdffe33698'),
	(5,2,1,1,'es',2,'','{\"typeId\":\"1\",\"authorId\":null,\"title\":\"Homepage\",\"slug\":\"homepage\",\"postDate\":1405608531,\"expiryDate\":null,\"enabled\":1,\"fields\":{\"18\":\"\",\"19\":\"\",\"17\":\"\",\"16\":\"\",\"23\":\"<p>Spanish hero caption here. No caption title for the spanish version.<\\/p>\",\"22\":\"\",\"20\":[\"8\"],\"25\":\"<p>Spanish mission statement body here.<\\/p>\",\"24\":\"<p>Spanish mission statement here.<\\/p>\",\"15\":\"\"}}','2014-07-18 23:08:31','2014-07-18 23:08:31','ad0ab83b-e3ce-4b0d-8f5a-7eb529d39ecb'),
	(6,2,1,1,'en_us',4,'','{\"typeId\":\"1\",\"authorId\":null,\"title\":\"Homepage\",\"slug\":\"homepage\",\"postDate\":1405608531,\"expiryDate\":null,\"enabled\":1,\"fields\":{\"18\":\"\",\"19\":\"\",\"17\":\"\",\"16\":\"\",\"23\":\"<p>If there is some additional information, then it will be set like this in some descriptive text that will accompany the caption like so.<\\/p>\",\"22\":\"Headline for image caption here lorem ipsum dolor\",\"20\":[\"8\"],\"25\":\"<p>Leatherback turtles are critically endangered worldwide. Populations of Eastern Pacific leatherbacks declined 90% since 1990. The Leatherback Trust (TLT) aims to reverse this trend by tackling the <a href=\\\"http:\\/\\/leatherback.startingnow.co\\/html-v2\\/homepage.html#\\\">5 most deadly threats<\\/a> to leatherbacks and other sea turtles. Our scientists <a href=\\\"http:\\/\\/leatherback.startingnow.co\\/html-v2\\/homepage.html#\\\">conduct research<\\/a> at nesting beaches and at sea, collecting critical data to support conservation interventions. We <a href=\\\"http:\\/\\/leatherback.startingnow.co\\/html-v2\\/homepage.html#\\\">partner with communities<\\/a> to <a href=\\\"http:\\/\\/leatherback.startingnow.co\\/html-v2\\/homepage.html#\\\">protect nesting beaches<\\/a> and work with governments to <a href=\\\"http:\\/\\/leatherback.startingnow.co\\/html-v2\\/homepage.html#\\\">inform sustainable development and fisheries management priorities<\\/a>.<\\/p>\",\"24\":\"<p>The Leatherback Trust is a non-profit organization dedicated to saving the leatherback sea turtle. Our mission is to promote the conservation of leatherbacks and other turtles at risk of extinction.<\\/p>\",\"15\":\"1\"}}','2014-07-19 17:16:54','2014-07-19 17:16:54','973da9b5-d29f-4a27-86c1-6b6f9c13ee77'),
	(7,2,1,1,'es',3,'','{\"typeId\":\"1\",\"authorId\":null,\"title\":\"Homepage\",\"slug\":\"homepage\",\"postDate\":1405608531,\"expiryDate\":null,\"enabled\":1,\"fields\":{\"18\":\"\",\"19\":\"\",\"17\":\"\",\"16\":\"\",\"23\":\"<p>Spanish hero caption here. No caption title for the spanish version.<\\/p>\",\"22\":\"\",\"20\":[\"8\"],\"25\":\"<p>Spanish mission statement body here.<\\/p>\",\"24\":\"<p>Spanish mission statement here.<\\/p>\",\"15\":\"\"}}','2014-07-19 17:18:31','2014-07-19 17:18:31','71f6780c-7f6b-4775-b282-2085ab9fadab'),
	(8,2,1,1,'en_us',5,'','{\"typeId\":\"1\",\"authorId\":null,\"title\":\"Homepage\",\"slug\":\"homepage\",\"postDate\":1405608531,\"expiryDate\":null,\"enabled\":1,\"fields\":{\"18\":\"<p>Google it<\\/p>\",\"19\":\"http:\\/\\/www.google.com\",\"17\":\"<p>Here\'s my alert body in english.<\\/p>\",\"16\":\"<p>Here\'s my alert headline<\\/p>\",\"23\":\"<p>If there is some additional information, then it will be set like this in some descriptive text that will accompany the caption like so.<\\/p>\",\"22\":\"Headline for image caption here lorem ipsum dolor\",\"20\":[\"8\"],\"25\":\"<p>Leatherback turtles are critically endangered worldwide. Populations of Eastern Pacific leatherbacks declined 90% since 1990. The Leatherback Trust (TLT) aims to reverse this trend by tackling the <a href=\\\"http:\\/\\/leatherback.startingnow.co\\/html-v2\\/homepage.html#\\\">5 most deadly threats<\\/a> to leatherbacks and other sea turtles. Our scientists <a href=\\\"http:\\/\\/leatherback.startingnow.co\\/html-v2\\/homepage.html#\\\">conduct research<\\/a> at nesting beaches and at sea, collecting critical data to support conservation interventions. We <a href=\\\"http:\\/\\/leatherback.startingnow.co\\/html-v2\\/homepage.html#\\\">partner with communities<\\/a> to <a href=\\\"http:\\/\\/leatherback.startingnow.co\\/html-v2\\/homepage.html#\\\">protect nesting beaches<\\/a> and work with governments to <a href=\\\"http:\\/\\/leatherback.startingnow.co\\/html-v2\\/homepage.html#\\\">inform sustainable development and fisheries management priorities<\\/a>.<\\/p>\",\"24\":\"<p>The Leatherback Trust is a non-profit organization dedicated to saving the leatherback sea turtle. Our mission is to promote the conservation of leatherbacks and other turtles at risk of extinction.<\\/p>\",\"15\":\"1\"}}','2014-07-19 17:22:22','2014-07-19 17:22:22','f5d09a3d-0251-4879-8ef3-b968461f2d24'),
	(9,2,1,1,'en_us',6,'','{\"typeId\":\"1\",\"authorId\":null,\"title\":\"Homepage\",\"slug\":\"homepage\",\"postDate\":1405608531,\"expiryDate\":null,\"enabled\":1,\"fields\":{\"18\":\"Google it\",\"19\":\"http:\\/\\/www.google.com\",\"17\":\"<p>Here\'s my alert body in english.<\\/p>\",\"16\":\"<p>Here\'s my alert headline<\\/p>\",\"23\":\"<p>If there is some additional information, then it will be set like this in some descriptive text that will accompany the caption like so.<\\/p>\",\"22\":\"Headline for image caption here lorem ipsum dolor\",\"20\":[\"8\"],\"25\":\"<p>Leatherback turtles are critically endangered worldwide. Populations of Eastern Pacific leatherbacks declined 90% since 1990. The Leatherback Trust (TLT) aims to reverse this trend by tackling the <a href=\\\"http:\\/\\/leatherback.startingnow.co\\/html-v2\\/homepage.html#\\\">5 most deadly threats<\\/a> to leatherbacks and other sea turtles. Our scientists <a href=\\\"http:\\/\\/leatherback.startingnow.co\\/html-v2\\/homepage.html#\\\">conduct research<\\/a> at nesting beaches and at sea, collecting critical data to support conservation interventions. We <a href=\\\"http:\\/\\/leatherback.startingnow.co\\/html-v2\\/homepage.html#\\\">partner with communities<\\/a> to <a href=\\\"http:\\/\\/leatherback.startingnow.co\\/html-v2\\/homepage.html#\\\">protect nesting beaches<\\/a> and work with governments to <a href=\\\"http:\\/\\/leatherback.startingnow.co\\/html-v2\\/homepage.html#\\\">inform sustainable development and fisheries management priorities<\\/a>.<\\/p>\",\"24\":\"<p>The Leatherback Trust is a non-profit organization dedicated to saving the leatherback sea turtle. Our mission is to promote the conservation of leatherbacks and other turtles at risk of extinction.<\\/p>\",\"15\":\"1\"}}','2014-07-19 17:32:09','2014-07-19 17:32:09','f5f23fcc-3441-4445-b016-81b5b2fc2354'),
	(10,2,1,1,'es',4,'','{\"typeId\":\"1\",\"authorId\":null,\"title\":\"Homepage\",\"slug\":\"homepage\",\"postDate\":1405608531,\"expiryDate\":null,\"enabled\":1,\"fields\":{\"18\":\"\",\"19\":\"\",\"17\":\"<p>Here\'s my alert body in spanish with <em>some italics <\\/em>and <strong>some bold<\\/strong>.<\\/p>\",\"16\":\"\",\"23\":\"<p>Spanish hero caption here. No caption title for the spanish version.<\\/p>\",\"22\":\"\",\"20\":[\"8\"],\"25\":\"<p>Spanish mission statement body here.<\\/p>\",\"24\":\"<p>Spanish mission statement here.<\\/p>\",\"15\":\"1\"}}','2014-07-19 18:01:19','2014-07-19 18:01:19','26fcf887-b1ec-488b-9c24-a9a606ea6b7a'),
	(11,2,1,1,'es',5,'','{\"typeId\":\"1\",\"authorId\":null,\"title\":\"Homepage\",\"slug\":\"homepage\",\"postDate\":1405608531,\"expiryDate\":null,\"enabled\":1,\"fields\":{\"18\":\"\",\"19\":\"\",\"17\":\"<p>Here\'s my alert body in spanish with <em>some italics <\\/em>and <strong>some bold<\\/strong>.<\\/p>\",\"16\":\"\",\"23\":\"<p>Spanish hero caption here. No caption title for the spanish version.<\\/p>\",\"22\":\"\",\"20\":[\"9\"],\"25\":\"<p>Spanish mission statement body here.<\\/p>\",\"24\":\"<p>Spanish mission statement here.<\\/p>\",\"15\":\"1\"}}','2014-07-19 18:13:11','2014-07-19 18:13:11','52a20e2e-3cbd-4290-b30a-d1702b427979'),
	(12,2,1,1,'en_us',7,'','{\"typeId\":\"1\",\"authorId\":null,\"title\":\"Homepage\",\"slug\":\"homepage\",\"postDate\":1405608531,\"expiryDate\":null,\"enabled\":1,\"fields\":{\"18\":\"Google it\",\"19\":\"http:\\/\\/www.google.com\",\"17\":\"<p>Here\'s my alert body in english.<\\/p>\",\"16\":\"<p>Here\'s my alert headline<\\/p>\",\"23\":\"<p>If there is some additional information, then it will be set like this in some descriptive text that will accompany the caption like so.<\\/p>\",\"22\":\"Headline for image caption here lorem ipsum dolor\",\"20\":[\"8\"],\"25\":\"<p>Leatherback turtles are critically endangered worldwide. Populations of Eastern Pacific leatherbacks declined 90% since 1990. The Leatherback Trust (TLT) aims to reverse this trend by tackling the <a href=\\\"http:\\/\\/leatherback.startingnow.co\\/html-v2\\/homepage.html#\\\">5 most deadly threats<\\/a> to leatherbacks and other sea turtles. Our scientists <a href=\\\"http:\\/\\/leatherback.startingnow.co\\/html-v2\\/homepage.html#\\\">conduct research<\\/a> at nesting beaches and at sea, collecting critical data to support conservation interventions. We <a href=\\\"http:\\/\\/leatherback.startingnow.co\\/html-v2\\/homepage.html#\\\">partner with communities<\\/a> to <a href=\\\"http:\\/\\/leatherback.startingnow.co\\/html-v2\\/homepage.html#\\\">protect nesting beaches<\\/a> and work with governments to <a href=\\\"http:\\/\\/leatherback.startingnow.co\\/html-v2\\/homepage.html#\\\">inform sustainable development and fisheries management priorities<\\/a>.<\\/p>\",\"24\":\"<p>The Leatherback Trust is a non-profit organization dedicated to saving the leatherback sea turtle. Our mission is to promote the conservation of leatherbacks and other turtles at risk of extinction.<\\/p>\",\"15\":\"1\"}}','2014-07-19 18:14:21','2014-07-19 18:14:21','2ee1c980-ddab-4d66-b856-63d9a8aad49b'),
	(13,2,1,1,'es',6,'','{\"typeId\":\"1\",\"authorId\":null,\"title\":\"Homepage\",\"slug\":\"homepage\",\"postDate\":1405608531,\"expiryDate\":null,\"enabled\":1,\"fields\":{\"18\":\"\",\"19\":\"\",\"17\":\"<p>Here\'s my alert body in spanish with <em>some italics <\\/em>and <strong>some bold<\\/strong>.<\\/p>\",\"16\":\"\",\"23\":\"<p>Spanish hero caption here. No caption title for the spanish version.<\\/p>\",\"22\":\"\",\"20\":[\"9\"],\"25\":\"<p>Spanish mission statement body here.<\\/p>\",\"24\":\"<p>Spanish mission statement here.<\\/p>\",\"15\":\"1\"}}','2014-07-19 18:15:27','2014-07-19 18:15:27','803ea7bd-6c54-45b3-85bb-dbbfe032d2b1'),
	(14,2,1,1,'en_us',8,'','{\"typeId\":\"1\",\"authorId\":null,\"title\":\"Homepage\",\"slug\":\"homepage\",\"postDate\":1405608531,\"expiryDate\":null,\"enabled\":1,\"fields\":{\"18\":\"Google it\",\"19\":\"http:\\/\\/www.google.com\",\"17\":\"<p>Here\'s my alert body in english.<\\/p>\",\"16\":\"<p>Here\'s my alert headline<\\/p>\",\"23\":\"<p>If there is some additional information, then it will be set like this in some descriptive text that will accompany the caption like so.<\\/p>\",\"22\":\"Headline for image caption here lorem ipsum dolor\",\"20\":[\"8\"],\"25\":\"<p>Leatherback turtles are critically endangered worldwide. Populations of Eastern Pacific leatherbacks declined 90% since 1990. The Leatherback Trust (TLT) aims to reverse this trend by tackling the <a href=\\\"http:\\/\\/leatherback.startingnow.co\\/html-v2\\/homepage.html#\\\">5 most deadly threats<\\/a> to leatherbacks and other sea turtles. Our scientists <a href=\\\"http:\\/\\/leatherback.startingnow.co\\/html-v2\\/homepage.html#\\\">conduct research<\\/a> at nesting beaches and at sea, collecting critical data to support conservation interventions. We <a href=\\\"http:\\/\\/leatherback.startingnow.co\\/html-v2\\/homepage.html#\\\">partner with communities<\\/a> to <a href=\\\"http:\\/\\/leatherback.startingnow.co\\/html-v2\\/homepage.html#\\\">protect nesting beaches<\\/a> and work with governments to <a href=\\\"http:\\/\\/leatherback.startingnow.co\\/html-v2\\/homepage.html#\\\">inform sustainable development and fisheries management priorities<\\/a>.<\\/p>\",\"24\":\"<p>The Leatherback Trust is a non-profit <em>organization dedicated<\\/em> to saving the leatherback sea turtle. Our <strong>mission is<\\/strong> to promote the conservation of leatherbacks and other turtles at risk of extinction.<\\/p>\",\"15\":\"1\"}}','2014-07-19 18:32:29','2014-07-19 18:32:29','99f3d746-b175-4b2b-b12d-289ca1bc01be'),
	(15,2,1,1,'en_us',9,'','{\"typeId\":\"1\",\"authorId\":null,\"title\":\"Homepage\",\"slug\":\"homepage\",\"postDate\":1405608531,\"expiryDate\":null,\"enabled\":1,\"fields\":{\"18\":\"Google it\",\"19\":\"http:\\/\\/www.google.com\",\"17\":\"<p>Here\'s my alert body in english.<\\/p>\",\"16\":\"<p>Here\'s my alert headline<\\/p>\",\"23\":\"<p>If there is some additional information, then it will be set like this in some descriptive text that will accompany the caption like so.<\\/p>\",\"22\":\"Headline for image caption here lorem ipsum dolor\",\"20\":[\"8\"],\"25\":\"<p>Leatherback turtles are critically endangered worldwide. Populations of Eastern Pacific leatherbacks declined 90% since 1990. The Leatherback Trust (TLT) aims to reverse this trend by tackling the <a href=\\\"http:\\/\\/leatherback.startingnow.co\\/html-v2\\/homepage.html#\\\">5 most deadly threats<\\/a> to leatherbacks and other sea turtles. Our scientists <a href=\\\"http:\\/\\/leatherback.startingnow.co\\/html-v2\\/homepage.html#\\\">conduct research<\\/a> at nesting beaches and at sea, collecting critical data to support conservation interventions. We <a href=\\\"http:\\/\\/leatherback.startingnow.co\\/html-v2\\/homepage.html#\\\">partner with communities<\\/a> to <a href=\\\"http:\\/\\/leatherback.startingnow.co\\/html-v2\\/homepage.html#\\\">protect nesting beaches<\\/a> and work with governments to <a href=\\\"http:\\/\\/leatherback.startingnow.co\\/html-v2\\/homepage.html#\\\">inform sustainable development and fisheries management priorities<\\/a>.<\\/p>\",\"24\":\"The Leatherback Trust is a non-profit <em>organization dedicated<\\/em> to saving the leatherback sea turtle. Our <strong>mission is<\\/strong> to promote the conservation of leatherbacks and other turtles at risk of extinction.\",\"15\":\"1\"}}','2014-07-19 18:35:05','2014-07-19 18:35:05','a77bc4ec-b244-4281-a911-0bd9430d1ae5'),
	(16,2,1,1,'en_us',10,'','{\"typeId\":\"1\",\"authorId\":null,\"title\":\"Homepage\",\"slug\":\"homepage\",\"postDate\":1405608531,\"expiryDate\":null,\"enabled\":1,\"fields\":{\"18\":\"Google it\",\"19\":\"http:\\/\\/www.google.com\",\"17\":\"<p>Here\'s my alert body in english.<\\/p>\",\"16\":\"<p>Here\'s my alert headline<\\/p>\",\"23\":\"<p>If there is some additional information, then it will be set like this in some descriptive text that will accompany the caption like so.<\\/p>\",\"22\":\"Headline for image caption here lorem ipsum dolor\",\"20\":[\"8\"],\"25\":\"<p>Leatherback turtles are critically endangered worldwide. Populations of Eastern Pacific leatherbacks declined 90% since 1990. The Leatherback Trust (TLT) aims to reverse this trend by tackling the <a href=\\\"http:\\/\\/leatherback.startingnow.co\\/html-v2\\/homepage.html#\\\">5 most deadly threats<\\/a> to leatherbacks and other sea turtles. Our scientists <a href=\\\"http:\\/\\/leatherback.startingnow.co\\/html-v2\\/homepage.html#\\\">conduct research<\\/a> at nesting beaches and at sea, collecting critical data to support conservation interventions. We <a href=\\\"http:\\/\\/leatherback.startingnow.co\\/html-v2\\/homepage.html#\\\">partner with communities<\\/a> to <a href=\\\"http:\\/\\/leatherback.startingnow.co\\/html-v2\\/homepage.html#\\\">protect nesting beaches<\\/a> and work with governments to <a href=\\\"http:\\/\\/leatherback.startingnow.co\\/html-v2\\/homepage.html#\\\">inform sustainable development and fisheries management priorities<\\/a>.<\\/p>\",\"24\":\"The Leatherback Trust is a non-profit <em>organization dedicated<\\/em> to saving the leatherback sea turtle. Our <strong>mission is<\\/strong> to promote the conservation of leatherbacks and other turtles at risk of extinction.\",\"15\":\"1\"}}','2014-07-19 18:35:39','2014-07-19 18:35:39','fc792f57-1bf5-4550-a4a0-fdd68bcd149a'),
	(17,2,1,1,'es',7,'','{\"typeId\":\"1\",\"authorId\":null,\"title\":\"Homepage\",\"slug\":\"homepage\",\"postDate\":1405608531,\"expiryDate\":null,\"enabled\":1,\"fields\":{\"18\":\"\",\"19\":\"\",\"17\":\"<p>Here\'s my alert body in spanish with <em>some italics <\\/em>and <strong>some bold<\\/strong>.<\\/p>\",\"16\":\"\",\"23\":\"<p>Spanish hero caption here. No caption title for the spanish version.<\\/p>\",\"22\":\"\",\"20\":[\"9\"],\"25\":\"<p>Spanish mission statement body here.<\\/p>\",\"24\":\"<p>Spanish mission statement here.<\\/p>\",\"15\":\"1\"}}','2014-07-19 18:35:50','2014-07-19 18:35:50','e5e678c7-f721-408a-a7c2-16ab757d8167'),
	(18,2,1,1,'es',8,'','{\"typeId\":\"1\",\"authorId\":null,\"title\":\"Homepage\",\"slug\":\"homepage\",\"postDate\":1405608531,\"expiryDate\":null,\"enabled\":1,\"fields\":{\"18\":\"\",\"19\":\"\",\"17\":\"<p>Here\'s my alert body in spanish with <em>some italics <\\/em>and <strong>some bold<\\/strong>.<\\/p>\",\"16\":\"\",\"23\":\"<p>Spanish hero caption here. Lorem ipsum dolor sit amet consecutat velorem dolor. Adipiscing elite ventorum.&nbsp;No caption title for the spanish version.<\\/p>\",\"22\":\"\",\"20\":[\"9\"],\"25\":\"<p>Spanish mission statement body here.<\\/p>\",\"24\":\"Spanish mission statement here.\",\"15\":\"1\"}}','2014-07-19 18:36:30','2014-07-19 18:36:30','0abde130-1965-490c-aa0d-f429ee641184'),
	(19,2,1,1,'en_us',11,'','{\"typeId\":\"1\",\"authorId\":null,\"title\":\"Homepage\",\"slug\":\"homepage\",\"postDate\":1405608531,\"expiryDate\":null,\"enabled\":1,\"fields\":{\"18\":\"Google it\",\"19\":\"http:\\/\\/www.google.com\",\"17\":\"<p>Here\'s my alert body in english.<\\/p>\",\"16\":\"<p>Here\'s my alert headline<\\/p>\",\"23\":\"<p>If there is some additional information, then it will be set like this in some descriptive text that will accompany the caption like so.<\\/p>\",\"22\":\"Headline for image caption here lorem ipsum dolor\",\"20\":[\"8\"],\"25\":\"<p>Leatherback turtles are critically endangered worldwide. Populations of Eastern Pacific leatherbacks declined 90% since 1990. The Leatherback Trust (TLT) aims to reverse this trend by tackling the <a href=\\\"http:\\/\\/leatherback.startingnow.co\\/html-v2\\/homepage.html#\\\">5 most deadly threats<\\/a> to leatherbacks and other sea turtles. Our scientists <a href=\\\"http:\\/\\/leatherback.startingnow.co\\/html-v2\\/homepage.html#\\\">conduct research<\\/a> at nesting beaches and at sea, collecting critical data to support conservation interventions. We <a href=\\\"http:\\/\\/leatherback.startingnow.co\\/html-v2\\/homepage.html#\\\">partner with communities<\\/a> to <a href=\\\"http:\\/\\/leatherback.startingnow.co\\/html-v2\\/homepage.html#\\\">protect nesting beaches<\\/a> and work with governments to <a href=\\\"http:\\/\\/leatherback.startingnow.co\\/html-v2\\/homepage.html#\\\">inform sustainable development and fisheries management priorities<\\/a>.<\\/p>\",\"24\":\"The Leatherback Trust is a non-\\u00e9\\u2014rofit <em>organization dedicated<\\/em> to saving the leatherback sea turtle. Our <strong>mission is<\\/strong> to promote the conservation of leatherbacks and other turtles at risk of extinction.\",\"15\":\"1\"}}','2014-07-19 18:38:10','2014-07-19 18:38:10','67f8380b-cdb5-4c55-978b-65a4cf7cc488'),
	(20,2,1,1,'en_us',12,'','{\"typeId\":\"1\",\"authorId\":null,\"title\":\"Homepage\",\"slug\":\"homepage\",\"postDate\":1405608531,\"expiryDate\":null,\"enabled\":1,\"fields\":{\"18\":\"Google it\",\"19\":\"http:\\/\\/www.google.com\",\"17\":\"<p>Here\'s my alert body in english.<\\/p>\",\"16\":\"<p>Here\'s my alert headline<\\/p>\",\"23\":\"<p>If there is some additional information, then it will be set like this in some descriptive text that will accompany the caption like so.<\\/p>\",\"22\":\"Headline for image caption here lorem ipsum dolor\",\"20\":[\"8\"],\"25\":\"<p>Leatherback turtles are critically endangered worldwide. Populations of Eastern Pacific leatherbacks declined 90% since 1990. The Leatherback Trust (TLT) aims to reverse this trend by tackling the <a href=\\\"http:\\/\\/leatherback.startingnow.co\\/html-v2\\/homepage.html#\\\">5 most deadly threats<\\/a> to leatherbacks and other sea turtles. Our scientists <a href=\\\"http:\\/\\/leatherback.startingnow.co\\/html-v2\\/homepage.html#\\\">conduct research<\\/a> at nesting beaches and at sea, collecting critical data to support conservation interventions. We <a href=\\\"http:\\/\\/leatherback.startingnow.co\\/html-v2\\/homepage.html#\\\">partner with communities<\\/a> to <a href=\\\"http:\\/\\/leatherback.startingnow.co\\/html-v2\\/homepage.html#\\\">protect nesting beaches<\\/a> and work with governments to <a href=\\\"http:\\/\\/leatherback.startingnow.co\\/html-v2\\/homepage.html#\\\">inform sustainable development and fisheries management priorities<\\/a>.<\\/p>\",\"24\":\"The Leatherback Trust is a non-profit organization dedicated to saving the leatherback sea turtle. Our mission is to promote the conservation of leatherbacks and other turtles at risk of extinction.\",\"15\":\"1\"}}','2014-07-19 18:38:43','2014-07-19 18:38:43','879d9b2b-de3f-479b-bdb6-dadcd2198ee6'),
	(21,2,1,1,'es',9,'','{\"typeId\":\"1\",\"authorId\":null,\"title\":\"Homepage\",\"slug\":\"homepage\",\"postDate\":1405608531,\"expiryDate\":null,\"enabled\":1,\"fields\":{\"18\":\"\",\"19\":\"\",\"17\":\"<p>Here\'s my alert body in spanish with <em>some italics <\\/em>and <strong>some bold<\\/strong>.<\\/p>\",\"16\":\"\",\"23\":\"<p>Spanish hero caption here. Lorem ipsum dolor sit amet consecutat velorem dolor. Adipiscing elite ventorum.&nbsp;No caption title for the spanish version.<\\/p>\",\"22\":\"\",\"20\":[\"9\"],\"25\":\"<p>Pellentesque ac venenatis metus, vel pellentesque massa. Pellentesque sed nulla augue. Sed varius nisi ut ipsum aliquam, eget blandit diam suscipit. Sed vel massa ornare, mollis odio eu, volutpat turpis. In vel velit sed ligula posuere rutrum. Phasellus viverra rutrum fermentum. In hac habitasse platea dictumst. Sed id nisi at odio tempus ultricies nec eget dolor. Fusce vehicula justo libero, at malesuada turpis tristique sed. Pellentesque sodales ante in velit pretium, nec fringilla nisi consequat. Vivamus eget magna sit amet nisi iaculis congue.<\\/p>\",\"24\":\"Spanish mission statement here.\",\"15\":\"1\"}}','2014-07-19 18:39:47','2014-07-19 18:39:47','d708ff27-e4e3-4db6-a129-7335a3a2c44a'),
	(22,2,1,1,'es',10,'','{\"typeId\":\"1\",\"authorId\":null,\"title\":\"Homepage\",\"slug\":\"homepage\",\"postDate\":1405608531,\"expiryDate\":null,\"enabled\":1,\"fields\":{\"18\":\"\",\"19\":\"\",\"17\":\"<p>Here\'s my alert body in spanish with <em>some italics <\\/em>and <strong>some bold<\\/strong>.<\\/p>\",\"16\":\"\",\"23\":\"<p>Spanish hero caption here. Lorem ipsum dolor sit amet consecutat velorem dolor. Adipiscing elite ventorum.&nbsp;No caption title for the spanish version.<\\/p>\",\"22\":\"\",\"20\":[\"9\"],\"25\":\"<p>Pellentesque ac venenatis metus, vel pellentesque massa. Pellentesque sed nulla augue. Sed varius nisi ut ipsum aliquam, eget blandit diam suscipit. Sed vel massa ornare, mollis odio eu, volutpat turpis. In vel velit sed ligula posuere rutrum. Phasellus viverra rutrum fermentum. In hac habitasse platea dictumst. Sed id nisi at odio tempus ultricies nec eget dolor. Fusce vehicula justo libero, at malesuada turpis tristique sed. Pellentesque sodales ante in velit pretium, nec fringilla nisi consequat. Vivamus eget magna sit amet nisi iaculis congue.<\\/p>\",\"24\":\"Spanish mission statement here lore ipsum dolor sit amet consecutat velorem dolor. Adipiscing elite ventorum.\",\"15\":\"1\"}}','2014-07-19 18:49:13','2014-07-19 18:49:13','823fc68c-8e88-41d2-878f-824bb58d3938'),
	(23,2,1,1,'es',11,'Updating the mission statement','{\"typeId\":\"1\",\"authorId\":null,\"title\":\"Homepage\",\"slug\":\"homepage\",\"postDate\":1405608531,\"expiryDate\":null,\"enabled\":1,\"fields\":{\"18\":\"\",\"19\":\"\",\"17\":\"<p>Here\'s my alert body in spanish with <em>some italics <\\/em>and <strong>some bold<\\/strong>.<\\/p>\",\"16\":\"\",\"23\":\"<p>Spanish hero caption here. Lorem ipsum dolor sit amet consecutat velorem dolor. Adipiscing elite ventorum.&nbsp;No caption title for the spanish version.<\\/p>\",\"22\":\"\",\"20\":[\"9\"],\"25\":\"<p>Pellentesque ac venenatis metus, vel pellentesque massa. Pellentesque sed nulla augue. Sed varius nisi ut ipsum aliquam, eget blandit diam suscipit. Sed vel massa ornare, mollis odio eu, volutpat turpis. In vel velit sed ligula posuere rutrum. Phasellus viverra rutrum fermentum. In hac habitasse platea dictumst. Sed id nisi at odio tempus ultricies nec eget dolor. Fusce vehicula justo libero, at malesuada turpis tristique sed. Pellentesque sodales ante in velit pretium, nec fringilla nisi consequat. Vivamus eget magna sit amet nisi iaculis congue.<\\/p>\",\"24\":\"Spanish mission statement here lore ipsum dolor sit amet consecutat velorem dolor. Adipiscing elite ventorum.\",\"15\":\"1\"}}','2014-07-19 18:49:35','2014-07-19 18:49:35','b1d5984a-ad52-4f83-a8c8-0e34d4b24da1'),
	(24,2,1,1,'es',12,'','{\"typeId\":\"1\",\"authorId\":null,\"title\":\"Homepage\",\"slug\":\"homepage\",\"postDate\":1405608531,\"expiryDate\":null,\"enabled\":1,\"fields\":{\"18\":\"\",\"19\":\"\",\"17\":\"<p>Here\'s my alert body in spanish with <em>some italics <\\/em>and <strong>some bold<\\/strong>.<\\/p>\",\"16\":\"\",\"23\":\"<p>Spanish hero caption here. Lorem ipsum dolor sit amet consecutat velorem dolor. Adipiscing elite ventorum.&nbsp;No caption title for the spanish version.<\\/p>\",\"22\":\"\",\"20\":[\"9\"],\"25\":\"\",\"24\":\"Spanish mission statement here lore ipsum dolor sit amet consecutat velorem dolor. Adipiscing elite ventorum.\",\"15\":\"1\"}}','2014-07-19 18:55:31','2014-07-19 18:55:31','07dadcd2-dbb3-49fa-9704-8f96c0197cf9'),
	(25,2,1,1,'es',13,'','{\"typeId\":\"1\",\"authorId\":null,\"title\":\"Homepage\",\"slug\":\"homepage\",\"postDate\":1405608531,\"expiryDate\":null,\"enabled\":1,\"fields\":{\"18\":\"\",\"19\":\"\",\"17\":\"<p>Here\'s my alert body in spanish with <em>some italics <\\/em>and <strong>some bold<\\/strong>.<\\/p>\",\"16\":\"\",\"23\":\"<p>Spanish hero caption here. Lorem ipsum dolor sit amet consecutat velorem dolor. Adipiscing elite ventorum.&nbsp;No caption title for the spanish version.<\\/p>\",\"22\":\"\",\"20\":[\"9\"],\"25\":\"\",\"24\":\"Spanish mission statement here lore ipsum dolor sit amet consecutat velorem dolor. Adipiscing elite ventorum.\",\"15\":\"1\"}}','2014-07-19 18:56:55','2014-07-19 18:56:55','ec20d35b-bab7-4267-98b0-09aa716c49c8'),
	(26,2,1,1,'es',14,'','{\"typeId\":\"1\",\"authorId\":null,\"title\":\"Homepage\",\"slug\":\"homepage\",\"postDate\":1405608531,\"expiryDate\":null,\"enabled\":1,\"fields\":{\"18\":\"\",\"19\":\"\",\"17\":\"<p>Here\'s my alert body in spanish with <em>some italics <\\/em>and <strong>some bold<\\/strong>.<\\/p>\",\"16\":\"\",\"23\":\"<p>Spanish hero caption here. Lorem ipsum dolor sit amet consecutat velorem dolor. Adipiscing elite ventorum.&nbsp;No caption title for the spanish version.<\\/p>\",\"22\":\"\",\"20\":[\"9\"],\"25\":\"<p>Leatherback turtles are critically endangered worldwide. Populations of Eastern Pacific leatherbacks declined 90% since 1990. The Leatherback Trust (TLT) aims to reverse this trend by tackling the <a href=\\\"http:\\/\\/leatherback.startingnow.co\\/html-v2\\/homepage.html#\\\" style=\\\"font-family: Arial, Helvetica, Verdana, Tahoma, sans-serif; font-size: 14px;\\\">5 most deadly threats<\\/a> to leatherbacks and other sea turtles. Our scientists <a href=\\\"http:\\/\\/leatherback.startingnow.co\\/html-v2\\/homepage.html#\\\" style=\\\"font-family: Arial, Helvetica, Verdana, Tahoma, sans-serif; font-size: 14px;\\\">conduct research<\\/a> at nesting beaches and at sea, collecting critical data to support conservation interventions. We <a href=\\\"http:\\/\\/leatherback.startingnow.co\\/html-v2\\/homepage.html#\\\" style=\\\"font-family: Arial, Helvetica, Verdana, Tahoma, sans-serif; font-size: 14px;\\\">partner with communities<\\/a> to <a href=\\\"http:\\/\\/leatherback.startingnow.co\\/html-v2\\/homepage.html#\\\" style=\\\"font-family: Arial, Helvetica, Verdana, Tahoma, sans-serif; font-size: 14px;\\\">protect nesting beaches<\\/a> and work with governments to <a href=\\\"http:\\/\\/leatherback.startingnow.co\\/html-v2\\/homepage.html#\\\" style=\\\"font-family: Arial, Helvetica, Verdana, Tahoma, sans-serif; font-size: 14px;\\\">inform sustainable development and fisheries management priorities<\\/a>.<\\/p>\",\"24\":\"Spanish mission statement here lore ipsum dolor sit amet consecutat velorem dolor. Adipiscing elite ventorum.\",\"15\":\"1\"}}','2014-07-20 01:01:54','2014-07-20 01:01:54','2e40e21c-7199-4a77-b9a7-7c9938e293b5'),
	(27,2,1,1,'es',15,'','{\"typeId\":\"1\",\"authorId\":null,\"title\":\"Homepage\",\"slug\":\"homepage\",\"postDate\":1405608531,\"expiryDate\":null,\"enabled\":1,\"fields\":{\"18\":\"\",\"19\":\"\",\"17\":\"<p>Here\'s my alert body in spanish with <em>some italics <\\/em>and <strong>some bold<\\/strong>.<\\/p>\",\"16\":\"\",\"23\":\"<p>Spanish hero caption here. Lorem ipsum dolor sit amet consecutat velorem dolor. Adipiscing elite ventorum.&nbsp;No caption title for the spanish version.<\\/p>\",\"22\":\"\",\"20\":[\"9\"],\"25\":\"<p>Spanish mission statement body here lorem ipsum dolor sit amet consecutat velorem dolor. Adipiscing elite vestibulum elite ventorum.<\\/p>\",\"24\":\"Spanish mission statement here lore ipsum dolor sit amet consecutat velorem dolor. Adipiscing elite ventorum.\",\"15\":\"1\"}}','2014-07-20 01:02:34','2014-07-20 01:02:34','9fe37209-2fac-4d44-a36d-8f5b7d5a0135'),
	(28,2,1,1,'es',16,'','{\"typeId\":\"1\",\"authorId\":null,\"title\":\"Homepage\",\"slug\":\"homepage\",\"postDate\":1405608531,\"expiryDate\":null,\"enabled\":1,\"fields\":{\"18\":\"\",\"19\":\"\",\"17\":\"<p>Here\'s my alert body in spanish with <em>some italics <\\/em>and <strong>some bold<\\/strong>.<\\/p>\",\"16\":\"\",\"23\":\"<p>Spanish hero caption here. Lorem ipsum dolor sit amet consecutat velorem dolor. Adipiscing elite ventorum.&nbsp;No caption title for the spanish version.<\\/p>\",\"22\":\"\",\"20\":[\"9\"],\"25\":\"<p>Spanish mission statement body here lorem ipsum dolor sit amet consecutat velorem dolor. Adipiscing elite vestibulum elite ventorum.<\\/p>\",\"24\":\"Spanish mission statement here lore ipsum dolor sit amet consecutat velorem dolor. Adipiscing elite ventorum.\",\"15\":\"1\"}}','2014-07-21 13:25:31','2014-07-21 13:25:31','b680fa98-e876-4da6-9c95-c3a53ee0cf3c'),
	(29,2,1,1,'es',17,'','{\"typeId\":\"1\",\"authorId\":null,\"title\":\"Homepage\",\"slug\":\"homepage\",\"postDate\":1405608531,\"expiryDate\":null,\"enabled\":1,\"fields\":{\"18\":\"\",\"19\":\"\",\"17\":\"<p>Here\'s my alert body in spanish with <em>some italics <\\/em>and <strong>some bold<\\/strong>.<\\/p>\",\"16\":\"\",\"23\":\"<p>Spanish hero caption here. Lorem ipsum dolor sit amet consecutat velorem dolor. Adipiscing elite ventorum.&nbsp;No caption title for the spanish version.<\\/p>\",\"22\":\"\",\"20\":[\"9\"],\"25\":\"<p>Spanish mission statement body here lorem ipsum dolor sit amet consecutat velorem dolor. Adipiscing elite vestibulum elite ventorum.<\\/p>\",\"24\":\"Spanish mission statement here lore ipsum dolor sit amet consecutat velorem dolor. Adipiscing elite ventorum.\",\"15\":\"1\"}}','2014-07-21 13:27:24','2014-07-21 13:27:24','e37e360a-4af4-4cf4-b822-02bfc49f6c7f'),
	(30,2,1,1,'es',18,'','{\"typeId\":\"1\",\"authorId\":null,\"title\":\"Homepage\",\"slug\":\"homepage\",\"postDate\":1405608531,\"expiryDate\":null,\"enabled\":1,\"fields\":{\"18\":\"\",\"19\":\"\",\"17\":\"<p>Here\'s my alert body in spanish with <em>some italics <\\/em>and <strong>some bold<\\/strong>.<\\/p>\",\"16\":\"\",\"23\":\"<p>Spanish hero caption here. Lorem ipsum dolor sit amet consecutat velorem dolor. Adipiscing elite ventorum.&nbsp;No caption title for the spanish version.<\\/p>\",\"22\":\"\",\"20\":[\"9\"],\"25\":\"<p>Spanish mission statement body here lorem ipsum dolor sit amet consecutat velorem dolor. Adipiscing elite vestibulum elite ventorum.<\\/p>\",\"24\":\"Spanish mission statement here lore ipsum dolor sit amet consecutat velorem dolor. Adipiscing elite ventorum.\",\"15\":\"1\"}}','2014-07-21 13:29:14','2014-07-21 13:29:14','e14a3b78-5818-48c8-9aa7-ee18ab641b81'),
	(31,2,1,1,'es',19,'','{\"typeId\":\"1\",\"authorId\":null,\"title\":\"Homepage\",\"slug\":\"homepage\",\"postDate\":1405608531,\"expiryDate\":null,\"enabled\":1,\"fields\":{\"18\":\"\",\"19\":\"\",\"17\":\"<p>Here\'s my alert body in spanish with <em>some italics <\\/em>and <strong>some bold<\\/strong>.<\\/p>\",\"16\":\"\",\"23\":\"<p>Spanish hero caption here. Lorem ipsum dolor sit amet consecutat velorem dolor. Adipiscing elite ventorum.&nbsp;No caption title for the spanish version.<\\/p>\",\"22\":\"\",\"20\":[\"9\"],\"25\":\"<p>Spanish mission statement body here lorem ipsum dolor sit amet consecutat velorem dolor. Adipiscing elite vestibulum elite ventorum.<\\/p>\",\"24\":\"Spanish mission statement here lore ipsum dolor sit amet consecutat velorem dolor. Adipiscing elite ventorum.\",\"15\":\"1\"}}','2014-07-21 13:29:39','2014-07-21 13:29:39','cd3a0e25-eb79-4a76-9ac0-e08c488504d5'),
	(32,11,3,1,'en_us',1,'','{\"typeId\":\"3\",\"authorId\":\"1\",\"title\":\"Endangered leatherback sea turtles experience resurgence in Trinidad\",\"slug\":\"endangered-leatherback-sea-turtles-experience-resurgence-in-trinidad\",\"postDate\":1405915200,\"expiryDate\":null,\"enabled\":1,\"fields\":{\"28\":\"\",\"23\":\"\",\"22\":\"\",\"20\":\"\",\"26\":\"Leatherbacks resurge in Trinidad\",\"36\":{\"new1\":{\"type\":\"textBlock\",\"enabled\":\"1\",\"fields\":{\"text\":\"<p>My first block<\\/p>\"}}},\"3\":\"\",\"27\":\"<p>Here\'s my teaser&nbsp;Lorem ipsum praesent purus sed. Erat mauris elit. Per lacinia quam dui. Mattis metus ridiculus metus lectus malesuada.<\\/p>\",\"29\":[\"10\"]}}','2014-07-21 15:39:20','2014-07-21 15:39:20','3c5c5166-0843-4596-adca-5196c616728f'),
	(33,11,3,1,'en_us',2,'','{\"typeId\":\"3\",\"authorId\":\"1\",\"title\":\"Endangered leatherback sea turtles experience resurgence in Trinidad\",\"slug\":\"endangered-leatherback-sea-turtles-experience-resurgence-in-trinidad\",\"postDate\":1405915200,\"expiryDate\":null,\"enabled\":1,\"fields\":{\"28\":\"\",\"23\":\"\",\"22\":\"\",\"20\":\"\",\"26\":\"Leatherbacks resurge in Trinidad\",\"36\":{\"12\":{\"type\":\"textBlock\",\"enabled\":\"1\",\"fields\":{\"text\":\"<p>My first block<\\/p>\"}},\"new1\":{\"type\":\"imageBlock\",\"enabled\":\"1\",\"fields\":{\"image\":[\"10\"],\"imageType\":\"standard-image\",\"captionTitle\":\"Here\'s a caption title. These are optional.\",\"caption\":\"<p>Here\'s a standard image with a caption. A tourist takes photographs of a leatherback turtle as it heads to the ocean after burying her eggs in the sand at daybreak on a narrow strip of beach in Grande Riviere, Trinidad.<\\/p>\",\"credit\":\"<p>Photo by First Lastname<\\/p>\"}}},\"3\":\"\",\"27\":\"<p>Here\'s my teaser&nbsp;Lorem ipsum praesent purus sed. Erat mauris elit. Per lacinia quam dui. Mattis metus ridiculus metus lectus malesuada.<\\/p>\",\"29\":[\"10\"]}}','2014-07-21 15:40:18','2014-07-21 15:40:18','e333bb48-4c3b-4485-8d36-9f1b56bbb178'),
	(34,11,3,1,'en_us',3,'','{\"typeId\":\"3\",\"authorId\":\"1\",\"title\":\"Endangered leatherback sea turtles experience resurgence in Trinidad\",\"slug\":\"endangered-leatherback-sea-turtles-experience-resurgence-in-trinidad\",\"postDate\":1405915200,\"expiryDate\":null,\"enabled\":1,\"fields\":{\"28\":\"\",\"23\":\"\",\"22\":\"\",\"20\":\"\",\"26\":\"Leatherbacks resurge in Trinidad\",\"36\":{\"12\":{\"type\":\"textBlock\",\"enabled\":\"1\",\"fields\":{\"text\":\"<p>\\r\\n\\tLorem ipsum praesent purus sed. Erat mauris elit. \\r\\n\\t<a href=\\\"http:\\/\\/www.google.com\\\">This is a link to google<\\/a>. Per lacinia quam dui. Mattis metus ridiculus metus lectus malesuada. Eget phasellus fermentum. Suscipit est nibh. Eget libero amet ipsum sagittis in quis primis libero feugiat. Praesent litora sollicitudin in lorem nunc ac id inceptos purus class. Volutpat massa platea sit lectus sed praesent.<\\/p><p>\\r\\n\\tSapien lorem aliquam quam sem non nonummy. Risus nullam magna lacinia a pellentesque massa nibh turpis. Mi mollis imperdiet condimentum diam suspendisse. In in praesent nonummy at praesent nulla. Congue pharetra amet imperdiet aptent mattis. Habitasse magnis nunc facilisis etiam. Purus scelerisque dictumst vestibulum hymenaeos neque diam orci arcu curabitur.<\\/p><h2>Here\\u2019s a subhead lorem ipsum<\\/h2><p>\\r\\n\\tLorem ipsum et vulputate lobortis non quam auctor feugiat. Massa aliquam purus mattis sapien dolor erat libero lorem ligula arcu et. Eu dui commodo sapien non enim aenean donec congue rhoncus sagittis. Nostra sapien suscipit hymenaeos elit luctus sit erat amet nulla. Ac lorem per nunc ut pellentesque tellus. Eget at sapien.<\\/p>\"}},\"13\":{\"type\":\"imageBlock\",\"enabled\":\"1\",\"fields\":{\"image\":[\"10\"],\"imageType\":\"standard-image\",\"captionTitle\":\"Here\'s a caption title. These are optional.\",\"caption\":\"<p>Here\'s a standard image with a caption. A tourist takes photographs of a leatherback turtle as it heads to the ocean after burying her eggs in the sand at daybreak on a narrow strip of beach in Grande Riviere, Trinidad.<\\/p>\",\"credit\":\"<p>Photo by First Lastname<\\/p>\"}}},\"3\":\"\",\"27\":\"<p>Here\'s my teaser&nbsp;Lorem ipsum praesent purus sed. Erat mauris elit. Per lacinia quam dui. Mattis metus ridiculus metus lectus malesuada.<\\/p>\",\"29\":[\"10\"]}}','2014-07-21 15:42:58','2014-07-21 15:42:58','a46760b4-485f-42a6-8341-29fdcdf60369'),
	(35,11,3,1,'en_us',4,'','{\"typeId\":\"3\",\"authorId\":\"1\",\"title\":\"Endangered leatherback sea turtles experience resurgence in Trinidad\",\"slug\":\"endangered-leatherback-sea-turtles-experience-resurgence-in-trinidad\",\"postDate\":1405915200,\"expiryDate\":null,\"enabled\":1,\"fields\":{\"28\":\"\",\"23\":\"\",\"22\":\"\",\"20\":\"\",\"26\":\"Leatherbacks resurge in Trinidad\",\"36\":{\"13\":{\"type\":\"imageBlock\",\"enabled\":\"1\",\"fields\":{\"image\":[\"10\"],\"imageType\":\"standard-image\",\"captionTitle\":\"Here\'s a caption title. These are optional.\",\"caption\":\"<p>Here\'s a standard image with a caption. A tourist takes photographs of a leatherback turtle as it heads to the ocean after burying her eggs in the sand at daybreak on a narrow strip of beach in Grande Riviere, Trinidad.<\\/p>\",\"credit\":\"<p>Photo by First Lastname<\\/p>\"}},\"12\":{\"type\":\"textBlock\",\"enabled\":\"1\",\"fields\":{\"text\":\"<p>\\r\\n\\tLorem ipsum praesent purus sed. Erat mauris elit. \\r\\n\\t<a href=\\\"http:\\/\\/www.google.com\\\">This is a link to google<\\/a>. Per lacinia quam dui. Mattis metus ridiculus metus lectus malesuada. Eget phasellus fermentum. Suscipit est nibh. Eget libero amet ipsum sagittis in quis primis libero feugiat. Praesent litora sollicitudin in lorem nunc ac id inceptos purus class. Volutpat massa platea sit lectus sed praesent.<\\/p><p>\\r\\n\\tSapien lorem aliquam quam sem non nonummy. Risus nullam magna lacinia a pellentesque massa nibh turpis. Mi mollis imperdiet condimentum diam suspendisse. In in praesent nonummy at praesent nulla. Congue pharetra amet imperdiet aptent mattis. Habitasse magnis nunc facilisis etiam. Purus scelerisque dictumst vestibulum hymenaeos neque diam orci arcu curabitur.<\\/p><h2>Here\\u2019s a subhead lorem ipsum<\\/h2><p>\\r\\n\\tLorem ipsum et vulputate lobortis non quam auctor feugiat. Massa aliquam purus mattis sapien dolor erat libero lorem ligula arcu et. Eu dui commodo sapien non enim aenean donec congue rhoncus sagittis. Nostra sapien suscipit hymenaeos elit luctus sit erat amet nulla. Ac lorem per nunc ut pellentesque tellus. Eget at sapien.<\\/p>\"}},\"new1\":{\"type\":\"imageBlock\",\"enabled\":\"1\",\"fields\":{\"image\":[\"14\"],\"imageType\":\"standard-image\",\"captionTitle\":\"\",\"caption\":\"<p>Fisherman Ervan James untangles a net that he says can inadvertently ensnare about six leatherback turtles in a single night at the peak of six-month nesting season. (This image has no caption title and no credit).<\\/p>\",\"credit\":\"\"}}},\"3\":\"\",\"27\":\"<p>Here\'s my teaser&nbsp;Lorem ipsum praesent purus sed. Erat mauris elit. Per lacinia quam dui. Mattis metus ridiculus metus lectus malesuada.<\\/p>\",\"29\":[\"10\"]}}','2014-07-21 15:45:31','2014-07-21 15:45:31','f63c9359-54d1-418d-bef7-0b341ea9a3a6'),
	(36,11,3,1,'en_us',5,'','{\"typeId\":\"3\",\"authorId\":\"1\",\"title\":\"Endangered leatherback sea turtles experience resurgence in Trinidad\",\"slug\":\"endangered-leatherback-sea-turtles-experience-resurgence-in-trinidad\",\"postDate\":1405915200,\"expiryDate\":null,\"enabled\":1,\"fields\":{\"28\":\"\",\"23\":\"\",\"22\":\"\",\"20\":\"\",\"26\":\"Leatherbacks resurge in Trinidad\",\"36\":{\"13\":{\"type\":\"imageBlock\",\"enabled\":\"1\",\"fields\":{\"image\":[\"10\"],\"imageType\":\"inset-right\",\"captionTitle\":\"Here\'s a caption title. These are optional.\",\"caption\":\"<p>Here\'s a standard image with a caption. A tourist takes photographs of a leatherback turtle as it heads to the ocean after burying her eggs in the sand at daybreak on a narrow strip of beach in Grande Riviere, Trinidad.<\\/p>\",\"credit\":\"<p>Photo by First Lastname<\\/p>\"}},\"12\":{\"type\":\"textBlock\",\"enabled\":\"1\",\"fields\":{\"text\":\"<p>\\r\\n\\tLorem ipsum praesent purus sed. Erat mauris elit. \\r\\n\\t<a href=\\\"http:\\/\\/www.google.com\\\">This is a link to google<\\/a>. Per lacinia quam dui. Mattis metus ridiculus metus lectus malesuada. Eget phasellus fermentum. Suscipit est nibh. Eget libero amet ipsum sagittis in quis primis libero feugiat. Praesent litora sollicitudin in lorem nunc ac id inceptos purus class. Volutpat massa platea sit lectus sed praesent.<\\/p><p>\\r\\n\\tSapien lorem aliquam quam sem non nonummy. Risus nullam magna lacinia a pellentesque massa nibh turpis. Mi mollis imperdiet condimentum diam suspendisse. In in praesent nonummy at praesent nulla. Congue pharetra amet imperdiet aptent mattis. Habitasse magnis nunc facilisis etiam. Purus scelerisque dictumst vestibulum hymenaeos neque diam orci arcu curabitur.<\\/p><h2>Here\\u2019s a subhead lorem ipsum<\\/h2><p>\\r\\n\\tLorem ipsum et vulputate lobortis non quam auctor feugiat. Massa aliquam purus mattis sapien dolor erat libero lorem ligula arcu et. Eu dui commodo sapien non enim aenean donec congue rhoncus sagittis. Nostra sapien suscipit hymenaeos elit luctus sit erat amet nulla. Ac lorem per nunc ut pellentesque tellus. Eget at sapien.<\\/p>\"}},\"15\":{\"type\":\"imageBlock\",\"enabled\":\"1\",\"fields\":{\"image\":[\"14\"],\"imageType\":\"standard-image\",\"captionTitle\":\"\",\"caption\":\"<p>Fisherman Ervan James untangles a net that he says can inadvertently ensnare about six leatherback turtles in a single night at the peak of six-month nesting season. (This image has no caption title and no credit).<\\/p>\",\"credit\":\"\"}},\"new1\":{\"type\":\"textBlock\",\"enabled\":\"1\",\"fields\":{\"text\":\"<p>Lorem ipsum nunc nec lectus. Elit praesent adipiscing dolor. Velit accumsan at nec aliquam torquent a. Ac leo nibh nam in orci condimentum quam sem class. A curabitur mauris placerat viverra diam pulvinar nam purus at. In in viverra molestie. Augue scelerisque augue metus aliquam diam a quisque. Dolor potenti torquent ut.<\\/p><h3>Here\'s a subhead lorem ipsum<\\/h3><p>Lorem ipsum pretium leo tristique congue ultricies fusce duis accumsan ipsum nibh fusce class. Aliquam adipiscing purus pretium conubia interdum morbi. Tincidunt tincidunt suscipit in orci quis laoreet egestas. Neque orci libero diam. Orci nibh vulputate quisque in adipiscing. Interdum a praesent. Sed sit hendrerit ac curae; gravida orci tellus interdum amet.<\\/p><p>Consectetuer dolor id donec. Massa imperdiet et turpis ut mollis. Vel est ullamcorper viverra habitasse neque mollis hendrerit non. Lorem curabitur arcu nostra eu turpis cum suscipit. Platea nisi vel velit suspendisse aptent turpis nec aliquam massa. Pellentesque scelerisque eget tortor a cras curabitur libero varius dolor et nisi. Lorem.<\\/p>\"}}},\"3\":\"\",\"27\":\"<p>Here\'s my teaser&nbsp;Lorem ipsum praesent purus sed. Erat mauris elit. Per lacinia quam dui. Mattis metus ridiculus metus lectus malesuada.<\\/p>\",\"29\":[\"10\"]}}','2014-07-21 15:46:13','2014-07-21 15:46:13','d6793054-4113-4ea9-b133-25bb5ea0f0ac'),
	(37,11,3,1,'en_us',6,'','{\"typeId\":\"3\",\"authorId\":\"1\",\"title\":\"Endangered leatherback sea turtles experience resurgence in Trinidad\",\"slug\":\"endangered-leatherback-sea-turtles-experience-resurgence-in-trinidad\",\"postDate\":1405915200,\"expiryDate\":null,\"enabled\":1,\"fields\":{\"28\":\"\",\"23\":\"\",\"22\":\"\",\"20\":\"\",\"26\":\"Leatherbacks resurge in Trinidad\",\"36\":{\"13\":{\"type\":\"imageBlock\",\"enabled\":\"1\",\"fields\":{\"image\":[\"10\"],\"imageType\":\"inset-right\",\"captionTitle\":\"Here\'s a caption title. These are optional.\",\"caption\":\"<p>Here\'s a standard image with a caption. A tourist takes photographs of a leatherback turtle as it heads to the ocean after burying her eggs in the sand at daybreak on a narrow strip of beach in Grande Riviere, Trinidad.<\\/p>\",\"credit\":\"<p>Photo by First Lastname<\\/p>\"}},\"12\":{\"type\":\"textBlock\",\"enabled\":\"1\",\"fields\":{\"text\":\"<p>\\r\\n\\tLorem ipsum praesent purus sed. Erat mauris elit. \\r\\n\\t<a href=\\\"http:\\/\\/www.google.com\\\">This is a link to google<\\/a>. Per lacinia quam dui. Mattis metus ridiculus metus lectus malesuada. Eget phasellus fermentum. Suscipit est nibh. Eget libero amet ipsum sagittis in quis primis libero feugiat. Praesent litora sollicitudin in lorem nunc ac id inceptos purus class. Volutpat massa platea sit lectus sed praesent.<\\/p><p>\\r\\n\\tSapien lorem aliquam quam sem non nonummy. Risus nullam magna lacinia a pellentesque massa nibh turpis. Mi mollis imperdiet condimentum diam suspendisse. In in praesent nonummy at praesent nulla. Congue pharetra amet imperdiet aptent mattis. Habitasse magnis nunc facilisis etiam. Purus scelerisque dictumst vestibulum hymenaeos neque diam orci arcu curabitur.<\\/p><h2>Here\\u2019s a subhead lorem ipsum<\\/h2><p>\\r\\n\\tLorem ipsum et vulputate lobortis non quam auctor feugiat. Massa aliquam purus mattis sapien dolor erat libero lorem ligula arcu et. Eu dui commodo sapien non enim aenean donec congue rhoncus sagittis. Nostra sapien suscipit hymenaeos elit luctus sit erat amet nulla. Ac lorem per nunc ut pellentesque tellus. Eget at sapien.<\\/p>\"}},\"15\":{\"type\":\"imageBlock\",\"enabled\":\"1\",\"fields\":{\"image\":[\"14\"],\"imageType\":\"standard-image\",\"captionTitle\":\"\",\"caption\":\"<p>Fisherman Ervan James untangles a net that he says can inadvertently ensnare about six leatherback turtles in a single night at the peak of six-month nesting season. (This image has no caption title and no credit).<\\/p>\",\"credit\":\"\"}},\"16\":{\"type\":\"textBlock\",\"enabled\":\"1\",\"fields\":{\"text\":\"<p>Lorem ipsum nunc nec lectus. Elit praesent adipiscing dolor. Velit accumsan at nec aliquam torquent a. Ac leo nibh nam in orci condimentum quam sem class. A curabitur mauris placerat viverra diam pulvinar nam purus at. In in viverra molestie. Augue scelerisque augue metus aliquam diam a quisque. Dolor potenti torquent ut.<\\/p><h3>Here\'s a subhead lorem ipsum<\\/h3><p>Lorem ipsum pretium leo tristique congue ultricies fusce duis accumsan ipsum nibh fusce class. Aliquam adipiscing purus pretium conubia interdum morbi. Tincidunt tincidunt suscipit in orci quis laoreet egestas. Neque orci libero diam. Orci nibh vulputate quisque in adipiscing. Interdum a praesent. Sed sit hendrerit ac curae; gravida orci tellus interdum amet.<\\/p><p>Consectetuer dolor id donec. Massa imperdiet et turpis ut mollis. Vel est ullamcorper viverra habitasse neque mollis hendrerit non. Lorem curabitur arcu nostra eu turpis cum suscipit. Platea nisi vel velit suspendisse aptent turpis nec aliquam massa. Pellentesque scelerisque eget tortor a cras curabitur libero varius dolor et nisi. Lorem.<\\/p>\"}},\"new1\":{\"type\":\"dividerBlock\",\"enabled\":\"1\",\"fields\":{\"dividerType\":\"standard-divider\"}},\"new2\":{\"type\":\"textBlock\",\"enabled\":\"1\",\"fields\":{\"text\":\"<p>Lorem ipsum suscipit quam ac quisque a vel ipsum velit. Non leo risus nam ipsum ac litora gravida eu lacus. Est per scelerisque tortor orci dui id a massa per in inceptos. Fusce neque at tellus rutrum sed nam amet. Quis at accumsan a at scelerisque condimentum. Natoque conubia eget. Mollis ac.<\\/p>\"}},\"new3\":{\"type\":\"imageBlock\",\"enabled\":\"1\",\"fields\":{\"image\":[\"14\"],\"imageType\":\"inset-left\",\"captionTitle\":\"\\u200bInset left image with caption title\",\"caption\":\"<p>Lorem ipsum dolor sit amet consecutat velorem dolor. Adipiscing elit vestum conscript est vacumentum.<\\/p>\",\"credit\":\"\"}}},\"3\":\"\",\"27\":\"<p>Here\'s my teaser&nbsp;Lorem ipsum praesent purus sed. Erat mauris elit. Per lacinia quam dui. Mattis metus ridiculus metus lectus malesuada.<\\/p>\",\"29\":[\"10\"]}}','2014-07-21 15:47:52','2014-07-21 15:47:52','0592db26-df07-447b-8d33-9eaf3af20259'),
	(38,11,3,1,'en_us',7,'','{\"typeId\":\"3\",\"authorId\":\"1\",\"title\":\"Endangered leatherback sea turtles experience resurgence in Trinidad\",\"slug\":\"endangered-leatherback-sea-turtles-experience-resurgence-in-trinidad\",\"postDate\":1405915200,\"expiryDate\":null,\"enabled\":1,\"fields\":{\"28\":\"\",\"23\":\"\",\"22\":\"\",\"20\":\"\",\"26\":\"Leatherbacks resurge in Trinidad\",\"36\":{\"13\":{\"type\":\"imageBlock\",\"enabled\":\"1\",\"fields\":{\"image\":[\"10\"],\"imageType\":\"inset-right\",\"captionTitle\":\"Here\'s a caption title. These are optional.\",\"caption\":\"<p>Here\'s a standard image with a caption. A tourist takes photographs of a leatherback turtle as it heads to the ocean after burying her eggs in the sand at daybreak on a narrow strip of beach in Grande Riviere, Trinidad.<\\/p>\",\"credit\":\"<p>Photo by First Lastname<\\/p>\"}},\"12\":{\"type\":\"textBlock\",\"enabled\":\"1\",\"fields\":{\"text\":\"<p>\\r\\n\\tLorem ipsum praesent purus sed. Erat mauris elit. \\r\\n\\t<a href=\\\"http:\\/\\/www.google.com\\\">This is a link to google<\\/a>. Per lacinia quam dui. Mattis metus ridiculus metus lectus malesuada. Eget phasellus fermentum. Suscipit est nibh. Eget libero amet ipsum sagittis in quis primis libero feugiat. Praesent litora sollicitudin in lorem nunc ac id inceptos purus class. Volutpat massa platea sit lectus sed praesent.<\\/p><p>\\r\\n\\tSapien lorem aliquam quam sem non nonummy. Risus nullam magna lacinia a pellentesque massa nibh turpis. Mi mollis imperdiet condimentum diam suspendisse. In in praesent nonummy at praesent nulla. Congue pharetra amet imperdiet aptent mattis. Habitasse magnis nunc facilisis etiam. Purus scelerisque dictumst vestibulum hymenaeos neque diam orci arcu curabitur.<\\/p><h2>Here\\u2019s a subhead lorem ipsum<\\/h2><p>\\r\\n\\tLorem ipsum et vulputate lobortis non quam auctor feugiat. Massa aliquam purus mattis sapien dolor erat libero lorem ligula arcu et. Eu dui commodo sapien non enim aenean donec congue rhoncus sagittis. Nostra sapien suscipit hymenaeos elit luctus sit erat amet nulla. Ac lorem per nunc ut pellentesque tellus. Eget at sapien.<\\/p>\"}},\"15\":{\"type\":\"imageBlock\",\"enabled\":\"1\",\"fields\":{\"image\":[\"14\"],\"imageType\":\"standard-image\",\"captionTitle\":\"\",\"caption\":\"<p>Fisherman Ervan James untangles a net that he says can inadvertently ensnare about six leatherback turtles in a single night at the peak of six-month nesting season. (This image has no caption title and no credit).<\\/p>\",\"credit\":\"\"}},\"16\":{\"type\":\"textBlock\",\"enabled\":\"1\",\"fields\":{\"text\":\"<p>Lorem ipsum nunc nec lectus. Elit praesent adipiscing dolor. Velit accumsan at nec aliquam torquent a. Ac leo nibh nam in orci condimentum quam sem class. A curabitur mauris placerat viverra diam pulvinar nam purus at. In in viverra molestie. Augue scelerisque augue metus aliquam diam a quisque. Dolor potenti torquent ut.<\\/p><h3>Here\'s a subhead lorem ipsum<\\/h3><p>Lorem ipsum pretium leo tristique congue ultricies fusce duis accumsan ipsum nibh fusce class. Aliquam adipiscing purus pretium conubia interdum morbi. Tincidunt tincidunt suscipit in orci quis laoreet egestas. Neque orci libero diam. Orci nibh vulputate quisque in adipiscing. Interdum a praesent. Sed sit hendrerit ac curae; gravida orci tellus interdum amet.<\\/p><p>Consectetuer dolor id donec. Massa imperdiet et turpis ut mollis. Vel est ullamcorper viverra habitasse neque mollis hendrerit non. Lorem curabitur arcu nostra eu turpis cum suscipit. Platea nisi vel velit suspendisse aptent turpis nec aliquam massa. Pellentesque scelerisque eget tortor a cras curabitur libero varius dolor et nisi. Lorem.<\\/p>\"}},\"17\":{\"type\":\"dividerBlock\",\"enabled\":\"1\",\"fields\":{\"dividerType\":\"standard-divider\"}},\"18\":{\"type\":\"textBlock\",\"enabled\":\"1\",\"fields\":{\"text\":\"<p>Lorem ipsum suscipit quam ac quisque a vel ipsum velit. Non leo risus nam ipsum ac litora gravida eu lacus. Est per scelerisque tortor orci dui id a massa per in inceptos. Fusce neque at tellus rutrum sed nam amet. Quis at accumsan a at scelerisque condimentum. Natoque conubia eget. Mollis ac.<\\/p>\"}},\"19\":{\"type\":\"imageBlock\",\"enabled\":\"1\",\"fields\":{\"image\":[\"14\"],\"imageType\":\"inset-left\",\"captionTitle\":\"\\u200bInset left image with caption title\",\"caption\":\"<p>Lorem ipsum dolor sit amet consecutat velorem dolor. Adipiscing elit vestum conscript est vacumentum.<\\/p>\",\"credit\":\"\"}},\"new1\":{\"type\":\"textBlock\",\"enabled\":\"1\",\"fields\":{\"text\":\"<p>Lorem ipsum sapien congue curabitur. Nibh ac volutpat semper molestie litora nulla elit erat et dapibus. Mauris nullam sit fusce lorem. Nullam vitae leo. Pede magna mollis morbi purus lacinia metus nisi aliquam praesent justo. Torquent neque sed pulvinar quisque morbi venenatis. Viverra congue tincidunt tellus morbi imperdiet aliquet. Quam lacinia sit.<\\/p><h2>Here\'s a subhead lorem ipsum<\\/h2><p>Lorem ipsum eu ante vestibulum eget platea consectetuer est praesent nam. Imperdiet magna posuere elit at duis magna non sit id fusce a. Quis ut erat turpis etiam amet lectus lacus. Justo imperdiet tristique duis aptent a aenean ultricies ipsum lacus sed etiam. Ut aliquet pretium donec. Elementum vitae molestie duis gravida.<\\/p><p>Quis ut at pharetra ipsum elit et orci libero nostra. Aliquet accumsan in per elit blandit volutpat litora in. Eros morbi libero ipsum per elit scelerisque lacus tempus sed posuere. Iaculis semper convallis molestie gravida torquent class purus accumsan magna. Iaculis interdum gravida pede. Conubia libero sem suspendisse et nisl.<\\/p>\"}},\"new2\":{\"type\":\"dividerBlock\",\"enabled\":\"1\",\"fields\":{\"dividerType\":\"standard-divider\"}},\"new3\":{\"type\":\"pullquoteBlock\",\"enabled\":\"1\",\"fields\":{\"quote\":\"Here\\u2019s a very important quote that everyone should read. Lorem ipsum dolor sit amet.\",\"sourceName\":\"First Lastname\",\"sourceTitle\":\"President of the World\"}},\"new4\":{\"type\":\"compareBlock\",\"enabled\":\"1\",\"fields\":{\"imageLeft\":[\"20\"],\"imageRight\":[\"21\"],\"captionTitle\":\"Las Baulas National Marine Park\",\"caption\":\"<p>Here\\u2019s a comparison image. It will place two images side-by-side for comparison.<\\/p>\",\"credit\":\"\"}}},\"3\":\"\",\"27\":\"<p>Here\'s my teaser&nbsp;Lorem ipsum praesent purus sed. Erat mauris elit. Per lacinia quam dui. Mattis metus ridiculus metus lectus malesuada.<\\/p>\",\"29\":[\"10\"]}}','2014-07-21 15:51:06','2014-07-21 15:51:06','3f8cc07b-be7e-4a96-8314-0bedcfb7b53d'),
	(39,11,3,1,'en_us',8,'','{\"typeId\":\"3\",\"authorId\":\"1\",\"title\":\"Endangered leatherback sea turtles experience resurgence in Trinidad\",\"slug\":\"endangered-leatherback-sea-turtles-experience-resurgence-in-trinidad\",\"postDate\":1405915200,\"expiryDate\":null,\"enabled\":1,\"fields\":{\"28\":\"\",\"23\":\"\",\"22\":\"\",\"20\":\"\",\"26\":\"Leatherbacks resurge in Trinidad\",\"36\":{\"13\":{\"type\":\"imageBlock\",\"enabled\":\"1\",\"fields\":{\"image\":[\"10\"],\"imageType\":\"inset-right\",\"captionTitle\":\"Here\'s a caption title. These are optional.\",\"caption\":\"<p>Here\'s a standard image with a caption. A tourist takes photographs of a leatherback turtle as it heads to the ocean after burying her eggs in the sand at daybreak on a narrow strip of beach in Grande Riviere, Trinidad.<\\/p>\",\"credit\":\"<p>Photo by First Lastname<\\/p>\"}},\"12\":{\"type\":\"textBlock\",\"enabled\":\"1\",\"fields\":{\"text\":\"<p>\\r\\n\\tLorem ipsum praesent purus sed. Erat mauris elit. \\r\\n\\t<a href=\\\"http:\\/\\/www.google.com\\\">This is a link to google<\\/a>. Per lacinia quam dui. Mattis metus ridiculus metus lectus malesuada. Eget phasellus fermentum. Suscipit est nibh. Eget libero amet ipsum sagittis in quis primis libero feugiat. Praesent litora sollicitudin in lorem nunc ac id inceptos purus class. Volutpat massa platea sit lectus sed praesent.<\\/p><p>\\r\\n\\tSapien lorem aliquam quam sem non nonummy. Risus nullam magna lacinia a pellentesque massa nibh turpis. Mi mollis imperdiet condimentum diam suspendisse. In in praesent nonummy at praesent nulla. Congue pharetra amet imperdiet aptent mattis. Habitasse magnis nunc facilisis etiam. Purus scelerisque dictumst vestibulum hymenaeos neque diam orci arcu curabitur.<\\/p><h2>Here\\u2019s a subhead lorem ipsum<\\/h2><p>\\r\\n\\tLorem ipsum et vulputate lobortis non quam auctor feugiat. Massa aliquam purus mattis sapien dolor erat libero lorem ligula arcu et. Eu dui commodo sapien non enim aenean donec congue rhoncus sagittis. Nostra sapien suscipit hymenaeos elit luctus sit erat amet nulla. Ac lorem per nunc ut pellentesque tellus. Eget at sapien.<\\/p>\"}},\"15\":{\"type\":\"imageBlock\",\"enabled\":\"1\",\"fields\":{\"image\":[\"14\"],\"imageType\":\"standard-image\",\"captionTitle\":\"\",\"caption\":\"<p>Fisherman Ervan James untangles a net that he says can inadvertently ensnare about six leatherback turtles in a single night at the peak of six-month nesting season. (This image has no caption title and no credit).<\\/p>\",\"credit\":\"\"}},\"16\":{\"type\":\"textBlock\",\"enabled\":\"1\",\"fields\":{\"text\":\"<p>Lorem ipsum nunc nec lectus. Elit praesent adipiscing dolor. Velit accumsan at nec aliquam torquent a. Ac leo nibh nam in orci condimentum quam sem class. A curabitur mauris placerat viverra diam pulvinar nam purus at. In in viverra molestie. Augue scelerisque augue metus aliquam diam a quisque. Dolor potenti torquent ut.<\\/p><h3>Here\'s a subhead lorem ipsum<\\/h3><p>Lorem ipsum pretium leo tristique congue ultricies fusce duis accumsan ipsum nibh fusce class. Aliquam adipiscing purus pretium conubia interdum morbi. Tincidunt tincidunt suscipit in orci quis laoreet egestas. Neque orci libero diam. Orci nibh vulputate quisque in adipiscing. Interdum a praesent. Sed sit hendrerit ac curae; gravida orci tellus interdum amet.<\\/p><p>Consectetuer dolor id donec. Massa imperdiet et turpis ut mollis. Vel est ullamcorper viverra habitasse neque mollis hendrerit non. Lorem curabitur arcu nostra eu turpis cum suscipit. Platea nisi vel velit suspendisse aptent turpis nec aliquam massa. Pellentesque scelerisque eget tortor a cras curabitur libero varius dolor et nisi. Lorem.<\\/p>\"}},\"17\":{\"type\":\"dividerBlock\",\"enabled\":\"1\",\"fields\":{\"dividerType\":\"standard-divider\"}},\"18\":{\"type\":\"textBlock\",\"enabled\":\"1\",\"fields\":{\"text\":\"<p>Lorem ipsum suscipit quam ac quisque a vel ipsum velit. Non leo risus nam ipsum ac litora gravida eu lacus. Est per scelerisque tortor orci dui id a massa per in inceptos. Fusce neque at tellus rutrum sed nam amet. Quis at accumsan a at scelerisque condimentum. Natoque conubia eget. Mollis ac.<\\/p>\"}},\"19\":{\"type\":\"imageBlock\",\"enabled\":\"1\",\"fields\":{\"image\":[\"14\"],\"imageType\":\"inset-left\",\"captionTitle\":\"\\u200bInset left image with caption title\",\"caption\":\"<p>Lorem ipsum dolor sit amet consecutat velorem dolor. Adipiscing elit vestum conscript est vacumentum.<\\/p>\",\"credit\":\"\"}},\"22\":{\"type\":\"textBlock\",\"enabled\":\"1\",\"fields\":{\"text\":\"<p>Lorem ipsum sapien congue curabitur. Nibh ac volutpat semper molestie litora nulla elit erat et dapibus. Mauris nullam sit fusce lorem. Nullam vitae leo. Pede magna mollis morbi purus lacinia metus nisi aliquam praesent justo. Torquent neque sed pulvinar quisque morbi venenatis. Viverra congue tincidunt tellus morbi imperdiet aliquet. Quam lacinia sit.<\\/p><h2>Here\'s a subhead lorem ipsum<\\/h2><p>Lorem ipsum eu ante vestibulum eget platea consectetuer est praesent nam. Imperdiet magna posuere elit at duis magna non sit id fusce a. Quis ut erat turpis etiam amet lectus lacus. Justo imperdiet tristique duis aptent a aenean ultricies ipsum lacus sed etiam. Ut aliquet pretium donec. Elementum vitae molestie duis gravida.<\\/p><p>Quis ut at pharetra ipsum elit et orci libero nostra. Aliquet accumsan in per elit blandit volutpat litora in. Eros morbi libero ipsum per elit scelerisque lacus tempus sed posuere. Iaculis semper convallis molestie gravida torquent class purus accumsan magna. Iaculis interdum gravida pede. Conubia libero sem suspendisse et nisl.<\\/p>\"}},\"23\":{\"type\":\"dividerBlock\",\"enabled\":\"1\",\"fields\":{\"dividerType\":\"standard-divider\"}},\"24\":{\"type\":\"pullquoteBlock\",\"enabled\":\"1\",\"fields\":{\"quote\":\"Here\\u2019s a very important quote that everyone should read. Lorem ipsum dolor sit amet.\",\"sourceName\":\"First Lastname\",\"sourceTitle\":\"President of the World\"}},\"25\":{\"type\":\"compareBlock\",\"enabled\":\"1\",\"fields\":{\"imageLeft\":[\"20\"],\"imageRight\":[\"21\"],\"captionTitle\":\"Las Baulas National Marine Park\",\"caption\":\"<p>Here\\u2019s a comparison image. It will place two images side-by-side for comparison.<\\/p>\",\"credit\":\"\"}},\"new1\":{\"type\":\"textBlock\",\"enabled\":\"1\",\"fields\":{\"text\":\"<p>Lorem ipsum ut posuere amet habitasse pede a commodo. Cras purus pretium leo nisi pretium dolor sit ultrices sem velit. Id quisque adipiscing nibh nulla erat. Massa litora mauris malesuada a curae; nec consectetuer. Feugiat lectus turpis. Eu augue libero morbi luctus interdum turpis senectus nibh amet vulputate. Pede nullam turpis duis.<\\/p>\"}},\"new2\":{\"type\":\"statBlock\",\"enabled\":\"1\",\"fields\":{\"number\":\"63%\",\"description\":\"<p>Number of times something atypical happens in some circumstance.<\\/p>\",\"source\":\"<p>Department of the Interior<\\/p>\"}},\"new3\":{\"type\":\"textBlock\",\"enabled\":\"1\",\"fields\":{\"text\":\"<p>Lorem ipsum proin arcu curabitur sed integer blandit fusce volutpat ultricies. Nibh tempor vestibulum eget amet condimentum metus gravida. Interdum inceptos accumsan dapibus ipsum neque fusce fusce posuere. Sem class nec libero integer ac tincidunt morbi aliquam proin litora. Imperdiet mi eleifend congue congue lacinia nunc tortor sollicitudin scelerisque congue. Class inceptos.<\\/p><p>Feugiat metus proin. Libero iaculis ut dapibus sit taciti ullamcorper massa lacinia augue fermentum diam. Pellentesque turpis massa eget fermentum pretium mauris. Diam interdum sociosqu. Viverra gravida in tempus ac ut. Aliquam vulputate augue ultrices ut feugiat mauris nulla imperdiet sit per quis. Magnis lorem phasellus magna sapien aliquet turpis.<\\/p>\"}}},\"3\":\"\",\"27\":\"<p>Here\'s my teaser&nbsp;Lorem ipsum praesent purus sed. Erat mauris elit. Per lacinia quam dui. Mattis metus ridiculus metus lectus malesuada.<\\/p>\",\"29\":[\"10\"]}}','2014-07-21 15:52:26','2014-07-21 15:52:26','7b18d793-c721-44a9-a4ec-1679978f7798'),
	(40,11,3,1,'en_us',9,'','{\"typeId\":\"3\",\"authorId\":\"1\",\"title\":\"Endangered leatherback sea turtles experience resurgence in Trinidad\",\"slug\":\"endangered-leatherback-sea-turtles-experience-resurgence-in-trinidad\",\"postDate\":1405915200,\"expiryDate\":null,\"enabled\":1,\"fields\":{\"28\":\"\",\"23\":\"\",\"22\":\"\",\"20\":\"\",\"26\":\"Leatherbacks resurge in Trinidad\",\"36\":{\"13\":{\"type\":\"imageBlock\",\"enabled\":\"1\",\"fields\":{\"image\":[\"10\"],\"imageType\":\"inset-right\",\"captionTitle\":\"Here\'s a caption title. These are optional.\",\"caption\":\"<p>Here\'s a standard image with a caption. A tourist takes photographs of a leatherback turtle as it heads to the ocean after burying her eggs in the sand at daybreak on a narrow strip of beach in Grande Riviere, Trinidad.<\\/p>\",\"credit\":\"<p>Photo by First Lastname<\\/p>\"}},\"12\":{\"type\":\"textBlock\",\"enabled\":\"1\",\"fields\":{\"text\":\"<p>\\r\\n\\tLorem ipsum praesent purus sed. Erat mauris elit. \\r\\n\\t<a href=\\\"http:\\/\\/www.google.com\\\">This is a link to google<\\/a>. Per lacinia quam dui. Mattis metus ridiculus metus lectus malesuada. Eget phasellus fermentum. Suscipit est nibh. Eget libero amet ipsum sagittis in quis primis libero feugiat. Praesent litora sollicitudin in lorem nunc ac id inceptos purus class. Volutpat massa platea sit lectus sed praesent.<\\/p><p>\\r\\n\\tSapien lorem aliquam quam sem non nonummy. Risus nullam magna lacinia a pellentesque massa nibh turpis. Mi mollis imperdiet condimentum diam suspendisse. In in praesent nonummy at praesent nulla. Congue pharetra amet imperdiet aptent mattis. Habitasse magnis nunc facilisis etiam. Purus scelerisque dictumst vestibulum hymenaeos neque diam orci arcu curabitur.<\\/p><h2>Here\\u2019s a subhead lorem ipsum<\\/h2><p>\\r\\n\\tLorem ipsum et vulputate lobortis non quam auctor feugiat. Massa aliquam purus mattis sapien dolor erat libero lorem ligula arcu et. Eu dui commodo sapien non enim aenean donec congue rhoncus sagittis. Nostra sapien suscipit hymenaeos elit luctus sit erat amet nulla. Ac lorem per nunc ut pellentesque tellus. Eget at sapien.<\\/p>\"}},\"15\":{\"type\":\"imageBlock\",\"enabled\":\"1\",\"fields\":{\"image\":[\"14\"],\"imageType\":\"standard-image\",\"captionTitle\":\"\",\"caption\":\"<p>Fisherman Ervan James untangles a net that he says can inadvertently ensnare about six leatherback turtles in a single night at the peak of six-month nesting season. (This image has no caption title and no credit).<\\/p>\",\"credit\":\"\"}},\"16\":{\"type\":\"textBlock\",\"enabled\":\"1\",\"fields\":{\"text\":\"<p>Lorem ipsum nunc nec lectus. Elit praesent adipiscing dolor. Velit accumsan at nec aliquam torquent a. Ac leo nibh nam in orci condimentum quam sem class. A curabitur mauris placerat viverra diam pulvinar nam purus at. In in viverra molestie. Augue scelerisque augue metus aliquam diam a quisque. Dolor potenti torquent ut.<\\/p><h3>Here\'s a subhead lorem ipsum<\\/h3><p>Lorem ipsum pretium leo tristique congue ultricies fusce duis accumsan ipsum nibh fusce class. Aliquam adipiscing purus pretium conubia interdum morbi. Tincidunt tincidunt suscipit in orci quis laoreet egestas. Neque orci libero diam. Orci nibh vulputate quisque in adipiscing. Interdum a praesent. Sed sit hendrerit ac curae; gravida orci tellus interdum amet.<\\/p><p>Consectetuer dolor id donec. Massa imperdiet et turpis ut mollis. Vel est ullamcorper viverra habitasse neque mollis hendrerit non. Lorem curabitur arcu nostra eu turpis cum suscipit. Platea nisi vel velit suspendisse aptent turpis nec aliquam massa. Pellentesque scelerisque eget tortor a cras curabitur libero varius dolor et nisi. Lorem.<\\/p>\"}},\"17\":{\"type\":\"dividerBlock\",\"enabled\":\"1\",\"fields\":{\"dividerType\":\"standard-divider\"}},\"18\":{\"type\":\"textBlock\",\"enabled\":\"1\",\"fields\":{\"text\":\"<p>Lorem ipsum suscipit quam ac quisque a vel ipsum velit. Non leo risus nam ipsum ac litora gravida eu lacus. Est per scelerisque tortor orci dui id a massa per in inceptos. Fusce neque at tellus rutrum sed nam amet. Quis at accumsan a at scelerisque condimentum. Natoque conubia eget. Mollis ac.<\\/p>\"}},\"19\":{\"type\":\"imageBlock\",\"enabled\":\"1\",\"fields\":{\"image\":[\"14\"],\"imageType\":\"inset-left\",\"captionTitle\":\"\\u200bInset left image with caption title\",\"caption\":\"<p>Lorem ipsum dolor sit amet consecutat velorem dolor. Adipiscing elit vestum conscript est vacumentum.<\\/p>\",\"credit\":\"\"}},\"22\":{\"type\":\"textBlock\",\"enabled\":\"1\",\"fields\":{\"text\":\"<p>Lorem ipsum sapien congue curabitur. Nibh ac volutpat semper molestie litora nulla elit erat et dapibus. Mauris nullam sit fusce lorem. Nullam vitae leo. Pede magna mollis morbi purus lacinia metus nisi aliquam praesent justo. Torquent neque sed pulvinar quisque morbi venenatis. Viverra congue tincidunt tellus morbi imperdiet aliquet. Quam lacinia sit.<\\/p><h2>Here\'s a subhead lorem ipsum<\\/h2><p>Lorem ipsum eu ante vestibulum eget platea consectetuer est praesent nam. Imperdiet magna posuere elit at duis magna non sit id fusce a. Quis ut erat turpis etiam amet lectus lacus. Justo imperdiet tristique duis aptent a aenean ultricies ipsum lacus sed etiam. Ut aliquet pretium donec. Elementum vitae molestie duis gravida.<\\/p><p>Quis ut at pharetra ipsum elit et orci libero nostra. Aliquet accumsan in per elit blandit volutpat litora in. Eros morbi libero ipsum per elit scelerisque lacus tempus sed posuere. Iaculis semper convallis molestie gravida torquent class purus accumsan magna. Iaculis interdum gravida pede. Conubia libero sem suspendisse et nisl.<\\/p>\"}},\"23\":{\"type\":\"dividerBlock\",\"enabled\":\"1\",\"fields\":{\"dividerType\":\"standard-divider\"}},\"24\":{\"type\":\"pullquoteBlock\",\"enabled\":\"1\",\"fields\":{\"quote\":\"Here\\u2019s a very important quote that everyone should read. Lorem ipsum dolor sit amet.\",\"sourceName\":\"First Lastname\",\"sourceTitle\":\"President of the World\"}},\"25\":{\"type\":\"compareBlock\",\"enabled\":\"1\",\"fields\":{\"imageLeft\":[\"20\"],\"imageRight\":[\"21\"],\"captionTitle\":\"Las Baulas National Marine Park\",\"caption\":\"<p>Here\\u2019s a comparison image. It will place two images side-by-side for comparison.<\\/p>\",\"credit\":\"\"}},\"26\":{\"type\":\"textBlock\",\"enabled\":\"1\",\"fields\":{\"text\":\"<p>Lorem ipsum ut posuere amet habitasse pede a commodo. Cras purus pretium leo nisi pretium dolor sit ultrices sem velit. Id quisque adipiscing nibh nulla erat. Massa litora mauris malesuada a curae; nec consectetuer. Feugiat lectus turpis. Eu augue libero morbi luctus interdum turpis senectus nibh amet vulputate. Pede nullam turpis duis.<\\/p>\"}},\"27\":{\"type\":\"statBlock\",\"enabled\":\"1\",\"fields\":{\"number\":\"63%\",\"description\":\"<p>Number of times something atypical happens in some circumstance.<\\/p>\",\"source\":\"<p>Department of the Interior<\\/p>\"}},\"28\":{\"type\":\"textBlock\",\"enabled\":\"1\",\"fields\":{\"text\":\"<p>Lorem ipsum proin arcu curabitur sed integer blandit fusce volutpat ultricies. Nibh tempor vestibulum eget amet condimentum metus gravida. Interdum inceptos accumsan dapibus ipsum neque fusce fusce posuere. Sem class nec libero integer ac tincidunt morbi aliquam proin litora. Imperdiet mi eleifend congue congue lacinia nunc tortor sollicitudin scelerisque congue. Class inceptos.<\\/p><p>Feugiat metus proin. Libero iaculis ut dapibus sit taciti ullamcorper massa lacinia augue fermentum diam. Pellentesque turpis massa eget fermentum pretium mauris. Diam interdum sociosqu. Viverra gravida in tempus ac ut. Aliquam vulputate augue ultrices ut feugiat mauris nulla imperdiet sit per quis. Magnis lorem phasellus magna sapien aliquet turpis.<\\/p>\"}}},\"3\":[\"29\",\"30\",\"31\"],\"27\":\"<p>Here\'s my teaser&nbsp;Lorem ipsum praesent purus sed. Erat mauris elit. Per lacinia quam dui. Mattis metus ridiculus metus lectus malesuada.<\\/p>\",\"29\":[\"10\"]}}','2014-07-21 15:53:45','2014-07-21 15:53:45','bd4a9375-ba28-4b1f-b074-a717221d9985'),
	(41,11,3,1,'es',1,'','{\"typeId\":\"3\",\"authorId\":\"1\",\"title\":\"Endangered leatherback sea turtles experience resurgence in Trinidad\",\"slug\":\"endangered-leatherback-sea-turtles-experience-resurgence-in-trinidad\",\"postDate\":1405915200,\"expiryDate\":null,\"enabled\":1,\"fields\":{\"28\":\"\",\"23\":\"\",\"22\":\"\",\"20\":\"\",\"26\":\"Leatherbacks resurge in Trinidad\",\"36\":{\"new1\":{\"type\":\"textBlock\",\"enabled\":\"1\",\"fields\":{\"text\":\"<p>Spanish story blocks start here.<\\/p>\"}}},\"3\":\"\",\"27\":\"<p>Here\'s my teaser&nbsp;Lorem ipsum praesent purus sed. Erat mauris elit. Per lacinia quam dui. Mattis metus ridiculus metus lectus malesuada.<\\/p>\",\"29\":[\"10\"]}}','2014-07-21 15:54:52','2014-07-21 15:54:52','2d8acc13-2f14-47a9-abe5-8272e2b66195'),
	(42,11,3,1,'es',2,'','{\"typeId\":\"3\",\"authorId\":\"1\",\"title\":\"Spanish title leatherback sea turtles experience resurgence in Trinidad\",\"slug\":\"endangered-leatherback-sea-turtles-experience-resurgence-in-trinidad\",\"postDate\":1405915200,\"expiryDate\":null,\"enabled\":1,\"fields\":{\"28\":\"\",\"23\":\"<p>Using a hero image on the spanish version of this story. But not on the english one.<\\/p>\",\"22\":\"Here\'s a caption title for the spanish story hero image\",\"20\":[\"10\"],\"26\":\"Spanish short title here\",\"36\":{\"32\":{\"type\":\"textBlock\",\"enabled\":\"1\",\"fields\":{\"text\":\"<p>Spanish story blocks start here.<\\/p>\"}}},\"3\":\"\",\"27\":\"<p>Here\'s my spanish&nbsp;teaser&nbsp;Lorem ipsum praesent purus sed. Erat mauris elit. Per lacinia quam dui. Mattis metus ridiculus metus lectus malesuada.<\\/p>\",\"29\":[\"10\"]}}','2014-07-21 15:56:19','2014-07-21 15:56:19','b6937791-3dbf-4610-979e-e4d13cefe102'),
	(43,11,3,1,'en_us',10,'','{\"typeId\":\"3\",\"authorId\":\"1\",\"title\":\"Endangered leatherback sea turtles experience resurgence in Trinidad\",\"slug\":\"endangered-leatherback-sea-turtles-experience-resurgence-in-trinidad\",\"postDate\":1405915200,\"expiryDate\":null,\"enabled\":1,\"fields\":{\"28\":\"\",\"23\":\"\",\"22\":\"\",\"20\":\"\",\"26\":\"Leatherbacks resurge in Trinidad\",\"36\":{\"13\":{\"type\":\"imageBlock\",\"enabled\":\"1\",\"fields\":{\"image\":[\"10\"],\"imageType\":\"standard-image\",\"captionTitle\":\"Here\'s a caption title. These are optional.\",\"caption\":\"<p>Here\'s a standard image with a caption. A tourist takes photographs of a leatherback turtle as it heads to the ocean after burying her eggs in the sand at daybreak on a narrow strip of beach in Grande Riviere, Trinidad.<\\/p>\",\"credit\":\"<p>Photo by First Lastname<\\/p>\"}},\"12\":{\"type\":\"textBlock\",\"enabled\":\"1\",\"fields\":{\"text\":\"<p>\\r\\n\\tLorem ipsum praesent purus sed. Erat mauris elit. \\r\\n\\t<a href=\\\"http:\\/\\/www.google.com\\\">This is a link to google<\\/a>. Per lacinia quam dui. Mattis metus ridiculus metus lectus malesuada. Eget phasellus fermentum. Suscipit est nibh. Eget libero amet ipsum sagittis in quis primis libero feugiat. Praesent litora sollicitudin in lorem nunc ac id inceptos purus class. Volutpat massa platea sit lectus sed praesent.<\\/p><p>\\r\\n\\tSapien lorem aliquam quam sem non nonummy. Risus nullam magna lacinia a pellentesque massa nibh turpis. Mi mollis imperdiet condimentum diam suspendisse. In in praesent nonummy at praesent nulla. Congue pharetra amet imperdiet aptent mattis. Habitasse magnis nunc facilisis etiam. Purus scelerisque dictumst vestibulum hymenaeos neque diam orci arcu curabitur.<\\/p><h2>Here\\u2019s a subhead lorem ipsum<\\/h2><p>\\r\\n\\tLorem ipsum et vulputate lobortis non quam auctor feugiat. Massa aliquam purus mattis sapien dolor erat libero lorem ligula arcu et. Eu dui commodo sapien non enim aenean donec congue rhoncus sagittis. Nostra sapien suscipit hymenaeos elit luctus sit erat amet nulla. Ac lorem per nunc ut pellentesque tellus. Eget at sapien.<\\/p>\"}},\"15\":{\"type\":\"imageBlock\",\"enabled\":\"1\",\"fields\":{\"image\":[\"14\"],\"imageType\":\"inset-right\",\"captionTitle\":\"\",\"caption\":\"<p>Fisherman Ervan James untangles a net that he says can inadvertently ensnare about six leatherback turtles in a single night at the peak of six-month nesting season. (This image has no caption title and no credit).<\\/p>\",\"credit\":\"\"}},\"16\":{\"type\":\"textBlock\",\"enabled\":\"1\",\"fields\":{\"text\":\"<p>Lorem ipsum nunc nec lectus. Elit praesent adipiscing dolor. Velit accumsan at nec aliquam torquent a. Ac leo nibh nam in orci condimentum quam sem class. A curabitur mauris placerat viverra diam pulvinar nam purus at. In in viverra molestie. Augue scelerisque augue metus aliquam diam a quisque. Dolor potenti torquent ut.<\\/p><h3>Here\'s a subhead lorem ipsum<\\/h3><p>Lorem ipsum pretium leo tristique congue ultricies fusce duis accumsan ipsum nibh fusce class. Aliquam adipiscing purus pretium conubia interdum morbi. Tincidunt tincidunt suscipit in orci quis laoreet egestas. Neque orci libero diam. Orci nibh vulputate quisque in adipiscing. Interdum a praesent. Sed sit hendrerit ac curae; gravida orci tellus interdum amet.<\\/p><p>Consectetuer dolor id donec. Massa imperdiet et turpis ut mollis. Vel est ullamcorper viverra habitasse neque mollis hendrerit non. Lorem curabitur arcu nostra eu turpis cum suscipit. Platea nisi vel velit suspendisse aptent turpis nec aliquam massa. Pellentesque scelerisque eget tortor a cras curabitur libero varius dolor et nisi. Lorem.<\\/p>\"}},\"17\":{\"type\":\"dividerBlock\",\"enabled\":\"1\",\"fields\":{\"dividerType\":\"standard-divider\"}},\"18\":{\"type\":\"textBlock\",\"enabled\":\"1\",\"fields\":{\"text\":\"<p>Lorem ipsum suscipit quam ac quisque a vel ipsum velit. Non leo risus nam ipsum ac litora gravida eu lacus. Est per scelerisque tortor orci dui id a massa per in inceptos. Fusce neque at tellus rutrum sed nam amet. Quis at accumsan a at scelerisque condimentum. Natoque conubia eget. Mollis ac.<\\/p>\"}},\"19\":{\"type\":\"imageBlock\",\"enabled\":\"1\",\"fields\":{\"image\":[\"14\"],\"imageType\":\"inset-left\",\"captionTitle\":\"\\u200bInset left image with caption title\",\"caption\":\"<p>Lorem ipsum dolor sit amet consecutat velorem dolor. Adipiscing elit vestum conscript est vacumentum.<\\/p>\",\"credit\":\"\"}},\"22\":{\"type\":\"textBlock\",\"enabled\":\"1\",\"fields\":{\"text\":\"<p>Lorem ipsum sapien congue curabitur. Nibh ac volutpat semper molestie litora nulla elit erat et dapibus. Mauris nullam sit fusce lorem. Nullam vitae leo. Pede magna mollis morbi purus lacinia metus nisi aliquam praesent justo. Torquent neque sed pulvinar quisque morbi venenatis. Viverra congue tincidunt tellus morbi imperdiet aliquet. Quam lacinia sit.<\\/p><h2>Here\'s a subhead lorem ipsum<\\/h2><p>Lorem ipsum eu ante vestibulum eget platea consectetuer est praesent nam. Imperdiet magna posuere elit at duis magna non sit id fusce a. Quis ut erat turpis etiam amet lectus lacus. Justo imperdiet tristique duis aptent a aenean ultricies ipsum lacus sed etiam. Ut aliquet pretium donec. Elementum vitae molestie duis gravida.<\\/p><p>Quis ut at pharetra ipsum elit et orci libero nostra. Aliquet accumsan in per elit blandit volutpat litora in. Eros morbi libero ipsum per elit scelerisque lacus tempus sed posuere. Iaculis semper convallis molestie gravida torquent class purus accumsan magna. Iaculis interdum gravida pede. Conubia libero sem suspendisse et nisl.<\\/p>\"}},\"23\":{\"type\":\"dividerBlock\",\"enabled\":\"1\",\"fields\":{\"dividerType\":\"standard-divider\"}},\"24\":{\"type\":\"pullquoteBlock\",\"enabled\":\"1\",\"fields\":{\"quote\":\"Here\\u2019s a very important quote that everyone should read. Lorem ipsum dolor sit amet.\",\"sourceName\":\"First Lastname\",\"sourceTitle\":\"President of the World\"}},\"25\":{\"type\":\"compareBlock\",\"enabled\":\"1\",\"fields\":{\"imageLeft\":[\"20\"],\"imageRight\":[\"21\"],\"captionTitle\":\"Las Baulas National Marine Park\",\"caption\":\"<p>Here\\u2019s a comparison image. It will place two images side-by-side for comparison.<\\/p>\",\"credit\":\"\"}},\"26\":{\"type\":\"textBlock\",\"enabled\":\"1\",\"fields\":{\"text\":\"<p>Lorem ipsum ut posuere amet habitasse pede a commodo. Cras purus pretium leo nisi pretium dolor sit ultrices sem velit. Id quisque adipiscing nibh nulla erat. Massa litora mauris malesuada a curae; nec consectetuer. Feugiat lectus turpis. Eu augue libero morbi luctus interdum turpis senectus nibh amet vulputate. Pede nullam turpis duis.<\\/p>\"}},\"27\":{\"type\":\"statBlock\",\"enabled\":\"1\",\"fields\":{\"number\":\"63%\",\"description\":\"<p>Number of times something atypical happens in some circumstance.<\\/p>\",\"source\":\"<p>Department of the Interior<\\/p>\"}},\"28\":{\"type\":\"textBlock\",\"enabled\":\"1\",\"fields\":{\"text\":\"<p>Lorem ipsum proin arcu curabitur sed integer blandit fusce volutpat ultricies. Nibh tempor vestibulum eget amet condimentum metus gravida. Interdum inceptos accumsan dapibus ipsum neque fusce fusce posuere. Sem class nec libero integer ac tincidunt morbi aliquam proin litora. Imperdiet mi eleifend congue congue lacinia nunc tortor sollicitudin scelerisque congue. Class inceptos.<\\/p><p>Feugiat metus proin. Libero iaculis ut dapibus sit taciti ullamcorper massa lacinia augue fermentum diam. Pellentesque turpis massa eget fermentum pretium mauris. Diam interdum sociosqu. Viverra gravida in tempus ac ut. Aliquam vulputate augue ultrices ut feugiat mauris nulla imperdiet sit per quis. Magnis lorem phasellus magna sapien aliquet turpis.<\\/p>\"}}},\"3\":[\"29\",\"30\",\"31\"],\"27\":\"<p>Here\'s my teaser&nbsp;Lorem ipsum praesent purus sed. Erat mauris elit. Per lacinia quam dui. Mattis metus ridiculus metus lectus malesuada.<\\/p>\",\"29\":[\"10\"]}}','2014-07-21 20:50:58','2014-07-21 20:50:58','fd504941-2bb2-4da8-9d25-e15f8acc80d8'),
	(44,11,3,1,'en_us',11,'','{\"typeId\":\"3\",\"authorId\":\"1\",\"title\":\"Endangered leatherback sea turtles experience resurgence in Trinidad\",\"slug\":\"endangered-leatherback-sea-turtles-experience-resurgence-in-trinidad\",\"postDate\":1405915200,\"expiryDate\":null,\"enabled\":1,\"fields\":{\"28\":\"\",\"23\":\"\",\"22\":\"\",\"20\":\"\",\"26\":\"Leatherbacks resurge in Trinidad\",\"36\":{\"new1\":{\"type\":\"imageBlock\",\"enabled\":\"1\",\"fields\":{\"image\":[\"20\"],\"imageType\":\"standard-image\",\"captionTitle\":\"\",\"caption\":\"\",\"credit\":\"\"}},\"13\":{\"type\":\"imageBlock\",\"enabled\":\"1\",\"fields\":{\"image\":[\"10\"],\"imageType\":\"standard-image\",\"captionTitle\":\"Here\'s a caption title. These are optional.\",\"caption\":\"<p>Here\'s a standard image with a caption. A tourist takes photographs of a leatherback turtle as it heads to the ocean after burying her eggs in the sand at daybreak on a narrow strip of beach in Grande Riviere, Trinidad.<\\/p>\",\"credit\":\"<p>Photo by First Lastname<\\/p>\"}},\"12\":{\"type\":\"textBlock\",\"enabled\":\"1\",\"fields\":{\"text\":\"<p>\\r\\n\\tLorem ipsum praesent purus sed. Erat mauris elit. \\r\\n\\t<a href=\\\"http:\\/\\/www.google.com\\\">This is a link to google<\\/a>. Per lacinia quam dui. Mattis metus ridiculus metus lectus malesuada. Eget phasellus fermentum. Suscipit est nibh. Eget libero amet ipsum sagittis in quis primis libero feugiat. Praesent litora sollicitudin in lorem nunc ac id inceptos purus class. Volutpat massa platea sit lectus sed praesent.<\\/p><p>\\r\\n\\tSapien lorem aliquam quam sem non nonummy. Risus nullam magna lacinia a pellentesque massa nibh turpis. Mi mollis imperdiet condimentum diam suspendisse. In in praesent nonummy at praesent nulla. Congue pharetra amet imperdiet aptent mattis. Habitasse magnis nunc facilisis etiam. Purus scelerisque dictumst vestibulum hymenaeos neque diam orci arcu curabitur.<\\/p><h2>Here\\u2019s a subhead lorem ipsum<\\/h2><p>\\r\\n\\tLorem ipsum et vulputate lobortis non quam auctor feugiat. Massa aliquam purus mattis sapien dolor erat libero lorem ligula arcu et. Eu dui commodo sapien non enim aenean donec congue rhoncus sagittis. Nostra sapien suscipit hymenaeos elit luctus sit erat amet nulla. Ac lorem per nunc ut pellentesque tellus. Eget at sapien.<\\/p>\"}},\"15\":{\"type\":\"imageBlock\",\"enabled\":\"1\",\"fields\":{\"image\":[\"14\"],\"imageType\":\"inset-right\",\"captionTitle\":\"\",\"caption\":\"<p>Fisherman Ervan James untangles a net that he says can inadvertently ensnare about six leatherback turtles in a single night at the peak of six-month nesting season. (This image has no caption title and no credit).<\\/p>\",\"credit\":\"\"}},\"16\":{\"type\":\"textBlock\",\"enabled\":\"1\",\"fields\":{\"text\":\"<p>Lorem ipsum nunc nec lectus. Elit praesent adipiscing dolor. Velit accumsan at nec aliquam torquent a. Ac leo nibh nam in orci condimentum quam sem class. A curabitur mauris placerat viverra diam pulvinar nam purus at. In in viverra molestie. Augue scelerisque augue metus aliquam diam a quisque. Dolor potenti torquent ut.<\\/p><h3>Here\'s a subhead lorem ipsum<\\/h3><p>Lorem ipsum pretium leo tristique congue ultricies fusce duis accumsan ipsum nibh fusce class. Aliquam adipiscing purus pretium conubia interdum morbi. Tincidunt tincidunt suscipit in orci quis laoreet egestas. Neque orci libero diam. Orci nibh vulputate quisque in adipiscing. Interdum a praesent. Sed sit hendrerit ac curae; gravida orci tellus interdum amet.<\\/p><p>Consectetuer dolor id donec. Massa imperdiet et turpis ut mollis. Vel est ullamcorper viverra habitasse neque mollis hendrerit non. Lorem curabitur arcu nostra eu turpis cum suscipit. Platea nisi vel velit suspendisse aptent turpis nec aliquam massa. Pellentesque scelerisque eget tortor a cras curabitur libero varius dolor et nisi. Lorem.<\\/p>\"}},\"17\":{\"type\":\"dividerBlock\",\"enabled\":\"1\",\"fields\":{\"dividerType\":\"standard-divider\"}},\"18\":{\"type\":\"textBlock\",\"enabled\":\"1\",\"fields\":{\"text\":\"<p>Lorem ipsum suscipit quam ac quisque a vel ipsum velit. Non leo risus nam ipsum ac litora gravida eu lacus. Est per scelerisque tortor orci dui id a massa per in inceptos. Fusce neque at tellus rutrum sed nam amet. Quis at accumsan a at scelerisque condimentum. Natoque conubia eget. Mollis ac.<\\/p>\"}},\"19\":{\"type\":\"imageBlock\",\"enabled\":\"1\",\"fields\":{\"image\":[\"14\"],\"imageType\":\"inset-left\",\"captionTitle\":\"\\u200bInset left image with caption title\",\"caption\":\"<p>Lorem ipsum dolor sit amet consecutat velorem dolor. Adipiscing elit vestum conscript est vacumentum.<\\/p>\",\"credit\":\"\"}},\"22\":{\"type\":\"textBlock\",\"enabled\":\"1\",\"fields\":{\"text\":\"<p>Lorem ipsum sapien congue curabitur. Nibh ac volutpat semper molestie litora nulla elit erat et dapibus. Mauris nullam sit fusce lorem. Nullam vitae leo. Pede magna mollis morbi purus lacinia metus nisi aliquam praesent justo. Torquent neque sed pulvinar quisque morbi venenatis. Viverra congue tincidunt tellus morbi imperdiet aliquet. Quam lacinia sit.<\\/p><h2>Here\'s a subhead lorem ipsum<\\/h2><p>Lorem ipsum eu ante vestibulum eget platea consectetuer est praesent nam. Imperdiet magna posuere elit at duis magna non sit id fusce a. Quis ut erat turpis etiam amet lectus lacus. Justo imperdiet tristique duis aptent a aenean ultricies ipsum lacus sed etiam. Ut aliquet pretium donec. Elementum vitae molestie duis gravida.<\\/p><p>Quis ut at pharetra ipsum elit et orci libero nostra. Aliquet accumsan in per elit blandit volutpat litora in. Eros morbi libero ipsum per elit scelerisque lacus tempus sed posuere. Iaculis semper convallis molestie gravida torquent class purus accumsan magna. Iaculis interdum gravida pede. Conubia libero sem suspendisse et nisl.<\\/p>\"}},\"23\":{\"type\":\"dividerBlock\",\"enabled\":\"1\",\"fields\":{\"dividerType\":\"standard-divider\"}},\"24\":{\"type\":\"pullquoteBlock\",\"enabled\":\"1\",\"fields\":{\"quote\":\"Here\\u2019s a very important quote that everyone should read. Lorem ipsum dolor sit amet.\",\"sourceName\":\"First Lastname\",\"sourceTitle\":\"President of the World\"}},\"25\":{\"type\":\"compareBlock\",\"enabled\":\"1\",\"fields\":{\"imageLeft\":[\"20\"],\"imageRight\":[\"21\"],\"captionTitle\":\"Las Baulas National Marine Park\",\"caption\":\"<p>Here\\u2019s a comparison image. It will place two images side-by-side for comparison.<\\/p>\",\"credit\":\"\"}},\"26\":{\"type\":\"textBlock\",\"enabled\":\"1\",\"fields\":{\"text\":\"<p>Lorem ipsum ut posuere amet habitasse pede a commodo. Cras purus pretium leo nisi pretium dolor sit ultrices sem velit. Id quisque adipiscing nibh nulla erat. Massa litora mauris malesuada a curae; nec consectetuer. Feugiat lectus turpis. Eu augue libero morbi luctus interdum turpis senectus nibh amet vulputate. Pede nullam turpis duis.<\\/p>\"}},\"27\":{\"type\":\"statBlock\",\"enabled\":\"1\",\"fields\":{\"number\":\"63%\",\"description\":\"<p>Number of times something atypical happens in some circumstance.<\\/p>\",\"source\":\"<p>Department of the Interior<\\/p>\"}},\"28\":{\"type\":\"textBlock\",\"enabled\":\"1\",\"fields\":{\"text\":\"<p>Lorem ipsum proin arcu curabitur sed integer blandit fusce volutpat ultricies. Nibh tempor vestibulum eget amet condimentum metus gravida. Interdum inceptos accumsan dapibus ipsum neque fusce fusce posuere. Sem class nec libero integer ac tincidunt morbi aliquam proin litora. Imperdiet mi eleifend congue congue lacinia nunc tortor sollicitudin scelerisque congue. Class inceptos.<\\/p><p>Feugiat metus proin. Libero iaculis ut dapibus sit taciti ullamcorper massa lacinia augue fermentum diam. Pellentesque turpis massa eget fermentum pretium mauris. Diam interdum sociosqu. Viverra gravida in tempus ac ut. Aliquam vulputate augue ultrices ut feugiat mauris nulla imperdiet sit per quis. Magnis lorem phasellus magna sapien aliquet turpis.<\\/p>\"}}},\"3\":[\"29\",\"30\",\"31\"],\"27\":\"<p>Here\'s my teaser&nbsp;Lorem ipsum praesent purus sed. Erat mauris elit. Per lacinia quam dui. Mattis metus ridiculus metus lectus malesuada.<\\/p>\",\"29\":[\"10\"]}}','2014-07-21 21:11:04','2014-07-21 21:11:04','2e97dbfb-4f58-4dde-9fbc-d891c7362043'),
	(45,11,3,1,'en_us',12,'','{\"typeId\":\"3\",\"authorId\":\"1\",\"title\":\"Endangered leatherback sea turtles experience resurgence in Trinidad\",\"slug\":\"endangered-leatherback-sea-turtles-experience-resurgence-in-trinidad\",\"postDate\":1405915200,\"expiryDate\":null,\"enabled\":1,\"fields\":{\"28\":\"\",\"23\":\"\",\"22\":\"\",\"20\":\"\",\"26\":\"Leatherbacks resurge in Trinidad\",\"36\":{\"33\":{\"type\":\"imageBlock\",\"enabled\":\"1\",\"fields\":{\"image\":[\"21\"],\"imageType\":\"standard-image\",\"captionTitle\":\"\",\"caption\":\"\",\"credit\":\"\"}},\"13\":{\"type\":\"imageBlock\",\"enabled\":\"1\",\"fields\":{\"image\":[\"10\"],\"imageType\":\"standard-image\",\"captionTitle\":\"Here\'s a caption title. These are optional.\",\"caption\":\"<p>Here\'s a standard image with a caption. A tourist takes photographs of a leatherback turtle as it heads to the ocean after burying her eggs in the sand at daybreak on a narrow strip of beach in Grande Riviere, Trinidad.<\\/p>\",\"credit\":\"<p>Photo by First Lastname<\\/p>\"}},\"12\":{\"type\":\"textBlock\",\"enabled\":\"1\",\"fields\":{\"text\":\"<p>\\r\\n\\tLorem ipsum praesent purus sed. Erat mauris elit. \\r\\n\\t<a href=\\\"http:\\/\\/www.google.com\\\">This is a link to google<\\/a>. Per lacinia quam dui. Mattis metus ridiculus metus lectus malesuada. Eget phasellus fermentum. Suscipit est nibh. Eget libero amet ipsum sagittis in quis primis libero feugiat. Praesent litora sollicitudin in lorem nunc ac id inceptos purus class. Volutpat massa platea sit lectus sed praesent.<\\/p><p>\\r\\n\\tSapien lorem aliquam quam sem non nonummy. Risus nullam magna lacinia a pellentesque massa nibh turpis. Mi mollis imperdiet condimentum diam suspendisse. In in praesent nonummy at praesent nulla. Congue pharetra amet imperdiet aptent mattis. Habitasse magnis nunc facilisis etiam. Purus scelerisque dictumst vestibulum hymenaeos neque diam orci arcu curabitur.<\\/p><h2>Here\\u2019s a subhead lorem ipsum<\\/h2><p>\\r\\n\\tLorem ipsum et vulputate lobortis non quam auctor feugiat. Massa aliquam purus mattis sapien dolor erat libero lorem ligula arcu et. Eu dui commodo sapien non enim aenean donec congue rhoncus sagittis. Nostra sapien suscipit hymenaeos elit luctus sit erat amet nulla. Ac lorem per nunc ut pellentesque tellus. Eget at sapien.<\\/p>\"}},\"15\":{\"type\":\"imageBlock\",\"enabled\":\"1\",\"fields\":{\"image\":[\"14\"],\"imageType\":\"inset-right\",\"captionTitle\":\"\",\"caption\":\"<p>Fisherman Ervan James untangles a net that he says can inadvertently ensnare about six leatherback turtles in a single night at the peak of six-month nesting season. (This image has no caption title and no credit).<\\/p>\",\"credit\":\"\"}},\"16\":{\"type\":\"textBlock\",\"enabled\":\"1\",\"fields\":{\"text\":\"<p>Lorem ipsum nunc nec lectus. Elit praesent adipiscing dolor. Velit accumsan at nec aliquam torquent a. Ac leo nibh nam in orci condimentum quam sem class. A curabitur mauris placerat viverra diam pulvinar nam purus at. In in viverra molestie. Augue scelerisque augue metus aliquam diam a quisque. Dolor potenti torquent ut.<\\/p><h3>Here\'s a subhead lorem ipsum<\\/h3><p>Lorem ipsum pretium leo tristique congue ultricies fusce duis accumsan ipsum nibh fusce class. Aliquam adipiscing purus pretium conubia interdum morbi. Tincidunt tincidunt suscipit in orci quis laoreet egestas. Neque orci libero diam. Orci nibh vulputate quisque in adipiscing. Interdum a praesent. Sed sit hendrerit ac curae; gravida orci tellus interdum amet.<\\/p><p>Consectetuer dolor id donec. Massa imperdiet et turpis ut mollis. Vel est ullamcorper viverra habitasse neque mollis hendrerit non. Lorem curabitur arcu nostra eu turpis cum suscipit. Platea nisi vel velit suspendisse aptent turpis nec aliquam massa. Pellentesque scelerisque eget tortor a cras curabitur libero varius dolor et nisi. Lorem.<\\/p>\"}},\"17\":{\"type\":\"dividerBlock\",\"enabled\":\"1\",\"fields\":{\"dividerType\":\"standard-divider\"}},\"18\":{\"type\":\"textBlock\",\"enabled\":\"1\",\"fields\":{\"text\":\"<p>Lorem ipsum suscipit quam ac quisque a vel ipsum velit. Non leo risus nam ipsum ac litora gravida eu lacus. Est per scelerisque tortor orci dui id a massa per in inceptos. Fusce neque at tellus rutrum sed nam amet. Quis at accumsan a at scelerisque condimentum. Natoque conubia eget. Mollis ac.<\\/p>\"}},\"19\":{\"type\":\"imageBlock\",\"enabled\":\"1\",\"fields\":{\"image\":[\"14\"],\"imageType\":\"inset-left\",\"captionTitle\":\"\\u200bInset left image with caption title\",\"caption\":\"<p>Lorem ipsum dolor sit amet consecutat velorem dolor. Adipiscing elit vestum conscript est vacumentum.<\\/p>\",\"credit\":\"\"}},\"22\":{\"type\":\"textBlock\",\"enabled\":\"1\",\"fields\":{\"text\":\"<p>Lorem ipsum sapien congue curabitur. Nibh ac volutpat semper molestie litora nulla elit erat et dapibus. Mauris nullam sit fusce lorem. Nullam vitae leo. Pede magna mollis morbi purus lacinia metus nisi aliquam praesent justo. Torquent neque sed pulvinar quisque morbi venenatis. Viverra congue tincidunt tellus morbi imperdiet aliquet. Quam lacinia sit.<\\/p><h2>Here\'s a subhead lorem ipsum<\\/h2><p>Lorem ipsum eu ante vestibulum eget platea consectetuer est praesent nam. Imperdiet magna posuere elit at duis magna non sit id fusce a. Quis ut erat turpis etiam amet lectus lacus. Justo imperdiet tristique duis aptent a aenean ultricies ipsum lacus sed etiam. Ut aliquet pretium donec. Elementum vitae molestie duis gravida.<\\/p><p>Quis ut at pharetra ipsum elit et orci libero nostra. Aliquet accumsan in per elit blandit volutpat litora in. Eros morbi libero ipsum per elit scelerisque lacus tempus sed posuere. Iaculis semper convallis molestie gravida torquent class purus accumsan magna. Iaculis interdum gravida pede. Conubia libero sem suspendisse et nisl.<\\/p>\"}},\"23\":{\"type\":\"dividerBlock\",\"enabled\":\"1\",\"fields\":{\"dividerType\":\"standard-divider\"}},\"24\":{\"type\":\"pullquoteBlock\",\"enabled\":\"1\",\"fields\":{\"quote\":\"Here\\u2019s a very important quote that everyone should read. Lorem ipsum dolor sit amet.\",\"sourceName\":\"First Lastname\",\"sourceTitle\":\"President of the World\"}},\"25\":{\"type\":\"compareBlock\",\"enabled\":\"1\",\"fields\":{\"imageLeft\":[\"20\"],\"imageRight\":[\"21\"],\"captionTitle\":\"Las Baulas National Marine Park\",\"caption\":\"<p>Here\\u2019s a comparison image. It will place two images side-by-side for comparison.<\\/p>\",\"credit\":\"\"}},\"26\":{\"type\":\"textBlock\",\"enabled\":\"1\",\"fields\":{\"text\":\"<p>Lorem ipsum ut posuere amet habitasse pede a commodo. Cras purus pretium leo nisi pretium dolor sit ultrices sem velit. Id quisque adipiscing nibh nulla erat. Massa litora mauris malesuada a curae; nec consectetuer. Feugiat lectus turpis. Eu augue libero morbi luctus interdum turpis senectus nibh amet vulputate. Pede nullam turpis duis.<\\/p>\"}},\"27\":{\"type\":\"statBlock\",\"enabled\":\"1\",\"fields\":{\"number\":\"63%\",\"description\":\"<p>Number of times something atypical happens in some circumstance.<\\/p>\",\"source\":\"<p>Department of the Interior<\\/p>\"}},\"28\":{\"type\":\"textBlock\",\"enabled\":\"1\",\"fields\":{\"text\":\"<p>Lorem ipsum proin arcu curabitur sed integer blandit fusce volutpat ultricies. Nibh tempor vestibulum eget amet condimentum metus gravida. Interdum inceptos accumsan dapibus ipsum neque fusce fusce posuere. Sem class nec libero integer ac tincidunt morbi aliquam proin litora. Imperdiet mi eleifend congue congue lacinia nunc tortor sollicitudin scelerisque congue. Class inceptos.<\\/p><p>Feugiat metus proin. Libero iaculis ut dapibus sit taciti ullamcorper massa lacinia augue fermentum diam. Pellentesque turpis massa eget fermentum pretium mauris. Diam interdum sociosqu. Viverra gravida in tempus ac ut. Aliquam vulputate augue ultrices ut feugiat mauris nulla imperdiet sit per quis. Magnis lorem phasellus magna sapien aliquet turpis.<\\/p>\"}}},\"3\":[\"29\",\"30\",\"31\"],\"27\":\"<p>Here\'s my teaser&nbsp;Lorem ipsum praesent purus sed. Erat mauris elit. Per lacinia quam dui. Mattis metus ridiculus metus lectus malesuada.<\\/p>\",\"29\":[\"10\"]}}','2014-07-21 21:16:10','2014-07-21 21:16:10','18029e11-ae95-4180-a1a7-b411139a0dcd'),
	(46,11,3,1,'en_us',13,'','{\"typeId\":\"3\",\"authorId\":\"1\",\"title\":\"Endangered leatherback sea turtles experience resurgence in Trinidad\",\"slug\":\"endangered-leatherback-sea-turtles-experience-resurgence-in-trinidad\",\"postDate\":1405915200,\"expiryDate\":null,\"enabled\":1,\"fields\":{\"28\":\"\",\"23\":\"\",\"22\":\"\",\"20\":\"\",\"26\":\"Leatherbacks resurge in Trinidad\",\"36\":{\"13\":{\"type\":\"imageBlock\",\"enabled\":\"1\",\"fields\":{\"image\":[\"10\"],\"imageType\":\"standard-image\",\"captionTitle\":\"Here\'s a caption title. These are optional.\",\"caption\":\"<p>Here\'s a standard image with a caption. A tourist takes photographs of a leatherback turtle as it heads to the ocean after burying her eggs in the sand at daybreak on a narrow strip of beach in Grande Riviere, Trinidad.<\\/p>\",\"credit\":\"<p>Photo by First Lastname<\\/p>\"}},\"12\":{\"type\":\"textBlock\",\"enabled\":\"1\",\"fields\":{\"text\":\"<p>\\r\\n\\tLorem ipsum praesent purus sed. Erat mauris elit. \\r\\n\\t<a href=\\\"http:\\/\\/www.google.com\\\">This is a link to google<\\/a>. Per lacinia quam dui. Mattis metus ridiculus metus lectus malesuada. Eget phasellus fermentum. Suscipit est nibh. Eget libero amet ipsum sagittis in quis primis libero feugiat. Praesent litora sollicitudin in lorem nunc ac id inceptos purus class. Volutpat massa platea sit lectus sed praesent.<\\/p><p>\\r\\n\\tSapien lorem aliquam quam sem non nonummy. Risus nullam magna lacinia a pellentesque massa nibh turpis. Mi mollis imperdiet condimentum diam suspendisse. In in praesent nonummy at praesent nulla. Congue pharetra amet imperdiet aptent mattis. Habitasse magnis nunc facilisis etiam. Purus scelerisque dictumst vestibulum hymenaeos neque diam orci arcu curabitur.<\\/p><h2>Here\\u2019s a subhead lorem ipsum<\\/h2><p>\\r\\n\\tLorem ipsum et vulputate lobortis non quam auctor feugiat. Massa aliquam purus mattis sapien dolor erat libero lorem ligula arcu et. Eu dui commodo sapien non enim aenean donec congue rhoncus sagittis. Nostra sapien suscipit hymenaeos elit luctus sit erat amet nulla. Ac lorem per nunc ut pellentesque tellus. Eget at sapien.<\\/p>\"}},\"15\":{\"type\":\"imageBlock\",\"enabled\":\"1\",\"fields\":{\"image\":[\"14\"],\"imageType\":\"inset-right\",\"captionTitle\":\"\",\"caption\":\"<p>Fisherman Ervan James untangles a net that he says can inadvertently ensnare about six leatherback turtles in a single night at the peak of six-month nesting season. (This image has no caption title and no credit).<\\/p>\",\"credit\":\"\"}},\"16\":{\"type\":\"textBlock\",\"enabled\":\"1\",\"fields\":{\"text\":\"<p>Lorem ipsum nunc nec lectus. Elit praesent adipiscing dolor. Velit accumsan at nec aliquam torquent a. Ac leo nibh nam in orci condimentum quam sem class. A curabitur mauris placerat viverra diam pulvinar nam purus at. In in viverra molestie. Augue scelerisque augue metus aliquam diam a quisque. Dolor potenti torquent ut.<\\/p><h3>Here\'s a subhead lorem ipsum<\\/h3><p>Lorem ipsum pretium leo tristique congue ultricies fusce duis accumsan ipsum nibh fusce class. Aliquam adipiscing purus pretium conubia interdum morbi. Tincidunt tincidunt suscipit in orci quis laoreet egestas. Neque orci libero diam. Orci nibh vulputate quisque in adipiscing. Interdum a praesent. Sed sit hendrerit ac curae; gravida orci tellus interdum amet.<\\/p><p>Consectetuer dolor id donec. Massa imperdiet et turpis ut mollis. Vel est ullamcorper viverra habitasse neque mollis hendrerit non. Lorem curabitur arcu nostra eu turpis cum suscipit. Platea nisi vel velit suspendisse aptent turpis nec aliquam massa. Pellentesque scelerisque eget tortor a cras curabitur libero varius dolor et nisi. Lorem.<\\/p>\"}},\"17\":{\"type\":\"dividerBlock\",\"enabled\":\"1\",\"fields\":{\"dividerType\":\"standard-divider\"}},\"18\":{\"type\":\"textBlock\",\"enabled\":\"1\",\"fields\":{\"text\":\"<p>Lorem ipsum suscipit quam ac quisque a vel ipsum velit. Non leo risus nam ipsum ac litora gravida eu lacus. Est per scelerisque tortor orci dui id a massa per in inceptos. Fusce neque at tellus rutrum sed nam amet. Quis at accumsan a at scelerisque condimentum. Natoque conubia eget. Mollis ac.<\\/p>\"}},\"19\":{\"type\":\"imageBlock\",\"enabled\":\"1\",\"fields\":{\"image\":[\"14\"],\"imageType\":\"inset-left\",\"captionTitle\":\"\\u200bInset left image with caption title\",\"caption\":\"<p>Lorem ipsum dolor sit amet consecutat velorem dolor. Adipiscing elit vestum conscript est vacumentum.<\\/p>\",\"credit\":\"\"}},\"22\":{\"type\":\"textBlock\",\"enabled\":\"1\",\"fields\":{\"text\":\"<p>Lorem ipsum sapien congue curabitur. Nibh ac volutpat semper molestie litora nulla elit erat et dapibus. Mauris nullam sit fusce lorem. Nullam vitae leo. Pede magna mollis morbi purus lacinia metus nisi aliquam praesent justo. Torquent neque sed pulvinar quisque morbi venenatis. Viverra congue tincidunt tellus morbi imperdiet aliquet. Quam lacinia sit.<\\/p><h2>Here\'s a subhead lorem ipsum<\\/h2><p>Lorem ipsum eu ante vestibulum eget platea consectetuer est praesent nam. Imperdiet magna posuere elit at duis magna non sit id fusce a. Quis ut erat turpis etiam amet lectus lacus. Justo imperdiet tristique duis aptent a aenean ultricies ipsum lacus sed etiam. Ut aliquet pretium donec. Elementum vitae molestie duis gravida.<\\/p><p>Quis ut at pharetra ipsum elit et orci libero nostra. Aliquet accumsan in per elit blandit volutpat litora in. Eros morbi libero ipsum per elit scelerisque lacus tempus sed posuere. Iaculis semper convallis molestie gravida torquent class purus accumsan magna. Iaculis interdum gravida pede. Conubia libero sem suspendisse et nisl.<\\/p>\"}},\"23\":{\"type\":\"dividerBlock\",\"enabled\":\"1\",\"fields\":{\"dividerType\":\"standard-divider\"}},\"24\":{\"type\":\"pullquoteBlock\",\"enabled\":\"1\",\"fields\":{\"quote\":\"Here\\u2019s a very important quote that everyone should read. Lorem ipsum dolor sit amet.\",\"sourceName\":\"First Lastname\",\"sourceTitle\":\"President of the World\"}},\"25\":{\"type\":\"compareBlock\",\"enabled\":\"1\",\"fields\":{\"imageLeft\":[\"20\"],\"imageRight\":[\"21\"],\"captionTitle\":\"Las Baulas National Marine Park\",\"caption\":\"<p>Here\\u2019s a comparison image. It will place two images side-by-side for comparison.<\\/p>\",\"credit\":\"\"}},\"26\":{\"type\":\"textBlock\",\"enabled\":\"1\",\"fields\":{\"text\":\"<p>Lorem ipsum ut posuere amet habitasse pede a commodo. Cras purus pretium leo nisi pretium dolor sit ultrices sem velit. Id quisque adipiscing nibh nulla erat. Massa litora mauris malesuada a curae; nec consectetuer. Feugiat lectus turpis. Eu augue libero morbi luctus interdum turpis senectus nibh amet vulputate. Pede nullam turpis duis.<\\/p>\"}},\"27\":{\"type\":\"statBlock\",\"enabled\":\"1\",\"fields\":{\"number\":\"63%\",\"description\":\"<p>Number of times something atypical happens in some circumstance.<\\/p>\",\"source\":\"<p>Department of the Interior<\\/p>\"}},\"28\":{\"type\":\"textBlock\",\"enabled\":\"1\",\"fields\":{\"text\":\"<p>Lorem ipsum proin arcu curabitur sed integer blandit fusce volutpat ultricies. Nibh tempor vestibulum eget amet condimentum metus gravida. Interdum inceptos accumsan dapibus ipsum neque fusce fusce posuere. Sem class nec libero integer ac tincidunt morbi aliquam proin litora. Imperdiet mi eleifend congue congue lacinia nunc tortor sollicitudin scelerisque congue. Class inceptos.<\\/p><p>Feugiat metus proin. Libero iaculis ut dapibus sit taciti ullamcorper massa lacinia augue fermentum diam. Pellentesque turpis massa eget fermentum pretium mauris. Diam interdum sociosqu. Viverra gravida in tempus ac ut. Aliquam vulputate augue ultrices ut feugiat mauris nulla imperdiet sit per quis. Magnis lorem phasellus magna sapien aliquet turpis.<\\/p>\"}}},\"3\":[\"29\",\"30\",\"31\"],\"27\":\"<p>Here\'s my teaser&nbsp;Lorem ipsum praesent purus sed. Erat mauris elit. Per lacinia quam dui. Mattis metus ridiculus metus lectus malesuada.<\\/p>\",\"29\":[\"10\"]}}','2014-07-21 21:20:35','2014-07-21 21:20:35','36acf052-b22d-4445-bc53-c8553cb71656'),
	(47,11,3,1,'en_us',14,'','{\"typeId\":\"3\",\"authorId\":\"1\",\"title\":\"Endangered leatherback sea turtles experience resurgence in Trinidad\",\"slug\":\"endangered-leatherback-sea-turtles-experience-resurgence-in-trinidad\",\"postDate\":1405915200,\"expiryDate\":null,\"enabled\":1,\"fields\":{\"28\":\"\",\"23\":\"\",\"22\":\"\",\"20\":\"\",\"26\":\"Leatherbacks resurge in Trinidad\",\"36\":{\"13\":{\"type\":\"imageBlock\",\"enabled\":\"1\",\"fields\":{\"image\":[\"10\"],\"imageType\":\"standard-image\",\"captionTitle\":\"Here\'s a caption title. These are optional.\",\"caption\":\"<p>Here\'s a standard image with a caption. A tourist takes photographs of a leatherback turtle as it heads to the ocean after burying her eggs in the sand at daybreak on a narrow strip of beach in Grande Riviere, Trinidad.<\\/p>\",\"credit\":\"<p>Photo by First Lastname<\\/p>\"}},\"12\":{\"type\":\"textBlock\",\"enabled\":\"1\",\"fields\":{\"text\":\"<p>\\r\\n\\tLorem ipsum praesent purus sed. Erat mauris elit. \\r\\n\\t<a href=\\\"http:\\/\\/www.google.com\\\">This is a link to google<\\/a>. Per lacinia quam dui. Mattis metus ridiculus metus lectus malesuada. Eget phasellus fermentum. Suscipit est nibh. Eget libero amet ipsum sagittis in quis primis libero feugiat. Praesent litora sollicitudin in lorem nunc ac id inceptos purus class. Volutpat massa platea sit lectus sed praesent.<\\/p><p>\\r\\n\\tSapien lorem aliquam quam sem non nonummy. Risus nullam magna lacinia a pellentesque massa nibh turpis. Mi mollis imperdiet condimentum diam suspendisse. In in praesent nonummy at praesent nulla. Congue pharetra amet imperdiet aptent mattis. Habitasse magnis nunc facilisis etiam. Purus scelerisque dictumst vestibulum hymenaeos neque diam orci arcu curabitur.<\\/p><h2>Here\\u2019s a subhead lorem ipsum<\\/h2><p>\\r\\n\\tLorem ipsum et vulputate lobortis non quam auctor feugiat. Massa aliquam purus mattis sapien dolor erat libero lorem ligula arcu et. Eu dui commodo sapien non enim aenean donec congue rhoncus sagittis. Nostra sapien suscipit hymenaeos elit luctus sit erat amet nulla. Ac lorem per nunc ut pellentesque tellus. Eget at sapien.<\\/p>\"}},\"15\":{\"type\":\"imageBlock\",\"enabled\":\"1\",\"fields\":{\"image\":[\"14\"],\"imageType\":\"inset-right\",\"captionTitle\":\"\",\"caption\":\"<p>Fisherman Ervan James untangles a net that he says can inadvertently ensnare about six leatherback turtles in a single night at the peak of six-month nesting season. (This image has no caption title and no credit).<\\/p>\",\"credit\":\"\"}},\"16\":{\"type\":\"textBlock\",\"enabled\":\"1\",\"fields\":{\"text\":\"<p>Lorem ipsum nunc nec lectus. Elit praesent adipiscing dolor. Velit accumsan at nec aliquam torquent a. Ac leo nibh nam in orci condimentum quam sem class. A curabitur mauris placerat viverra diam pulvinar nam purus at. In in viverra molestie. Augue scelerisque augue metus aliquam diam a quisque. Dolor potenti torquent ut.<\\/p><h3>Here\'s a subhead lorem ipsum<\\/h3><p>Lorem ipsum pretium leo tristique congue ultricies fusce duis accumsan ipsum nibh fusce class. Aliquam adipiscing purus pretium conubia interdum morbi. Tincidunt tincidunt suscipit in orci quis laoreet egestas. Neque orci libero diam. Orci nibh vulputate quisque in adipiscing. Interdum a praesent. Sed sit hendrerit ac curae; gravida orci tellus interdum amet.<\\/p><p>Consectetuer dolor id donec. Massa imperdiet et turpis ut mollis. Vel est ullamcorper viverra habitasse neque mollis hendrerit non. Lorem curabitur arcu nostra eu turpis cum suscipit. Platea nisi vel velit suspendisse aptent turpis nec aliquam massa. Pellentesque scelerisque eget tortor a cras curabitur libero varius dolor et nisi. Lorem.<\\/p>\"}},\"17\":{\"type\":\"dividerBlock\",\"enabled\":\"1\",\"fields\":{\"dividerType\":\"standard-divider\"}},\"18\":{\"type\":\"textBlock\",\"enabled\":\"1\",\"fields\":{\"text\":\"<p>Lorem ipsum suscipit quam ac quisque a vel ipsum velit. Non leo risus nam ipsum ac litora gravida eu lacus. Est per scelerisque tortor orci dui id a massa per in inceptos. Fusce neque at tellus rutrum sed nam amet. Quis at accumsan a at scelerisque condimentum. Natoque conubia eget. Mollis ac.<\\/p>\"}},\"19\":{\"type\":\"imageBlock\",\"enabled\":\"1\",\"fields\":{\"image\":[\"14\"],\"imageType\":\"inset-left\",\"captionTitle\":\"\\u200bInset left image with caption title\",\"caption\":\"<p>Lorem ipsum dolor sit amet consecutat velorem dolor. Adipiscing elit vestum conscript est vacumentum.<\\/p>\",\"credit\":\"\"}},\"22\":{\"type\":\"textBlock\",\"enabled\":\"1\",\"fields\":{\"text\":\"<p>Lorem ipsum sapien congue curabitur. Nibh ac volutpat semper molestie litora nulla elit erat et dapibus. Mauris nullam sit fusce lorem. Nullam vitae leo. Pede magna mollis morbi purus lacinia metus nisi aliquam praesent justo. Torquent neque sed pulvinar quisque morbi venenatis. Viverra congue tincidunt tellus morbi imperdiet aliquet. Quam lacinia sit.<\\/p><h2>Here\'s a subhead lorem ipsum<\\/h2><p>Lorem ipsum eu ante vestibulum eget platea consectetuer est praesent nam. Imperdiet magna posuere elit at duis magna non sit id fusce a. Quis ut erat turpis etiam amet lectus lacus. Justo imperdiet tristique duis aptent a aenean ultricies ipsum lacus sed etiam. Ut aliquet pretium donec. Elementum vitae molestie duis gravida.<\\/p><p>Quis ut at pharetra ipsum elit et orci libero nostra. Aliquet accumsan in per elit blandit volutpat litora in. Eros morbi libero ipsum per elit scelerisque lacus tempus sed posuere. Iaculis semper convallis molestie gravida torquent class purus accumsan magna. Iaculis interdum gravida pede. Conubia libero sem suspendisse et nisl.<\\/p>\"}},\"23\":{\"type\":\"dividerBlock\",\"enabled\":\"1\",\"fields\":{\"dividerType\":\"standard-divider\"}},\"24\":{\"type\":\"pullquoteBlock\",\"enabled\":\"1\",\"fields\":{\"quote\":\"Here\\u2019s a very important quote that everyone should read. Lorem ipsum dolor sit amet. Dolor adipiscing.\",\"sourceName\":\"First M. Lastname\",\"sourceTitle\":\"\"}},\"25\":{\"type\":\"compareBlock\",\"enabled\":\"1\",\"fields\":{\"imageLeft\":[\"20\"],\"imageRight\":[\"21\"],\"captionTitle\":\"Las Baulas National Marine Park\",\"caption\":\"<p>Here\\u2019s a comparison image. It will place two images side-by-side for comparison.<\\/p>\",\"credit\":\"\"}},\"26\":{\"type\":\"textBlock\",\"enabled\":\"1\",\"fields\":{\"text\":\"<p>Lorem ipsum ut posuere amet habitasse pede a commodo. Cras purus pretium leo nisi pretium dolor sit ultrices sem velit. Id quisque adipiscing nibh nulla erat. Massa litora mauris malesuada a curae; nec consectetuer. Feugiat lectus turpis. Eu augue libero morbi luctus interdum turpis senectus nibh amet vulputate. Pede nullam turpis duis.<\\/p>\"}},\"27\":{\"type\":\"statBlock\",\"enabled\":\"1\",\"fields\":{\"number\":\"63%\",\"description\":\"<p>Number of times something atypical happens in some circumstance.<\\/p>\",\"source\":\"<p>Department of the Interior<\\/p>\"}},\"28\":{\"type\":\"textBlock\",\"enabled\":\"1\",\"fields\":{\"text\":\"<p>Lorem ipsum proin arcu curabitur sed integer blandit fusce volutpat ultricies. Nibh tempor vestibulum eget amet condimentum metus gravida. Interdum inceptos accumsan dapibus ipsum neque fusce fusce posuere. Sem class nec libero integer ac tincidunt morbi aliquam proin litora. Imperdiet mi eleifend congue congue lacinia nunc tortor sollicitudin scelerisque congue. Class inceptos.<\\/p><p>Feugiat metus proin. Libero iaculis ut dapibus sit taciti ullamcorper massa lacinia augue fermentum diam. Pellentesque turpis massa eget fermentum pretium mauris. Diam interdum sociosqu. Viverra gravida in tempus ac ut. Aliquam vulputate augue ultrices ut feugiat mauris nulla imperdiet sit per quis. Magnis lorem phasellus magna sapien aliquet turpis.<\\/p>\"}}},\"3\":[\"29\",\"30\",\"31\"],\"27\":\"<p>Here\'s my teaser&nbsp;Lorem ipsum praesent purus sed. Erat mauris elit. Per lacinia quam dui. Mattis metus ridiculus metus lectus malesuada.<\\/p>\",\"29\":[\"10\"]}}','2014-07-21 21:25:13','2014-07-21 21:25:13','87cf3962-999e-4eef-b3be-aff395198afe'),
	(48,11,3,1,'en_us',15,'','{\"typeId\":\"3\",\"authorId\":\"1\",\"title\":\"Endangered leatherback sea turtles experience resurgence in Trinidad\",\"slug\":\"endangered-leatherback-sea-turtles-experience-resurgence-in-trinidad\",\"postDate\":1405915200,\"expiryDate\":null,\"enabled\":1,\"fields\":{\"28\":\"\",\"23\":\"\",\"22\":\"\",\"20\":\"\",\"26\":\"Leatherbacks resurge in Trinidad\",\"36\":{\"13\":{\"type\":\"imageBlock\",\"enabled\":\"1\",\"fields\":{\"image\":[\"10\"],\"imageType\":\"standard-image\",\"captionTitle\":\"Here\'s a caption title. These are optional.\",\"caption\":\"<p>Here\'s a standard image with a caption. A tourist takes photographs of a leatherback turtle as it heads to the ocean after burying her eggs in the sand at daybreak on a narrow strip of beach in Grande Riviere, Trinidad.<\\/p>\"}},\"12\":{\"type\":\"textBlock\",\"enabled\":\"1\",\"fields\":{\"text\":\"<p>\\r\\n\\tLorem ipsum praesent purus sed. Erat mauris elit. \\r\\n\\t<a href=\\\"http:\\/\\/www.google.com\\\">This is a link to google<\\/a>. Per lacinia quam dui. Mattis metus ridiculus metus lectus malesuada. Eget phasellus fermentum. Suscipit est nibh. Eget libero amet ipsum sagittis in quis primis libero feugiat. Praesent litora sollicitudin in lorem nunc ac id inceptos purus class. Volutpat massa platea sit lectus sed praesent.<\\/p><p>\\r\\n\\tSapien lorem aliquam quam sem non nonummy. Risus nullam magna lacinia a pellentesque massa nibh turpis. Mi mollis imperdiet condimentum diam suspendisse. In in praesent nonummy at praesent nulla. Congue pharetra amet imperdiet aptent mattis. Habitasse magnis nunc facilisis etiam. Purus scelerisque dictumst vestibulum hymenaeos neque diam orci arcu curabitur.<\\/p><h2>Here\\u2019s a subhead lorem ipsum<\\/h2><p>\\r\\n\\tLorem ipsum et vulputate lobortis non quam auctor feugiat. Massa aliquam purus mattis sapien dolor erat libero lorem ligula arcu et. Eu dui commodo sapien non enim aenean donec congue rhoncus sagittis. Nostra sapien suscipit hymenaeos elit luctus sit erat amet nulla. Ac lorem per nunc ut pellentesque tellus. Eget at sapien.<\\/p>\"}},\"15\":{\"type\":\"imageBlock\",\"enabled\":\"1\",\"fields\":{\"image\":[\"14\"],\"imageType\":\"inset-right\",\"captionTitle\":\"\",\"caption\":\"<p>Fisherman Ervan James untangles a net that he says can inadvertently ensnare about six leatherback turtles in a single night at the peak of six-month nesting season. (This image has no caption title and no credit).<\\/p>\"}},\"16\":{\"type\":\"textBlock\",\"enabled\":\"1\",\"fields\":{\"text\":\"<p>Lorem ipsum nunc nec lectus. Elit praesent adipiscing dolor. Velit accumsan at nec aliquam torquent a. Ac leo nibh nam in orci condimentum quam sem class. A curabitur mauris placerat viverra diam pulvinar nam purus at. In in viverra molestie. Augue scelerisque augue metus aliquam diam a quisque. Dolor potenti torquent ut.<\\/p><h3>Here\'s a subhead lorem ipsum<\\/h3><p>Lorem ipsum pretium leo tristique congue ultricies fusce duis accumsan ipsum nibh fusce class. Aliquam adipiscing purus pretium conubia interdum morbi. Tincidunt tincidunt suscipit in orci quis laoreet egestas. Neque orci libero diam. Orci nibh vulputate quisque in adipiscing. Interdum a praesent. Sed sit hendrerit ac curae; gravida orci tellus interdum amet.<\\/p><p>Consectetuer dolor id donec. Massa imperdiet et turpis ut mollis. Vel est ullamcorper viverra habitasse neque mollis hendrerit non. Lorem curabitur arcu nostra eu turpis cum suscipit. Platea nisi vel velit suspendisse aptent turpis nec aliquam massa. Pellentesque scelerisque eget tortor a cras curabitur libero varius dolor et nisi. Lorem.<\\/p>\"}},\"17\":{\"type\":\"dividerBlock\",\"enabled\":\"1\",\"fields\":{\"dividerType\":\"standard-divider\"}},\"18\":{\"type\":\"textBlock\",\"enabled\":\"1\",\"fields\":{\"text\":\"<p>Lorem ipsum suscipit quam ac quisque a vel ipsum velit. Non leo risus nam ipsum ac litora gravida eu lacus. Est per scelerisque tortor orci dui id a massa per in inceptos. Fusce neque at tellus rutrum sed nam amet. Quis at accumsan a at scelerisque condimentum. Natoque conubia eget. Mollis ac.<\\/p>\"}},\"19\":{\"type\":\"imageBlock\",\"enabled\":\"1\",\"fields\":{\"image\":[\"14\"],\"imageType\":\"inset-left\",\"captionTitle\":\"\\u200bInset left image with caption title\",\"caption\":\"<p>Lorem ipsum dolor sit amet consecutat velorem dolor. Adipiscing elit vestum conscript est vacumentum.<\\/p>\"}},\"22\":{\"type\":\"textBlock\",\"enabled\":\"1\",\"fields\":{\"text\":\"<p>Lorem ipsum sapien congue curabitur. Nibh ac volutpat semper molestie litora nulla elit erat et dapibus. Mauris nullam sit fusce lorem. Nullam vitae leo. Pede magna mollis morbi purus lacinia metus nisi aliquam praesent justo. Torquent neque sed pulvinar quisque morbi venenatis. Viverra congue tincidunt tellus morbi imperdiet aliquet. Quam lacinia sit.<\\/p><h2>Here\'s a subhead lorem ipsum<\\/h2><p>Lorem ipsum eu ante vestibulum eget platea consectetuer est praesent nam. Imperdiet magna posuere elit at duis magna non sit id fusce a. Quis ut erat turpis etiam amet lectus lacus. Justo imperdiet tristique duis aptent a aenean ultricies ipsum lacus sed etiam. Ut aliquet pretium donec. Elementum vitae molestie duis gravida.<\\/p><p>Quis ut at pharetra ipsum elit et orci libero nostra. Aliquet accumsan in per elit blandit volutpat litora in. Eros morbi libero ipsum per elit scelerisque lacus tempus sed posuere. Iaculis semper convallis molestie gravida torquent class purus accumsan magna. Iaculis interdum gravida pede. Conubia libero sem suspendisse et nisl.<\\/p>\"}},\"23\":{\"type\":\"dividerBlock\",\"enabled\":\"1\",\"fields\":{\"dividerType\":\"standard-divider\"}},\"24\":{\"type\":\"pullquoteBlock\",\"enabled\":\"1\",\"fields\":{\"quote\":\"Here\\u2019s a very important quote that everyone should read. Lorem ipsum dolor sit amet. Dolor adipiscing.\",\"sourceName\":\"First M. Lastname\",\"sourceTitle\":\"President & CEO\"}},\"25\":{\"type\":\"compareBlock\",\"enabled\":\"1\",\"fields\":{\"imageLeft\":[\"20\"],\"imageRight\":[\"21\"],\"captionTitle\":\"Las Baulas National Marine Park\",\"caption\":\"<p>Here\\u2019s a comparison image. It will place two images side-by-side for comparison.<\\/p>\"}},\"26\":{\"type\":\"textBlock\",\"enabled\":\"1\",\"fields\":{\"text\":\"<p>Lorem ipsum ut posuere amet habitasse pede a commodo. Cras purus pretium leo nisi pretium dolor sit ultrices sem velit. Id quisque adipiscing nibh nulla erat. Massa litora mauris malesuada a curae; nec consectetuer. Feugiat lectus turpis. Eu augue libero morbi luctus interdum turpis senectus nibh amet vulputate. Pede nullam turpis duis.<\\/p>\"}},\"27\":{\"type\":\"statBlock\",\"enabled\":\"1\",\"fields\":{\"number\":\"63%\",\"description\":\"<p>Number of times something atypical happens in some circumstance.<\\/p>\",\"source\":\"<p>Department of the Interior<\\/p>\"}},\"28\":{\"type\":\"textBlock\",\"enabled\":\"1\",\"fields\":{\"text\":\"<p>Lorem ipsum proin arcu curabitur sed integer blandit fusce volutpat ultricies. Nibh tempor vestibulum eget amet condimentum metus gravida. Interdum inceptos accumsan dapibus ipsum neque fusce fusce posuere. Sem class nec libero integer ac tincidunt morbi aliquam proin litora. Imperdiet mi eleifend congue congue lacinia nunc tortor sollicitudin scelerisque congue. Class inceptos.<\\/p><p>Feugiat metus proin. Libero iaculis ut dapibus sit taciti ullamcorper massa lacinia augue fermentum diam. Pellentesque turpis massa eget fermentum pretium mauris. Diam interdum sociosqu. Viverra gravida in tempus ac ut. Aliquam vulputate augue ultrices ut feugiat mauris nulla imperdiet sit per quis. Magnis lorem phasellus magna sapien aliquet turpis.<\\/p>\"}}},\"3\":[\"29\",\"30\",\"31\"],\"27\":\"<p>Here\'s my teaser&nbsp;Lorem ipsum praesent purus sed. Erat mauris elit. Per lacinia quam dui. Mattis metus ridiculus metus lectus malesuada.<\\/p>\",\"29\":[\"10\"]}}','2014-07-21 21:26:08','2014-07-21 21:26:08','5f58a2be-daf7-41d1-a256-006c79c12a6d'),
	(49,11,3,1,'es',3,'','{\"typeId\":\"3\",\"authorId\":\"1\",\"title\":\"Spanish title leatherback sea turtles experience resurgence in Trinidad\",\"slug\":\"endangered-leatherback-sea-turtles-experience-resurgence-in-trinidad\",\"postDate\":1405915200,\"expiryDate\":null,\"enabled\":1,\"fields\":{\"28\":\"\",\"23\":\"\",\"22\":\"Here\'s a caption title for the spanish story hero image\",\"20\":[\"10\"],\"26\":\"Spanish short title here\",\"36\":{\"32\":{\"type\":\"textBlock\",\"enabled\":\"1\",\"fields\":{\"text\":\"<p>Spanish story blocks start here.<\\/p>\"}}},\"3\":\"\",\"27\":\"<p>Here\'s my spanish&nbsp;teaser&nbsp;Lorem ipsum praesent purus sed. Erat mauris elit. Per lacinia quam dui. Mattis metus ridiculus metus lectus malesuada.<\\/p>\",\"29\":[\"10\"]}}','2014-07-21 21:31:24','2014-07-21 21:31:24','69c2eb7d-0371-4d7f-8fe9-292337ae4915'),
	(50,11,3,1,'es',4,'','{\"typeId\":\"3\",\"authorId\":\"1\",\"title\":\"Spanish title leatherback sea turtles experience resurgence in Trinidad\",\"slug\":\"endangered-leatherback-sea-turtles-experience-resurgence-in-trinidad\",\"postDate\":1405915200,\"expiryDate\":null,\"enabled\":1,\"fields\":{\"28\":\"\",\"23\":\"<p>And here\'s a caption<\\/p>\",\"22\":\"Here\'s a caption title for the spanish story hero image\",\"20\":[\"10\"],\"26\":\"Spanish short title here\",\"36\":{\"32\":{\"type\":\"textBlock\",\"enabled\":\"1\",\"fields\":{\"text\":\"<p>Spanish story blocks start here.<\\/p>\"}}},\"3\":\"\",\"27\":\"<p>Here\'s my spanish&nbsp;teaser&nbsp;Lorem ipsum praesent purus sed. Erat mauris elit. Per lacinia quam dui. Mattis metus ridiculus metus lectus malesuada.<\\/p>\",\"29\":[\"10\"]}}','2014-07-21 21:43:27','2014-07-21 21:43:27','25ba89ef-86af-47c7-8386-d3756a04e009'),
	(51,11,3,1,'en_us',16,'','{\"typeId\":\"3\",\"authorId\":\"1\",\"title\":\"Endangered leatherback sea turtles experience resurgence in Trinidad\",\"slug\":\"endangered-leatherback-sea-turtles-experience-resurgence-in-trinidad\",\"postDate\":1405915200,\"expiryDate\":null,\"enabled\":1,\"fields\":{\"28\":\"\",\"23\":\"\",\"22\":\"\",\"20\":\"\",\"26\":\"Leatherbacks resurge in Trinidad\",\"36\":{\"13\":{\"type\":\"imageBlock\",\"enabled\":\"1\",\"fields\":{\"image\":[\"10\"],\"imageType\":\"standard-image\",\"captionTitle\":\"Here\'s a caption title. These are optional.\",\"caption\":\"<p>Here\'s a standard image with a caption. A tourist takes photographs of a leatherback turtle as it heads to the ocean after burying her eggs in the sand at daybreak on a narrow strip of beach in Grande Riviere, Trinidad.<\\/p>\"}},\"12\":{\"type\":\"textBlock\",\"enabled\":\"1\",\"fields\":{\"text\":\"<p>\\r\\n\\tLorem ipsum praesent purus sed. Erat mauris elit. \\r\\n\\t<a href=\\\"http:\\/\\/www.google.com\\\">This is a link to google<\\/a>. Per lacinia quam dui. Mattis metus ridiculus metus lectus malesuada. Eget phasellus fermentum. Suscipit est nibh. Eget libero amet ipsum sagittis in quis primis libero feugiat. Praesent litora sollicitudin in lorem nunc ac id inceptos purus class. Volutpat massa platea sit lectus sed praesent.<\\/p><p>\\r\\n\\tSapien lorem aliquam quam sem non nonummy. Risus nullam magna lacinia a pellentesque massa nibh turpis. Mi mollis imperdiet condimentum diam suspendisse. In in praesent nonummy at praesent nulla. Congue pharetra amet imperdiet aptent mattis. Habitasse magnis nunc facilisis etiam. Purus scelerisque dictumst vestibulum hymenaeos neque diam orci arcu curabitur.<\\/p><h2>Here\\u2019s a subhead lorem ipsum<\\/h2><p>\\r\\n\\tLorem ipsum et vulputate lobortis non quam auctor feugiat. Massa aliquam purus mattis sapien dolor erat libero lorem ligula arcu et. Eu dui commodo sapien non enim aenean donec congue rhoncus sagittis. Nostra sapien suscipit hymenaeos elit luctus sit erat amet nulla. Ac lorem per nunc ut pellentesque tellus. Eget at sapien.<\\/p>\"}},\"15\":{\"type\":\"imageBlock\",\"enabled\":\"1\",\"fields\":{\"image\":[\"14\"],\"imageType\":\"inset-right\",\"captionTitle\":\"\",\"caption\":\"<p>Fisherman Ervan James untangles a net that he says can inadvertently ensnare about six leatherback turtles in a single night at the peak of six-month nesting season. (This image has no caption title and no credit).<\\/p>\"}},\"16\":{\"type\":\"textBlock\",\"enabled\":\"1\",\"fields\":{\"text\":\"<p>Lorem ipsum nunc nec lectus. Elit praesent adipiscing dolor. Velit accumsan at nec aliquam torquent a. Ac leo nibh nam in orci condimentum quam sem class. A curabitur mauris placerat viverra diam pulvinar nam purus at. In in viverra molestie. Augue scelerisque augue metus aliquam diam a quisque. Dolor potenti torquent ut.<\\/p><h3>Here\'s a subhead lorem ipsum<\\/h3><p>Lorem ipsum pretium leo tristique congue ultricies fusce duis accumsan ipsum nibh fusce class. Aliquam adipiscing purus pretium conubia interdum morbi. Tincidunt tincidunt suscipit in orci quis laoreet egestas. Neque orci libero diam. Orci nibh vulputate quisque in adipiscing. Interdum a praesent. Sed sit hendrerit ac curae; gravida orci tellus interdum amet.<\\/p><p>Consectetuer dolor id donec. Massa imperdiet et turpis ut mollis. Vel est ullamcorper viverra habitasse neque mollis hendrerit non. Lorem curabitur arcu nostra eu turpis cum suscipit. Platea nisi vel velit suspendisse aptent turpis nec aliquam massa. Pellentesque scelerisque eget tortor a cras curabitur libero varius dolor et nisi. Lorem.<\\/p>\"}},\"17\":{\"type\":\"dividerBlock\",\"enabled\":\"1\",\"fields\":{\"dividerType\":\"standard-divider\"}},\"18\":{\"type\":\"textBlock\",\"enabled\":\"1\",\"fields\":{\"text\":\"<p>Lorem ipsum suscipit quam ac quisque a vel ipsum velit. Non leo risus nam ipsum ac litora gravida eu lacus. Est per scelerisque tortor orci dui id a massa per in inceptos. Fusce neque at tellus rutrum sed nam amet. Quis at accumsan a at scelerisque condimentum. Natoque conubia eget. Mollis ac.<\\/p>\"}},\"19\":{\"type\":\"imageBlock\",\"enabled\":\"1\",\"fields\":{\"image\":[\"14\"],\"imageType\":\"inset-left\",\"captionTitle\":\"\\u200bInset left image with caption title\",\"caption\":\"<p>Lorem ipsum dolor sit amet consecutat velorem dolor. Adipiscing elit vestum conscript est vacumentum.<\\/p>\"}},\"22\":{\"type\":\"textBlock\",\"enabled\":\"1\",\"fields\":{\"text\":\"<p>Lorem ipsum sapien congue curabitur. Nibh ac volutpat semper molestie litora nulla elit erat et dapibus. Mauris nullam sit fusce lorem. Nullam vitae leo. Pede magna mollis morbi purus lacinia metus nisi aliquam praesent justo. Torquent neque sed pulvinar quisque morbi venenatis. Viverra congue tincidunt tellus morbi imperdiet aliquet. Quam lacinia sit.<\\/p><h2>Here\'s a subhead lorem ipsum<\\/h2><p>Lorem ipsum eu ante vestibulum eget platea consectetuer est praesent nam. Imperdiet magna posuere elit at duis magna non sit id fusce a. Quis ut erat turpis etiam amet lectus lacus. Justo imperdiet tristique duis aptent a aenean ultricies ipsum lacus sed etiam. Ut aliquet pretium donec. Elementum vitae molestie duis gravida.<\\/p><p>Quis ut at pharetra ipsum elit et orci libero nostra. Aliquet accumsan in per elit blandit volutpat litora in. Eros morbi libero ipsum per elit scelerisque lacus tempus sed posuere. Iaculis semper convallis molestie gravida torquent class purus accumsan magna. Iaculis interdum gravida pede. Conubia libero sem suspendisse et nisl.<\\/p>\"}},\"23\":{\"type\":\"dividerBlock\",\"enabled\":\"1\",\"fields\":{\"dividerType\":\"standard-divider\"}},\"24\":{\"type\":\"pullquoteBlock\",\"enabled\":\"1\",\"fields\":{\"quote\":\"Here\\u2019s a very important quote that everyone should read. Lorem ipsum dolor sit amet. Dolor adipiscing.\",\"sourceName\":\"First M. Lastname\",\"sourceTitle\":\"President & CEO\"}},\"25\":{\"type\":\"compareBlock\",\"enabled\":\"1\",\"fields\":{\"imageLeft\":[\"20\"],\"imageRight\":[\"21\"],\"captionTitle\":\"Las Baulas National Marine Park\",\"caption\":\"\"}},\"26\":{\"type\":\"textBlock\",\"enabled\":\"1\",\"fields\":{\"text\":\"<p>Lorem ipsum ut posuere amet habitasse pede a commodo. Cras purus pretium leo nisi pretium dolor sit ultrices sem velit. Id quisque adipiscing nibh nulla erat. Massa litora mauris malesuada a curae; nec consectetuer. Feugiat lectus turpis. Eu augue libero morbi luctus interdum turpis senectus nibh amet vulputate. Pede nullam turpis duis.<\\/p>\"}},\"27\":{\"type\":\"statBlock\",\"enabled\":\"1\",\"fields\":{\"number\":\"63%\",\"description\":\"<p>Number of times something atypical happens in some circumstance.<\\/p>\",\"source\":\"<p>Department of the Interior<\\/p>\"}},\"28\":{\"type\":\"textBlock\",\"enabled\":\"1\",\"fields\":{\"text\":\"<p>Lorem ipsum proin arcu curabitur sed integer blandit fusce volutpat ultricies. Nibh tempor vestibulum eget amet condimentum metus gravida. Interdum inceptos accumsan dapibus ipsum neque fusce fusce posuere. Sem class nec libero integer ac tincidunt morbi aliquam proin litora. Imperdiet mi eleifend congue congue lacinia nunc tortor sollicitudin scelerisque congue. Class inceptos.<\\/p><p>Feugiat metus proin. Libero iaculis ut dapibus sit taciti ullamcorper massa lacinia augue fermentum diam. Pellentesque turpis massa eget fermentum pretium mauris. Diam interdum sociosqu. Viverra gravida in tempus ac ut. Aliquam vulputate augue ultrices ut feugiat mauris nulla imperdiet sit per quis. Magnis lorem phasellus magna sapien aliquet turpis.<\\/p>\"}}},\"3\":[\"29\",\"30\",\"31\"],\"27\":\"<p>Here\'s my teaser&nbsp;Lorem ipsum praesent purus sed. Erat mauris elit. Per lacinia quam dui. Mattis metus ridiculus metus lectus malesuada.<\\/p>\",\"29\":[\"10\"]}}','2014-07-21 22:15:19','2014-07-21 22:15:19','ee27c2ec-500c-4db4-b9aa-5165d7672fff'),
	(52,11,3,1,'en_us',17,'','{\"typeId\":\"3\",\"authorId\":\"1\",\"title\":\"Endangered leatherback sea turtles experience resurgence in Trinidad\",\"slug\":\"endangered-leatherback-sea-turtles-experience-resurgence-in-trinidad\",\"postDate\":1405915200,\"expiryDate\":null,\"enabled\":1,\"fields\":{\"28\":\"\",\"23\":\"\",\"22\":\"\",\"20\":\"\",\"26\":\"Leatherbacks resurge in Trinidad\",\"36\":{\"13\":{\"type\":\"imageBlock\",\"enabled\":\"1\",\"fields\":{\"image\":[\"10\"],\"imageType\":\"standard-image\",\"captionTitle\":\"Here\'s a caption title. These are optional.\",\"caption\":\"<p>Here\'s a standard image with a caption. A tourist takes photographs of a leatherback turtle as it heads to the ocean after burying her eggs in the sand at daybreak on a narrow strip of beach in Grande Riviere, Trinidad.<\\/p>\"}},\"12\":{\"type\":\"textBlock\",\"enabled\":\"1\",\"fields\":{\"text\":\"<p>\\r\\n\\tLorem ipsum praesent purus sed. Erat mauris elit. \\r\\n\\t<a href=\\\"http:\\/\\/www.google.com\\\">This is a link to google<\\/a>. Per lacinia quam dui. Mattis metus ridiculus metus lectus malesuada. Eget phasellus fermentum. Suscipit est nibh. Eget libero amet ipsum sagittis in quis primis libero feugiat. Praesent litora sollicitudin in lorem nunc ac id inceptos purus class. Volutpat massa platea sit lectus sed praesent.<\\/p><p>\\r\\n\\tSapien lorem aliquam quam sem non nonummy. Risus nullam magna lacinia a pellentesque massa nibh turpis. Mi mollis imperdiet condimentum diam suspendisse. In in praesent nonummy at praesent nulla. Congue pharetra amet imperdiet aptent mattis. Habitasse magnis nunc facilisis etiam. Purus scelerisque dictumst vestibulum hymenaeos neque diam orci arcu curabitur.<\\/p><h2>Here\\u2019s a subhead lorem ipsum<\\/h2><p>\\r\\n\\tLorem ipsum et vulputate lobortis non quam auctor feugiat. Massa aliquam purus mattis sapien dolor erat libero lorem ligula arcu et. Eu dui commodo sapien non enim aenean donec congue rhoncus sagittis. Nostra sapien suscipit hymenaeos elit luctus sit erat amet nulla. Ac lorem per nunc ut pellentesque tellus. Eget at sapien.<\\/p>\"}},\"15\":{\"type\":\"imageBlock\",\"enabled\":\"1\",\"fields\":{\"image\":[\"14\"],\"imageType\":\"inset-right\",\"captionTitle\":\"\",\"caption\":\"<p>Fisherman Ervan James untangles a net that he says can inadvertently ensnare about six leatherback turtles in a single night at the peak of six-month nesting season. (This image has no caption title and no credit).<\\/p>\"}},\"16\":{\"type\":\"textBlock\",\"enabled\":\"1\",\"fields\":{\"text\":\"<p>Lorem ipsum nunc nec lectus. Elit praesent adipiscing dolor. Velit accumsan at nec aliquam torquent a. Ac leo nibh nam in orci condimentum quam sem class. A curabitur mauris placerat viverra diam pulvinar nam purus at. In in viverra molestie. Augue scelerisque augue metus aliquam diam a quisque. Dolor potenti torquent ut.<\\/p><h3>Here\'s a subhead lorem ipsum<\\/h3><p>Lorem ipsum pretium leo tristique congue ultricies fusce duis accumsan ipsum nibh fusce class. Aliquam adipiscing purus pretium conubia interdum morbi. Tincidunt tincidunt suscipit in orci quis laoreet egestas. Neque orci libero diam. Orci nibh vulputate quisque in adipiscing. Interdum a praesent. Sed sit hendrerit ac curae; gravida orci tellus interdum amet.<\\/p><p>Consectetuer dolor id donec. Massa imperdiet et turpis ut mollis. Vel est ullamcorper viverra habitasse neque mollis hendrerit non. Lorem curabitur arcu nostra eu turpis cum suscipit. Platea nisi vel velit suspendisse aptent turpis nec aliquam massa. Pellentesque scelerisque eget tortor a cras curabitur libero varius dolor et nisi. Lorem.<\\/p>\"}},\"17\":{\"type\":\"dividerBlock\",\"enabled\":\"1\",\"fields\":{\"dividerType\":\"standard-divider\"}},\"18\":{\"type\":\"textBlock\",\"enabled\":\"1\",\"fields\":{\"text\":\"<p>Lorem ipsum suscipit quam ac quisque a vel ipsum velit. Non leo risus nam ipsum ac litora gravida eu lacus. Est per scelerisque tortor orci dui id a massa per in inceptos. Fusce neque at tellus rutrum sed nam amet. Quis at accumsan a at scelerisque condimentum. Natoque conubia eget. Mollis ac.<\\/p>\"}},\"19\":{\"type\":\"imageBlock\",\"enabled\":\"1\",\"fields\":{\"image\":[\"14\"],\"imageType\":\"inset-left\",\"captionTitle\":\"\\u200bInset left image with caption title\",\"caption\":\"<p>Lorem ipsum dolor sit amet consecutat velorem dolor. Adipiscing elit vestum conscript est vacumentum.<\\/p>\"}},\"22\":{\"type\":\"textBlock\",\"enabled\":\"1\",\"fields\":{\"text\":\"<p>Lorem ipsum sapien congue curabitur. Nibh ac volutpat semper molestie litora nulla elit erat et dapibus. Mauris nullam sit fusce lorem. Nullam vitae leo. Pede magna mollis morbi purus lacinia metus nisi aliquam praesent justo. Torquent neque sed pulvinar quisque morbi venenatis. Viverra congue tincidunt tellus morbi imperdiet aliquet. Quam lacinia sit.<\\/p><h2>Here\'s a subhead lorem ipsum<\\/h2><p>Lorem ipsum eu ante vestibulum eget platea consectetuer est praesent nam. Imperdiet magna posuere elit at duis magna non sit id fusce a. Quis ut erat turpis etiam amet lectus lacus. Justo imperdiet tristique duis aptent a aenean ultricies ipsum lacus sed etiam. Ut aliquet pretium donec. Elementum vitae molestie duis gravida.<\\/p><p>Quis ut at pharetra ipsum elit et orci libero nostra. Aliquet accumsan in per elit blandit volutpat litora in. Eros morbi libero ipsum per elit scelerisque lacus tempus sed posuere. Iaculis semper convallis molestie gravida torquent class purus accumsan magna. Iaculis interdum gravida pede. Conubia libero sem suspendisse et nisl.<\\/p>\"}},\"23\":{\"type\":\"dividerBlock\",\"enabled\":\"1\",\"fields\":{\"dividerType\":\"standard-divider\"}},\"24\":{\"type\":\"pullquoteBlock\",\"enabled\":\"1\",\"fields\":{\"quote\":\"Here\\u2019s a very important quote that everyone should read. Lorem ipsum dolor sit amet. Dolor adipiscing.\",\"sourceName\":\"First M. Lastname\",\"sourceTitle\":\"President & CEO\"}},\"25\":{\"type\":\"compareBlock\",\"enabled\":\"1\",\"fields\":{\"imageLeft\":[\"20\"],\"imageRight\":[\"21\"],\"captionTitle\":\"Las Baulas National Marine Park\",\"caption\":\"<p>Here\'s a caption for this comparison image.&nbsp;Cras purus pretium leo nisi pretium dolor sit ultrices sem velit. Id quisque adipiscing nibh nulla erat. Massa litora mauris malesuada a curae.<\\/p>\"}},\"26\":{\"type\":\"textBlock\",\"enabled\":\"1\",\"fields\":{\"text\":\"<p>Lorem ipsum ut posuere amet habitasse pede a commodo. Cras purus pretium leo nisi pretium dolor sit ultrices sem velit. Id quisque adipiscing nibh nulla erat. Massa litora mauris malesuada a curae; nec consectetuer. Feugiat lectus turpis. Eu augue libero morbi luctus interdum turpis senectus nibh amet vulputate. Pede nullam turpis duis.<\\/p>\"}},\"27\":{\"type\":\"statBlock\",\"enabled\":\"1\",\"fields\":{\"number\":\"63%\",\"description\":\"<p>Number of times something atypical happens in some circumstance.<\\/p>\",\"source\":\"<p>Department of the Interior<\\/p>\"}},\"28\":{\"type\":\"textBlock\",\"enabled\":\"1\",\"fields\":{\"text\":\"<p>Lorem ipsum proin arcu curabitur sed integer blandit fusce volutpat ultricies. Nibh tempor vestibulum eget amet condimentum metus gravida. Interdum inceptos accumsan dapibus ipsum neque fusce fusce posuere. Sem class nec libero integer ac tincidunt morbi aliquam proin litora. Imperdiet mi eleifend congue congue lacinia nunc tortor sollicitudin scelerisque congue. Class inceptos.<\\/p><p>Feugiat metus proin. Libero iaculis ut dapibus sit taciti ullamcorper massa lacinia augue fermentum diam. Pellentesque turpis massa eget fermentum pretium mauris. Diam interdum sociosqu. Viverra gravida in tempus ac ut. Aliquam vulputate augue ultrices ut feugiat mauris nulla imperdiet sit per quis. Magnis lorem phasellus magna sapien aliquet turpis.<\\/p>\"}}},\"3\":[\"29\",\"30\",\"31\"],\"27\":\"<p>Here\'s my teaser&nbsp;Lorem ipsum praesent purus sed. Erat mauris elit. Per lacinia quam dui. Mattis metus ridiculus metus lectus malesuada.<\\/p>\",\"29\":[\"10\"]}}','2014-07-21 22:16:23','2014-07-21 22:16:23','eef7db43-db6b-463a-92ba-5a3cfa45eec9'),
	(53,34,3,1,'en_us',1,'','{\"typeId\":\"4\",\"authorId\":\"1\",\"title\":\"Event name here\",\"slug\":\"event-name-here\",\"postDate\":1405982180,\"expiryDate\":null,\"enabled\":1,\"fields\":{\"32\":\"\",\"31\":{\"date\":\"\",\"time\":\"\"},\"30\":{\"date\":\"8\\/6\\/2014\",\"time\":\"1:30 PM\"},\"33\":\"3420 79th Street, New York, NY 11372\",\"34\":\"mailto:snetman@gmail.com\",\"35\":\"RSVP\",\"26\":\"\",\"36\":{\"new1\":{\"type\":\"textBlock\",\"enabled\":\"1\",\"fields\":{\"text\":\"<p>Here\'s a text block<\\/p>\"}}},\"3\":\"\",\"27\":\"<p>Here\'s my event teaser<\\/p>\",\"29\":\"\"}}','2014-07-21 22:36:20','2014-07-21 22:36:20','aa455e2b-857d-4cfc-94e8-b2be3c931086'),
	(54,11,3,1,'en_us',18,'','{\"typeId\":\"3\",\"authorId\":\"1\",\"title\":\"Endangered leatherback sea turtles experience resurgence in Trinidad\",\"slug\":\"endangered-leatherback-sea-turtles-experience-resurgence-in-trinidad\",\"postDate\":1405915200,\"expiryDate\":null,\"enabled\":1,\"fields\":{\"28\":[\"41\"],\"23\":\"\",\"22\":\"\",\"20\":\"\",\"26\":\"Leatherbacks resurge in Trinidad\",\"36\":{\"13\":{\"type\":\"imageBlock\",\"enabled\":\"1\",\"fields\":{\"image\":[\"10\"],\"imageType\":\"standard-image\",\"captionTitle\":\"Here\'s a caption title. These are optional.\",\"caption\":\"<p>Here\'s a standard image with a caption. A tourist takes photographs of a leatherback turtle as it heads to the ocean after burying her eggs in the sand at daybreak on a narrow strip of beach in Grande Riviere, Trinidad.<\\/p>\"}},\"12\":{\"type\":\"textBlock\",\"enabled\":\"1\",\"fields\":{\"text\":\"<p>\\r\\n\\tLorem ipsum praesent purus sed. Erat mauris elit. \\r\\n\\t<a href=\\\"http:\\/\\/www.google.com\\\">This is a link to google<\\/a>. Per lacinia quam dui. Mattis metus ridiculus metus lectus malesuada. Eget phasellus fermentum. Suscipit est nibh. Eget libero amet ipsum sagittis in quis primis libero feugiat. Praesent litora sollicitudin in lorem nunc ac id inceptos purus class. Volutpat massa platea sit lectus sed praesent.<\\/p><p>\\r\\n\\tSapien lorem aliquam quam sem non nonummy. Risus nullam magna lacinia a pellentesque massa nibh turpis. Mi mollis imperdiet condimentum diam suspendisse. In in praesent nonummy at praesent nulla. Congue pharetra amet imperdiet aptent mattis. Habitasse magnis nunc facilisis etiam. Purus scelerisque dictumst vestibulum hymenaeos neque diam orci arcu curabitur.<\\/p><h2>Here\\u2019s a subhead lorem ipsum<\\/h2><p>\\r\\n\\tLorem ipsum et vulputate lobortis non quam auctor feugiat. Massa aliquam purus mattis sapien dolor erat libero lorem ligula arcu et. Eu dui commodo sapien non enim aenean donec congue rhoncus sagittis. Nostra sapien suscipit hymenaeos elit luctus sit erat amet nulla. Ac lorem per nunc ut pellentesque tellus. Eget at sapien.<\\/p>\"}},\"15\":{\"type\":\"imageBlock\",\"enabled\":\"1\",\"fields\":{\"image\":[\"14\"],\"imageType\":\"inset-right\",\"captionTitle\":\"\",\"caption\":\"<p>Fisherman Ervan James untangles a net that he says can inadvertently ensnare about six leatherback turtles in a single night at the peak of six-month nesting season. (This image has no caption title and no credit).<\\/p>\"}},\"16\":{\"type\":\"textBlock\",\"enabled\":\"1\",\"fields\":{\"text\":\"<p>Lorem ipsum nunc nec lectus. Elit praesent adipiscing dolor. Velit accumsan at nec aliquam torquent a. Ac leo nibh nam in orci condimentum quam sem class. A curabitur mauris placerat viverra diam pulvinar nam purus at. In in viverra molestie. Augue scelerisque augue metus aliquam diam a quisque. Dolor potenti torquent ut.<\\/p><h3>Here\'s a subhead lorem ipsum<\\/h3><p>Lorem ipsum pretium leo tristique congue ultricies fusce duis accumsan ipsum nibh fusce class. Aliquam adipiscing purus pretium conubia interdum morbi. Tincidunt tincidunt suscipit in orci quis laoreet egestas. Neque orci libero diam. Orci nibh vulputate quisque in adipiscing. Interdum a praesent. Sed sit hendrerit ac curae; gravida orci tellus interdum amet.<\\/p><p>Consectetuer dolor id donec. Massa imperdiet et turpis ut mollis. Vel est ullamcorper viverra habitasse neque mollis hendrerit non. Lorem curabitur arcu nostra eu turpis cum suscipit. Platea nisi vel velit suspendisse aptent turpis nec aliquam massa. Pellentesque scelerisque eget tortor a cras curabitur libero varius dolor et nisi. Lorem.<\\/p>\"}},\"17\":{\"type\":\"dividerBlock\",\"enabled\":\"1\",\"fields\":{\"dividerType\":\"standard-divider\"}},\"18\":{\"type\":\"textBlock\",\"enabled\":\"1\",\"fields\":{\"text\":\"<p>Lorem ipsum suscipit quam ac quisque a vel ipsum velit. Non leo risus nam ipsum ac litora gravida eu lacus. Est per scelerisque tortor orci dui id a massa per in inceptos. Fusce neque at tellus rutrum sed nam amet. Quis at accumsan a at scelerisque condimentum. Natoque conubia eget. Mollis ac.<\\/p>\"}},\"19\":{\"type\":\"imageBlock\",\"enabled\":\"1\",\"fields\":{\"image\":[\"14\"],\"imageType\":\"inset-left\",\"captionTitle\":\"\\u200bInset left image with caption title\",\"caption\":\"<p>Lorem ipsum dolor sit amet consecutat velorem dolor. Adipiscing elit vestum conscript est vacumentum.<\\/p>\"}},\"22\":{\"type\":\"textBlock\",\"enabled\":\"1\",\"fields\":{\"text\":\"<p>Lorem ipsum sapien congue curabitur. Nibh ac volutpat semper molestie litora nulla elit erat et dapibus. Mauris nullam sit fusce lorem. Nullam vitae leo. Pede magna mollis morbi purus lacinia metus nisi aliquam praesent justo. Torquent neque sed pulvinar quisque morbi venenatis. Viverra congue tincidunt tellus morbi imperdiet aliquet. Quam lacinia sit.<\\/p><h2>Here\'s a subhead lorem ipsum<\\/h2><p>Lorem ipsum eu ante vestibulum eget platea consectetuer est praesent nam. Imperdiet magna posuere elit at duis magna non sit id fusce a. Quis ut erat turpis etiam amet lectus lacus. Justo imperdiet tristique duis aptent a aenean ultricies ipsum lacus sed etiam. Ut aliquet pretium donec. Elementum vitae molestie duis gravida.<\\/p><p>Quis ut at pharetra ipsum elit et orci libero nostra. Aliquet accumsan in per elit blandit volutpat litora in. Eros morbi libero ipsum per elit scelerisque lacus tempus sed posuere. Iaculis semper convallis molestie gravida torquent class purus accumsan magna. Iaculis interdum gravida pede. Conubia libero sem suspendisse et nisl.<\\/p>\"}},\"23\":{\"type\":\"dividerBlock\",\"enabled\":\"1\",\"fields\":{\"dividerType\":\"standard-divider\"}},\"24\":{\"type\":\"pullquoteBlock\",\"enabled\":\"1\",\"fields\":{\"quote\":\"Here\\u2019s a very important quote that everyone should read. Lorem ipsum dolor sit amet. Dolor adipiscing.\",\"sourceName\":\"First M. Lastname\",\"sourceTitle\":\"President & CEO\"}},\"25\":{\"type\":\"compareBlock\",\"enabled\":\"1\",\"fields\":{\"imageLeft\":[\"20\"],\"imageRight\":[\"21\"],\"captionTitle\":\"Las Baulas National Marine Park\",\"caption\":\"<p>Here\'s a caption for this comparison image.&nbsp;Cras purus pretium leo nisi pretium dolor sit ultrices sem velit. Id quisque adipiscing nibh nulla erat. Massa litora mauris malesuada a curae.<\\/p>\"}},\"26\":{\"type\":\"textBlock\",\"enabled\":\"1\",\"fields\":{\"text\":\"<p>Lorem ipsum ut posuere amet habitasse pede a commodo. Cras purus pretium leo nisi pretium dolor sit ultrices sem velit. Id quisque adipiscing nibh nulla erat. Massa litora mauris malesuada a curae; nec consectetuer. Feugiat lectus turpis. Eu augue libero morbi luctus interdum turpis senectus nibh amet vulputate. Pede nullam turpis duis.<\\/p>\"}},\"27\":{\"type\":\"statBlock\",\"enabled\":\"1\",\"fields\":{\"number\":\"63%\",\"description\":\"<p>Number of times something atypical happens in some circumstance.<\\/p>\",\"source\":\"<p>Department of the Interior<\\/p>\"}},\"28\":{\"type\":\"textBlock\",\"enabled\":\"1\",\"fields\":{\"text\":\"<p>Lorem ipsum proin arcu curabitur sed integer blandit fusce volutpat ultricies. Nibh tempor vestibulum eget amet condimentum metus gravida. Interdum inceptos accumsan dapibus ipsum neque fusce fusce posuere. Sem class nec libero integer ac tincidunt morbi aliquam proin litora. Imperdiet mi eleifend congue congue lacinia nunc tortor sollicitudin scelerisque congue. Class inceptos.<\\/p><p>Feugiat metus proin. Libero iaculis ut dapibus sit taciti ullamcorper massa lacinia augue fermentum diam. Pellentesque turpis massa eget fermentum pretium mauris. Diam interdum sociosqu. Viverra gravida in tempus ac ut. Aliquam vulputate augue ultrices ut feugiat mauris nulla imperdiet sit per quis. Magnis lorem phasellus magna sapien aliquet turpis.<\\/p>\"}}},\"3\":[\"29\",\"30\",\"31\"],\"27\":\"<p>Here\'s my teaser&nbsp;Lorem ipsum praesent purus sed. Erat mauris elit. Per lacinia quam dui. Mattis metus ridiculus metus lectus malesuada.<\\/p>\",\"29\":[\"10\"]}}','2014-07-22 14:34:39','2014-07-22 14:34:39','a9e5c6b6-abab-495b-ab69-d6a7b9db1bfc'),
	(55,34,3,1,'en_us',2,'','{\"typeId\":\"4\",\"authorId\":\"1\",\"title\":\"Event name here\",\"slug\":\"event-name-here\",\"postDate\":1405982160,\"expiryDate\":null,\"enabled\":1,\"fields\":{\"32\":\"\",\"31\":{\"date\":\"\",\"time\":\"\"},\"30\":{\"date\":\"8\\/6\\/2014\",\"time\":\"1:30 PM\"},\"33\":\"3420 79th Street, New York, NY 11372\",\"34\":\"mailto:snetman@gmail.com\",\"35\":\"RSVP\",\"26\":\"\",\"36\":{\"35\":{\"type\":\"textBlock\",\"enabled\":\"1\",\"fields\":{\"text\":\"<p>Here\'s a text block<\\/p>\"}}},\"3\":[\"42\"],\"27\":\"<p>Here\'s my event teaser<\\/p>\",\"29\":\"\"}}','2014-07-22 15:02:05','2014-07-22 15:02:05','94532e0a-a300-4cf3-a753-b45f9e9935b3'),
	(56,34,3,1,'en_us',3,'','{\"typeId\":\"4\",\"authorId\":\"1\",\"title\":\"Event name here\",\"slug\":\"event-name-here\",\"postDate\":1405982160,\"expiryDate\":null,\"enabled\":1,\"fields\":{\"32\":\"\",\"31\":{\"date\":\"\",\"time\":\"\"},\"30\":{\"date\":\"8\\/6\\/2014\",\"time\":\"1:30 PM\"},\"33\":\"3420 79th Street, New York, NY 11372\",\"34\":\"mailto:snetman@gmail.com\",\"35\":\"RSVP\",\"26\":\"\",\"36\":{\"35\":{\"type\":\"textBlock\",\"enabled\":\"1\",\"fields\":{\"text\":\"<p>Here\'s a text block<\\/p>\"}}},\"3\":\"\",\"27\":\"<p>Here\'s my event teaser<\\/p>\",\"29\":\"\"}}','2014-07-22 15:02:53','2014-07-22 15:02:53','3b2737b1-e4e7-473a-a290-bc0b250af2a6'),
	(57,11,3,1,'es',5,'','{\"typeId\":\"3\",\"authorId\":\"1\",\"title\":\"Spanish title leatherback sea turtles experience resurgence in Trinidad\",\"slug\":\"endangered-leatherback-sea-turtles-experience-resurgence-in-trinidad\",\"postDate\":1405915200,\"expiryDate\":null,\"enabled\":1,\"fields\":{\"28\":\"\",\"23\":\"<p>And here\'s a caption<\\/p>\",\"22\":\"Here\'s a caption title for the spanish story hero image\",\"20\":[\"10\"],\"26\":\"Spanish short title here\",\"36\":{\"32\":{\"type\":\"textBlock\",\"enabled\":\"1\",\"fields\":{\"text\":\"<p>Spanish story blocks start here.<\\/p>\"}}},\"3\":[\"43\"],\"27\":\"<p>Here\'s my spanish&nbsp;teaser&nbsp;Lorem ipsum praesent purus sed. Erat mauris elit. Per lacinia quam dui. Mattis metus ridiculus metus lectus malesuada.<\\/p>\",\"29\":[\"10\"]}}','2014-07-22 15:03:09','2014-07-22 15:03:09','6cf21d77-37a7-45ca-831f-854c7855a899'),
	(58,11,3,1,'en_us',19,'','{\"typeId\":\"3\",\"authorId\":\"1\",\"title\":\"Endangered leatherback sea turtles experience resurgence in Trinidad\",\"slug\":\"endangered-leatherback-sea-turtles-experience-resurgence-in-trinidad\",\"postDate\":1405915200,\"expiryDate\":null,\"enabled\":1,\"fields\":{\"28\":[\"41\"],\"23\":\"\",\"22\":\"\",\"20\":\"\",\"26\":\"Leatherbacks resurge in Trinidad\",\"36\":{\"13\":{\"type\":\"imageBlock\",\"enabled\":\"1\",\"fields\":{\"image\":[\"10\"],\"imageType\":\"standard-image\",\"captionTitle\":\"Here\'s a caption title. These are optional.\",\"caption\":\"<p>Here\'s a standard image with a caption. A tourist takes photographs of a leatherback turtle as it heads to the ocean after burying her eggs in the sand at daybreak on a narrow strip of beach in Grande Riviere, Trinidad.<\\/p>\"}},\"12\":{\"type\":\"textBlock\",\"enabled\":\"1\",\"fields\":{\"text\":\"<p>\\r\\n\\tLorem ipsum praesent purus sed. Erat mauris elit. \\r\\n\\t<a href=\\\"http:\\/\\/www.google.com\\\">This is a link to google<\\/a>. Per lacinia quam dui. Mattis metus ridiculus metus lectus malesuada. Eget phasellus fermentum. Suscipit est nibh. Eget libero amet ipsum sagittis in quis primis libero feugiat. Praesent litora sollicitudin in lorem nunc ac id inceptos purus class. Volutpat massa platea sit lectus sed praesent.<\\/p><p>\\r\\n\\tSapien lorem aliquam quam sem non nonummy. Risus nullam magna lacinia a pellentesque massa nibh turpis. Mi mollis imperdiet condimentum diam suspendisse. In in praesent nonummy at praesent nulla. Congue pharetra amet imperdiet aptent mattis. Habitasse magnis nunc facilisis etiam. Purus scelerisque dictumst vestibulum hymenaeos neque diam orci arcu curabitur.<\\/p><h2>Here\\u2019s a subhead lorem ipsum<\\/h2><p>\\r\\n\\tLorem ipsum et vulputate lobortis non quam auctor feugiat. Massa aliquam purus mattis sapien dolor erat libero lorem ligula arcu et. Eu dui commodo sapien non enim aenean donec congue rhoncus sagittis. Nostra sapien suscipit hymenaeos elit luctus sit erat amet nulla. Ac lorem per nunc ut pellentesque tellus. Eget at sapien.<\\/p>\"}},\"15\":{\"type\":\"imageBlock\",\"enabled\":\"1\",\"fields\":{\"image\":[\"14\"],\"imageType\":\"inset-right\",\"captionTitle\":\"\",\"caption\":\"<p>Fisherman Ervan James untangles a net that he says can inadvertently ensnare about six leatherback turtles in a single night at the peak of six-month nesting season. (This image has no caption title and no credit).<\\/p>\"}},\"16\":{\"type\":\"textBlock\",\"enabled\":\"1\",\"fields\":{\"text\":\"<p>Lorem ipsum nunc nec lectus. Elit praesent adipiscing dolor. Velit accumsan at nec aliquam torquent a. Ac leo nibh nam in orci condimentum quam sem class. A curabitur mauris placerat viverra diam pulvinar nam purus at. In in viverra molestie. Augue scelerisque augue metus aliquam diam a quisque. Dolor potenti torquent ut.<\\/p><h3>Here\'s a subhead lorem ipsum<\\/h3><p>Lorem ipsum pretium leo tristique congue ultricies fusce duis accumsan ipsum nibh fusce class. Aliquam adipiscing purus pretium conubia interdum morbi. Tincidunt tincidunt suscipit in orci quis laoreet egestas. Neque orci libero diam. Orci nibh vulputate quisque in adipiscing. Interdum a praesent. Sed sit hendrerit ac curae; gravida orci tellus interdum amet.<\\/p><p>Consectetuer dolor id donec. Massa imperdiet et turpis ut mollis. Vel est ullamcorper viverra habitasse neque mollis hendrerit non. Lorem curabitur arcu nostra eu turpis cum suscipit. Platea nisi vel velit suspendisse aptent turpis nec aliquam massa. Pellentesque scelerisque eget tortor a cras curabitur libero varius dolor et nisi. Lorem.<\\/p>\"}},\"17\":{\"type\":\"dividerBlock\",\"enabled\":\"1\",\"fields\":{\"dividerType\":\"standard-divider\"}},\"18\":{\"type\":\"textBlock\",\"enabled\":\"1\",\"fields\":{\"text\":\"<p>Lorem ipsum suscipit quam ac quisque a vel ipsum velit. Non leo risus nam ipsum ac litora gravida eu lacus. Est per scelerisque tortor orci dui id a massa per in inceptos. Fusce neque at tellus rutrum sed nam amet. Quis at accumsan a at scelerisque condimentum. Natoque conubia eget. Mollis ac.<\\/p>\"}},\"19\":{\"type\":\"imageBlock\",\"enabled\":\"1\",\"fields\":{\"image\":[\"14\"],\"imageType\":\"inset-left\",\"captionTitle\":\"\\u200bInset left image with caption title\",\"caption\":\"<p>Lorem ipsum dolor sit amet consecutat velorem dolor. Adipiscing elit vestum conscript est vacumentum.<\\/p>\"}},\"22\":{\"type\":\"textBlock\",\"enabled\":\"1\",\"fields\":{\"text\":\"<p>Lorem ipsum sapien congue curabitur. Nibh ac volutpat semper molestie litora nulla elit erat et dapibus. Mauris nullam sit fusce lorem. Nullam vitae leo. Pede magna mollis morbi purus lacinia metus nisi aliquam praesent justo. Torquent neque sed pulvinar quisque morbi venenatis. Viverra congue tincidunt tellus morbi imperdiet aliquet. Quam lacinia sit.<\\/p><h2>Here\'s a subhead lorem ipsum<\\/h2><p>Lorem ipsum eu ante vestibulum eget platea consectetuer est praesent nam. Imperdiet magna posuere elit at duis magna non sit id fusce a. Quis ut erat turpis etiam amet lectus lacus. Justo imperdiet tristique duis aptent a aenean ultricies ipsum lacus sed etiam. Ut aliquet pretium donec. Elementum vitae molestie duis gravida.<\\/p><p>Quis ut at pharetra ipsum elit et orci libero nostra. Aliquet accumsan in per elit blandit volutpat litora in. Eros morbi libero ipsum per elit scelerisque lacus tempus sed posuere. Iaculis semper convallis molestie gravida torquent class purus accumsan magna. Iaculis interdum gravida pede. Conubia libero sem suspendisse et nisl.<\\/p>\"}},\"23\":{\"type\":\"dividerBlock\",\"enabled\":\"1\",\"fields\":{\"dividerType\":\"standard-divider\"}},\"24\":{\"type\":\"pullquoteBlock\",\"enabled\":\"1\",\"fields\":{\"quote\":\"Here\\u2019s a very important quote that everyone should read. Lorem ipsum dolor sit amet. Dolor adipiscing.\",\"sourceName\":\"First M. Lastname\",\"sourceTitle\":\"President & CEO\"}},\"25\":{\"type\":\"compareBlock\",\"enabled\":\"1\",\"fields\":{\"imageLeft\":[\"20\"],\"imageRight\":[\"21\"],\"captionTitle\":\"Las Baulas National Marine Park\",\"caption\":\"<p>Here\'s a caption for this comparison image.&nbsp;Cras purus pretium leo nisi pretium dolor sit ultrices sem velit. Id quisque adipiscing nibh nulla erat. Massa litora mauris malesuada a curae.<\\/p>\"}},\"26\":{\"type\":\"textBlock\",\"enabled\":\"1\",\"fields\":{\"text\":\"<p>Lorem ipsum ut posuere amet habitasse pede a commodo. Cras purus pretium leo nisi pretium dolor sit ultrices sem velit. Id quisque adipiscing nibh nulla erat. Massa litora mauris malesuada a curae; nec consectetuer. Feugiat lectus turpis. Eu augue libero morbi luctus interdum turpis senectus nibh amet vulputate. Pede nullam turpis duis.<\\/p>\"}},\"27\":{\"type\":\"statBlock\",\"enabled\":\"1\",\"fields\":{\"number\":\"63%\",\"description\":\"<p>Number of times something atypical happens in some circumstance.<\\/p>\",\"source\":\"<p>Department of the Interior<\\/p>\"}},\"28\":{\"type\":\"textBlock\",\"enabled\":\"1\",\"fields\":{\"text\":\"<p>Lorem ipsum proin arcu curabitur sed integer blandit fusce volutpat ultricies. Nibh tempor vestibulum eget amet condimentum metus gravida. Interdum inceptos accumsan dapibus ipsum neque fusce fusce posuere. Sem class nec libero integer ac tincidunt morbi aliquam proin litora. Imperdiet mi eleifend congue congue lacinia nunc tortor sollicitudin scelerisque congue. Class inceptos.<\\/p><p>Feugiat metus proin. Libero iaculis ut dapibus sit taciti ullamcorper massa lacinia augue fermentum diam. Pellentesque turpis massa eget fermentum pretium mauris. Diam interdum sociosqu. Viverra gravida in tempus ac ut. Aliquam vulputate augue ultrices ut feugiat mauris nulla imperdiet sit per quis. Magnis lorem phasellus magna sapien aliquet turpis.<\\/p>\"}}},\"3\":[\"29\",\"30\",\"31\"],\"27\":\"<p>Here\'s my teaser&nbsp;Lorem ipsum praesent purus sed. Erat mauris elit. Per lacinia quam dui. Mattis metus ridiculus metus lectus malesuada.<\\/p>\",\"29\":[\"10\"]}}','2014-07-22 15:05:05','2014-07-22 15:05:05','1a0a7490-08a3-4b90-a458-b8a99ac10c86'),
	(59,11,3,1,'es',6,'','{\"typeId\":\"3\",\"authorId\":\"1\",\"title\":\"Spanish title leatherback sea turtles experience resurgence in Trinidad\",\"slug\":\"endangered-leatherback-sea-turtles-experience-resurgence-in-trinidad\",\"postDate\":1405915200,\"expiryDate\":null,\"enabled\":1,\"fields\":{\"28\":[\"41\"],\"23\":\"<p>And here\'s a caption<\\/p>\",\"22\":\"Here\'s a caption title for the spanish story hero image\",\"20\":[\"10\"],\"26\":\"Spanish short title here\",\"36\":{\"32\":{\"type\":\"textBlock\",\"enabled\":\"1\",\"fields\":{\"text\":\"<p>Spanish story blocks start here.<\\/p>\"}}},\"3\":[\"29\",\"30\",\"31\"],\"27\":\"<p>Here\'s my spanish&nbsp;teaser&nbsp;Lorem ipsum praesent purus sed. Erat mauris elit. Per lacinia quam dui. Mattis metus ridiculus metus lectus malesuada.<\\/p>\",\"29\":[\"10\"]}}','2014-07-22 15:06:31','2014-07-22 15:06:31','8b53bf5d-afd8-47b4-a3b8-11da1573f26a'),
	(60,11,3,1,'en_us',20,'','{\"typeId\":\"3\",\"authorId\":\"1\",\"title\":\"Endangered leatherback sea turtles experience resurgence in Trinidad\",\"slug\":\"endangered-leatherback-sea-turtles-experience-resurgence-in-trinidad\",\"postDate\":1405915200,\"expiryDate\":null,\"enabled\":1,\"fields\":{\"28\":[\"41\"],\"23\":\"\",\"22\":\"\",\"20\":\"\",\"26\":\"Leatherbacks resurge in Trinidad\",\"36\":{\"13\":{\"type\":\"imageBlock\",\"enabled\":\"1\",\"fields\":{\"image\":[\"10\"],\"imageType\":\"standard-image\",\"captionTitle\":\"Here\'s a caption title. These are optional.\",\"caption\":\"<p>Here\'s a standard image with a caption. A tourist takes photographs of a leatherback turtle as it heads to the ocean after burying her eggs in the sand at daybreak on a narrow strip of beach in Grande Riviere, Trinidad.<\\/p>\"}},\"12\":{\"type\":\"textBlock\",\"enabled\":\"1\",\"fields\":{\"text\":\"<p>\\r\\n\\tLorem ipsum praesent purus sed. Erat mauris elit. \\r\\n\\t<a href=\\\"http:\\/\\/www.google.com\\\">This is a link to google<\\/a>. Per lacinia quam dui. Mattis metus ridiculus metus lectus malesuada. Eget phasellus fermentum. Suscipit est nibh. Eget libero amet ipsum sagittis in quis primis libero feugiat. Praesent litora sollicitudin in lorem nunc ac id inceptos purus class. Volutpat massa platea sit lectus sed praesent.<\\/p><p>\\r\\n\\tSapien lorem aliquam quam sem non nonummy. Risus nullam magna lacinia a pellentesque massa nibh turpis. Mi mollis imperdiet condimentum diam suspendisse. In in praesent nonummy at praesent nulla. Congue pharetra amet imperdiet aptent mattis. Habitasse magnis nunc facilisis etiam. Purus scelerisque dictumst vestibulum hymenaeos neque diam orci arcu curabitur.<\\/p><h2>Here\\u2019s a subhead lorem ipsum<\\/h2><p>\\r\\n\\tLorem ipsum et vulputate lobortis non quam auctor feugiat. Massa aliquam purus mattis sapien dolor erat libero lorem ligula arcu et. Eu dui commodo sapien non enim aenean donec congue rhoncus sagittis. Nostra sapien suscipit hymenaeos elit luctus sit erat amet nulla. Ac lorem per nunc ut pellentesque tellus. Eget at sapien.<\\/p>\"}},\"15\":{\"type\":\"imageBlock\",\"enabled\":\"1\",\"fields\":{\"image\":[\"14\"],\"imageType\":\"inset-right\",\"captionTitle\":\"\",\"caption\":\"<p>Fisherman Ervan James untangles a net that he says can inadvertently ensnare about six leatherback turtles in a single night at the peak of six-month nesting season. (This image has no caption title and no credit).<\\/p>\"}},\"16\":{\"type\":\"textBlock\",\"enabled\":\"1\",\"fields\":{\"text\":\"<p>Lorem ipsum nunc nec lectus. Elit praesent adipiscing dolor. Velit accumsan at nec aliquam torquent a. Ac leo nibh nam in orci condimentum quam sem class. A curabitur mauris placerat viverra diam pulvinar nam purus at. In in viverra molestie. Augue scelerisque augue metus aliquam diam a quisque. Dolor potenti torquent ut.<\\/p><h3>Here\'s a subhead lorem ipsum<\\/h3><p>Lorem ipsum pretium leo tristique congue ultricies fusce duis accumsan ipsum nibh fusce class. Aliquam adipiscing purus pretium conubia interdum morbi. Tincidunt tincidunt suscipit in orci quis laoreet egestas. Neque orci libero diam. Orci nibh vulputate quisque in adipiscing. Interdum a praesent. Sed sit hendrerit ac curae; gravida orci tellus interdum amet.<\\/p><p>Consectetuer dolor id donec. Massa imperdiet et turpis ut mollis. Vel est ullamcorper viverra habitasse neque mollis hendrerit non. Lorem curabitur arcu nostra eu turpis cum suscipit. Platea nisi vel velit suspendisse aptent turpis nec aliquam massa. Pellentesque scelerisque eget tortor a cras curabitur libero varius dolor et nisi. Lorem.<\\/p>\"}},\"17\":{\"type\":\"dividerBlock\",\"enabled\":\"1\",\"fields\":{\"dividerType\":\"standard-divider\"}},\"18\":{\"type\":\"textBlock\",\"enabled\":\"1\",\"fields\":{\"text\":\"<p>Lorem ipsum suscipit quam ac quisque a vel ipsum velit. Non leo risus nam ipsum ac litora gravida eu lacus. Est per scelerisque tortor orci dui id a massa per in inceptos. Fusce neque at tellus rutrum sed nam amet. Quis at accumsan a at scelerisque condimentum. Natoque conubia eget. Mollis ac.<\\/p>\"}},\"19\":{\"type\":\"imageBlock\",\"enabled\":\"1\",\"fields\":{\"image\":[\"14\"],\"imageType\":\"inset-left\",\"captionTitle\":\"\\u200bInset left image with caption title\",\"caption\":\"<p>Lorem ipsum dolor sit amet consecutat velorem dolor. Adipiscing elit vestum conscript est vacumentum.<\\/p>\"}},\"22\":{\"type\":\"textBlock\",\"enabled\":\"1\",\"fields\":{\"text\":\"<p>Lorem ipsum sapien congue curabitur. Nibh ac volutpat semper molestie litora nulla elit erat et dapibus. Mauris nullam sit fusce lorem. Nullam vitae leo. Pede magna mollis morbi purus lacinia metus nisi aliquam praesent justo. Torquent neque sed pulvinar quisque morbi venenatis. Viverra congue tincidunt tellus morbi imperdiet aliquet. Quam lacinia sit.<\\/p><h2>Here\'s a subhead lorem ipsum<\\/h2><p>Lorem ipsum eu ante vestibulum eget platea consectetuer est praesent nam. Imperdiet magna posuere elit at duis magna non sit id fusce a. Quis ut erat turpis etiam amet lectus lacus. Justo imperdiet tristique duis aptent a aenean ultricies ipsum lacus sed etiam. Ut aliquet pretium donec. Elementum vitae molestie duis gravida.<\\/p><p>Quis ut at pharetra ipsum elit et orci libero nostra. Aliquet accumsan in per elit blandit volutpat litora in. Eros morbi libero ipsum per elit scelerisque lacus tempus sed posuere. Iaculis semper convallis molestie gravida torquent class purus accumsan magna. Iaculis interdum gravida pede. Conubia libero sem suspendisse et nisl.<\\/p>\"}},\"23\":{\"type\":\"dividerBlock\",\"enabled\":\"1\",\"fields\":{\"dividerType\":\"standard-divider\"}},\"24\":{\"type\":\"pullquoteBlock\",\"enabled\":\"1\",\"fields\":{\"quote\":\"Here\\u2019s a very important quote that everyone should read. Lorem ipsum dolor sit amet. Dolor adipiscing.\",\"sourceName\":\"First M. Lastname\",\"sourceTitle\":\"President & CEO\"}},\"25\":{\"type\":\"compareBlock\",\"enabled\":\"1\",\"fields\":{\"imageLeft\":[\"20\"],\"imageRight\":[\"21\"],\"captionTitle\":\"Las Baulas National Marine Park\",\"caption\":\"<p>Here\'s a caption for this comparison image.&nbsp;Cras purus pretium leo nisi pretium dolor sit ultrices sem velit. Id quisque adipiscing nibh nulla erat. Massa litora mauris malesuada a curae.<\\/p>\"}},\"26\":{\"type\":\"textBlock\",\"enabled\":\"1\",\"fields\":{\"text\":\"<p>Lorem ipsum ut posuere amet habitasse pede a commodo. Cras purus pretium leo nisi pretium dolor sit ultrices sem velit. Id quisque adipiscing nibh nulla erat. Massa litora mauris malesuada a curae; nec consectetuer. Feugiat lectus turpis. Eu augue libero morbi luctus interdum turpis senectus nibh amet vulputate. Pede nullam turpis duis.<\\/p>\"}},\"27\":{\"type\":\"statBlock\",\"enabled\":\"1\",\"fields\":{\"number\":\"63%\",\"description\":\"<p>Number of times something atypical happens in some circumstance.<\\/p>\",\"source\":\"<p>Department of the Interior<\\/p>\"}},\"28\":{\"type\":\"textBlock\",\"enabled\":\"1\",\"fields\":{\"text\":\"<p>Lorem ipsum proin arcu curabitur sed integer blandit fusce volutpat ultricies. Nibh tempor vestibulum eget amet condimentum metus gravida. Interdum inceptos accumsan dapibus ipsum neque fusce fusce posuere. Sem class nec libero integer ac tincidunt morbi aliquam proin litora. Imperdiet mi eleifend congue congue lacinia nunc tortor sollicitudin scelerisque congue. Class inceptos.<\\/p><p>Feugiat metus proin. Libero iaculis ut dapibus sit taciti ullamcorper massa lacinia augue fermentum diam. Pellentesque turpis massa eget fermentum pretium mauris. Diam interdum sociosqu. Viverra gravida in tempus ac ut. Aliquam vulputate augue ultrices ut feugiat mauris nulla imperdiet sit per quis. Magnis lorem phasellus magna sapien aliquet turpis.<\\/p>\"}}},\"3\":[\"29\",\"30\",\"31\"],\"27\":\"<p>Here\'s my teaser&nbsp;Lorem ipsum praesent purus sed. Erat mauris elit. Per lacinia quam dui. Mattis metus ridiculus metus lectus malesuada.<\\/p>\",\"29\":[\"10\"]}}','2014-07-22 15:09:34','2014-07-22 15:09:34','252650ae-a324-469a-b2ce-2559a2a26465'),
	(61,11,3,1,'es',7,'','{\"typeId\":\"3\",\"authorId\":\"1\",\"title\":\"Spanish title leatherback sea turtles experience resurgence in Trinidad\",\"slug\":\"endangered-leatherback-sea-turtles-experience-resurgence-in-trinidad\",\"postDate\":1405915200,\"expiryDate\":null,\"enabled\":1,\"fields\":{\"28\":[\"41\"],\"23\":\"<p>And here\'s a caption<\\/p>\",\"22\":\"Here\'s a caption title for the spanish story hero image\",\"20\":[\"10\"],\"26\":\"Spanish short title here\",\"36\":{\"32\":{\"type\":\"textBlock\",\"enabled\":\"1\",\"fields\":{\"text\":\"<p>Spanish story blocks start here.<\\/p>\"}}},\"3\":[\"29\"],\"27\":\"<p>Here\'s my spanish&nbsp;teaser&nbsp;Lorem ipsum praesent purus sed. Erat mauris elit. Per lacinia quam dui. Mattis metus ridiculus metus lectus malesuada.<\\/p>\",\"29\":[\"10\"]}}','2014-07-22 15:10:36','2014-07-22 15:10:36','622ed1bb-cdaa-4c2c-b516-d39b5b068bba'),
	(62,11,3,1,'es',8,'','{\"typeId\":\"3\",\"authorId\":\"1\",\"title\":\"Spanish title leatherback sea turtles experience resurgence in Trinidad\",\"slug\":\"endangered-leatherback-sea-turtles-experience-resurgence-in-trinidad\",\"postDate\":1405915200,\"expiryDate\":null,\"enabled\":1,\"fields\":{\"28\":[\"41\"],\"23\":\"<p>And here\'s a caption<\\/p>\",\"22\":\"Here\'s a caption title for the spanish story hero image\",\"20\":[\"10\"],\"26\":\"Spanish short title here\",\"36\":{\"32\":{\"type\":\"textBlock\",\"enabled\":\"1\",\"fields\":{\"text\":\"<p>Spanish story blocks start here.<\\/p>\"}}},\"3\":[\"29\",\"30\"],\"27\":\"<p>Here\'s my spanish&nbsp;teaser&nbsp;Lorem ipsum praesent purus sed. Erat mauris elit. Per lacinia quam dui. Mattis metus ridiculus metus lectus malesuada.<\\/p>\",\"29\":[\"10\"]}}','2014-07-22 15:19:20','2014-07-22 15:19:20','4fa14fb5-dcfc-4d5e-b4a7-de8b4bc39c44'),
	(63,11,3,1,'en_us',21,'','{\"typeId\":\"3\",\"authorId\":\"1\",\"title\":\"Endangered leatherback sea turtles experience resurgence in Trinidad\",\"slug\":\"endangered-leatherback-sea-turtles-experience-resurgence-in-trinidad\",\"postDate\":1405915200,\"expiryDate\":null,\"enabled\":1,\"fields\":{\"28\":[\"41\"],\"23\":\"\",\"22\":\"\",\"20\":\"\",\"26\":\"Leatherbacks resurge in Trinidad\",\"36\":{\"13\":{\"type\":\"imageBlock\",\"enabled\":\"1\",\"fields\":{\"image\":[\"10\"],\"imageType\":\"standard-image\",\"captionTitle\":\"Here\'s a caption title. These are optional.\",\"caption\":\"<p>Here\'s a standard image with a caption. A tourist takes photographs of a leatherback turtle as it heads to the ocean after burying her eggs in the sand at daybreak on a narrow strip of beach in Grande Riviere, Trinidad.<\\/p>\"}},\"12\":{\"type\":\"textBlock\",\"enabled\":\"1\",\"fields\":{\"text\":\"<p>\\r\\n\\tLorem ipsum praesent purus sed. Erat mauris elit. \\r\\n\\t<a href=\\\"http:\\/\\/www.google.com\\\">This is a link to google<\\/a>. Per lacinia quam dui. Mattis metus ridiculus metus lectus malesuada. Eget phasellus fermentum. Suscipit est nibh. Eget libero amet ipsum sagittis in quis primis libero feugiat. Praesent litora sollicitudin in lorem nunc ac id inceptos purus class. Volutpat massa platea sit lectus sed praesent.<\\/p><p>\\r\\n\\tSapien lorem aliquam quam sem non nonummy. Risus nullam magna lacinia a pellentesque massa nibh turpis. Mi mollis imperdiet condimentum diam suspendisse. In in praesent nonummy at praesent nulla. Congue pharetra amet imperdiet aptent mattis. Habitasse magnis nunc facilisis etiam. Purus scelerisque dictumst vestibulum hymenaeos neque diam orci arcu curabitur.<\\/p><h2>Here\\u2019s a subhead lorem ipsum<\\/h2><p>\\r\\n\\tLorem ipsum et vulputate lobortis non quam auctor feugiat. Massa aliquam purus mattis sapien dolor erat libero lorem ligula arcu et. Eu dui commodo sapien non enim aenean donec congue rhoncus sagittis. Nostra sapien suscipit hymenaeos elit luctus sit erat amet nulla. Ac lorem per nunc ut pellentesque tellus. Eget at sapien.<\\/p>\"}},\"15\":{\"type\":\"imageBlock\",\"enabled\":\"1\",\"fields\":{\"image\":[\"14\"],\"imageType\":\"inset-right\",\"captionTitle\":\"\",\"caption\":\"<p>Fisherman Ervan James untangles a net that he says can inadvertently ensnare about six leatherback turtles in a single night at the peak of six-month nesting season. (This image has no caption title and no credit).<\\/p>\"}},\"16\":{\"type\":\"textBlock\",\"enabled\":\"1\",\"fields\":{\"text\":\"<p>Lorem ipsum nunc nec lectus. Elit praesent adipiscing dolor. Velit accumsan at nec aliquam torquent a. Ac leo nibh nam in orci condimentum quam sem class. A curabitur mauris placerat viverra diam pulvinar nam purus at. In in viverra molestie. Augue scelerisque augue metus aliquam diam a quisque. Dolor potenti torquent ut.<\\/p><h3>Here\'s a subhead lorem ipsum<\\/h3><p>Lorem ipsum pretium leo tristique congue ultricies fusce duis accumsan ipsum nibh fusce class. Aliquam adipiscing purus pretium conubia interdum morbi. Tincidunt tincidunt suscipit in orci quis laoreet egestas. Neque orci libero diam. Orci nibh vulputate quisque in adipiscing. Interdum a praesent. Sed sit hendrerit ac curae; gravida orci tellus interdum amet.<\\/p><p>Consectetuer dolor id donec. Massa imperdiet et turpis ut mollis. Vel est ullamcorper viverra habitasse neque mollis hendrerit non. Lorem curabitur arcu nostra eu turpis cum suscipit. Platea nisi vel velit suspendisse aptent turpis nec aliquam massa. Pellentesque scelerisque eget tortor a cras curabitur libero varius dolor et nisi. Lorem.<\\/p>\"}},\"17\":{\"type\":\"dividerBlock\",\"enabled\":\"1\",\"fields\":{\"dividerType\":\"standard-divider\"}},\"18\":{\"type\":\"textBlock\",\"enabled\":\"1\",\"fields\":{\"text\":\"<p>Lorem ipsum suscipit quam ac quisque a vel ipsum velit. Non leo risus nam ipsum ac litora gravida eu lacus. Est per scelerisque tortor orci dui id a massa per in inceptos. Fusce neque at tellus rutrum sed nam amet. Quis at accumsan a at scelerisque condimentum. Natoque conubia eget. Mollis ac.<\\/p>\"}},\"19\":{\"type\":\"imageBlock\",\"enabled\":\"1\",\"fields\":{\"image\":[\"14\"],\"imageType\":\"inset-left\",\"captionTitle\":\"\\u200bInset left image with caption title\",\"caption\":\"<p>Lorem ipsum dolor sit amet consecutat velorem dolor. Adipiscing elit vestum conscript est vacumentum.<\\/p>\"}},\"22\":{\"type\":\"textBlock\",\"enabled\":\"1\",\"fields\":{\"text\":\"<p>Lorem ipsum sapien congue curabitur. Nibh ac volutpat semper molestie litora nulla elit erat et dapibus. Mauris nullam sit fusce lorem. Nullam vitae leo. Pede magna mollis morbi purus lacinia metus nisi aliquam praesent justo. Torquent neque sed pulvinar quisque morbi venenatis. Viverra congue tincidunt tellus morbi imperdiet aliquet. Quam lacinia sit.<\\/p><h2>Here\'s a subhead lorem ipsum<\\/h2><p>Lorem ipsum eu ante vestibulum eget platea consectetuer est praesent nam. Imperdiet magna posuere elit at duis magna non sit id fusce a. Quis ut erat turpis etiam amet lectus lacus. Justo imperdiet tristique duis aptent a aenean ultricies ipsum lacus sed etiam. Ut aliquet pretium donec. Elementum vitae molestie duis gravida.<\\/p><p>Quis ut at pharetra ipsum elit et orci libero nostra. Aliquet accumsan in per elit blandit volutpat litora in. Eros morbi libero ipsum per elit scelerisque lacus tempus sed posuere. Iaculis semper convallis molestie gravida torquent class purus accumsan magna. Iaculis interdum gravida pede. Conubia libero sem suspendisse et nisl.<\\/p>\"}},\"23\":{\"type\":\"dividerBlock\",\"enabled\":\"1\",\"fields\":{\"dividerType\":\"standard-divider\"}},\"24\":{\"type\":\"pullquoteBlock\",\"enabled\":\"1\",\"fields\":{\"quote\":\"Here\\u2019s a very important quote that everyone should read. Lorem ipsum dolor sit amet. Dolor adipiscing.\",\"sourceName\":\"First M. Lastname\",\"sourceTitle\":\"President & CEO\"}},\"25\":{\"type\":\"compareBlock\",\"enabled\":\"1\",\"fields\":{\"imageLeft\":[\"20\"],\"imageRight\":[\"21\"],\"captionTitle\":\"Las Baulas National Marine Park\",\"caption\":\"<p>Here\'s a caption for this comparison image.&nbsp;Cras purus pretium leo nisi pretium dolor sit ultrices sem velit. Id quisque adipiscing nibh nulla erat. Massa litora mauris malesuada a curae.<\\/p>\"}},\"26\":{\"type\":\"textBlock\",\"enabled\":\"1\",\"fields\":{\"text\":\"<p>Lorem ipsum ut posuere amet habitasse pede a commodo. Cras purus pretium leo nisi pretium dolor sit ultrices sem velit. Id quisque adipiscing nibh nulla erat. Massa litora mauris malesuada a curae; nec consectetuer. Feugiat lectus turpis. Eu augue libero morbi luctus interdum turpis senectus nibh amet vulputate. Pede nullam turpis duis.<\\/p>\"}},\"27\":{\"type\":\"statBlock\",\"enabled\":\"1\",\"fields\":{\"number\":\"63%\",\"description\":\"<p>Number of times something atypical happens in some circumstance.<\\/p>\",\"source\":\"<p>Department of the Interior<\\/p>\"}},\"28\":{\"type\":\"textBlock\",\"enabled\":\"1\",\"fields\":{\"text\":\"<p>Lorem ipsum proin arcu curabitur sed integer blandit fusce volutpat ultricies. Nibh tempor vestibulum eget amet condimentum metus gravida. Interdum inceptos accumsan dapibus ipsum neque fusce fusce posuere. Sem class nec libero integer ac tincidunt morbi aliquam proin litora. Imperdiet mi eleifend congue congue lacinia nunc tortor sollicitudin scelerisque congue. Class inceptos.<\\/p><p>Feugiat metus proin. Libero iaculis ut dapibus sit taciti ullamcorper massa lacinia augue fermentum diam. Pellentesque turpis massa eget fermentum pretium mauris. Diam interdum sociosqu. Viverra gravida in tempus ac ut. Aliquam vulputate augue ultrices ut feugiat mauris nulla imperdiet sit per quis. Magnis lorem phasellus magna sapien aliquet turpis.<\\/p>\"}}},\"3\":[\"29\",\"30\",\"31\"],\"27\":\"<p>Here\'s my teaser&nbsp;Lorem ipsum praesent purus sed. Erat mauris elit. Per lacinia quam dui. Mattis metus ridiculus metus lectus malesuada.<\\/p>\",\"29\":[\"10\"]}}','2014-07-22 15:27:42','2014-07-22 15:27:42','d24ae125-bf43-42e1-9357-528bff5019da'),
	(64,11,3,1,'es',9,'','{\"typeId\":\"3\",\"authorId\":\"1\",\"title\":\"Spanish title leatherback sea turtles experience resurgence in Trinidad\",\"slug\":\"endangered-leatherback-sea-turtles-experience-resurgence-in-trinidad\",\"postDate\":1405915200,\"expiryDate\":null,\"enabled\":1,\"fields\":{\"28\":[\"41\"],\"23\":\"<p>And here\'s a caption for the hero image. Lorem ipsum dolor sit amet consecutat velorem dolor. Adipiscing elite ventorum.<\\/p>\",\"22\":\"Here\'s a caption title for the spanish story hero image\",\"20\":[\"10\"],\"26\":\"Spanish short title here\",\"36\":{\"32\":{\"type\":\"textBlock\",\"enabled\":\"1\",\"fields\":{\"text\":\"<p>Spanish story blocks start here.<\\/p>\"}}},\"3\":[\"29\",\"30\"],\"27\":\"<p>Here\'s my spanish&nbsp;teaser&nbsp;Lorem ipsum praesent purus sed. Erat mauris elit. Per lacinia quam dui. Mattis metus ridiculus metus lectus malesuada.<\\/p>\",\"29\":[\"10\"]}}','2014-07-22 15:48:57','2014-07-22 15:48:57','7fe2bd45-3254-4646-9f4b-bad72617054d'),
	(65,11,3,1,'es',10,'','{\"typeId\":\"3\",\"authorId\":\"1\",\"title\":\"Spanish title leatherback sea turtles experience resurgence in Trinidad\",\"slug\":\"endangered-leatherback-sea-turtles-experience-resurgence-in-trinidad\",\"postDate\":1405915200,\"expiryDate\":null,\"enabled\":1,\"fields\":{\"28\":[\"41\"],\"23\":\"<p>And here\'s a caption for the hero image. Lorem ipsum dolor sit amet consecutat velorem dolor. Adipiscing elite ventorum.<\\/p>\",\"22\":\"Here\'s a caption title for the spanish story hero image\",\"20\":[\"10\"],\"26\":\"Spanish short title here\",\"36\":{\"32\":{\"type\":\"textBlock\",\"enabled\":\"1\",\"fields\":{\"text\":\"<p>\\r\\n\\tSpanish story blocks start here.&nbsp;Lorem ipsum dolor sit amet, consectetur adipiscing elit. Phasellus scelerisque est vel libero tincidunt sollicitudin. Nullam vitae lobortis mauris. Maecenas tempor, odio vel fringilla luctus, metus leo pretium velit, at ornare sem arcu nec diam. Sed faucibus quis turpis non congue. Maecenas elementum magna vitae orci imperdiet interdum. Pellentesque eu pretium lacus. Aliquam ut odio nec nibh tempor consequat non a ante. Sed adipiscing massa sed metus hendrerit, at varius justo dignissim. Aenean ac mi in mi sodales volutpat ac in urna. Sed ut diam at nisl suscipit eleifend. Vivamus dignissim odio massa, et tempor tortor pellentesque at. Maecenas nec neque leo. Nam lectus eros, malesuada at orci id, ultrices lacinia ligula.<\\/p><p>\\r\\n\\tLorem ipsum dolor sit amet, consectetur adipiscing elit. Phasellus scelerisque est vel libero tincidunt sollicitudin. Nullam vitae lobortis mauris. Maecenas tempor, odio vel fringilla luctus, metus leo pretium velit, at ornare sem arcu nec diam. Sed faucibus quis turpis non congue. Maecenas elementum magna vitae orci imperdiet interdum. Pellentesque eu pretium lacus. Aliquam ut odio nec nibh tempor consequat non a ante. Sed adipiscing massa sed metus hendrerit, at varius justo dignissim. Aenean ac mi in mi sodales volutpat ac in urna. Sed ut diam at nisl suscipit eleifend. Vivamus dignissim odio massa, et tempor tortor pellentesque at. Maecenas nec neque leo. Nam lectus eros, malesuada at orci id, ultrices lacinia ligula.<\\/p><h2>Subhead 2 here<\\/h2><p>\\r\\n\\tLorem ipsum dolor sit amet, consectetur adipiscing elit. Phasellus scelerisque est vel libero tincidunt sollicitudin. Nullam vitae lobortis mauris. Maecenas tempor, odio vel fringilla luctus, metus leo pretium velit, at ornare sem arcu nec diam. Sed faucibus quis turpis non congue. Maecenas elementum magna vitae orci imperdiet interdum. Pellentesque eu pretium lacus. Aliquam ut odio nec nibh tempor consequat non a ante. Sed adipiscing massa sed metus hendrerit, at varius justo dignissim. Aenean ac mi in mi sodales volutpat ac in urna. Sed ut diam at nisl suscipit eleifend. Vivamus dignissim odio massa, et tempor tortor pellentesque at. Maecenas nec neque leo. Nam lectus eros, malesuada at orci id, ultrices lacinia ligula.<\\/p>\"}}},\"3\":[\"29\",\"30\"],\"27\":\"<p>Here\'s my spanish&nbsp;teaser&nbsp;Lorem ipsum praesent purus sed. Erat mauris elit. Per lacinia quam dui. Mattis metus ridiculus metus lectus malesuada.<\\/p>\",\"29\":[\"10\"]}}','2014-07-22 15:50:56','2014-07-22 15:50:56','34401407-9a0e-4aab-995d-467cb33957c9'),
	(66,2,1,41,'es',20,'','{\"typeId\":\"1\",\"authorId\":null,\"title\":\"Homepage\",\"slug\":\"homepage\",\"postDate\":1405608531,\"expiryDate\":null,\"enabled\":1,\"fields\":{\"18\":\"\",\"19\":\"\",\"17\":\"<p>Here\'s my alert body in spanish with <em>some italics <\\/em>and <strong>some bold<\\/strong>.<\\/p>\",\"16\":\"\",\"23\":\"<p>Spanish hero caption here. Lorem ipsum dolor sit amet consecutat velorem dolor. Adipiscing elite ventorum.&nbsp;No caption title for the spanish version.<\\/p>\",\"22\":\"\",\"20\":[\"10\"],\"25\":\"<p>Spanish mission statement body here lorem ipsum dolor sit amet consecutat velorem dolor. Adipiscing elite vestibulum elite ventorum.<\\/p>\",\"24\":\"Spanish mission statement here lore ipsum dolor sit amet consecutat velorem dolor. Adipiscing elite ventorum.\",\"15\":\"1\"}}','2014-07-22 16:41:08','2014-07-22 16:41:08','34f4b286-0111-43a1-81bc-7176ef59fec4'),
	(67,44,3,41,'en_us',1,NULL,'{\"typeId\":\"3\",\"authorId\":\"41\",\"title\":\"Here\'s my title\",\"slug\":\"heres-my-title\",\"postDate\":null,\"expiryDate\":null,\"enabled\":0,\"fields\":[]}','2014-07-22 16:43:37','2014-07-22 16:43:37','5d085b7b-fb43-4043-8544-8e4b23e5be0a'),
	(68,44,3,41,'en_us',2,'Published draft “Draft 1”.','{\"typeId\":\"3\",\"authorId\":\"41\",\"title\":\"Here\'s my title\",\"slug\":\"heres-my-title\",\"postDate\":1406047641,\"expiryDate\":null,\"enabled\":1,\"fields\":{\"28\":\"\",\"23\":\"\",\"22\":\"\",\"20\":\"\",\"26\":\"\",\"36\":{\"new1\":{\"type\":\"imageBlock\",\"enabled\":\"1\",\"fields\":{\"image\":[\"9\"],\"imageType\":\"standard-image\",\"captionTitle\":\"\",\"caption\":\"\"}},\"new2\":{\"type\":\"textBlock\",\"enabled\":\"1\",\"fields\":{\"text\":\"<p>Lorem ipsum dolor sit amet, consectetur adipiscing elit. Phasellus scelerisque est vel libero tincidunt sollicitudin. Nullam vitae lobortis mauris. Maecenas tempor, odio vel fringilla luctus, metus leo pretium velit, at ornare sem arcu nec diam. Sed faucibus quis turpis non congue. Maecenas elementum magna vitae orci imperdiet interdum. Pellentesque eu pretium lacus. Aliquam ut odio nec nibh tempor consequat non a ante. Sed adipiscing massa sed metus hendrerit, at varius justo dignissim. Aenean ac mi in mi sodales volutpat ac in urna. Sed ut diam at nisl suscipit eleifend. Vivamus dignissim odio massa, et tempor tortor pellentesque at. Maecenas nec neque leo. Nam lectus eros, malesuada at orci id, ultrices lacinia ligula.<\\/p>\"}},\"new3\":{\"type\":\"pullquoteBlock\",\"enabled\":\"1\",\"fields\":{\"quote\":\"Here\'s a fancy big quote\",\"sourceName\":\"Adam Snetman\",\"sourceTitle\":\"Designer\"}}},\"3\":[\"29\"],\"27\":\"<p><sup>Here\'s a teaser for this story<\\/sup><\\/p>\",\"29\":\"\"}}','2014-07-22 16:47:22','2014-07-22 16:47:22','f1143be0-0244-48ed-9ec7-64ef70111f1c'),
	(69,44,3,41,'en_us',3,'','{\"typeId\":\"3\",\"authorId\":\"41\",\"title\":\"Here\'s my title\",\"slug\":\"heres-my-title\",\"postDate\":1406047620,\"expiryDate\":null,\"enabled\":0,\"fields\":{\"28\":\"\",\"23\":\"\",\"22\":\"\",\"20\":\"\",\"26\":\"\",\"36\":{\"45\":{\"type\":\"imageBlock\",\"enabled\":\"1\",\"fields\":{\"image\":[\"9\"],\"imageType\":\"standard-image\",\"captionTitle\":\"\",\"caption\":\"\"}},\"46\":{\"type\":\"textBlock\",\"enabled\":\"1\",\"fields\":{\"text\":\"<p>Lorem ipsum dolor sit amet, consectetur adipiscing elit. Phasellus scelerisque est vel libero tincidunt sollicitudin. Nullam vitae lobortis mauris. Maecenas tempor, odio vel fringilla luctus, metus leo pretium velit, at ornare sem arcu nec diam. Sed faucibus quis turpis non congue. Maecenas elementum magna vitae orci imperdiet interdum. Pellentesque eu pretium lacus. Aliquam ut odio nec nibh tempor consequat non a ante. Sed adipiscing massa sed metus hendrerit, at varius justo dignissim. Aenean ac mi in mi sodales volutpat ac in urna. Sed ut diam at nisl suscipit eleifend. Vivamus dignissim odio massa, et tempor tortor pellentesque at. Maecenas nec neque leo. Nam lectus eros, malesuada at orci id, ultrices lacinia ligula.<\\/p>\"}},\"47\":{\"type\":\"pullquoteBlock\",\"enabled\":\"1\",\"fields\":{\"quote\":\"Here\'s a fancy big quote\",\"sourceName\":\"Adam Snetman\",\"sourceTitle\":\"Designer\"}}},\"3\":[\"29\"],\"27\":\"<p><sup>Here\'s a teaser for this story<\\/sup><\\/p>\",\"29\":\"\"}}','2014-07-22 16:48:00','2014-07-22 16:48:00','aa5316df-7125-4d1c-802a-b9ae7c44c700'),
	(70,44,3,41,'en_us',4,'','{\"typeId\":\"3\",\"authorId\":\"41\",\"title\":\"Here\'s my title\",\"slug\":\"heres-my-title\",\"postDate\":1406825220,\"expiryDate\":null,\"enabled\":1,\"fields\":{\"28\":\"\",\"23\":\"\",\"22\":\"\",\"20\":\"\",\"26\":\"\",\"36\":{\"45\":{\"type\":\"imageBlock\",\"enabled\":\"1\",\"fields\":{\"image\":[\"9\"],\"imageType\":\"standard-image\",\"captionTitle\":\"\",\"caption\":\"\"}},\"46\":{\"type\":\"textBlock\",\"enabled\":\"1\",\"fields\":{\"text\":\"<p>Lorem ipsum dolor sit amet, consectetur adipiscing elit. Phasellus scelerisque est vel libero tincidunt sollicitudin. Nullam vitae lobortis mauris. Maecenas tempor, odio vel fringilla luctus, metus leo pretium velit, at ornare sem arcu nec diam. Sed faucibus quis turpis non congue. Maecenas elementum magna vitae orci imperdiet interdum. Pellentesque eu pretium lacus. Aliquam ut odio nec nibh tempor consequat non a ante. Sed adipiscing massa sed metus hendrerit, at varius justo dignissim. Aenean ac mi in mi sodales volutpat ac in urna. Sed ut diam at nisl suscipit eleifend. Vivamus dignissim odio massa, et tempor tortor pellentesque at. Maecenas nec neque leo. Nam lectus eros, malesuada at orci id, ultrices lacinia ligula.<\\/p>\"}},\"47\":{\"type\":\"pullquoteBlock\",\"enabled\":\"1\",\"fields\":{\"quote\":\"Here\'s a fancy big quote\",\"sourceName\":\"Adam Snetman\",\"sourceTitle\":\"Designer\"}}},\"3\":[\"29\"],\"27\":\"<p><sup>Here\'s a teaser for this story<\\/sup><\\/p>\",\"29\":\"\"}}','2014-07-22 16:48:35','2014-07-22 16:48:35','6497f0b1-29bd-43dc-b1f2-42bc1f894a17'),
	(71,11,3,1,'en_us',22,'','{\"typeId\":\"3\",\"authorId\":\"1\",\"title\":\"Endangered leatherback sea turtles experience resurgence in Trinidad\",\"slug\":\"endangered-leatherback-sea-turtles-experience-resurgence-in-trinidad\",\"postDate\":1405915200,\"expiryDate\":null,\"enabled\":1,\"fields\":{\"28\":[\"41\"],\"23\":\"\",\"22\":\"\",\"20\":\"\",\"26\":\"\",\"36\":{\"13\":{\"type\":\"imageBlock\",\"enabled\":\"1\",\"fields\":{\"image\":[\"10\"],\"imageType\":\"standard-image\",\"captionTitle\":\"Here\'s a caption title. These are optional.\",\"caption\":\"<p>Here\'s a standard image with a caption. A tourist takes photographs of a leatherback turtle as it heads to the ocean after burying her eggs in the sand at daybreak on a narrow strip of beach in Grande Riviere, Trinidad.<\\/p>\"}},\"12\":{\"type\":\"textBlock\",\"enabled\":\"1\",\"fields\":{\"text\":\"<p>\\r\\n\\tLorem ipsum praesent purus sed. Erat mauris elit. \\r\\n\\t<a href=\\\"http:\\/\\/www.google.com\\\">This is a link to google<\\/a>. Per lacinia quam dui. Mattis metus ridiculus metus lectus malesuada. Eget phasellus fermentum. Suscipit est nibh. Eget libero amet ipsum sagittis in quis primis libero feugiat. Praesent litora sollicitudin in lorem nunc ac id inceptos purus class. Volutpat massa platea sit lectus sed praesent.<\\/p><p>\\r\\n\\tSapien lorem aliquam quam sem non nonummy. Risus nullam magna lacinia a pellentesque massa nibh turpis. Mi mollis imperdiet condimentum diam suspendisse. In in praesent nonummy at praesent nulla. Congue pharetra amet imperdiet aptent mattis. Habitasse magnis nunc facilisis etiam. Purus scelerisque dictumst vestibulum hymenaeos neque diam orci arcu curabitur.<\\/p><h2>Here\\u2019s a subhead lorem ipsum<\\/h2><p>\\r\\n\\tLorem ipsum et vulputate lobortis non quam auctor feugiat. Massa aliquam purus mattis sapien dolor erat libero lorem ligula arcu et. Eu dui commodo sapien non enim aenean donec congue rhoncus sagittis. Nostra sapien suscipit hymenaeos elit luctus sit erat amet nulla. Ac lorem per nunc ut pellentesque tellus. Eget at sapien.<\\/p>\"}},\"15\":{\"type\":\"imageBlock\",\"enabled\":\"1\",\"fields\":{\"image\":[\"14\"],\"imageType\":\"inset-right\",\"captionTitle\":\"\",\"caption\":\"<p>Fisherman Ervan James untangles a net that he says can inadvertently ensnare about six leatherback turtles in a single night at the peak of six-month nesting season. (This image has no caption title and no credit).<\\/p>\"}},\"16\":{\"type\":\"textBlock\",\"enabled\":\"1\",\"fields\":{\"text\":\"<p>Lorem ipsum nunc nec lectus. Elit praesent adipiscing dolor. Velit accumsan at nec aliquam torquent a. Ac leo nibh nam in orci condimentum quam sem class. A curabitur mauris placerat viverra diam pulvinar nam purus at. In in viverra molestie. Augue scelerisque augue metus aliquam diam a quisque. Dolor potenti torquent ut.<\\/p><h3>Here\'s a subhead lorem ipsum<\\/h3><p>Lorem ipsum pretium leo tristique congue ultricies fusce duis accumsan ipsum nibh fusce class. Aliquam adipiscing purus pretium conubia interdum morbi. Tincidunt tincidunt suscipit in orci quis laoreet egestas. Neque orci libero diam. Orci nibh vulputate quisque in adipiscing. Interdum a praesent. Sed sit hendrerit ac curae; gravida orci tellus interdum amet.<\\/p><p>Consectetuer dolor id donec. Massa imperdiet et turpis ut mollis. Vel est ullamcorper viverra habitasse neque mollis hendrerit non. Lorem curabitur arcu nostra eu turpis cum suscipit. Platea nisi vel velit suspendisse aptent turpis nec aliquam massa. Pellentesque scelerisque eget tortor a cras curabitur libero varius dolor et nisi. Lorem.<\\/p>\"}},\"17\":{\"type\":\"dividerBlock\",\"enabled\":\"1\",\"fields\":{\"dividerType\":\"standard-divider\"}},\"18\":{\"type\":\"textBlock\",\"enabled\":\"1\",\"fields\":{\"text\":\"<p>Lorem ipsum suscipit quam ac quisque a vel ipsum velit. Non leo risus nam ipsum ac litora gravida eu lacus. Est per scelerisque tortor orci dui id a massa per in inceptos. Fusce neque at tellus rutrum sed nam amet. Quis at accumsan a at scelerisque condimentum. Natoque conubia eget. Mollis ac.<\\/p>\"}},\"19\":{\"type\":\"imageBlock\",\"enabled\":\"1\",\"fields\":{\"image\":[\"14\"],\"imageType\":\"inset-left\",\"captionTitle\":\"\\u200bInset left image with caption title\",\"caption\":\"<p>Lorem ipsum dolor sit amet consecutat velorem dolor. Adipiscing elit vestum conscript est vacumentum.<\\/p>\"}},\"22\":{\"type\":\"textBlock\",\"enabled\":\"1\",\"fields\":{\"text\":\"<p>Lorem ipsum sapien congue curabitur. Nibh ac volutpat semper molestie litora nulla elit erat et dapibus. Mauris nullam sit fusce lorem. Nullam vitae leo. Pede magna mollis morbi purus lacinia metus nisi aliquam praesent justo. Torquent neque sed pulvinar quisque morbi venenatis. Viverra congue tincidunt tellus morbi imperdiet aliquet. Quam lacinia sit.<\\/p><h2>Here\'s a subhead lorem ipsum<\\/h2><p>Lorem ipsum eu ante vestibulum eget platea consectetuer est praesent nam. Imperdiet magna posuere elit at duis magna non sit id fusce a. Quis ut erat turpis etiam amet lectus lacus. Justo imperdiet tristique duis aptent a aenean ultricies ipsum lacus sed etiam. Ut aliquet pretium donec. Elementum vitae molestie duis gravida.<\\/p><p>Quis ut at pharetra ipsum elit et orci libero nostra. Aliquet accumsan in per elit blandit volutpat litora in. Eros morbi libero ipsum per elit scelerisque lacus tempus sed posuere. Iaculis semper convallis molestie gravida torquent class purus accumsan magna. Iaculis interdum gravida pede. Conubia libero sem suspendisse et nisl.<\\/p>\"}},\"23\":{\"type\":\"dividerBlock\",\"enabled\":\"1\",\"fields\":{\"dividerType\":\"standard-divider\"}},\"24\":{\"type\":\"pullquoteBlock\",\"enabled\":\"1\",\"fields\":{\"quote\":\"Here\\u2019s a very important quote that everyone should read. Lorem ipsum dolor sit amet. Dolor adipiscing.\",\"sourceName\":\"First M. Lastname\",\"sourceTitle\":\"President & CEO\"}},\"25\":{\"type\":\"compareBlock\",\"enabled\":\"1\",\"fields\":{\"imageLeft\":[\"20\"],\"imageRight\":[\"21\"],\"captionTitle\":\"Las Baulas National Marine Park\",\"caption\":\"<p>Here\'s a caption for this comparison image.&nbsp;Cras purus pretium leo nisi pretium dolor sit ultrices sem velit. Id quisque adipiscing nibh nulla erat. Massa litora mauris malesuada a curae.<\\/p>\"}},\"26\":{\"type\":\"textBlock\",\"enabled\":\"1\",\"fields\":{\"text\":\"<p>Lorem ipsum ut posuere amet habitasse pede a commodo. Cras purus pretium leo nisi pretium dolor sit ultrices sem velit. Id quisque adipiscing nibh nulla erat. Massa litora mauris malesuada a curae; nec consectetuer. Feugiat lectus turpis. Eu augue libero morbi luctus interdum turpis senectus nibh amet vulputate. Pede nullam turpis duis.<\\/p>\"}},\"27\":{\"type\":\"statBlock\",\"enabled\":\"1\",\"fields\":{\"number\":\"63%\",\"description\":\"<p>Number of times something atypical happens in some circumstance.<\\/p>\",\"source\":\"<p>Department of the Interior<\\/p>\"}},\"28\":{\"type\":\"textBlock\",\"enabled\":\"1\",\"fields\":{\"text\":\"<p>Lorem ipsum proin arcu curabitur sed integer blandit fusce volutpat ultricies. Nibh tempor vestibulum eget amet condimentum metus gravida. Interdum inceptos accumsan dapibus ipsum neque fusce fusce posuere. Sem class nec libero integer ac tincidunt morbi aliquam proin litora. Imperdiet mi eleifend congue congue lacinia nunc tortor sollicitudin scelerisque congue. Class inceptos.<\\/p><p>Feugiat metus proin. Libero iaculis ut dapibus sit taciti ullamcorper massa lacinia augue fermentum diam. Pellentesque turpis massa eget fermentum pretium mauris. Diam interdum sociosqu. Viverra gravida in tempus ac ut. Aliquam vulputate augue ultrices ut feugiat mauris nulla imperdiet sit per quis. Magnis lorem phasellus magna sapien aliquet turpis.<\\/p>\"}}},\"3\":[\"29\",\"30\",\"31\"],\"27\":\"<p>Here\'s my teaser&nbsp;Lorem ipsum praesent purus sed. Erat mauris elit. Per lacinia quam dui. Mattis metus ridiculus metus lectus malesuada.<\\/p>\",\"29\":[\"10\"]}}','2014-07-23 10:50:07','2014-07-23 10:50:07','a98f397b-bfb2-4edb-866c-229190fa762d'),
	(72,11,3,1,'en_us',23,'','{\"typeId\":\"3\",\"authorId\":\"1\",\"title\":\"Endangered leatherback sea turtles experience resurgence in Trinidad\",\"slug\":\"endangered-leatherback-sea-turtles-experience-resurgence-in-trinidad\",\"postDate\":1405915200,\"expiryDate\":null,\"enabled\":1,\"fields\":{\"28\":[\"41\"],\"23\":\"\",\"22\":\"\",\"20\":\"\",\"26\":\"Endangered leatherback turtles resurge\",\"36\":{\"13\":{\"type\":\"imageBlock\",\"enabled\":\"1\",\"fields\":{\"image\":[\"10\"],\"imageType\":\"standard-image\",\"captionTitle\":\"Here\'s a caption title. These are optional.\",\"caption\":\"<p>Here\'s a standard image with a caption. A tourist takes photographs of a leatherback turtle as it heads to the ocean after burying her eggs in the sand at daybreak on a narrow strip of beach in Grande Riviere, Trinidad.<\\/p>\"}},\"12\":{\"type\":\"textBlock\",\"enabled\":\"1\",\"fields\":{\"text\":\"<p>\\r\\n\\tLorem ipsum praesent purus sed. Erat mauris elit. \\r\\n\\t<a href=\\\"http:\\/\\/www.google.com\\\">This is a link to google<\\/a>. Per lacinia quam dui. Mattis metus ridiculus metus lectus malesuada. Eget phasellus fermentum. Suscipit est nibh. Eget libero amet ipsum sagittis in quis primis libero feugiat. Praesent litora sollicitudin in lorem nunc ac id inceptos purus class. Volutpat massa platea sit lectus sed praesent.<\\/p><p>\\r\\n\\tSapien lorem aliquam quam sem non nonummy. Risus nullam magna lacinia a pellentesque massa nibh turpis. Mi mollis imperdiet condimentum diam suspendisse. In in praesent nonummy at praesent nulla. Congue pharetra amet imperdiet aptent mattis. Habitasse magnis nunc facilisis etiam. Purus scelerisque dictumst vestibulum hymenaeos neque diam orci arcu curabitur.<\\/p><h2>Here\\u2019s a subhead lorem ipsum<\\/h2><p>\\r\\n\\tLorem ipsum et vulputate lobortis non quam auctor feugiat. Massa aliquam purus mattis sapien dolor erat libero lorem ligula arcu et. Eu dui commodo sapien non enim aenean donec congue rhoncus sagittis. Nostra sapien suscipit hymenaeos elit luctus sit erat amet nulla. Ac lorem per nunc ut pellentesque tellus. Eget at sapien.<\\/p>\"}},\"15\":{\"type\":\"imageBlock\",\"enabled\":\"1\",\"fields\":{\"image\":[\"14\"],\"imageType\":\"inset-right\",\"captionTitle\":\"\",\"caption\":\"<p>Fisherman Ervan James untangles a net that he says can inadvertently ensnare about six leatherback turtles in a single night at the peak of six-month nesting season. (This image has no caption title and no credit).<\\/p>\"}},\"16\":{\"type\":\"textBlock\",\"enabled\":\"1\",\"fields\":{\"text\":\"<p>Lorem ipsum nunc nec lectus. Elit praesent adipiscing dolor. Velit accumsan at nec aliquam torquent a. Ac leo nibh nam in orci condimentum quam sem class. A curabitur mauris placerat viverra diam pulvinar nam purus at. In in viverra molestie. Augue scelerisque augue metus aliquam diam a quisque. Dolor potenti torquent ut.<\\/p><h3>Here\'s a subhead lorem ipsum<\\/h3><p>Lorem ipsum pretium leo tristique congue ultricies fusce duis accumsan ipsum nibh fusce class. Aliquam adipiscing purus pretium conubia interdum morbi. Tincidunt tincidunt suscipit in orci quis laoreet egestas. Neque orci libero diam. Orci nibh vulputate quisque in adipiscing. Interdum a praesent. Sed sit hendrerit ac curae; gravida orci tellus interdum amet.<\\/p><p>Consectetuer dolor id donec. Massa imperdiet et turpis ut mollis. Vel est ullamcorper viverra habitasse neque mollis hendrerit non. Lorem curabitur arcu nostra eu turpis cum suscipit. Platea nisi vel velit suspendisse aptent turpis nec aliquam massa. Pellentesque scelerisque eget tortor a cras curabitur libero varius dolor et nisi. Lorem.<\\/p>\"}},\"17\":{\"type\":\"dividerBlock\",\"enabled\":\"1\",\"fields\":{\"dividerType\":\"standard-divider\"}},\"18\":{\"type\":\"textBlock\",\"enabled\":\"1\",\"fields\":{\"text\":\"<p>Lorem ipsum suscipit quam ac quisque a vel ipsum velit. Non leo risus nam ipsum ac litora gravida eu lacus. Est per scelerisque tortor orci dui id a massa per in inceptos. Fusce neque at tellus rutrum sed nam amet. Quis at accumsan a at scelerisque condimentum. Natoque conubia eget. Mollis ac.<\\/p>\"}},\"19\":{\"type\":\"imageBlock\",\"enabled\":\"1\",\"fields\":{\"image\":[\"14\"],\"imageType\":\"inset-left\",\"captionTitle\":\"\\u200bInset left image with caption title\",\"caption\":\"<p>Lorem ipsum dolor sit amet consecutat velorem dolor. Adipiscing elit vestum conscript est vacumentum.<\\/p>\"}},\"22\":{\"type\":\"textBlock\",\"enabled\":\"1\",\"fields\":{\"text\":\"<p>Lorem ipsum sapien congue curabitur. Nibh ac volutpat semper molestie litora nulla elit erat et dapibus. Mauris nullam sit fusce lorem. Nullam vitae leo. Pede magna mollis morbi purus lacinia metus nisi aliquam praesent justo. Torquent neque sed pulvinar quisque morbi venenatis. Viverra congue tincidunt tellus morbi imperdiet aliquet. Quam lacinia sit.<\\/p><h2>Here\'s a subhead lorem ipsum<\\/h2><p>Lorem ipsum eu ante vestibulum eget platea consectetuer est praesent nam. Imperdiet magna posuere elit at duis magna non sit id fusce a. Quis ut erat turpis etiam amet lectus lacus. Justo imperdiet tristique duis aptent a aenean ultricies ipsum lacus sed etiam. Ut aliquet pretium donec. Elementum vitae molestie duis gravida.<\\/p><p>Quis ut at pharetra ipsum elit et orci libero nostra. Aliquet accumsan in per elit blandit volutpat litora in. Eros morbi libero ipsum per elit scelerisque lacus tempus sed posuere. Iaculis semper convallis molestie gravida torquent class purus accumsan magna. Iaculis interdum gravida pede. Conubia libero sem suspendisse et nisl.<\\/p>\"}},\"23\":{\"type\":\"dividerBlock\",\"enabled\":\"1\",\"fields\":{\"dividerType\":\"standard-divider\"}},\"24\":{\"type\":\"pullquoteBlock\",\"enabled\":\"1\",\"fields\":{\"quote\":\"Here\\u2019s a very important quote that everyone should read. Lorem ipsum dolor sit amet. Dolor adipiscing.\",\"sourceName\":\"First M. Lastname\",\"sourceTitle\":\"President & CEO\"}},\"25\":{\"type\":\"compareBlock\",\"enabled\":\"1\",\"fields\":{\"imageLeft\":[\"20\"],\"imageRight\":[\"21\"],\"captionTitle\":\"Las Baulas National Marine Park\",\"caption\":\"<p>Here\'s a caption for this comparison image.&nbsp;Cras purus pretium leo nisi pretium dolor sit ultrices sem velit. Id quisque adipiscing nibh nulla erat. Massa litora mauris malesuada a curae.<\\/p>\"}},\"26\":{\"type\":\"textBlock\",\"enabled\":\"1\",\"fields\":{\"text\":\"<p>Lorem ipsum ut posuere amet habitasse pede a commodo. Cras purus pretium leo nisi pretium dolor sit ultrices sem velit. Id quisque adipiscing nibh nulla erat. Massa litora mauris malesuada a curae; nec consectetuer. Feugiat lectus turpis. Eu augue libero morbi luctus interdum turpis senectus nibh amet vulputate. Pede nullam turpis duis.<\\/p>\"}},\"27\":{\"type\":\"statBlock\",\"enabled\":\"1\",\"fields\":{\"number\":\"63%\",\"description\":\"<p>Number of times something atypical happens in some circumstance.<\\/p>\",\"source\":\"<p>Department of the Interior<\\/p>\"}},\"28\":{\"type\":\"textBlock\",\"enabled\":\"1\",\"fields\":{\"text\":\"<p>Lorem ipsum proin arcu curabitur sed integer blandit fusce volutpat ultricies. Nibh tempor vestibulum eget amet condimentum metus gravida. Interdum inceptos accumsan dapibus ipsum neque fusce fusce posuere. Sem class nec libero integer ac tincidunt morbi aliquam proin litora. Imperdiet mi eleifend congue congue lacinia nunc tortor sollicitudin scelerisque congue. Class inceptos.<\\/p><p>Feugiat metus proin. Libero iaculis ut dapibus sit taciti ullamcorper massa lacinia augue fermentum diam. Pellentesque turpis massa eget fermentum pretium mauris. Diam interdum sociosqu. Viverra gravida in tempus ac ut. Aliquam vulputate augue ultrices ut feugiat mauris nulla imperdiet sit per quis. Magnis lorem phasellus magna sapien aliquet turpis.<\\/p>\"}}},\"3\":[\"29\",\"30\",\"31\"],\"27\":\"<p>Here\'s my teaser&nbsp;Lorem ipsum praesent purus sed. Erat mauris elit. Per lacinia quam dui. Mattis metus ridiculus metus lectus malesuada.<\\/p>\",\"29\":[\"10\"]}}','2014-07-23 10:56:29','2014-07-23 10:56:29','fca9e257-f7aa-4a23-a8de-ca7d372245a3'),
	(73,44,3,1,'en_us',5,'','{\"typeId\":\"3\",\"authorId\":\"41\",\"title\":\"Here\'s my title\",\"slug\":\"heres-my-title\",\"postDate\":1406102400,\"expiryDate\":null,\"enabled\":1,\"fields\":{\"28\":\"\",\"23\":\"\",\"22\":\"\",\"20\":\"\",\"26\":\"Here\'s the short title\",\"36\":{\"45\":{\"type\":\"imageBlock\",\"enabled\":\"1\",\"fields\":{\"image\":[\"9\"],\"imageType\":\"standard-image\",\"captionTitle\":\"\",\"caption\":\"\"}},\"46\":{\"type\":\"textBlock\",\"enabled\":\"1\",\"fields\":{\"text\":\"<p>Lorem ipsum dolor sit amet, consectetur adipiscing elit. Phasellus scelerisque est vel libero tincidunt sollicitudin. Nullam vitae lobortis mauris. Maecenas tempor, odio vel fringilla luctus, metus leo pretium velit, at ornare sem arcu nec diam. Sed faucibus quis turpis non congue. Maecenas elementum magna vitae orci imperdiet interdum. Pellentesque eu pretium lacus. Aliquam ut odio nec nibh tempor consequat non a ante. Sed adipiscing massa sed metus hendrerit, at varius justo dignissim. Aenean ac mi in mi sodales volutpat ac in urna. Sed ut diam at nisl suscipit eleifend. Vivamus dignissim odio massa, et tempor tortor pellentesque at. Maecenas nec neque leo. Nam lectus eros, malesuada at orci id, ultrices lacinia ligula.<\\/p>\"}},\"47\":{\"type\":\"pullquoteBlock\",\"enabled\":\"1\",\"fields\":{\"quote\":\"Here\'s a fancy big quote\",\"sourceName\":\"Adam Snetman\",\"sourceTitle\":\"Designer\"}}},\"3\":[\"29\"],\"27\":\"<p><sup>Here\'s a teaser for this story<\\/sup><\\/p>\",\"29\":\"\"}}','2014-07-23 12:37:14','2014-07-23 12:37:14','1b9d162a-c13a-4b19-a9b5-2bc02146f622'),
	(74,44,3,1,'en_us',6,'','{\"typeId\":\"3\",\"authorId\":\"41\",\"title\":\"Here\'s my title\",\"slug\":\"heres-my-title\",\"postDate\":1406102400,\"expiryDate\":null,\"enabled\":1,\"fields\":{\"28\":\"\",\"23\":\"\",\"22\":\"\",\"20\":\"\",\"26\":\"Here\'s the short title\",\"36\":{\"45\":{\"type\":\"imageBlock\",\"enabled\":\"1\",\"fields\":{\"image\":[\"9\"],\"imageType\":\"standard-image\",\"captionTitle\":\"\",\"caption\":\"\"}},\"46\":{\"type\":\"textBlock\",\"enabled\":\"1\",\"fields\":{\"text\":\"<p>Lorem ipsum dolor sit amet, consectetur adipiscing elit. Phasellus scelerisque est vel libero tincidunt sollicitudin. Nullam vitae lobortis mauris. Maecenas tempor, odio vel fringilla luctus, metus leo pretium velit, at ornare sem arcu nec diam. Sed faucibus quis turpis non congue. Maecenas elementum magna vitae orci imperdiet interdum. Pellentesque eu pretium lacus. Aliquam ut odio nec nibh tempor consequat non a ante. Sed adipiscing massa sed metus hendrerit, at varius justo dignissim. Aenean ac mi in mi sodales volutpat ac in urna. Sed ut diam at nisl suscipit eleifend. Vivamus dignissim odio massa, et tempor tortor pellentesque at. Maecenas nec neque leo. Nam lectus eros, malesuada at orci id, ultrices lacinia ligula.<\\/p>\"}},\"47\":{\"type\":\"pullquoteBlock\",\"enabled\":\"1\",\"fields\":{\"quote\":\"Here\'s a fancy big quote\",\"sourceName\":\"Adam Snetman\",\"sourceTitle\":\"Designer\"}}},\"3\":[\"29\"],\"27\":\"<p>Here\'s a teaser for this story.<\\/p>\",\"29\":\"\"}}','2014-07-23 12:53:57','2014-07-23 12:53:57','f9b83428-7ba4-4338-913f-277c67e46999'),
	(75,11,3,1,'en_us',24,'','{\"typeId\":\"3\",\"authorId\":\"1\",\"title\":\"Endangered leatherback sea turtles experience resurgence in Trinidad\",\"slug\":\"endangered-leatherback-sea-turtles-experience-resurgence-in-trinidad\",\"postDate\":1405915200,\"expiryDate\":null,\"enabled\":1,\"fields\":{\"28\":[\"41\"],\"23\":\"\",\"22\":\"\",\"20\":\"\",\"26\":\"Endangered leatherback turtles resurge\",\"36\":{\"13\":{\"type\":\"imageBlock\",\"enabled\":\"1\",\"fields\":{\"image\":[\"10\"],\"imageType\":\"standard-image\",\"captionTitle\":\"Here\'s a caption title. These are optional.\",\"caption\":\"<p>\\r\\n\\tHere\'s a standard image with a caption. A tourist takes photographs of a leatherback turtle as it heads to the ocean after burying her eggs in the sand at daybreak on a narrow strip of beach in Grande Riviere, Trinidad.\\r\\n<\\/p>\\r\\n\\r\\n<h2>Here\'s an h2<\\/h2>\"}},\"12\":{\"type\":\"textBlock\",\"enabled\":\"1\",\"fields\":{\"text\":\"<p>\\r\\n\\tLorem ipsum praesent purus sed. Erat mauris elit. \\r\\n\\t<a href=\\\"http:\\/\\/www.google.com\\\">This is a link to google<\\/a>. Per lacinia quam dui. Mattis metus ridiculus metus lectus malesuada. Eget phasellus fermentum. Suscipit est nibh. Eget libero amet ipsum sagittis in quis primis libero feugiat. Praesent litora sollicitudin in lorem nunc ac id inceptos purus class. Volutpat massa platea sit lectus sed praesent.<\\/p><p>\\r\\n\\tSapien lorem aliquam quam sem non nonummy. Risus nullam magna lacinia a pellentesque massa nibh turpis. Mi mollis imperdiet condimentum diam suspendisse. In in praesent nonummy at praesent nulla. Congue pharetra amet imperdiet aptent mattis. Habitasse magnis nunc facilisis etiam. Purus scelerisque dictumst vestibulum hymenaeos neque diam orci arcu curabitur.<\\/p><h2>Here\\u2019s a subhead lorem ipsum<\\/h2><p>\\r\\n\\tLorem ipsum et vulputate lobortis non quam auctor feugiat. Massa aliquam purus mattis sapien dolor erat libero lorem ligula arcu et. Eu dui commodo sapien non enim aenean donec congue rhoncus sagittis. Nostra sapien suscipit hymenaeos elit luctus sit erat amet nulla. Ac lorem per nunc ut pellentesque tellus. Eget at sapien.<\\/p>\"}},\"15\":{\"type\":\"imageBlock\",\"enabled\":\"1\",\"fields\":{\"image\":[\"14\"],\"imageType\":\"inset-right\",\"captionTitle\":\"\",\"caption\":\"<p>Fisherman Ervan James untangles a net that he says can inadvertently ensnare about six leatherback turtles in a single night at the peak of six-month nesting season. (This image has no caption title and no credit).<\\/p>\"}},\"16\":{\"type\":\"textBlock\",\"enabled\":\"1\",\"fields\":{\"text\":\"<p>Lorem ipsum nunc nec lectus. Elit praesent adipiscing dolor. Velit accumsan at nec aliquam torquent a. Ac leo nibh nam in orci condimentum quam sem class. A curabitur mauris placerat viverra diam pulvinar nam purus at. In in viverra molestie. Augue scelerisque augue metus aliquam diam a quisque. Dolor potenti torquent ut.<\\/p><h3>Here\'s a subhead lorem ipsum<\\/h3><p>Lorem ipsum pretium leo tristique congue ultricies fusce duis accumsan ipsum nibh fusce class. Aliquam adipiscing purus pretium conubia interdum morbi. Tincidunt tincidunt suscipit in orci quis laoreet egestas. Neque orci libero diam. Orci nibh vulputate quisque in adipiscing. Interdum a praesent. Sed sit hendrerit ac curae; gravida orci tellus interdum amet.<\\/p><p>Consectetuer dolor id donec. Massa imperdiet et turpis ut mollis. Vel est ullamcorper viverra habitasse neque mollis hendrerit non. Lorem curabitur arcu nostra eu turpis cum suscipit. Platea nisi vel velit suspendisse aptent turpis nec aliquam massa. Pellentesque scelerisque eget tortor a cras curabitur libero varius dolor et nisi. Lorem.<\\/p>\"}},\"17\":{\"type\":\"dividerBlock\",\"enabled\":\"1\",\"fields\":{\"dividerType\":\"standard-divider\"}},\"18\":{\"type\":\"textBlock\",\"enabled\":\"1\",\"fields\":{\"text\":\"<p>Lorem ipsum suscipit quam ac quisque a vel ipsum velit. Non leo risus nam ipsum ac litora gravida eu lacus. Est per scelerisque tortor orci dui id a massa per in inceptos. Fusce neque at tellus rutrum sed nam amet. Quis at accumsan a at scelerisque condimentum. Natoque conubia eget. Mollis ac.<\\/p>\"}},\"19\":{\"type\":\"imageBlock\",\"enabled\":\"1\",\"fields\":{\"image\":[\"14\"],\"imageType\":\"inset-left\",\"captionTitle\":\"\\u200bInset left image with caption title\",\"caption\":\"<p>Lorem ipsum dolor sit amet consecutat velorem dolor. Adipiscing elit vestum conscript est vacumentum.<\\/p>\"}},\"22\":{\"type\":\"textBlock\",\"enabled\":\"1\",\"fields\":{\"text\":\"<p>Lorem ipsum sapien congue curabitur. Nibh ac volutpat semper molestie litora nulla elit erat et dapibus. Mauris nullam sit fusce lorem. Nullam vitae leo. Pede magna mollis morbi purus lacinia metus nisi aliquam praesent justo. Torquent neque sed pulvinar quisque morbi venenatis. Viverra congue tincidunt tellus morbi imperdiet aliquet. Quam lacinia sit.<\\/p><h2>Here\'s a subhead lorem ipsum<\\/h2><p>Lorem ipsum eu ante vestibulum eget platea consectetuer est praesent nam. Imperdiet magna posuere elit at duis magna non sit id fusce a. Quis ut erat turpis etiam amet lectus lacus. Justo imperdiet tristique duis aptent a aenean ultricies ipsum lacus sed etiam. Ut aliquet pretium donec. Elementum vitae molestie duis gravida.<\\/p><p>Quis ut at pharetra ipsum elit et orci libero nostra. Aliquet accumsan in per elit blandit volutpat litora in. Eros morbi libero ipsum per elit scelerisque lacus tempus sed posuere. Iaculis semper convallis molestie gravida torquent class purus accumsan magna. Iaculis interdum gravida pede. Conubia libero sem suspendisse et nisl.<\\/p>\"}},\"23\":{\"type\":\"dividerBlock\",\"enabled\":\"1\",\"fields\":{\"dividerType\":\"standard-divider\"}},\"24\":{\"type\":\"pullquoteBlock\",\"enabled\":\"1\",\"fields\":{\"quote\":\"Here\\u2019s a very important quote that everyone should read. Lorem ipsum dolor sit amet. Dolor adipiscing.\",\"sourceName\":\"First M. Lastname\",\"sourceTitle\":\"President & CEO\"}},\"25\":{\"type\":\"compareBlock\",\"enabled\":\"1\",\"fields\":{\"imageLeft\":[\"20\"],\"imageRight\":[\"21\"],\"captionTitle\":\"Las Baulas National Marine Park\",\"caption\":\"<p>Here\'s a caption for this comparison image.&nbsp;Cras purus pretium leo nisi pretium dolor sit ultrices sem velit. Id quisque adipiscing nibh nulla erat. Massa litora mauris malesuada a curae.<\\/p>\"}},\"26\":{\"type\":\"textBlock\",\"enabled\":\"1\",\"fields\":{\"text\":\"<p>Lorem ipsum ut posuere amet habitasse pede a commodo. Cras purus pretium leo nisi pretium dolor sit ultrices sem velit. Id quisque adipiscing nibh nulla erat. Massa litora mauris malesuada a curae; nec consectetuer. Feugiat lectus turpis. Eu augue libero morbi luctus interdum turpis senectus nibh amet vulputate. Pede nullam turpis duis.<\\/p>\"}},\"27\":{\"type\":\"statBlock\",\"enabled\":\"1\",\"fields\":{\"number\":\"63%\",\"description\":\"<p>Number of times something atypical happens in some circumstance.<\\/p>\",\"source\":\"<p>Department of the Interior<\\/p>\"}},\"28\":{\"type\":\"textBlock\",\"enabled\":\"1\",\"fields\":{\"text\":\"<p>Lorem ipsum proin arcu curabitur sed integer blandit fusce volutpat ultricies. Nibh tempor vestibulum eget amet condimentum metus gravida. Interdum inceptos accumsan dapibus ipsum neque fusce fusce posuere. Sem class nec libero integer ac tincidunt morbi aliquam proin litora. Imperdiet mi eleifend congue congue lacinia nunc tortor sollicitudin scelerisque congue. Class inceptos.<\\/p><p>Feugiat metus proin. Libero iaculis ut dapibus sit taciti ullamcorper massa lacinia augue fermentum diam. Pellentesque turpis massa eget fermentum pretium mauris. Diam interdum sociosqu. Viverra gravida in tempus ac ut. Aliquam vulputate augue ultrices ut feugiat mauris nulla imperdiet sit per quis. Magnis lorem phasellus magna sapien aliquet turpis.<\\/p>\"}}},\"3\":[\"29\",\"30\",\"31\"],\"27\":\"<p>Here\'s my teaser&nbsp;Lorem ipsum praesent purus sed. Erat mauris elit. Per lacinia quam dui. Mattis metus ridiculus metus lectus malesuada.<\\/p>\",\"29\":[\"10\"]}}','2014-07-23 12:59:19','2014-07-23 12:59:19','fa60927e-e5ba-4f46-98b1-0b90db60f158'),
	(76,11,3,1,'en_us',25,'','{\"typeId\":\"3\",\"authorId\":\"1\",\"title\":\"Endangered leatherback sea turtles experience resurgence in Trinidad\",\"slug\":\"endangered-leatherback-sea-turtles-experience-resurgence-in-trinidad\",\"postDate\":1405915200,\"expiryDate\":null,\"enabled\":1,\"fields\":{\"28\":[\"41\"],\"23\":\"\",\"22\":\"\",\"20\":\"\",\"26\":\"Endangered leatherback turtles resurge\",\"36\":{\"13\":{\"type\":\"imageBlock\",\"enabled\":\"1\",\"fields\":{\"image\":[\"10\"],\"imageType\":\"standard-image\",\"captionTitle\":\"Here\'s a caption title. These are optional.\",\"caption\":\"<p>\\r\\n\\tHere\'s a standard image with a caption. A tourist takes photographs of a leatherback turtle as it heads to the ocean after burying her eggs in the sand at daybreak on a narrow strip of beach in Grande Riviere, Trinidad.\\r\\n<\\/p>\\r\\n\\r\\n<p>Here\'s <a href=\\\"http:\\/\\/google.com\\\">a link to google<\\/a><\\/p>\"}},\"12\":{\"type\":\"textBlock\",\"enabled\":\"1\",\"fields\":{\"text\":\"<p>\\r\\n\\tLorem ipsum praesent purus sed. Erat mauris elit. \\r\\n\\t<a href=\\\"http:\\/\\/www.google.com\\\">This is a link to google<\\/a>. Per lacinia quam dui. Mattis metus ridiculus metus lectus malesuada. Eget phasellus fermentum. Suscipit est nibh. Eget libero amet ipsum sagittis in quis primis libero feugiat. Praesent litora sollicitudin in lorem nunc ac id inceptos purus class. Volutpat massa platea sit lectus sed praesent.<\\/p><p>\\r\\n\\tSapien lorem aliquam quam sem non nonummy. Risus nullam magna lacinia a pellentesque massa nibh turpis. Mi mollis imperdiet condimentum diam suspendisse. In in praesent nonummy at praesent nulla. Congue pharetra amet imperdiet aptent mattis. Habitasse magnis nunc facilisis etiam. Purus scelerisque dictumst vestibulum hymenaeos neque diam orci arcu curabitur.<\\/p><h2>Here\\u2019s a subhead lorem ipsum<\\/h2><p>\\r\\n\\tLorem ipsum et vulputate lobortis non quam auctor feugiat. Massa aliquam purus mattis sapien dolor erat libero lorem ligula arcu et. Eu dui commodo sapien non enim aenean donec congue rhoncus sagittis. Nostra sapien suscipit hymenaeos elit luctus sit erat amet nulla. Ac lorem per nunc ut pellentesque tellus. Eget at sapien.<\\/p>\"}},\"15\":{\"type\":\"imageBlock\",\"enabled\":\"1\",\"fields\":{\"image\":[\"14\"],\"imageType\":\"inset-right\",\"captionTitle\":\"\",\"caption\":\"<p>Fisherman Ervan James untangles a net that he says can inadvertently ensnare about six leatherback turtles in a single night at the peak of six-month nesting season. (This image has no caption title and no credit).<\\/p>\"}},\"16\":{\"type\":\"textBlock\",\"enabled\":\"1\",\"fields\":{\"text\":\"<p>Lorem ipsum nunc nec lectus. Elit praesent adipiscing dolor. Velit accumsan at nec aliquam torquent a. Ac leo nibh nam in orci condimentum quam sem class. A curabitur mauris placerat viverra diam pulvinar nam purus at. In in viverra molestie. Augue scelerisque augue metus aliquam diam a quisque. Dolor potenti torquent ut.<\\/p><h3>Here\'s a subhead lorem ipsum<\\/h3><p>Lorem ipsum pretium leo tristique congue ultricies fusce duis accumsan ipsum nibh fusce class. Aliquam adipiscing purus pretium conubia interdum morbi. Tincidunt tincidunt suscipit in orci quis laoreet egestas. Neque orci libero diam. Orci nibh vulputate quisque in adipiscing. Interdum a praesent. Sed sit hendrerit ac curae; gravida orci tellus interdum amet.<\\/p><p>Consectetuer dolor id donec. Massa imperdiet et turpis ut mollis. Vel est ullamcorper viverra habitasse neque mollis hendrerit non. Lorem curabitur arcu nostra eu turpis cum suscipit. Platea nisi vel velit suspendisse aptent turpis nec aliquam massa. Pellentesque scelerisque eget tortor a cras curabitur libero varius dolor et nisi. Lorem.<\\/p>\"}},\"17\":{\"type\":\"dividerBlock\",\"enabled\":\"1\",\"fields\":{\"dividerType\":\"standard-divider\"}},\"18\":{\"type\":\"textBlock\",\"enabled\":\"1\",\"fields\":{\"text\":\"<p>Lorem ipsum suscipit quam ac quisque a vel ipsum velit. Non leo risus nam ipsum ac litora gravida eu lacus. Est per scelerisque tortor orci dui id a massa per in inceptos. Fusce neque at tellus rutrum sed nam amet. Quis at accumsan a at scelerisque condimentum. Natoque conubia eget. Mollis ac.<\\/p>\"}},\"19\":{\"type\":\"imageBlock\",\"enabled\":\"1\",\"fields\":{\"image\":[\"14\"],\"imageType\":\"inset-left\",\"captionTitle\":\"\\u200bInset left image with caption title\",\"caption\":\"<p>Lorem ipsum dolor sit amet consecutat velorem dolor. Adipiscing elit vestum conscript est vacumentum.<\\/p>\"}},\"22\":{\"type\":\"textBlock\",\"enabled\":\"1\",\"fields\":{\"text\":\"<p>Lorem ipsum sapien congue curabitur. Nibh ac volutpat semper molestie litora nulla elit erat et dapibus. Mauris nullam sit fusce lorem. Nullam vitae leo. Pede magna mollis morbi purus lacinia metus nisi aliquam praesent justo. Torquent neque sed pulvinar quisque morbi venenatis. Viverra congue tincidunt tellus morbi imperdiet aliquet. Quam lacinia sit.<\\/p><h2>Here\'s a subhead lorem ipsum<\\/h2><p>Lorem ipsum eu ante vestibulum eget platea consectetuer est praesent nam. Imperdiet magna posuere elit at duis magna non sit id fusce a. Quis ut erat turpis etiam amet lectus lacus. Justo imperdiet tristique duis aptent a aenean ultricies ipsum lacus sed etiam. Ut aliquet pretium donec. Elementum vitae molestie duis gravida.<\\/p><p>Quis ut at pharetra ipsum elit et orci libero nostra. Aliquet accumsan in per elit blandit volutpat litora in. Eros morbi libero ipsum per elit scelerisque lacus tempus sed posuere. Iaculis semper convallis molestie gravida torquent class purus accumsan magna. Iaculis interdum gravida pede. Conubia libero sem suspendisse et nisl.<\\/p>\"}},\"23\":{\"type\":\"dividerBlock\",\"enabled\":\"1\",\"fields\":{\"dividerType\":\"standard-divider\"}},\"24\":{\"type\":\"pullquoteBlock\",\"enabled\":\"1\",\"fields\":{\"quote\":\"Here\\u2019s a very important quote that everyone should read. Lorem ipsum dolor sit amet. Dolor adipiscing.\",\"sourceName\":\"First M. Lastname\",\"sourceTitle\":\"President & CEO\"}},\"25\":{\"type\":\"compareBlock\",\"enabled\":\"1\",\"fields\":{\"imageLeft\":[\"20\"],\"imageRight\":[\"21\"],\"captionTitle\":\"Las Baulas National Marine Park\",\"caption\":\"<p>Here\'s a caption for this comparison image.&nbsp;Cras purus pretium leo nisi pretium dolor sit ultrices sem velit. Id quisque adipiscing nibh nulla erat. Massa litora mauris malesuada a curae.<\\/p>\"}},\"26\":{\"type\":\"textBlock\",\"enabled\":\"1\",\"fields\":{\"text\":\"<p>Lorem ipsum ut posuere amet habitasse pede a commodo. Cras purus pretium leo nisi pretium dolor sit ultrices sem velit. Id quisque adipiscing nibh nulla erat. Massa litora mauris malesuada a curae; nec consectetuer. Feugiat lectus turpis. Eu augue libero morbi luctus interdum turpis senectus nibh amet vulputate. Pede nullam turpis duis.<\\/p>\"}},\"27\":{\"type\":\"statBlock\",\"enabled\":\"1\",\"fields\":{\"number\":\"63%\",\"description\":\"<p>Number of times something atypical happens in some circumstance.<\\/p>\",\"source\":\"<p>Department of the Interior<\\/p>\"}},\"28\":{\"type\":\"textBlock\",\"enabled\":\"1\",\"fields\":{\"text\":\"<p>Lorem ipsum proin arcu curabitur sed integer blandit fusce volutpat ultricies. Nibh tempor vestibulum eget amet condimentum metus gravida. Interdum inceptos accumsan dapibus ipsum neque fusce fusce posuere. Sem class nec libero integer ac tincidunt morbi aliquam proin litora. Imperdiet mi eleifend congue congue lacinia nunc tortor sollicitudin scelerisque congue. Class inceptos.<\\/p><p>Feugiat metus proin. Libero iaculis ut dapibus sit taciti ullamcorper massa lacinia augue fermentum diam. Pellentesque turpis massa eget fermentum pretium mauris. Diam interdum sociosqu. Viverra gravida in tempus ac ut. Aliquam vulputate augue ultrices ut feugiat mauris nulla imperdiet sit per quis. Magnis lorem phasellus magna sapien aliquet turpis.<\\/p>\"}}},\"3\":[\"29\",\"30\",\"31\"],\"27\":\"<p>Here\'s my teaser&nbsp;Lorem ipsum praesent purus sed. Erat mauris elit. Per lacinia quam dui. Mattis metus ridiculus metus lectus malesuada.<\\/p>\",\"29\":[\"10\"]}}','2014-07-23 13:00:03','2014-07-23 13:00:03','1519434d-fdf8-47ce-828b-128b6ceb23db'),
	(77,11,3,1,'en_us',26,'','{\"typeId\":\"3\",\"authorId\":\"1\",\"title\":\"Endangered leatherback sea turtles experience resurgence in Trinidad\",\"slug\":\"endangered-leatherback-sea-turtles-experience-resurgence-in-trinidad\",\"postDate\":1405915200,\"expiryDate\":null,\"enabled\":1,\"fields\":{\"28\":[\"41\"],\"23\":\"\",\"22\":\"\",\"20\":\"\",\"26\":\"Endangered leatherback turtles resurge\",\"36\":{\"13\":{\"type\":\"imageBlock\",\"enabled\":\"1\",\"fields\":{\"image\":[\"10\"],\"imageType\":\"standard-image\",\"captionTitle\":\"Here\'s a caption title. These are optional.\",\"caption\":\"<p>\\r\\n\\tHere\'s a standard image with a caption. A tourist takes photographs of a leatherback turtle as it heads to the ocean after burying her eggs in the sand at daybreak on a narrow strip of beach in Grande Riviere, Trinidad.<\\/p>\"}},\"12\":{\"type\":\"textBlock\",\"enabled\":\"1\",\"fields\":{\"text\":\"<p>\\r\\n\\tLorem ipsum praesent purus sed. Erat mauris elit. \\r\\n\\t<a href=\\\"http:\\/\\/www.google.com\\\">This is a link to google<\\/a>. Per lacinia quam dui. Mattis metus ridiculus metus lectus malesuada. Eget phasellus fermentum. Suscipit est nibh. Eget libero amet ipsum sagittis in quis primis libero feugiat. Praesent litora sollicitudin in lorem nunc ac id inceptos purus class. Volutpat massa platea sit lectus sed praesent.<\\/p><p>\\r\\n\\tSapien lorem aliquam quam sem non nonummy. Risus nullam magna lacinia a pellentesque massa nibh turpis. Mi mollis imperdiet condimentum diam suspendisse. In in praesent nonummy at praesent nulla. Congue pharetra amet imperdiet aptent mattis. Habitasse magnis nunc facilisis etiam. Purus scelerisque dictumst vestibulum hymenaeos neque diam orci arcu curabitur.<\\/p><h2>Here\\u2019s a subhead lorem ipsum<\\/h2><p>\\r\\n\\tLorem ipsum et vulputate lobortis non quam auctor feugiat. Massa aliquam purus mattis sapien dolor erat libero lorem ligula arcu et. Eu dui commodo sapien non enim aenean donec congue rhoncus sagittis. Nostra sapien suscipit hymenaeos elit luctus sit erat amet nulla. Ac lorem per nunc ut pellentesque tellus. Eget at sapien.<\\/p>\"}},\"15\":{\"type\":\"imageBlock\",\"enabled\":\"1\",\"fields\":{\"image\":[\"14\"],\"imageType\":\"inset-right\",\"captionTitle\":\"\",\"caption\":\"<p>Fisherman Ervan James untangles a net that he says can inadvertently ensnare about six leatherback turtles in a single night at the peak of six-month nesting season. (This image has no caption title and no credit).<\\/p>\"}},\"16\":{\"type\":\"textBlock\",\"enabled\":\"1\",\"fields\":{\"text\":\"<p>Lorem ipsum nunc nec lectus. Elit praesent adipiscing dolor. Velit accumsan at nec aliquam torquent a. Ac leo nibh nam in orci condimentum quam sem class. A curabitur mauris placerat viverra diam pulvinar nam purus at. In in viverra molestie. Augue scelerisque augue metus aliquam diam a quisque. Dolor potenti torquent ut.<\\/p><h3>Here\'s a subhead lorem ipsum<\\/h3><p>Lorem ipsum pretium leo tristique congue ultricies fusce duis accumsan ipsum nibh fusce class. Aliquam adipiscing purus pretium conubia interdum morbi. Tincidunt tincidunt suscipit in orci quis laoreet egestas. Neque orci libero diam. Orci nibh vulputate quisque in adipiscing. Interdum a praesent. Sed sit hendrerit ac curae; gravida orci tellus interdum amet.<\\/p><p>Consectetuer dolor id donec. Massa imperdiet et turpis ut mollis. Vel est ullamcorper viverra habitasse neque mollis hendrerit non. Lorem curabitur arcu nostra eu turpis cum suscipit. Platea nisi vel velit suspendisse aptent turpis nec aliquam massa. Pellentesque scelerisque eget tortor a cras curabitur libero varius dolor et nisi. Lorem.<\\/p>\"}},\"17\":{\"type\":\"dividerBlock\",\"enabled\":\"1\",\"fields\":{\"dividerType\":\"standard-divider\"}},\"18\":{\"type\":\"textBlock\",\"enabled\":\"1\",\"fields\":{\"text\":\"<p>Lorem ipsum suscipit quam ac quisque a vel ipsum velit. Non leo risus nam ipsum ac litora gravida eu lacus. Est per scelerisque tortor orci dui id a massa per in inceptos. Fusce neque at tellus rutrum sed nam amet. Quis at accumsan a at scelerisque condimentum. Natoque conubia eget. Mollis ac.<\\/p>\"}},\"19\":{\"type\":\"imageBlock\",\"enabled\":\"1\",\"fields\":{\"image\":[\"14\"],\"imageType\":\"inset-left\",\"captionTitle\":\"\\u200bInset left image with caption title\",\"caption\":\"<p>Lorem ipsum dolor sit amet consecutat velorem dolor. Adipiscing elit vestum conscript est vacumentum.<\\/p>\"}},\"22\":{\"type\":\"textBlock\",\"enabled\":\"1\",\"fields\":{\"text\":\"<p>Lorem ipsum sapien congue curabitur. Nibh ac volutpat semper molestie litora nulla elit erat et dapibus. Mauris nullam sit fusce lorem. Nullam vitae leo. Pede magna mollis morbi purus lacinia metus nisi aliquam praesent justo. Torquent neque sed pulvinar quisque morbi venenatis. Viverra congue tincidunt tellus morbi imperdiet aliquet. Quam lacinia sit.<\\/p><h2>Here\'s a subhead lorem ipsum<\\/h2><p>Lorem ipsum eu ante vestibulum eget platea consectetuer est praesent nam. Imperdiet magna posuere elit at duis magna non sit id fusce a. Quis ut erat turpis etiam amet lectus lacus. Justo imperdiet tristique duis aptent a aenean ultricies ipsum lacus sed etiam. Ut aliquet pretium donec. Elementum vitae molestie duis gravida.<\\/p><p>Quis ut at pharetra ipsum elit et orci libero nostra. Aliquet accumsan in per elit blandit volutpat litora in. Eros morbi libero ipsum per elit scelerisque lacus tempus sed posuere. Iaculis semper convallis molestie gravida torquent class purus accumsan magna. Iaculis interdum gravida pede. Conubia libero sem suspendisse et nisl.<\\/p>\"}},\"23\":{\"type\":\"dividerBlock\",\"enabled\":\"1\",\"fields\":{\"dividerType\":\"standard-divider\"}},\"24\":{\"type\":\"pullquoteBlock\",\"enabled\":\"1\",\"fields\":{\"quote\":\"Here\\u2019s a very important quote that everyone should read. Lorem ipsum dolor sit amet. Dolor adipiscing.\",\"sourceName\":\"First M. Lastname\",\"sourceTitle\":\"President & CEO\"}},\"25\":{\"type\":\"compareBlock\",\"enabled\":\"1\",\"fields\":{\"imageLeft\":[\"20\"],\"imageRight\":[\"21\"],\"captionTitle\":\"Las Baulas National Marine Park\",\"caption\":\"<p>Here\'s a caption for this comparison image.&nbsp;Cras purus pretium leo nisi pretium dolor sit ultrices sem velit. Id quisque adipiscing nibh nulla erat. Massa litora mauris malesuada a curae.<\\/p>\"}},\"26\":{\"type\":\"textBlock\",\"enabled\":\"1\",\"fields\":{\"text\":\"<p>Lorem ipsum ut posuere amet habitasse pede a commodo. Cras purus pretium leo nisi pretium dolor sit ultrices sem velit. Id quisque adipiscing nibh nulla erat. Massa litora mauris malesuada a curae; nec consectetuer. Feugiat lectus turpis. Eu augue libero morbi luctus interdum turpis senectus nibh amet vulputate. Pede nullam turpis duis.<\\/p>\"}},\"27\":{\"type\":\"statBlock\",\"enabled\":\"1\",\"fields\":{\"number\":\"63%\",\"description\":\"<p>Number of times something atypical happens in some circumstance.<\\/p>\",\"source\":\"<p>Department of the Interior<\\/p>\"}},\"28\":{\"type\":\"textBlock\",\"enabled\":\"1\",\"fields\":{\"text\":\"<p>Lorem ipsum proin arcu curabitur sed integer blandit fusce volutpat ultricies. Nibh tempor vestibulum eget amet condimentum metus gravida. Interdum inceptos accumsan dapibus ipsum neque fusce fusce posuere. Sem class nec libero integer ac tincidunt morbi aliquam proin litora. Imperdiet mi eleifend congue congue lacinia nunc tortor sollicitudin scelerisque congue. Class inceptos.<\\/p><p>Feugiat metus proin. Libero iaculis ut dapibus sit taciti ullamcorper massa lacinia augue fermentum diam. Pellentesque turpis massa eget fermentum pretium mauris. Diam interdum sociosqu. Viverra gravida in tempus ac ut. Aliquam vulputate augue ultrices ut feugiat mauris nulla imperdiet sit per quis. Magnis lorem phasellus magna sapien aliquet turpis.<\\/p>\"}}},\"3\":[\"29\",\"30\",\"31\"],\"27\":\"<p>Here\'s my teaser&nbsp;Lorem ipsum praesent purus sed. Erat mauris elit. Per lacinia quam dui. Mattis metus ridiculus metus lectus malesuada.<\\/p>\",\"29\":[\"10\"]}}','2014-07-23 13:00:18','2014-07-23 13:00:18','1ecd4c8b-f670-4095-b71f-9c2beba62624'),
	(78,11,3,1,'en_us',27,'','{\"typeId\":\"3\",\"authorId\":\"1\",\"title\":\"Endangered leatherback sea turtles experience resurgence in Trinidad\",\"slug\":\"endangered-leatherback-sea-turtles-experience-resurgence-in-trinidad\",\"postDate\":1405915200,\"expiryDate\":null,\"enabled\":1,\"fields\":{\"28\":[\"41\"],\"23\":\"\",\"22\":\"\",\"20\":\"\",\"26\":\"Endangered leatherback turtles resurge\",\"36\":{\"13\":{\"type\":\"imageBlock\",\"enabled\":\"1\",\"fields\":{\"image\":[\"10\"],\"imageType\":\"standard-image\",\"captionTitle\":\"Here\'s a caption title. These are optional.\",\"caption\":\"<p>\\r\\n\\tHere\'s a standard image with a caption. A tourist takes photographs of a leatherback turtle as it heads to the ocean after burying her eggs in the sand at daybreak on a narrow strip of beach in Grande Riviere, Trinidad.<\\/p>\"}},\"12\":{\"type\":\"textBlock\",\"enabled\":\"1\",\"fields\":{\"text\":\"<p>\\r\\n\\tLorem ipsum praesent purus sed. Erat mauris elit. \\r\\n\\t<a href=\\\"http:\\/\\/www.google.com\\\">This is a link to google<\\/a>. Per lacinia quam dui. Mattis metus ridiculus metus lectus malesuada. Eget phasellus fermentum. Suscipit est nibh. Eget libero amet ipsum sagittis in quis primis libero feugiat. Praesent litora sollicitudin in lorem nunc ac id inceptos purus class. Volutpat massa platea sit lectus sed praesent.<\\/p><p>\\r\\n\\tSapien lorem aliquam quam sem non nonummy. Risus nullam magna lacinia a pellentesque massa nibh turpis. Mi mollis imperdiet condimentum diam suspendisse. In in praesent nonummy at praesent nulla. Congue pharetra amet imperdiet aptent mattis. Habitasse magnis nunc facilisis etiam. Purus scelerisque dictumst vestibulum hymenaeos neque diam orci arcu curabitur.<\\/p><h2>Here\\u2019s a subhead lorem ipsum<\\/h2><p>\\r\\n\\tLorem ipsum et vulputate lobortis non quam auctor feugiat. Massa aliquam purus mattis sapien dolor erat libero lorem ligula arcu et. Eu dui commodo sapien non enim aenean donec congue rhoncus sagittis. Nostra sapien suscipit hymenaeos elit luctus sit erat amet nulla. Ac lorem per nunc ut pellentesque tellus. Eget at sapien.<\\/p>\"}},\"15\":{\"type\":\"imageBlock\",\"enabled\":\"1\",\"fields\":{\"image\":[\"14\"],\"imageType\":\"inset-right\",\"captionTitle\":\"\",\"caption\":\"<p>Fisherman Ervan James untangles a net that he says can inadvertently ensnare about six leatherback turtles in a single night at the peak of six-month nesting season. (This image has no caption title and no credit).<\\/p>\"}},\"16\":{\"type\":\"textBlock\",\"enabled\":\"1\",\"fields\":{\"text\":\"<p>Lorem ipsum nunc nec lectus. Elit praesent adipiscing dolor. Velit accumsan at nec aliquam torquent a. Ac leo nibh nam in orci condimentum quam sem class. A curabitur mauris placerat viverra diam pulvinar nam purus at. In in viverra molestie. Augue scelerisque augue metus aliquam diam a quisque. Dolor potenti torquent ut.<\\/p><h3>Here\'s a subhead lorem ipsum<\\/h3><p>Lorem ipsum pretium leo tristique congue ultricies fusce duis accumsan ipsum nibh fusce class. Aliquam adipiscing purus pretium conubia interdum morbi. Tincidunt tincidunt suscipit in orci quis laoreet egestas. Neque orci libero diam. Orci nibh vulputate quisque in adipiscing. Interdum a praesent. Sed sit hendrerit ac curae; gravida orci tellus interdum amet.<\\/p><p>Consectetuer dolor id donec. Massa imperdiet et turpis ut mollis. Vel est ullamcorper viverra habitasse neque mollis hendrerit non. Lorem curabitur arcu nostra eu turpis cum suscipit. Platea nisi vel velit suspendisse aptent turpis nec aliquam massa. Pellentesque scelerisque eget tortor a cras curabitur libero varius dolor et nisi. Lorem.<\\/p>\"}},\"17\":{\"type\":\"dividerBlock\",\"enabled\":\"1\",\"fields\":{\"dividerType\":\"standard-divider\"}},\"18\":{\"type\":\"textBlock\",\"enabled\":\"1\",\"fields\":{\"text\":\"<p>Lorem ipsum suscipit quam ac quisque a vel ipsum velit. Non leo risus nam ipsum ac litora gravida eu lacus. Est per scelerisque tortor orci dui id a massa per in inceptos. Fusce neque at tellus rutrum sed nam amet. Quis at accumsan a at scelerisque condimentum. Natoque conubia eget. Mollis ac.<\\/p>\"}},\"19\":{\"type\":\"imageBlock\",\"enabled\":\"1\",\"fields\":{\"image\":[\"14\"],\"imageType\":\"inset-left\",\"captionTitle\":\"\\u200bInset left image with caption title\",\"caption\":\"<p>Lorem ipsum dolor sit amet consecutat velorem dolor. Adipiscing elit vestum conscript est vacumentum.<\\/p>\"}},\"22\":{\"type\":\"textBlock\",\"enabled\":\"1\",\"fields\":{\"text\":\"<p>Lorem ipsum sapien congue curabitur. Nibh ac volutpat semper molestie litora nulla elit erat et dapibus. Mauris nullam sit fusce lorem. Nullam vitae leo. Pede magna mollis morbi purus lacinia metus nisi aliquam praesent justo. Torquent neque sed pulvinar quisque morbi venenatis. Viverra congue tincidunt tellus morbi imperdiet aliquet. Quam lacinia sit.<\\/p><h2>Here\'s a subhead lorem ipsum<\\/h2><p>Lorem ipsum eu ante vestibulum eget platea consectetuer est praesent nam. Imperdiet magna posuere elit at duis magna non sit id fusce a. Quis ut erat turpis etiam amet lectus lacus. Justo imperdiet tristique duis aptent a aenean ultricies ipsum lacus sed etiam. Ut aliquet pretium donec. Elementum vitae molestie duis gravida.<\\/p><p>Quis ut at pharetra ipsum elit et orci libero nostra. Aliquet accumsan in per elit blandit volutpat litora in. Eros morbi libero ipsum per elit scelerisque lacus tempus sed posuere. Iaculis semper convallis molestie gravida torquent class purus accumsan magna. Iaculis interdum gravida pede. Conubia libero sem suspendisse et nisl.<\\/p>\"}},\"23\":{\"type\":\"dividerBlock\",\"enabled\":\"1\",\"fields\":{\"dividerType\":\"standard-divider\"}},\"24\":{\"type\":\"pullquoteBlock\",\"enabled\":\"1\",\"fields\":{\"quote\":\"Here\\u2019s a very important quote that everyone should read. Lorem ipsum dolor sit amet. Dolor adipiscing.\",\"sourceName\":\"First M. Lastname\",\"sourceTitle\":\"President & CEO\"}},\"25\":{\"type\":\"compareBlock\",\"enabled\":\"1\",\"fields\":{\"imageLeft\":[\"20\"],\"imageRight\":[\"21\"],\"captionTitle\":\"Las Baulas National Marine Park\",\"caption\":\"<p>Here\'s a caption for this comparison image.&nbsp;Cras purus pretium leo nisi pretium dolor sit ultrices sem velit. Id quisque adipiscing nibh nulla erat. Massa litora mauris malesuada a curae.<\\/p>\"}},\"26\":{\"type\":\"textBlock\",\"enabled\":\"1\",\"fields\":{\"text\":\"<p>Lorem ipsum ut posuere amet habitasse pede a commodo. Cras purus pretium leo nisi pretium dolor sit ultrices sem velit. Id quisque adipiscing nibh nulla erat. Massa litora mauris malesuada a curae; nec consectetuer. Feugiat lectus turpis. Eu augue libero morbi luctus interdum turpis senectus nibh amet vulputate. Pede nullam turpis duis.<\\/p>\"}},\"27\":{\"type\":\"statBlock\",\"enabled\":\"1\",\"fields\":{\"number\":\"63%\",\"description\":\"<p>Number of times something atypical happens in some circumstance.<\\/p>\",\"source\":\"<p>\\r\\n\\tDepartment of the <a href=\\\"http:\\/\\/amazon.com\\\">Interior<\\/a>\\r\\n<\\/p>\"}},\"28\":{\"type\":\"textBlock\",\"enabled\":\"1\",\"fields\":{\"text\":\"<p>Lorem ipsum proin arcu curabitur sed integer blandit fusce volutpat ultricies. Nibh tempor vestibulum eget amet condimentum metus gravida. Interdum inceptos accumsan dapibus ipsum neque fusce fusce posuere. Sem class nec libero integer ac tincidunt morbi aliquam proin litora. Imperdiet mi eleifend congue congue lacinia nunc tortor sollicitudin scelerisque congue. Class inceptos.<\\/p><p>Feugiat metus proin. Libero iaculis ut dapibus sit taciti ullamcorper massa lacinia augue fermentum diam. Pellentesque turpis massa eget fermentum pretium mauris. Diam interdum sociosqu. Viverra gravida in tempus ac ut. Aliquam vulputate augue ultrices ut feugiat mauris nulla imperdiet sit per quis. Magnis lorem phasellus magna sapien aliquet turpis.<\\/p>\"}}},\"3\":[\"29\",\"30\",\"31\"],\"27\":\"<p>Here\'s my teaser&nbsp;Lorem ipsum praesent purus sed. Erat mauris elit. Per lacinia quam dui. Mattis metus ridiculus metus lectus malesuada.<\\/p>\",\"29\":[\"10\"]}}','2014-07-23 13:01:07','2014-07-23 13:01:07','ffd4f24d-2f43-49f4-b810-5df8c09d1e67'),
	(79,11,3,1,'en_us',28,'','{\"typeId\":\"3\",\"authorId\":\"1\",\"title\":\"Endangered leatherback sea turtles experience resurgence in Trinidad\",\"slug\":\"endangered-leatherback-sea-turtles-experience-resurgence-in-trinidad\",\"postDate\":1405915200,\"expiryDate\":null,\"enabled\":1,\"fields\":{\"28\":[\"41\"],\"23\":\"\",\"22\":\"\",\"20\":\"\",\"26\":\"Endangered leatherback turtles resurge\",\"36\":{\"13\":{\"type\":\"imageBlock\",\"enabled\":\"1\",\"fields\":{\"image\":[\"10\"],\"imageType\":\"standard-image\",\"captionTitle\":\"Here\'s a caption title. These are optional.\",\"caption\":\"<p>\\r\\n\\tHere\'s a standard image with a caption. A tourist takes photographs of a leatherback turtle as it heads to the ocean after burying her eggs in the sand at daybreak on a narrow strip of beach in Grande Riviere, Trinidad.<\\/p>\"}},\"12\":{\"type\":\"textBlock\",\"enabled\":\"1\",\"fields\":{\"text\":\"<p>\\r\\n\\tLorem ipsum praesent purus sed. Erat mauris elit. \\r\\n\\t<a href=\\\"http:\\/\\/www.google.com\\\">This is a link to google<\\/a>. Per lacinia quam dui. Mattis metus ridiculus metus lectus malesuada. Eget phasellus fermentum. Suscipit est nibh. Eget libero amet ipsum sagittis in quis primis libero feugiat. Praesent litora sollicitudin in lorem nunc ac id inceptos purus class. Volutpat massa platea sit lectus sed praesent.<\\/p><p>\\r\\n\\tSapien lorem aliquam quam sem non nonummy. Risus nullam magna lacinia a pellentesque massa nibh turpis. Mi mollis imperdiet condimentum diam suspendisse. In in praesent nonummy at praesent nulla. Congue pharetra amet imperdiet aptent mattis. Habitasse magnis nunc facilisis etiam. Purus scelerisque dictumst vestibulum hymenaeos neque diam orci arcu curabitur.<\\/p><h2>Here\\u2019s a subhead lorem ipsum<\\/h2><p>\\r\\n\\tLorem ipsum et vulputate lobortis non quam auctor feugiat. Massa aliquam purus mattis sapien dolor erat libero lorem ligula arcu et. Eu dui commodo sapien non enim aenean donec congue rhoncus sagittis. Nostra sapien suscipit hymenaeos elit luctus sit erat amet nulla. Ac lorem per nunc ut pellentesque tellus. Eget at sapien.<\\/p>\"}},\"15\":{\"type\":\"imageBlock\",\"enabled\":\"1\",\"fields\":{\"image\":[\"14\"],\"imageType\":\"inset-right\",\"captionTitle\":\"\",\"caption\":\"<p>Fisherman Ervan James untangles a net that he says can inadvertently ensnare about six leatherback turtles in a single night at the peak of six-month nesting season. (This image has no caption title and no credit).<\\/p>\"}},\"16\":{\"type\":\"textBlock\",\"enabled\":\"1\",\"fields\":{\"text\":\"<p>Lorem ipsum nunc nec lectus. Elit praesent adipiscing dolor. Velit accumsan at nec aliquam torquent a. Ac leo nibh nam in orci condimentum quam sem class. A curabitur mauris placerat viverra diam pulvinar nam purus at. In in viverra molestie. Augue scelerisque augue metus aliquam diam a quisque. Dolor potenti torquent ut.<\\/p><h3>Here\'s a subhead lorem ipsum<\\/h3><p>Lorem ipsum pretium leo tristique congue ultricies fusce duis accumsan ipsum nibh fusce class. Aliquam adipiscing purus pretium conubia interdum morbi. Tincidunt tincidunt suscipit in orci quis laoreet egestas. Neque orci libero diam. Orci nibh vulputate quisque in adipiscing. Interdum a praesent. Sed sit hendrerit ac curae; gravida orci tellus interdum amet.<\\/p><p>Consectetuer dolor id donec. Massa imperdiet et turpis ut mollis. Vel est ullamcorper viverra habitasse neque mollis hendrerit non. Lorem curabitur arcu nostra eu turpis cum suscipit. Platea nisi vel velit suspendisse aptent turpis nec aliquam massa. Pellentesque scelerisque eget tortor a cras curabitur libero varius dolor et nisi. Lorem.<\\/p>\"}},\"17\":{\"type\":\"dividerBlock\",\"enabled\":\"1\",\"fields\":{\"dividerType\":\"standard-divider\"}},\"18\":{\"type\":\"textBlock\",\"enabled\":\"1\",\"fields\":{\"text\":\"<p>Lorem ipsum suscipit quam ac quisque a vel ipsum velit. Non leo risus nam ipsum ac litora gravida eu lacus. Est per scelerisque tortor orci dui id a massa per in inceptos. Fusce neque at tellus rutrum sed nam amet. Quis at accumsan a at scelerisque condimentum. Natoque conubia eget. Mollis ac.<\\/p>\"}},\"19\":{\"type\":\"imageBlock\",\"enabled\":\"1\",\"fields\":{\"image\":[\"14\"],\"imageType\":\"inset-left\",\"captionTitle\":\"\\u200bInset left image with caption title\",\"caption\":\"<p>Lorem ipsum dolor sit amet consecutat velorem dolor. Adipiscing elit vestum conscript est vacumentum.<\\/p>\"}},\"22\":{\"type\":\"textBlock\",\"enabled\":\"1\",\"fields\":{\"text\":\"<p>Lorem ipsum sapien congue curabitur. Nibh ac volutpat semper molestie litora nulla elit erat et dapibus. Mauris nullam sit fusce lorem. Nullam vitae leo. Pede magna mollis morbi purus lacinia metus nisi aliquam praesent justo. Torquent neque sed pulvinar quisque morbi venenatis. Viverra congue tincidunt tellus morbi imperdiet aliquet. Quam lacinia sit.<\\/p><h2>Here\'s a subhead lorem ipsum<\\/h2><p>Lorem ipsum eu ante vestibulum eget platea consectetuer est praesent nam. Imperdiet magna posuere elit at duis magna non sit id fusce a. Quis ut erat turpis etiam amet lectus lacus. Justo imperdiet tristique duis aptent a aenean ultricies ipsum lacus sed etiam. Ut aliquet pretium donec. Elementum vitae molestie duis gravida.<\\/p><p>Quis ut at pharetra ipsum elit et orci libero nostra. Aliquet accumsan in per elit blandit volutpat litora in. Eros morbi libero ipsum per elit scelerisque lacus tempus sed posuere. Iaculis semper convallis molestie gravida torquent class purus accumsan magna. Iaculis interdum gravida pede. Conubia libero sem suspendisse et nisl.<\\/p>\"}},\"23\":{\"type\":\"dividerBlock\",\"enabled\":\"1\",\"fields\":{\"dividerType\":\"standard-divider\"}},\"24\":{\"type\":\"pullquoteBlock\",\"enabled\":\"1\",\"fields\":{\"quote\":\"Here\\u2019s a very important quote that everyone should read. Lorem ipsum dolor sit amet. Dolor adipiscing.\",\"sourceName\":\"First M. Lastname\",\"sourceTitle\":\"President & CEO\"}},\"25\":{\"type\":\"compareBlock\",\"enabled\":\"1\",\"fields\":{\"imageLeft\":[\"20\"],\"imageRight\":[\"21\"],\"captionTitle\":\"Las Baulas National Marine Park\",\"caption\":\"<p>Here\'s a caption for this comparison image.&nbsp;Cras purus pretium leo nisi pretium dolor sit ultrices sem velit. Id quisque adipiscing nibh nulla erat. Massa litora mauris malesuada a curae.<\\/p>\"}},\"26\":{\"type\":\"textBlock\",\"enabled\":\"1\",\"fields\":{\"text\":\"<p>Lorem ipsum ut posuere amet habitasse pede a commodo. Cras purus pretium leo nisi pretium dolor sit ultrices sem velit. Id quisque adipiscing nibh nulla erat. Massa litora mauris malesuada a curae; nec consectetuer. Feugiat lectus turpis. Eu augue libero morbi luctus interdum turpis senectus nibh amet vulputate. Pede nullam turpis duis.<\\/p>\"}},\"27\":{\"type\":\"statBlock\",\"enabled\":\"1\",\"fields\":{\"number\":\"63%\",\"description\":\"<p>Number of times something atypical happens in some circumstance.<\\/p>\",\"source\":\"<p>\\r\\n\\tDepartment of the \\r\\n\\t<pre>Interior<\\/pre>\\r\\n<\\/p>\"}},\"28\":{\"type\":\"textBlock\",\"enabled\":\"1\",\"fields\":{\"text\":\"<p>Lorem ipsum proin arcu curabitur sed integer blandit fusce volutpat ultricies. Nibh tempor vestibulum eget amet condimentum metus gravida. Interdum inceptos accumsan dapibus ipsum neque fusce fusce posuere. Sem class nec libero integer ac tincidunt morbi aliquam proin litora. Imperdiet mi eleifend congue congue lacinia nunc tortor sollicitudin scelerisque congue. Class inceptos.<\\/p><p>Feugiat metus proin. Libero iaculis ut dapibus sit taciti ullamcorper massa lacinia augue fermentum diam. Pellentesque turpis massa eget fermentum pretium mauris. Diam interdum sociosqu. Viverra gravida in tempus ac ut. Aliquam vulputate augue ultrices ut feugiat mauris nulla imperdiet sit per quis. Magnis lorem phasellus magna sapien aliquet turpis.<\\/p>\"}}},\"3\":[\"29\",\"30\",\"31\"],\"27\":\"<p>Here\'s my teaser&nbsp;Lorem ipsum praesent purus sed. Erat mauris elit. Per lacinia quam dui. Mattis metus ridiculus metus lectus malesuada.<\\/p>\",\"29\":[\"10\"]}}','2014-07-23 13:01:47','2014-07-23 13:01:47','eb0ad048-85de-453e-99f9-339e879b8e64'),
	(80,11,3,1,'en_us',29,'','{\"typeId\":\"3\",\"authorId\":\"1\",\"title\":\"Endangered leatherback sea turtles experience resurgence in Trinidad\",\"slug\":\"endangered-leatherback-sea-turtles-experience-resurgence-in-trinidad\",\"postDate\":1405915200,\"expiryDate\":null,\"enabled\":1,\"fields\":{\"28\":[\"41\"],\"23\":\"\",\"22\":\"\",\"20\":\"\",\"26\":\"Endangered leatherback turtles resurge\",\"36\":{\"13\":{\"type\":\"imageBlock\",\"enabled\":\"1\",\"fields\":{\"image\":[\"10\"],\"imageType\":\"standard-image\",\"captionTitle\":\"Here\'s a caption title. These are optional.\",\"caption\":\"<p>\\r\\n\\tHere\'s a standard image with a caption. A tourist takes photographs of a leatherback turtle as it heads to the ocean after burying her eggs in the sand at daybreak on a narrow strip of beach in Grande Riviere, Trinidad.<\\/p>\"}},\"12\":{\"type\":\"textBlock\",\"enabled\":\"1\",\"fields\":{\"text\":\"<p>\\r\\n\\tLorem ipsum praesent purus sed. Erat mauris elit. \\r\\n\\t<a href=\\\"http:\\/\\/www.google.com\\\">This is a link to google<\\/a>. Per lacinia quam dui. Mattis metus ridiculus metus lectus malesuada. Eget phasellus fermentum. Suscipit est nibh. Eget libero amet ipsum sagittis in quis primis libero feugiat. Praesent litora sollicitudin in lorem nunc ac id inceptos purus class. Volutpat massa platea sit lectus sed praesent.<\\/p><p>\\r\\n\\tSapien lorem aliquam quam sem non nonummy. Risus nullam magna lacinia a pellentesque massa nibh turpis. Mi mollis imperdiet condimentum diam suspendisse. In in praesent nonummy at praesent nulla. Congue pharetra amet imperdiet aptent mattis. Habitasse magnis nunc facilisis etiam. Purus scelerisque dictumst vestibulum hymenaeos neque diam orci arcu curabitur.<\\/p><h2>Here\\u2019s a subhead lorem ipsum<\\/h2><p>\\r\\n\\tLorem ipsum et vulputate lobortis non quam auctor feugiat. Massa aliquam purus mattis sapien dolor erat libero lorem ligula arcu et. Eu dui commodo sapien non enim aenean donec congue rhoncus sagittis. Nostra sapien suscipit hymenaeos elit luctus sit erat amet nulla. Ac lorem per nunc ut pellentesque tellus. Eget at sapien.<\\/p>\"}},\"15\":{\"type\":\"imageBlock\",\"enabled\":\"1\",\"fields\":{\"image\":[\"14\"],\"imageType\":\"inset-right\",\"captionTitle\":\"\",\"caption\":\"<p>Fisherman Ervan James untangles a net that he says can inadvertently ensnare about six leatherback turtles in a single night at the peak of six-month nesting season. (This image has no caption title and no credit).<\\/p>\"}},\"16\":{\"type\":\"textBlock\",\"enabled\":\"1\",\"fields\":{\"text\":\"<p>Lorem ipsum nunc nec lectus. Elit praesent adipiscing dolor. Velit accumsan at nec aliquam torquent a. Ac leo nibh nam in orci condimentum quam sem class. A curabitur mauris placerat viverra diam pulvinar nam purus at. In in viverra molestie. Augue scelerisque augue metus aliquam diam a quisque. Dolor potenti torquent ut.<\\/p><h3>Here\'s a subhead lorem ipsum<\\/h3><p>Lorem ipsum pretium leo tristique congue ultricies fusce duis accumsan ipsum nibh fusce class. Aliquam adipiscing purus pretium conubia interdum morbi. Tincidunt tincidunt suscipit in orci quis laoreet egestas. Neque orci libero diam. Orci nibh vulputate quisque in adipiscing. Interdum a praesent. Sed sit hendrerit ac curae; gravida orci tellus interdum amet.<\\/p><p>Consectetuer dolor id donec. Massa imperdiet et turpis ut mollis. Vel est ullamcorper viverra habitasse neque mollis hendrerit non. Lorem curabitur arcu nostra eu turpis cum suscipit. Platea nisi vel velit suspendisse aptent turpis nec aliquam massa. Pellentesque scelerisque eget tortor a cras curabitur libero varius dolor et nisi. Lorem.<\\/p>\"}},\"17\":{\"type\":\"dividerBlock\",\"enabled\":\"1\",\"fields\":{\"dividerType\":\"standard-divider\"}},\"18\":{\"type\":\"textBlock\",\"enabled\":\"1\",\"fields\":{\"text\":\"<p>Lorem ipsum suscipit quam ac quisque a vel ipsum velit. Non leo risus nam ipsum ac litora gravida eu lacus. Est per scelerisque tortor orci dui id a massa per in inceptos. Fusce neque at tellus rutrum sed nam amet. Quis at accumsan a at scelerisque condimentum. Natoque conubia eget. Mollis ac.<\\/p>\"}},\"19\":{\"type\":\"imageBlock\",\"enabled\":\"1\",\"fields\":{\"image\":[\"14\"],\"imageType\":\"inset-left\",\"captionTitle\":\"\\u200bInset left image with caption title\",\"caption\":\"<p>Lorem ipsum dolor sit amet consecutat velorem dolor. Adipiscing elit vestum conscript est vacumentum.<\\/p>\"}},\"22\":{\"type\":\"textBlock\",\"enabled\":\"1\",\"fields\":{\"text\":\"<p>Lorem ipsum sapien congue curabitur. Nibh ac volutpat semper molestie litora nulla elit erat et dapibus. Mauris nullam sit fusce lorem. Nullam vitae leo. Pede magna mollis morbi purus lacinia metus nisi aliquam praesent justo. Torquent neque sed pulvinar quisque morbi venenatis. Viverra congue tincidunt tellus morbi imperdiet aliquet. Quam lacinia sit.<\\/p><h2>Here\'s a subhead lorem ipsum<\\/h2><p>Lorem ipsum eu ante vestibulum eget platea consectetuer est praesent nam. Imperdiet magna posuere elit at duis magna non sit id fusce a. Quis ut erat turpis etiam amet lectus lacus. Justo imperdiet tristique duis aptent a aenean ultricies ipsum lacus sed etiam. Ut aliquet pretium donec. Elementum vitae molestie duis gravida.<\\/p><p>Quis ut at pharetra ipsum elit et orci libero nostra. Aliquet accumsan in per elit blandit volutpat litora in. Eros morbi libero ipsum per elit scelerisque lacus tempus sed posuere. Iaculis semper convallis molestie gravida torquent class purus accumsan magna. Iaculis interdum gravida pede. Conubia libero sem suspendisse et nisl.<\\/p>\"}},\"23\":{\"type\":\"dividerBlock\",\"enabled\":\"1\",\"fields\":{\"dividerType\":\"standard-divider\"}},\"24\":{\"type\":\"pullquoteBlock\",\"enabled\":\"1\",\"fields\":{\"quote\":\"Here\\u2019s a very important quote that everyone should read. Lorem ipsum dolor sit amet. Dolor adipiscing.\",\"sourceName\":\"First M. Lastname\",\"sourceTitle\":\"President & CEO\"}},\"25\":{\"type\":\"compareBlock\",\"enabled\":\"1\",\"fields\":{\"imageLeft\":[\"20\"],\"imageRight\":[\"21\"],\"captionTitle\":\"Las Baulas National Marine Park\",\"caption\":\"<p>Here\'s a caption for this comparison image.&nbsp;Cras purus pretium leo nisi pretium dolor sit ultrices sem velit. Id quisque adipiscing nibh nulla erat. Massa litora mauris malesuada a curae.<\\/p>\"}},\"26\":{\"type\":\"textBlock\",\"enabled\":\"1\",\"fields\":{\"text\":\"<p>Lorem ipsum ut posuere amet habitasse pede a commodo. Cras purus pretium leo nisi pretium dolor sit ultrices sem velit. Id quisque adipiscing nibh nulla erat. Massa litora mauris malesuada a curae; nec consectetuer. Feugiat lectus turpis. Eu augue libero morbi luctus interdum turpis senectus nibh amet vulputate. Pede nullam turpis duis.<\\/p>\"}},\"27\":{\"type\":\"statBlock\",\"enabled\":\"1\",\"fields\":{\"number\":\"63%\",\"description\":\"<p>Number of times something atypical happens in some circumstance.<\\/p>\",\"source\":\"<p>\\r\\n\\tDepartment of the \\r\\n\\tInterior\\r\\n<\\/p>\"}},\"28\":{\"type\":\"textBlock\",\"enabled\":\"1\",\"fields\":{\"text\":\"<p>Lorem ipsum proin arcu curabitur sed integer blandit fusce volutpat ultricies. Nibh tempor vestibulum eget amet condimentum metus gravida. Interdum inceptos accumsan dapibus ipsum neque fusce fusce posuere. Sem class nec libero integer ac tincidunt morbi aliquam proin litora. Imperdiet mi eleifend congue congue lacinia nunc tortor sollicitudin scelerisque congue. Class inceptos.<\\/p><p>Feugiat metus proin. Libero iaculis ut dapibus sit taciti ullamcorper massa lacinia augue fermentum diam. Pellentesque turpis massa eget fermentum pretium mauris. Diam interdum sociosqu. Viverra gravida in tempus ac ut. Aliquam vulputate augue ultrices ut feugiat mauris nulla imperdiet sit per quis. Magnis lorem phasellus magna sapien aliquet turpis.<\\/p>\"}}},\"3\":[\"29\",\"30\",\"31\"],\"27\":\"<p>Here\'s my teaser&nbsp;Lorem ipsum praesent purus sed. Erat mauris elit. Per lacinia quam dui. Mattis metus ridiculus metus lectus malesuada.<\\/p>\",\"29\":[\"10\"]}}','2014-07-23 13:02:16','2014-07-23 13:02:16','9ab49525-a181-4031-b879-0bbd5767207f');

INSERT INTO `craft_entryversions` (`id`, `entryId`, `sectionId`, `creatorId`, `locale`, `num`, `notes`, `data`, `dateCreated`, `dateUpdated`, `uid`)
VALUES
	(81,11,3,1,'en_us',30,'','{\"typeId\":\"3\",\"authorId\":\"1\",\"title\":\"Endangered leatherback sea turtles experience resurgence in Trinidad\",\"slug\":\"endangered-leatherback-sea-turtles-experience-resurgence-in-trinidad\",\"postDate\":1405915200,\"expiryDate\":null,\"enabled\":1,\"fields\":{\"28\":[\"41\"],\"23\":\"\",\"22\":\"\",\"20\":\"\",\"26\":\"Endangered leatherback turtles resurge\",\"36\":{\"13\":{\"type\":\"imageBlock\",\"enabled\":\"1\",\"fields\":{\"image\":[\"10\"],\"imageType\":\"standard-image\",\"captionTitle\":\"Here\'s a caption title. These are optional.\",\"caption\":\"<p>\\r\\n\\tHere\'s a standard image with a caption. A tourist takes photographs of a leatherback turtle as it heads to the ocean after burying her eggs in the sand at daybreak on a narrow strip of beach in Grande Riviere, Trinidad.<\\/p>\"}},\"12\":{\"type\":\"textBlock\",\"enabled\":\"1\",\"fields\":{\"text\":\"<p>\\r\\n\\tLorem ipsum praesent purus sed. Erat mauris elit. \\r\\n\\t<a href=\\\"http:\\/\\/www.google.com\\\">This is a link to google<\\/a>. Per lacinia quam dui. Mattis metus ridiculus metus lectus malesuada. Eget phasellus fermentum. Suscipit est nibh. Eget libero amet ipsum sagittis in quis primis libero feugiat. Praesent litora sollicitudin in lorem nunc ac id inceptos purus class. Volutpat massa platea sit lectus sed praesent.<\\/p><p>\\r\\n\\tSapien lorem aliquam quam sem non nonummy. Risus nullam magna lacinia a pellentesque massa nibh turpis. Mi mollis imperdiet condimentum diam suspendisse. In in praesent nonummy at praesent nulla. Congue pharetra amet imperdiet aptent mattis. Habitasse magnis nunc facilisis etiam. Purus scelerisque dictumst vestibulum hymenaeos neque diam orci arcu curabitur.<\\/p><h2>Here\\u2019s a subhead lorem ipsum<\\/h2><p>\\r\\n\\tLorem ipsum et vulputate lobortis non quam auctor feugiat. Massa aliquam purus mattis sapien dolor erat libero lorem ligula arcu et. Eu dui commodo sapien non enim aenean donec congue rhoncus sagittis. Nostra sapien suscipit hymenaeos elit luctus sit erat amet nulla. Ac lorem per nunc ut pellentesque tellus. Eget at sapien.<\\/p>\"}},\"15\":{\"type\":\"imageBlock\",\"enabled\":\"1\",\"fields\":{\"image\":[\"14\"],\"imageType\":\"inset-right\",\"captionTitle\":\"\",\"caption\":\"<p>Fisherman Ervan James untangles a net that he says can inadvertently ensnare about six leatherback turtles in a single night at the peak of six-month nesting season. (This image has no caption title and no credit).<\\/p>\"}},\"16\":{\"type\":\"textBlock\",\"enabled\":\"1\",\"fields\":{\"text\":\"<p>Lorem ipsum nunc nec lectus. Elit praesent adipiscing dolor. Velit accumsan at nec aliquam torquent a. Ac leo nibh nam in orci condimentum quam sem class. A curabitur mauris placerat viverra diam pulvinar nam purus at. In in viverra molestie. Augue scelerisque augue metus aliquam diam a quisque. Dolor potenti torquent ut.<\\/p><h3>Here\'s a subhead lorem ipsum<\\/h3><p>Lorem ipsum pretium leo tristique congue ultricies fusce duis accumsan ipsum nibh fusce class. Aliquam adipiscing purus pretium conubia interdum morbi. Tincidunt tincidunt suscipit in orci quis laoreet egestas. Neque orci libero diam. Orci nibh vulputate quisque in adipiscing. Interdum a praesent. Sed sit hendrerit ac curae; gravida orci tellus interdum amet.<\\/p><p>Consectetuer dolor id donec. Massa imperdiet et turpis ut mollis. Vel est ullamcorper viverra habitasse neque mollis hendrerit non. Lorem curabitur arcu nostra eu turpis cum suscipit. Platea nisi vel velit suspendisse aptent turpis nec aliquam massa. Pellentesque scelerisque eget tortor a cras curabitur libero varius dolor et nisi. Lorem.<\\/p>\"}},\"17\":{\"type\":\"dividerBlock\",\"enabled\":\"1\",\"fields\":{\"dividerType\":\"standard-divider\"}},\"18\":{\"type\":\"textBlock\",\"enabled\":\"1\",\"fields\":{\"text\":\"<p>Lorem ipsum suscipit quam ac quisque a vel ipsum velit. Non leo risus nam ipsum ac litora gravida eu lacus. Est per scelerisque tortor orci dui id a massa per in inceptos. Fusce neque at tellus rutrum sed nam amet. Quis at accumsan a at scelerisque condimentum. Natoque conubia eget. Mollis ac.<\\/p>\"}},\"19\":{\"type\":\"imageBlock\",\"enabled\":\"1\",\"fields\":{\"image\":[\"14\"],\"imageType\":\"inset-left\",\"captionTitle\":\"\\u200bInset left image with caption title\",\"caption\":\"<p>Lorem ipsum dolor sit amet consecutat velorem dolor. Adipiscing elit vestum conscript est vacumentum.<\\/p>\"}},\"22\":{\"type\":\"textBlock\",\"enabled\":\"1\",\"fields\":{\"text\":\"<p>Lorem ipsum sapien congue curabitur. Nibh ac volutpat semper molestie litora nulla elit erat et dapibus. Mauris nullam sit fusce lorem. Nullam vitae leo. Pede magna mollis morbi purus lacinia metus nisi aliquam praesent justo. Torquent neque sed pulvinar quisque morbi venenatis. Viverra congue tincidunt tellus morbi imperdiet aliquet. Quam lacinia sit.<\\/p><h2>Here\'s a subhead lorem ipsum<\\/h2><p>Lorem ipsum eu ante vestibulum eget platea consectetuer est praesent nam. Imperdiet magna posuere elit at duis magna non sit id fusce a. Quis ut erat turpis etiam amet lectus lacus. Justo imperdiet tristique duis aptent a aenean ultricies ipsum lacus sed etiam. Ut aliquet pretium donec. Elementum vitae molestie duis gravida.<\\/p><p>Quis ut at pharetra ipsum elit et orci libero nostra. Aliquet accumsan in per elit blandit volutpat litora in. Eros morbi libero ipsum per elit scelerisque lacus tempus sed posuere. Iaculis semper convallis molestie gravida torquent class purus accumsan magna. Iaculis interdum gravida pede. Conubia libero sem suspendisse et nisl.<\\/p>\"}},\"23\":{\"type\":\"dividerBlock\",\"enabled\":\"1\",\"fields\":{\"dividerType\":\"standard-divider\"}},\"24\":{\"type\":\"pullquoteBlock\",\"enabled\":\"1\",\"fields\":{\"quote\":\"Here\\u2019s a very important quote that everyone should read. Lorem ipsum dolor sit amet. Dolor adipiscing.\",\"sourceName\":\"First M. Lastname\",\"sourceTitle\":\"President & CEO\"}},\"25\":{\"type\":\"compareBlock\",\"enabled\":\"1\",\"fields\":{\"imageLeft\":[\"20\"],\"imageRight\":[\"21\"],\"captionTitle\":\"Las Baulas National Marine Park\",\"caption\":\"<p>Here\'s a caption for this comparison image.&nbsp;Cras purus pretium leo nisi pretium dolor sit ultrices sem velit. Id quisque adipiscing nibh nulla erat. Massa litora mauris malesuada a curae.<\\/p>\"}},\"26\":{\"type\":\"textBlock\",\"enabled\":\"1\",\"fields\":{\"text\":\"<p>Lorem ipsum ut posuere amet habitasse pede a commodo. Cras purus pretium leo nisi pretium dolor sit ultrices sem velit. Id quisque adipiscing nibh nulla erat. Massa litora mauris malesuada a curae; nec consectetuer. Feugiat lectus turpis. Eu augue libero morbi luctus interdum turpis senectus nibh amet vulputate. Pede nullam turpis duis.<\\/p>\"}},\"27\":{\"type\":\"statBlock\",\"enabled\":\"1\",\"fields\":{\"number\":\"63%\",\"description\":\"<p>Number of times something atypical happens in some circumstance.<\\/p>\",\"source\":\"<p>Department of the Interior<\\/p>\"}},\"28\":{\"type\":\"textBlock\",\"enabled\":\"1\",\"fields\":{\"text\":\"<p>Lorem ipsum proin arcu curabitur sed integer blandit fusce volutpat ultricies. Nibh tempor vestibulum eget amet condimentum metus gravida. Interdum inceptos accumsan dapibus ipsum neque fusce fusce posuere. Sem class nec libero integer ac tincidunt morbi aliquam proin litora. Imperdiet mi eleifend congue congue lacinia nunc tortor sollicitudin scelerisque congue. Class inceptos.<\\/p><p>Feugiat metus proin. Libero iaculis ut dapibus sit taciti ullamcorper massa lacinia augue fermentum diam. Pellentesque turpis massa eget fermentum pretium mauris. Diam interdum sociosqu. Viverra gravida in tempus ac ut. Aliquam vulputate augue ultrices ut feugiat mauris nulla imperdiet sit per quis. Magnis lorem phasellus magna sapien aliquet turpis.<\\/p>\"}}},\"3\":[\"29\",\"30\",\"31\"],\"27\":\"<p>Here\'s my teaser&nbsp;Lorem ipsum praesent purus sed. Erat mauris elit. Per lacinia quam dui. Mattis metus ridiculus metus lectus malesuada.<\\/p>\",\"29\":[\"10\"]}}','2014-07-23 13:02:49','2014-07-23 13:02:49','e79d90ae-43eb-4786-9adb-069e9374d3a1'),
	(82,11,3,1,'en_us',31,'','{\"typeId\":\"3\",\"authorId\":\"1\",\"title\":\"Endangered leatherback sea turtles experience resurgence in Trinidad\",\"slug\":\"endangered-leatherback-sea-turtles-experience-resurgence-in-trinidad\",\"postDate\":1405915200,\"expiryDate\":null,\"enabled\":1,\"fields\":{\"28\":[\"41\"],\"23\":\"\",\"22\":\"\",\"20\":\"\",\"61\":\"1\",\"26\":\"Endangered leatherback turtles resurge\",\"36\":{\"13\":{\"type\":\"imageBlock\",\"enabled\":\"1\",\"fields\":{\"image\":[\"10\"],\"imageType\":\"standard-image\",\"captionTitle\":\"Here\'s a caption title. These are optional.\",\"caption\":\"<p>\\r\\n\\tHere\'s a standard image with a caption. A tourist takes photographs of a leatherback turtle as it heads to the ocean after burying her eggs in the sand at daybreak on a narrow strip of beach in Grande Riviere, Trinidad.<\\/p>\"}},\"12\":{\"type\":\"textBlock\",\"enabled\":\"1\",\"fields\":{\"text\":\"<p>\\r\\n\\tLorem ipsum praesent purus sed. Erat mauris elit. \\r\\n\\t<a href=\\\"http:\\/\\/www.google.com\\\">This is a link to google<\\/a>. Per lacinia quam dui. Mattis metus ridiculus metus lectus malesuada. Eget phasellus fermentum. Suscipit est nibh. Eget libero amet ipsum sagittis in quis primis libero feugiat. Praesent litora sollicitudin in lorem nunc ac id inceptos purus class. Volutpat massa platea sit lectus sed praesent.<\\/p><p>\\r\\n\\tSapien lorem aliquam quam sem non nonummy. Risus nullam magna lacinia a pellentesque massa nibh turpis. Mi mollis imperdiet condimentum diam suspendisse. In in praesent nonummy at praesent nulla. Congue pharetra amet imperdiet aptent mattis. Habitasse magnis nunc facilisis etiam. Purus scelerisque dictumst vestibulum hymenaeos neque diam orci arcu curabitur.<\\/p><h2>Here\\u2019s a subhead lorem ipsum<\\/h2><p>\\r\\n\\tLorem ipsum et vulputate lobortis non quam auctor feugiat. Massa aliquam purus mattis sapien dolor erat libero lorem ligula arcu et. Eu dui commodo sapien non enim aenean donec congue rhoncus sagittis. Nostra sapien suscipit hymenaeos elit luctus sit erat amet nulla. Ac lorem per nunc ut pellentesque tellus. Eget at sapien.<\\/p>\"}},\"15\":{\"type\":\"imageBlock\",\"enabled\":\"1\",\"fields\":{\"image\":[\"14\"],\"imageType\":\"inset-right\",\"captionTitle\":\"\",\"caption\":\"<p>Fisherman Ervan James untangles a net that he says can inadvertently ensnare about six leatherback turtles in a single night at the peak of six-month nesting season. (This image has no caption title and no credit).<\\/p>\"}},\"16\":{\"type\":\"textBlock\",\"enabled\":\"1\",\"fields\":{\"text\":\"<p>Lorem ipsum nunc nec lectus. Elit praesent adipiscing dolor. Velit accumsan at nec aliquam torquent a. Ac leo nibh nam in orci condimentum quam sem class. A curabitur mauris placerat viverra diam pulvinar nam purus at. In in viverra molestie. Augue scelerisque augue metus aliquam diam a quisque. Dolor potenti torquent ut.<\\/p><h3>Here\'s a subhead lorem ipsum<\\/h3><p>Lorem ipsum pretium leo tristique congue ultricies fusce duis accumsan ipsum nibh fusce class. Aliquam adipiscing purus pretium conubia interdum morbi. Tincidunt tincidunt suscipit in orci quis laoreet egestas. Neque orci libero diam. Orci nibh vulputate quisque in adipiscing. Interdum a praesent. Sed sit hendrerit ac curae; gravida orci tellus interdum amet.<\\/p><p>Consectetuer dolor id donec. Massa imperdiet et turpis ut mollis. Vel est ullamcorper viverra habitasse neque mollis hendrerit non. Lorem curabitur arcu nostra eu turpis cum suscipit. Platea nisi vel velit suspendisse aptent turpis nec aliquam massa. Pellentesque scelerisque eget tortor a cras curabitur libero varius dolor et nisi. Lorem.<\\/p>\"}},\"17\":{\"type\":\"dividerBlock\",\"enabled\":\"1\",\"fields\":{\"dividerType\":\"standard-divider\"}},\"18\":{\"type\":\"textBlock\",\"enabled\":\"1\",\"fields\":{\"text\":\"<p>Lorem ipsum suscipit quam ac quisque a vel ipsum velit. Non leo risus nam ipsum ac litora gravida eu lacus. Est per scelerisque tortor orci dui id a massa per in inceptos. Fusce neque at tellus rutrum sed nam amet. Quis at accumsan a at scelerisque condimentum. Natoque conubia eget. Mollis ac.<\\/p>\"}},\"19\":{\"type\":\"imageBlock\",\"enabled\":\"1\",\"fields\":{\"image\":[\"14\"],\"imageType\":\"inset-left\",\"captionTitle\":\"\\u200bInset left image with caption title\",\"caption\":\"<p>Lorem ipsum dolor sit amet consecutat velorem dolor. Adipiscing elit vestum conscript est vacumentum.<\\/p>\"}},\"22\":{\"type\":\"textBlock\",\"enabled\":\"1\",\"fields\":{\"text\":\"<p>Lorem ipsum sapien congue curabitur. Nibh ac volutpat semper molestie litora nulla elit erat et dapibus. Mauris nullam sit fusce lorem. Nullam vitae leo. Pede magna mollis morbi purus lacinia metus nisi aliquam praesent justo. Torquent neque sed pulvinar quisque morbi venenatis. Viverra congue tincidunt tellus morbi imperdiet aliquet. Quam lacinia sit.<\\/p><h2>Here\'s a subhead lorem ipsum<\\/h2><p>Lorem ipsum eu ante vestibulum eget platea consectetuer est praesent nam. Imperdiet magna posuere elit at duis magna non sit id fusce a. Quis ut erat turpis etiam amet lectus lacus. Justo imperdiet tristique duis aptent a aenean ultricies ipsum lacus sed etiam. Ut aliquet pretium donec. Elementum vitae molestie duis gravida.<\\/p><p>Quis ut at pharetra ipsum elit et orci libero nostra. Aliquet accumsan in per elit blandit volutpat litora in. Eros morbi libero ipsum per elit scelerisque lacus tempus sed posuere. Iaculis semper convallis molestie gravida torquent class purus accumsan magna. Iaculis interdum gravida pede. Conubia libero sem suspendisse et nisl.<\\/p>\"}},\"23\":{\"type\":\"dividerBlock\",\"enabled\":\"1\",\"fields\":{\"dividerType\":\"standard-divider\"}},\"24\":{\"type\":\"pullquoteBlock\",\"enabled\":\"1\",\"fields\":{\"quote\":\"Here\\u2019s a very important quote that everyone should read. Lorem ipsum dolor sit amet. Dolor adipiscing.\",\"sourceName\":\"First M. Lastname\",\"sourceTitle\":\"President & CEO\"}},\"25\":{\"type\":\"compareBlock\",\"enabled\":\"1\",\"fields\":{\"imageLeft\":[\"20\"],\"imageRight\":[\"21\"],\"captionTitle\":\"Las Baulas National Marine Park\",\"caption\":\"<p>Here\'s a caption for this comparison image.&nbsp;Cras purus pretium leo nisi pretium dolor sit ultrices sem velit. Id quisque adipiscing nibh nulla erat. Massa litora mauris malesuada a curae.<\\/p>\"}},\"26\":{\"type\":\"textBlock\",\"enabled\":\"1\",\"fields\":{\"text\":\"<p>Lorem ipsum ut posuere amet habitasse pede a commodo. Cras purus pretium leo nisi pretium dolor sit ultrices sem velit. Id quisque adipiscing nibh nulla erat. Massa litora mauris malesuada a curae; nec consectetuer. Feugiat lectus turpis. Eu augue libero morbi luctus interdum turpis senectus nibh amet vulputate. Pede nullam turpis duis.<\\/p>\"}},\"27\":{\"type\":\"statBlock\",\"enabled\":\"1\",\"fields\":{\"number\":\"63%\",\"description\":\"<p>Number of times something atypical happens in some circumstance.<\\/p>\",\"source\":\"<p>Department of the Interior<\\/p>\"}},\"28\":{\"type\":\"textBlock\",\"enabled\":\"1\",\"fields\":{\"text\":\"<p>Lorem ipsum proin arcu curabitur sed integer blandit fusce volutpat ultricies. Nibh tempor vestibulum eget amet condimentum metus gravida. Interdum inceptos accumsan dapibus ipsum neque fusce fusce posuere. Sem class nec libero integer ac tincidunt morbi aliquam proin litora. Imperdiet mi eleifend congue congue lacinia nunc tortor sollicitudin scelerisque congue. Class inceptos.<\\/p><p>Feugiat metus proin. Libero iaculis ut dapibus sit taciti ullamcorper massa lacinia augue fermentum diam. Pellentesque turpis massa eget fermentum pretium mauris. Diam interdum sociosqu. Viverra gravida in tempus ac ut. Aliquam vulputate augue ultrices ut feugiat mauris nulla imperdiet sit per quis. Magnis lorem phasellus magna sapien aliquet turpis.<\\/p>\"}}},\"3\":[\"29\",\"30\",\"31\"],\"27\":\"<p>Here\'s my teaser&nbsp;Lorem ipsum praesent purus sed. Erat mauris elit. Per lacinia quam dui. Mattis metus ridiculus metus lectus malesuada.<\\/p>\",\"29\":[\"10\"]}}','2014-07-23 13:14:51','2014-07-23 13:14:51','f1bdab50-2493-4a15-8288-0ca69cb689ad'),
	(83,44,3,1,'es',1,'','{\"typeId\":\"3\",\"authorId\":\"41\",\"title\":\"Here\'s my title\",\"slug\":\"heres-my-title\",\"postDate\":1406102400,\"expiryDate\":null,\"enabled\":1,\"fields\":{\"28\":\"\",\"23\":\"\",\"22\":\"\",\"20\":\"\",\"61\":\"1\",\"26\":\"Here\'s my short title\",\"36\":{\"new1\":{\"type\":\"textBlock\",\"enabled\":\"1\",\"fields\":{\"text\":\"<p>Here\'s my text block.<\\/p>\"}}},\"3\":\"\",\"27\":\"<p>This is the teaser for this story.<\\/p>\",\"29\":\"\"}}','2014-07-23 13:16:14','2014-07-23 13:16:14','496b28ba-6b7f-41b8-9da4-408b94432409'),
	(84,11,3,1,'es',11,'','{\"typeId\":\"3\",\"authorId\":\"1\",\"title\":\"Spanish title leatherback sea turtles experience resurgence in Trinidad\",\"slug\":\"endangered-leatherback-sea-turtles-experience-resurgence-in-trinidad\",\"postDate\":1405915200,\"expiryDate\":null,\"enabled\":1,\"fields\":{\"28\":[\"41\"],\"23\":\"<p>And here\'s a caption for the hero image. Lorem ipsum dolor sit amet consecutat velorem dolor. Adipiscing elite ventorum.<\\/p>\",\"22\":\"Here\'s a caption title for the spanish story hero image\",\"20\":[\"10\"],\"61\":\"1\",\"26\":\"Spanish short title here\",\"36\":{\"32\":{\"type\":\"textBlock\",\"enabled\":\"1\",\"fields\":{\"text\":\"<p>\\r\\n\\tSpanish story blocks start here.&nbsp;Lorem ipsum dolor sit amet, consectetur adipiscing elit. Phasellus scelerisque est vel libero tincidunt sollicitudin. Nullam vitae lobortis mauris. Maecenas tempor, odio vel fringilla luctus, metus leo pretium velit, at ornare sem arcu nec diam. Sed faucibus quis turpis non congue. Maecenas elementum magna vitae orci imperdiet interdum. Pellentesque eu pretium lacus. Aliquam ut odio nec nibh tempor consequat non a ante. Sed adipiscing massa sed metus hendrerit, at varius justo dignissim. Aenean ac mi in mi sodales volutpat ac in urna. Sed ut diam at nisl suscipit eleifend. Vivamus dignissim odio massa, et tempor tortor pellentesque at. Maecenas nec neque leo. Nam lectus eros, malesuada at orci id, ultrices lacinia ligula.<\\/p><p>\\r\\n\\tLorem ipsum dolor sit amet, consectetur adipiscing elit. Phasellus scelerisque est vel libero tincidunt sollicitudin. Nullam vitae lobortis mauris. Maecenas tempor, odio vel fringilla luctus, metus leo pretium velit, at ornare sem arcu nec diam. Sed faucibus quis turpis non congue. Maecenas elementum magna vitae orci imperdiet interdum. Pellentesque eu pretium lacus. Aliquam ut odio nec nibh tempor consequat non a ante. Sed adipiscing massa sed metus hendrerit, at varius justo dignissim. Aenean ac mi in mi sodales volutpat ac in urna. Sed ut diam at nisl suscipit eleifend. Vivamus dignissim odio massa, et tempor tortor pellentesque at. Maecenas nec neque leo. Nam lectus eros, malesuada at orci id, ultrices lacinia ligula.<\\/p><h2>Subhead 2 here<\\/h2><p>\\r\\n\\tLorem ipsum dolor sit amet, consectetur adipiscing elit. Phasellus scelerisque est vel libero tincidunt sollicitudin. Nullam vitae lobortis mauris. Maecenas tempor, odio vel fringilla luctus, metus leo pretium velit, at ornare sem arcu nec diam. Sed faucibus quis turpis non congue. Maecenas elementum magna vitae orci imperdiet interdum. Pellentesque eu pretium lacus. Aliquam ut odio nec nibh tempor consequat non a ante. Sed adipiscing massa sed metus hendrerit, at varius justo dignissim. Aenean ac mi in mi sodales volutpat ac in urna. Sed ut diam at nisl suscipit eleifend. Vivamus dignissim odio massa, et tempor tortor pellentesque at. Maecenas nec neque leo. Nam lectus eros, malesuada at orci id, ultrices lacinia ligula.<\\/p>\"}}},\"3\":[\"29\",\"30\"],\"27\":\"<p>Here\'s my spanish&nbsp;teaser&nbsp;Lorem ipsum praesent purus sed. Erat mauris elit. Per lacinia quam dui. Mattis metus ridiculus metus lectus malesuada.<\\/p>\",\"29\":[\"10\"]}}','2014-07-23 13:34:05','2014-07-23 13:34:05','92edc8e9-aa53-45de-94ed-7ad1283dfce0'),
	(85,44,3,1,'es',2,'','{\"typeId\":\"3\",\"authorId\":\"41\",\"title\":\"Here\'s my title\",\"slug\":\"heres-my-title\",\"postDate\":1406102400,\"expiryDate\":null,\"enabled\":1,\"fields\":{\"28\":\"\",\"23\":\"\",\"22\":\"\",\"20\":\"\",\"61\":\"1\",\"26\":\"Here\'s my short title\",\"36\":{\"48\":{\"type\":\"textBlock\",\"enabled\":\"1\",\"fields\":{\"text\":\"<p>Here\'s my text block.<\\/p>\"}}},\"3\":\"\",\"27\":\"<p>This is the teaser for this story.<\\/p>\",\"29\":[\"20\"]}}','2014-07-23 13:42:37','2014-07-23 13:42:37','89f0680a-779a-4578-8197-8989b7691c4d'),
	(86,44,3,1,'es',3,'','{\"typeId\":\"3\",\"authorId\":\"41\",\"title\":\"Here\'s my title\",\"slug\":\"heres-my-title\",\"postDate\":1406102400,\"expiryDate\":null,\"enabled\":1,\"fields\":{\"28\":\"\",\"23\":\"\",\"22\":\"\",\"20\":\"\",\"61\":\"\",\"26\":\"Here\'s my short title\",\"36\":{\"48\":{\"type\":\"textBlock\",\"enabled\":\"1\",\"fields\":{\"text\":\"<p>Here\'s my text block.<\\/p>\"}}},\"3\":\"\",\"27\":\"<p>This is the teaser for this story.<\\/p>\",\"29\":[\"20\"]}}','2014-07-23 13:43:04','2014-07-23 13:43:04','b4fe54cb-aa8d-4d5b-944b-2cb52257e22d'),
	(87,44,3,1,'es',4,'','{\"typeId\":\"3\",\"authorId\":\"41\",\"title\":\"Here\'s my title\",\"slug\":\"heres-my-title\",\"postDate\":1406102400,\"expiryDate\":null,\"enabled\":1,\"fields\":{\"28\":\"\",\"23\":\"\",\"22\":\"\",\"20\":\"\",\"26\":\"Here\'s my short title\",\"36\":{\"48\":{\"type\":\"textBlock\",\"enabled\":\"1\",\"fields\":{\"text\":\"<p>Here\'s my text block.<\\/p>\"}}},\"3\":\"\",\"27\":\"<p>This is the teaser for this story.<\\/p>\",\"29\":[\"20\"]}}','2014-07-23 13:58:19','2014-07-23 13:58:19','e3e92f70-a2c0-4f26-a531-fb9415118f25'),
	(88,34,3,1,'es',1,'','{\"typeId\":\"4\",\"authorId\":\"1\",\"title\":\"Event name here\",\"slug\":\"event-name-here\",\"postDate\":1405982160,\"expiryDate\":null,\"enabled\":1,\"fields\":{\"32\":\"\",\"31\":{\"date\":\"\",\"time\":\"\"},\"30\":{\"date\":\"8\\/6\\/2014\",\"time\":\"1:30 PM\"},\"33\":\"3420 79th Street, New York, NY 11372\",\"34\":\"mailto:snetman@gmail.com\",\"35\":\"RSVP\",\"26\":\"\",\"36\":{\"new1\":{\"type\":\"textBlock\",\"enabled\":\"1\",\"fields\":{\"text\":\"<p>Here\'s my event story description.<\\/p>\"}}},\"3\":\"\",\"27\":\"<p>Here\'s my event teaser<\\/p>\",\"29\":\"\"}}','2014-07-23 13:58:49','2014-07-23 13:58:49','1de87931-3f6e-4c31-9b90-0ddb50e8f8db'),
	(89,11,3,1,'es',12,'','{\"typeId\":\"3\",\"authorId\":\"1\",\"title\":\"Spanish title leatherback sea turtles experience resurgence in Trinidad\",\"slug\":\"endangered-leatherback-sea-turtles-experience-resurgence-in-trinidad\",\"postDate\":1405915200,\"expiryDate\":null,\"enabled\":1,\"fields\":{\"28\":[\"41\"],\"23\":\"<p>And here\'s a caption for the hero image. Lorem ipsum dolor sit amet consecutat velorem dolor. Adipiscing elite ventorum.<\\/p>\",\"22\":\"Here\'s a caption title for the spanish story hero image\",\"20\":[\"10\"],\"26\":\"Spanish short title here\",\"36\":{\"32\":{\"type\":\"textBlock\",\"enabled\":\"1\",\"fields\":{\"text\":\"<p>\\r\\n\\tSpanish story blocks start here.&nbsp;Lorem ipsum dolor sit amet, consectetur adipiscing elit. Phasellus scelerisque est vel libero tincidunt sollicitudin. Nullam vitae lobortis mauris. Maecenas tempor, odio vel fringilla luctus, metus leo pretium velit, at ornare sem arcu nec diam. Sed faucibus quis turpis non congue. Maecenas elementum magna vitae orci imperdiet interdum. Pellentesque eu pretium lacus. Aliquam ut odio nec nibh tempor consequat non a ante. Sed adipiscing massa sed metus hendrerit, at varius justo dignissim. Aenean ac mi in mi sodales volutpat ac in urna. Sed ut diam at nisl suscipit eleifend. Vivamus dignissim odio massa, et tempor tortor pellentesque at. Maecenas nec neque leo. Nam lectus eros, malesuada at orci id, ultrices lacinia ligula.<\\/p><p>\\r\\n\\tLorem ipsum dolor sit amet, consectetur adipiscing elit. Phasellus scelerisque est vel libero tincidunt sollicitudin. Nullam vitae lobortis mauris. Maecenas tempor, odio vel fringilla luctus, metus leo pretium velit, at ornare sem arcu nec diam. Sed faucibus quis turpis non congue. Maecenas elementum magna vitae orci imperdiet interdum. Pellentesque eu pretium lacus. Aliquam ut odio nec nibh tempor consequat non a ante. Sed adipiscing massa sed metus hendrerit, at varius justo dignissim. Aenean ac mi in mi sodales volutpat ac in urna. Sed ut diam at nisl suscipit eleifend. Vivamus dignissim odio massa, et tempor tortor pellentesque at. Maecenas nec neque leo. Nam lectus eros, malesuada at orci id, ultrices lacinia ligula.<\\/p><h2>Subhead 2 here<\\/h2><p>\\r\\n\\tLorem ipsum dolor sit amet, consectetur adipiscing elit. Phasellus scelerisque est vel libero tincidunt sollicitudin. Nullam vitae lobortis mauris. Maecenas tempor, odio vel fringilla luctus, metus leo pretium velit, at ornare sem arcu nec diam. Sed faucibus quis turpis non congue. Maecenas elementum magna vitae orci imperdiet interdum. Pellentesque eu pretium lacus. Aliquam ut odio nec nibh tempor consequat non a ante. Sed adipiscing massa sed metus hendrerit, at varius justo dignissim. Aenean ac mi in mi sodales volutpat ac in urna. Sed ut diam at nisl suscipit eleifend. Vivamus dignissim odio massa, et tempor tortor pellentesque at. Maecenas nec neque leo. Nam lectus eros, malesuada at orci id, ultrices lacinia ligula.<\\/p>\"}}},\"3\":[\"29\",\"30\"],\"27\":\"<p>Here\'s my spanish&nbsp;teaser&nbsp;Lorem ipsum praesent purus sed. Erat mauris elit. Per lacinia quam dui. Mattis metus ridiculus metus lectus malesuada.<\\/p>\",\"29\":[\"10\"]}}','2014-07-23 13:58:57','2014-07-23 13:58:57','adf16493-04eb-4141-bfe6-ee109024ab0a'),
	(90,44,3,1,'en_us',7,'','{\"typeId\":\"3\",\"authorId\":\"41\",\"title\":\"Here\'s my title\",\"slug\":\"heres-my-title\",\"postDate\":1406102400,\"expiryDate\":null,\"enabled\":1,\"fields\":{\"28\":\"\",\"23\":\"\",\"22\":\"\",\"20\":\"\",\"26\":\"Here\'s the short title\",\"36\":{\"45\":{\"type\":\"imageBlock\",\"enabled\":\"1\",\"fields\":{\"image\":[\"9\"],\"imageType\":\"standard-image\",\"captionTitle\":\"\",\"caption\":\"\"}},\"46\":{\"type\":\"textBlock\",\"enabled\":\"1\",\"fields\":{\"text\":\"<p>Lorem ipsum dolor sit amet, consectetur adipiscing elit. Phasellus scelerisque est vel libero tincidunt sollicitudin. Nullam vitae lobortis mauris. Maecenas tempor, odio vel fringilla luctus, metus leo pretium velit, at ornare sem arcu nec diam. Sed faucibus quis turpis non congue. Maecenas elementum magna vitae orci imperdiet interdum. Pellentesque eu pretium lacus. Aliquam ut odio nec nibh tempor consequat non a ante. Sed adipiscing massa sed metus hendrerit, at varius justo dignissim. Aenean ac mi in mi sodales volutpat ac in urna. Sed ut diam at nisl suscipit eleifend. Vivamus dignissim odio massa, et tempor tortor pellentesque at. Maecenas nec neque leo. Nam lectus eros, malesuada at orci id, ultrices lacinia ligula.<\\/p>\"}},\"47\":{\"type\":\"pullquoteBlock\",\"enabled\":\"1\",\"fields\":{\"quote\":\"Here\'s a fancy big quote\",\"sourceName\":\"Adam Snetman\",\"sourceTitle\":\"Designer\"}}},\"3\":[\"29\"],\"27\":\"<p>Here\'s a teaser for this story.<\\/p>\",\"29\":[\"20\"]}}','2014-07-23 13:59:08','2014-07-23 13:59:08','3becfedd-9fc0-4978-9457-665912f3e95e'),
	(91,34,3,1,'en_us',4,'','{\"typeId\":\"4\",\"authorId\":\"1\",\"title\":\"Event name here\",\"slug\":\"event-name-here\",\"postDate\":1405982160,\"expiryDate\":null,\"enabled\":1,\"fields\":{\"32\":\"\",\"31\":{\"date\":\"\",\"time\":\"\"},\"30\":{\"date\":\"8\\/6\\/2014\",\"time\":\"1:30 PM\"},\"33\":\"3420 79th Street, New York, NY 11372\",\"34\":\"mailto:snetman@gmail.com\",\"35\":\"RSVP\",\"26\":\"\",\"36\":{\"35\":{\"type\":\"textBlock\",\"enabled\":\"1\",\"fields\":{\"text\":\"<p>Here\'s a text block<\\/p>\"}}},\"3\":\"\",\"27\":\"<p>Here\'s my event teaser<\\/p>\",\"29\":\"\"}}','2014-07-23 13:59:15','2014-07-23 13:59:15','05ceae0d-83fe-4a69-98f9-78d713b9ee3d'),
	(92,11,3,1,'en_us',32,'','{\"typeId\":\"3\",\"authorId\":\"1\",\"title\":\"Endangered leatherback sea turtles experience resurgence in Trinidad\",\"slug\":\"endangered-leatherback-sea-turtles-experience-resurgence-in-trinidad\",\"postDate\":1405915200,\"expiryDate\":null,\"enabled\":1,\"fields\":{\"28\":[\"41\"],\"23\":\"\",\"22\":\"\",\"20\":\"\",\"26\":\"Endangered leatherback turtles resurge\",\"36\":{\"13\":{\"type\":\"imageBlock\",\"enabled\":\"1\",\"fields\":{\"image\":[\"10\"],\"imageType\":\"standard-image\",\"captionTitle\":\"Here\'s a caption title. These are optional.\",\"caption\":\"<p>\\r\\n\\tHere\'s a standard image with a caption. A tourist takes photographs of a leatherback turtle as it heads to the ocean after burying her eggs in the sand at daybreak on a narrow strip of beach in Grande Riviere, Trinidad.<\\/p>\"}},\"12\":{\"type\":\"textBlock\",\"enabled\":\"1\",\"fields\":{\"text\":\"<p>\\r\\n\\tLorem ipsum praesent purus sed. Erat mauris elit. \\r\\n\\t<a href=\\\"http:\\/\\/www.google.com\\\">This is a link to google<\\/a>. Per lacinia quam dui. Mattis metus ridiculus metus lectus malesuada. Eget phasellus fermentum. Suscipit est nibh. Eget libero amet ipsum sagittis in quis primis libero feugiat. Praesent litora sollicitudin in lorem nunc ac id inceptos purus class. Volutpat massa platea sit lectus sed praesent.<\\/p><p>\\r\\n\\tSapien lorem aliquam quam sem non nonummy. Risus nullam magna lacinia a pellentesque massa nibh turpis. Mi mollis imperdiet condimentum diam suspendisse. In in praesent nonummy at praesent nulla. Congue pharetra amet imperdiet aptent mattis. Habitasse magnis nunc facilisis etiam. Purus scelerisque dictumst vestibulum hymenaeos neque diam orci arcu curabitur.<\\/p><h2>Here\\u2019s a subhead lorem ipsum<\\/h2><p>\\r\\n\\tLorem ipsum et vulputate lobortis non quam auctor feugiat. Massa aliquam purus mattis sapien dolor erat libero lorem ligula arcu et. Eu dui commodo sapien non enim aenean donec congue rhoncus sagittis. Nostra sapien suscipit hymenaeos elit luctus sit erat amet nulla. Ac lorem per nunc ut pellentesque tellus. Eget at sapien.<\\/p>\"}},\"15\":{\"type\":\"imageBlock\",\"enabled\":\"1\",\"fields\":{\"image\":[\"14\"],\"imageType\":\"inset-right\",\"captionTitle\":\"\",\"caption\":\"<p>Fisherman Ervan James untangles a net that he says can inadvertently ensnare about six leatherback turtles in a single night at the peak of six-month nesting season. (This image has no caption title and no credit).<\\/p>\"}},\"16\":{\"type\":\"textBlock\",\"enabled\":\"1\",\"fields\":{\"text\":\"<p>Lorem ipsum nunc nec lectus. Elit praesent adipiscing dolor. Velit accumsan at nec aliquam torquent a. Ac leo nibh nam in orci condimentum quam sem class. A curabitur mauris placerat viverra diam pulvinar nam purus at. In in viverra molestie. Augue scelerisque augue metus aliquam diam a quisque. Dolor potenti torquent ut.<\\/p><h3>Here\'s a subhead lorem ipsum<\\/h3><p>Lorem ipsum pretium leo tristique congue ultricies fusce duis accumsan ipsum nibh fusce class. Aliquam adipiscing purus pretium conubia interdum morbi. Tincidunt tincidunt suscipit in orci quis laoreet egestas. Neque orci libero diam. Orci nibh vulputate quisque in adipiscing. Interdum a praesent. Sed sit hendrerit ac curae; gravida orci tellus interdum amet.<\\/p><p>Consectetuer dolor id donec. Massa imperdiet et turpis ut mollis. Vel est ullamcorper viverra habitasse neque mollis hendrerit non. Lorem curabitur arcu nostra eu turpis cum suscipit. Platea nisi vel velit suspendisse aptent turpis nec aliquam massa. Pellentesque scelerisque eget tortor a cras curabitur libero varius dolor et nisi. Lorem.<\\/p>\"}},\"17\":{\"type\":\"dividerBlock\",\"enabled\":\"1\",\"fields\":{\"dividerType\":\"standard-divider\"}},\"18\":{\"type\":\"textBlock\",\"enabled\":\"1\",\"fields\":{\"text\":\"<p>Lorem ipsum suscipit quam ac quisque a vel ipsum velit. Non leo risus nam ipsum ac litora gravida eu lacus. Est per scelerisque tortor orci dui id a massa per in inceptos. Fusce neque at tellus rutrum sed nam amet. Quis at accumsan a at scelerisque condimentum. Natoque conubia eget. Mollis ac.<\\/p>\"}},\"19\":{\"type\":\"imageBlock\",\"enabled\":\"1\",\"fields\":{\"image\":[\"14\"],\"imageType\":\"inset-left\",\"captionTitle\":\"\\u200bInset left image with caption title\",\"caption\":\"<p>Lorem ipsum dolor sit amet consecutat velorem dolor. Adipiscing elit vestum conscript est vacumentum.<\\/p>\"}},\"22\":{\"type\":\"textBlock\",\"enabled\":\"1\",\"fields\":{\"text\":\"<p>Lorem ipsum sapien congue curabitur. Nibh ac volutpat semper molestie litora nulla elit erat et dapibus. Mauris nullam sit fusce lorem. Nullam vitae leo. Pede magna mollis morbi purus lacinia metus nisi aliquam praesent justo. Torquent neque sed pulvinar quisque morbi venenatis. Viverra congue tincidunt tellus morbi imperdiet aliquet. Quam lacinia sit.<\\/p><h2>Here\'s a subhead lorem ipsum<\\/h2><p>Lorem ipsum eu ante vestibulum eget platea consectetuer est praesent nam. Imperdiet magna posuere elit at duis magna non sit id fusce a. Quis ut erat turpis etiam amet lectus lacus. Justo imperdiet tristique duis aptent a aenean ultricies ipsum lacus sed etiam. Ut aliquet pretium donec. Elementum vitae molestie duis gravida.<\\/p><p>Quis ut at pharetra ipsum elit et orci libero nostra. Aliquet accumsan in per elit blandit volutpat litora in. Eros morbi libero ipsum per elit scelerisque lacus tempus sed posuere. Iaculis semper convallis molestie gravida torquent class purus accumsan magna. Iaculis interdum gravida pede. Conubia libero sem suspendisse et nisl.<\\/p>\"}},\"23\":{\"type\":\"dividerBlock\",\"enabled\":\"1\",\"fields\":{\"dividerType\":\"standard-divider\"}},\"24\":{\"type\":\"pullquoteBlock\",\"enabled\":\"1\",\"fields\":{\"quote\":\"Here\\u2019s a very important quote that everyone should read. Lorem ipsum dolor sit amet. Dolor adipiscing.\",\"sourceName\":\"First M. Lastname\",\"sourceTitle\":\"President & CEO\"}},\"25\":{\"type\":\"compareBlock\",\"enabled\":\"1\",\"fields\":{\"imageLeft\":[\"20\"],\"imageRight\":[\"21\"],\"captionTitle\":\"Las Baulas National Marine Park\",\"caption\":\"<p>Here\'s a caption for this comparison image.&nbsp;Cras purus pretium leo nisi pretium dolor sit ultrices sem velit. Id quisque adipiscing nibh nulla erat. Massa litora mauris malesuada a curae.<\\/p>\"}},\"26\":{\"type\":\"textBlock\",\"enabled\":\"1\",\"fields\":{\"text\":\"<p>Lorem ipsum ut posuere amet habitasse pede a commodo. Cras purus pretium leo nisi pretium dolor sit ultrices sem velit. Id quisque adipiscing nibh nulla erat. Massa litora mauris malesuada a curae; nec consectetuer. Feugiat lectus turpis. Eu augue libero morbi luctus interdum turpis senectus nibh amet vulputate. Pede nullam turpis duis.<\\/p>\"}},\"27\":{\"type\":\"statBlock\",\"enabled\":\"1\",\"fields\":{\"number\":\"63%\",\"description\":\"<p>Number of times something atypical happens in some circumstance.<\\/p>\",\"source\":\"<p>Department of the Interior<\\/p>\"}},\"28\":{\"type\":\"textBlock\",\"enabled\":\"1\",\"fields\":{\"text\":\"<p>Lorem ipsum proin arcu curabitur sed integer blandit fusce volutpat ultricies. Nibh tempor vestibulum eget amet condimentum metus gravida. Interdum inceptos accumsan dapibus ipsum neque fusce fusce posuere. Sem class nec libero integer ac tincidunt morbi aliquam proin litora. Imperdiet mi eleifend congue congue lacinia nunc tortor sollicitudin scelerisque congue. Class inceptos.<\\/p><p>Feugiat metus proin. Libero iaculis ut dapibus sit taciti ullamcorper massa lacinia augue fermentum diam. Pellentesque turpis massa eget fermentum pretium mauris. Diam interdum sociosqu. Viverra gravida in tempus ac ut. Aliquam vulputate augue ultrices ut feugiat mauris nulla imperdiet sit per quis. Magnis lorem phasellus magna sapien aliquet turpis.<\\/p>\"}}},\"3\":[\"29\",\"30\",\"31\"],\"27\":\"<p>Here\'s my teaser&nbsp;Lorem ipsum praesent purus sed. Erat mauris elit. Per lacinia quam dui. Mattis metus ridiculus metus lectus malesuada.<\\/p>\",\"29\":[\"10\"]}}','2014-07-23 13:59:21','2014-07-23 13:59:21','62b7146f-7b03-4bff-872e-b50eebda7890'),
	(93,44,3,1,'en_us',8,'','{\"typeId\":\"3\",\"authorId\":\"41\",\"title\":\"Here\'s my title\",\"slug\":\"heres-my-title\",\"postDate\":1406102400,\"expiryDate\":null,\"enabled\":1,\"fields\":{\"28\":\"\",\"23\":\"\",\"22\":\"\",\"20\":\"\",\"26\":\"Here\'s the short title\",\"36\":{\"45\":{\"type\":\"imageBlock\",\"enabled\":\"1\",\"fields\":{\"image\":[\"9\"],\"imageType\":\"standard-image\",\"captionTitle\":\"\",\"caption\":\"\"}},\"46\":{\"type\":\"textBlock\",\"enabled\":\"1\",\"fields\":{\"text\":\"<p>Lorem ipsum dolor sit amet, consectetur adipiscing elit. Phasellus scelerisque est vel libero tincidunt sollicitudin. Nullam vitae lobortis mauris. Maecenas tempor, odio vel fringilla luctus, metus leo pretium velit, at ornare sem arcu nec diam. Sed faucibus quis turpis non congue. Maecenas elementum magna vitae orci imperdiet interdum. Pellentesque eu pretium lacus. Aliquam ut odio nec nibh tempor consequat non a ante. Sed adipiscing massa sed metus hendrerit, at varius justo dignissim. Aenean ac mi in mi sodales volutpat ac in urna. Sed ut diam at nisl suscipit eleifend. Vivamus dignissim odio massa, et tempor tortor pellentesque at. Maecenas nec neque leo. Nam lectus eros, malesuada at orci id, ultrices lacinia ligula.<\\/p>\"}},\"47\":{\"type\":\"pullquoteBlock\",\"enabled\":\"1\",\"fields\":{\"quote\":\"Here\'s a fancy big quote\",\"sourceName\":\"Adam Snetman\",\"sourceTitle\":\"Designer\"}}},\"3\":[\"29\"],\"27\":\"<p>Here\'s a teaser for this story.<\\/p>\",\"29\":[\"20\"]}}','2014-07-23 13:59:26','2014-07-23 13:59:26','aa8571c9-5a71-4eed-9ce7-c19da54f7f09'),
	(94,49,4,1,'en_us',1,'','{\"typeId\":\"5\",\"authorId\":null,\"title\":\"News & Events section front\",\"slug\":\"newsandeventsfront\",\"postDate\":1406123623,\"expiryDate\":null,\"enabled\":1,\"fields\":{\"62\":[\"11\"]}}','2014-07-23 14:01:34','2014-07-23 14:01:34','2c9121d4-acb9-46d6-990d-f3dadaefe27a'),
	(95,49,4,1,'es',1,'','{\"typeId\":\"5\",\"authorId\":null,\"title\":\"News & Events section front\",\"slug\":\"newsandeventsfront\",\"postDate\":1406123623,\"expiryDate\":null,\"enabled\":1,\"fields\":{\"62\":[\"44\"]}}','2014-07-23 14:01:51','2014-07-23 14:01:51','98a67287-2d77-466a-91a8-a77546b683bf'),
	(96,49,4,1,'en_us',2,'','{\"typeId\":\"5\",\"authorId\":null,\"title\":\"News & Events section front\",\"slug\":\"newsandeventsfront\",\"postDate\":1406123623,\"expiryDate\":null,\"enabled\":1,\"fields\":{\"62\":[\"44\"]}}','2014-07-23 14:05:52','2014-07-23 14:05:52','0ea7cbbe-cd32-4f7c-9767-3154173a40ec'),
	(97,49,4,1,'en_us',3,'','{\"typeId\":\"5\",\"authorId\":null,\"title\":\"News & Events section front\",\"slug\":\"newsandeventsfront\",\"postDate\":1406123623,\"expiryDate\":null,\"enabled\":1,\"fields\":{\"62\":[\"34\"]}}','2014-07-23 14:06:12','2014-07-23 14:06:12','552bd0ca-6961-4057-bcbe-f5cb4a5bab30'),
	(98,49,4,1,'es',2,'','{\"typeId\":\"5\",\"authorId\":null,\"title\":\"News & Events section front\",\"slug\":\"newsandeventsfront\",\"postDate\":1406123623,\"expiryDate\":null,\"enabled\":1,\"fields\":{\"62\":[\"44\"]}}','2014-07-23 14:07:03','2014-07-23 14:07:03','4417540c-a9d0-402e-b680-1b1b791a2122'),
	(99,44,3,1,'es',5,'','{\"typeId\":\"3\",\"authorId\":\"41\",\"title\":\"Here\'s my spanish title\",\"slug\":\"heres-my-title\",\"postDate\":1406102400,\"expiryDate\":null,\"enabled\":1,\"fields\":{\"28\":\"\",\"23\":\"\",\"22\":\"\",\"20\":\"\",\"26\":\"Here\'s my short title\",\"36\":{\"48\":{\"type\":\"textBlock\",\"enabled\":\"1\",\"fields\":{\"text\":\"<p>Here\'s my text block.<\\/p>\"}}},\"3\":\"\",\"27\":\"<p>This is the teaser for this story.<\\/p>\",\"29\":[\"20\"]}}','2014-07-23 14:07:46','2014-07-23 14:07:46','bbfa1f15-8ede-44b4-8afc-4b8573c44755'),
	(100,44,3,1,'es',6,'','{\"typeId\":\"3\",\"authorId\":\"41\",\"title\":\"Here\'s my spanish title\",\"slug\":\"heres-my-title\",\"postDate\":1406102400,\"expiryDate\":null,\"enabled\":1,\"fields\":{\"28\":\"\",\"23\":\"\",\"22\":\"\",\"20\":\"\",\"26\":\"Here\'s my spanish short title\",\"36\":{\"48\":{\"type\":\"textBlock\",\"enabled\":\"1\",\"fields\":{\"text\":\"<p>Here\'s my text block.<\\/p>\"}}},\"3\":\"\",\"27\":\"<p>This is the teaser for this story.<\\/p>\",\"29\":[\"20\"]}}','2014-07-23 14:08:30','2014-07-23 14:08:30','70fd6638-3222-47dd-b776-767c0342df73'),
	(101,34,3,1,'es',2,'','{\"typeId\":\"4\",\"authorId\":\"1\",\"title\":\"Event name here\",\"slug\":\"event-name-here\",\"postDate\":1405982160,\"expiryDate\":null,\"enabled\":1,\"fields\":{\"32\":\"\",\"31\":{\"date\":\"\",\"time\":\"\"},\"30\":{\"date\":\"8\\/6\\/2014\",\"time\":\"1:30 PM\"},\"33\":\"3420 79th Street, New York, NY 11372\",\"34\":\"mailto:snetman@gmail.com\",\"35\":\"RSVP\",\"26\":\"\",\"36\":{\"50\":{\"type\":\"textBlock\",\"enabled\":\"1\",\"fields\":{\"text\":\"<p>Here\'s my event story description.<\\/p>\"}}},\"3\":\"\",\"27\":\"<p>Here\'s my event teaser<\\/p>\",\"29\":[\"21\"]}}','2014-07-23 14:32:45','2014-07-23 14:32:45','92331056-a7be-4594-bc1f-c42afd29e6ba'),
	(102,52,3,1,'en_us',1,'','{\"typeId\":\"3\",\"authorId\":\"1\",\"title\":\"There\'s a turtle somewhere that is interesting\",\"slug\":\"theres-a-turtle-somewhere-that-is-interesting\",\"postDate\":1406126289,\"expiryDate\":null,\"enabled\":1,\"fields\":{\"28\":[\"41\"],\"23\":\"\",\"22\":\"\",\"20\":\"\",\"26\":\"Interesting turtle found!\",\"36\":{\"new1\":{\"type\":\"textBlock\",\"enabled\":\"1\",\"fields\":{\"text\":\"<p>My story text is here.<\\/p>\"}}},\"3\":\"\",\"27\":\"<p>Teaser for the interesting turtle is here.<\\/p>\",\"29\":[\"51\"]}}','2014-07-23 14:38:09','2014-07-23 14:38:09','e7a02aa9-840b-4671-bcd4-549f2b5b604a'),
	(103,55,3,1,'en_us',1,'','{\"typeId\":\"3\",\"authorId\":\"1\",\"title\":\"Yet another turtle is around\",\"slug\":\"yet-another-turtle-is-around\",\"postDate\":1406126377,\"expiryDate\":null,\"enabled\":1,\"fields\":{\"28\":\"\",\"23\":\"\",\"22\":\"\",\"20\":\"\",\"26\":\"Turtle is around\",\"36\":{\"new1\":{\"type\":\"textBlock\",\"enabled\":\"1\",\"fields\":{\"text\":\"<p>Here\'s the story<\\/p>\"}}},\"3\":\"\",\"27\":\"<p>Here\'s a longer teaser. It\'s about 100 characters. Maybe I should change this instruction to allow for longer teasers.<\\/p>\",\"29\":[\"54\"]}}','2014-07-23 14:39:37','2014-07-23 14:39:37','89b8355b-660c-46fa-bc31-656b6656190e'),
	(104,11,3,1,'es',13,'','{\"typeId\":\"3\",\"authorId\":\"1\",\"title\":\"Spanish title leatherback sea turtles experience resurgence in Trinidad\",\"slug\":\"endangered-leatherback-sea-turtles-experience-resurgence-in-trinidad\",\"postDate\":1405915200,\"expiryDate\":null,\"enabled\":1,\"fields\":{\"28\":[\"41\"],\"23\":\"<p>And here\'s a caption for the hero image. Lorem ipsum dolor sit amet consecutat velorem dolor. Adipiscing elite ventorum.<\\/p>\",\"22\":\"Here\'s a caption title for the spanish story hero image\",\"20\":[\"10\"],\"26\":\"Spanish short title here\",\"36\":{\"32\":{\"type\":\"textBlock\",\"enabled\":\"1\",\"fields\":{\"text\":\"<p>\\r\\n\\tSpanish story blocks start here.&nbsp;Lorem ipsum dolor sit amet, consectetur adipiscing elit. Phasellus scelerisque est vel libero tincidunt sollicitudin. Nullam vitae lobortis mauris. Maecenas tempor, odio vel fringilla luctus, metus leo pretium velit, at ornare sem arcu nec diam. Sed faucibus quis turpis non congue. Maecenas elementum magna vitae orci imperdiet interdum. Pellentesque eu pretium lacus. Aliquam ut odio nec nibh tempor consequat non a ante. Sed adipiscing massa sed metus hendrerit, at varius justo dignissim. Aenean ac mi in mi sodales volutpat ac in urna. Sed ut diam at nisl suscipit eleifend. Vivamus dignissim odio massa, et tempor tortor pellentesque at. Maecenas nec neque leo. Nam lectus eros, malesuada at orci id, ultrices lacinia ligula.<\\/p><p>\\r\\n\\tLorem ipsum dolor sit amet, consectetur adipiscing elit. Phasellus scelerisque est vel libero tincidunt sollicitudin. Nullam vitae lobortis mauris. Maecenas tempor, odio vel fringilla luctus, metus leo pretium velit, at ornare sem arcu nec diam. Sed faucibus quis turpis non congue. Maecenas elementum magna vitae orci imperdiet interdum. Pellentesque eu pretium lacus. Aliquam ut odio nec nibh tempor consequat non a ante. Sed adipiscing massa sed metus hendrerit, at varius justo dignissim. Aenean ac mi in mi sodales volutpat ac in urna. Sed ut diam at nisl suscipit eleifend. Vivamus dignissim odio massa, et tempor tortor pellentesque at. Maecenas nec neque leo. Nam lectus eros, malesuada at orci id, ultrices lacinia ligula.<\\/p><h2>Subhead 2 here<\\/h2><p>\\r\\n\\tLorem ipsum dolor sit amet, consectetur adipiscing elit. Phasellus scelerisque est vel libero tincidunt sollicitudin. Nullam vitae lobortis mauris. Maecenas tempor, odio vel fringilla luctus, metus leo pretium velit, at ornare sem arcu nec diam. Sed faucibus quis turpis non congue. Maecenas elementum magna vitae orci imperdiet interdum. Pellentesque eu pretium lacus. Aliquam ut odio nec nibh tempor consequat non a ante. Sed adipiscing massa sed metus hendrerit, at varius justo dignissim. Aenean ac mi in mi sodales volutpat ac in urna. Sed ut diam at nisl suscipit eleifend. Vivamus dignissim odio massa, et tempor tortor pellentesque at. Maecenas nec neque leo. Nam lectus eros, malesuada at orci id, ultrices lacinia ligula.<\\/p>\"}}},\"3\":[\"29\",\"30\",\"57\"],\"27\":\"<p>Here\'s my spanish&nbsp;teaser&nbsp;Lorem ipsum praesent purus sed. Erat mauris elit. Per lacinia quam dui. Mattis metus ridiculus metus lectus malesuada.<\\/p>\",\"29\":[\"10\"]}}','2014-07-23 14:52:22','2014-07-23 14:52:22','4fa320d1-11bd-4e65-8bf1-5cb36e33909e'),
	(105,11,3,1,'es',14,'','{\"typeId\":\"3\",\"authorId\":\"1\",\"title\":\"Spanish title leatherback sea turtles experience resurgence in Trinidad\",\"slug\":\"endangered-leatherback-sea-turtles-experience-resurgence-in-trinidad\",\"postDate\":1405915200,\"expiryDate\":null,\"enabled\":1,\"fields\":{\"28\":[\"41\"],\"23\":\"<p>And here\'s a caption for the hero image. Lorem ipsum dolor sit amet consecutat velorem dolor. Adipiscing elite ventorum.<\\/p>\",\"22\":\"Here\'s a caption title for the spanish story hero image\",\"20\":[\"10\"],\"26\":\"Spanish short title here\",\"36\":{\"32\":{\"type\":\"textBlock\",\"enabled\":\"1\",\"fields\":{\"text\":\"<p>\\r\\n\\tSpanish story blocks start here.&nbsp;Lorem ipsum dolor sit amet, consectetur adipiscing elit. Phasellus scelerisque est vel libero tincidunt sollicitudin. Nullam vitae lobortis mauris. Maecenas tempor, odio vel fringilla luctus, metus leo pretium velit, at ornare sem arcu nec diam. Sed faucibus quis turpis non congue. Maecenas elementum magna vitae orci imperdiet interdum. Pellentesque eu pretium lacus. Aliquam ut odio nec nibh tempor consequat non a ante. Sed adipiscing massa sed metus hendrerit, at varius justo dignissim. Aenean ac mi in mi sodales volutpat ac in urna. Sed ut diam at nisl suscipit eleifend. Vivamus dignissim odio massa, et tempor tortor pellentesque at. Maecenas nec neque leo. Nam lectus eros, malesuada at orci id, ultrices lacinia ligula.<\\/p><p>\\r\\n\\tLorem ipsum dolor sit amet, consectetur adipiscing elit. Phasellus scelerisque est vel libero tincidunt sollicitudin. Nullam vitae lobortis mauris. Maecenas tempor, odio vel fringilla luctus, metus leo pretium velit, at ornare sem arcu nec diam. Sed faucibus quis turpis non congue. Maecenas elementum magna vitae orci imperdiet interdum. Pellentesque eu pretium lacus. Aliquam ut odio nec nibh tempor consequat non a ante. Sed adipiscing massa sed metus hendrerit, at varius justo dignissim. Aenean ac mi in mi sodales volutpat ac in urna. Sed ut diam at nisl suscipit eleifend. Vivamus dignissim odio massa, et tempor tortor pellentesque at. Maecenas nec neque leo. Nam lectus eros, malesuada at orci id, ultrices lacinia ligula.<\\/p><h2>Subhead 2 here<\\/h2><p>\\r\\n\\tLorem ipsum dolor sit amet, consectetur adipiscing elit. Phasellus scelerisque est vel libero tincidunt sollicitudin. Nullam vitae lobortis mauris. Maecenas tempor, odio vel fringilla luctus, metus leo pretium velit, at ornare sem arcu nec diam. Sed faucibus quis turpis non congue. Maecenas elementum magna vitae orci imperdiet interdum. Pellentesque eu pretium lacus. Aliquam ut odio nec nibh tempor consequat non a ante. Sed adipiscing massa sed metus hendrerit, at varius justo dignissim. Aenean ac mi in mi sodales volutpat ac in urna. Sed ut diam at nisl suscipit eleifend. Vivamus dignissim odio massa, et tempor tortor pellentesque at. Maecenas nec neque leo. Nam lectus eros, malesuada at orci id, ultrices lacinia ligula.<\\/p>\"}}},\"3\":[\"30\",\"57\"],\"27\":\"<p>Here\'s my spanish&nbsp;teaser&nbsp;Lorem ipsum praesent purus sed. Erat mauris elit. Per lacinia quam dui. Mattis metus ridiculus metus lectus malesuada.<\\/p>\",\"29\":[\"10\"]}}','2014-07-23 14:52:34','2014-07-23 14:52:34','e5d97a31-6ac8-4d2e-a0b8-c510e3c17630'),
	(106,55,3,1,'es',1,'','{\"typeId\":\"3\",\"authorId\":\"1\",\"title\":\"Yet another turtle is around\",\"slug\":\"yet-another-turtle-is-around\",\"postDate\":1406126340,\"expiryDate\":null,\"enabled\":1,\"fields\":{\"28\":\"\",\"23\":\"\",\"22\":\"\",\"20\":\"\",\"26\":\"Turtle is around\",\"36\":{\"new1\":{\"type\":\"textBlock\",\"enabled\":\"1\",\"fields\":{\"text\":\"<p>Spanish block<\\/p>\"}}},\"3\":\"\",\"27\":\"<p>Here\'s a longer teaser. It\'s about 100 characters. Maybe I should change this instruction to allow for longer teasers.<\\/p>\",\"29\":[\"54\"]}}','2014-07-23 14:59:22','2014-07-23 14:59:22','69e97835-e5ec-4e9f-8f0c-9a1efdab75f4'),
	(107,55,3,1,'es',2,'','{\"typeId\":\"3\",\"authorId\":\"1\",\"title\":\"Yet another turtle is around\",\"slug\":\"yet-another-turtle-is-around\",\"postDate\":1406126340,\"expiryDate\":null,\"enabled\":1,\"fields\":{\"28\":\"\",\"23\":\"\",\"22\":\"\",\"20\":\"\",\"26\":\"Turtle is around\",\"36\":{\"58\":{\"type\":\"textBlock\",\"enabled\":\"1\",\"fields\":{\"text\":\"<p>Spanish block<\\/p>\"}}},\"3\":[\"59\"],\"27\":\"<p>Here\'s a longer teaser. It\'s about 100 characters. Maybe I should change this instruction to allow for longer teasers.<\\/p>\",\"29\":[\"54\"]}}','2014-07-23 15:00:06','2014-07-23 15:00:06','052c36ae-f7e8-43cd-a11c-606bccd8c3f6'),
	(108,55,3,1,'en_us',2,'','{\"typeId\":\"3\",\"authorId\":\"1\",\"title\":\"Yet another turtle is around\",\"slug\":\"yet-another-turtle-is-around\",\"postDate\":1406126340,\"expiryDate\":null,\"enabled\":1,\"fields\":{\"28\":\"\",\"23\":\"\",\"22\":\"\",\"20\":\"\",\"26\":\"Turtle is around\",\"36\":{\"56\":{\"type\":\"textBlock\",\"enabled\":\"1\",\"fields\":{\"text\":\"<p>Here\'s the story<\\/p>\"}}},\"3\":[\"60\"],\"27\":\"<p>Here\'s a longer teaser. It\'s about 100 characters. Maybe I should change this instruction to allow for longer teasers.<\\/p>\",\"29\":[\"54\"]}}','2014-07-23 15:02:00','2014-07-23 15:02:00','607c3123-be72-45bf-9e2d-8ae948371e99'),
	(109,55,3,1,'es',3,'','{\"typeId\":\"3\",\"authorId\":\"1\",\"title\":\"Yet another turtle is around\",\"slug\":\"yet-another-turtle-is-around\",\"postDate\":1406126340,\"expiryDate\":null,\"enabled\":1,\"fields\":{\"28\":\"\",\"23\":\"\",\"22\":\"\",\"20\":\"\",\"26\":\"Turtle is around\",\"36\":{\"58\":{\"type\":\"textBlock\",\"enabled\":\"1\",\"fields\":{\"text\":\"<p>Spanish block<\\/p>\"}}},\"3\":[\"59\"],\"27\":\"<p>Here\'s a longer teaser. It\'s about 100 characters. Maybe I should change this instruction to allow for longer teasers.<\\/p>\",\"29\":[\"54\"]}}','2014-07-23 15:02:51','2014-07-23 15:02:51','014429bd-d400-4ae9-a6d5-c04f7b25ea5d'),
	(110,55,3,1,'es',4,'','{\"typeId\":\"3\",\"authorId\":\"1\",\"title\":\"Yet another turtle is around\",\"slug\":\"yet-another-turtle-is-around\",\"postDate\":1406126340,\"expiryDate\":null,\"enabled\":1,\"fields\":{\"28\":\"\",\"23\":\"\",\"22\":\"\",\"20\":\"\",\"26\":\"Yet another turtle is around\",\"36\":{\"58\":{\"type\":\"textBlock\",\"enabled\":\"1\",\"fields\":{\"text\":\"<p>Spanish block<\\/p>\"}}},\"3\":[\"59\"],\"27\":\"<p>Here\'s a longer teaser. It\'s about 100 characters. Maybe I should change this instruction to allow for longer teasers.<\\/p>\",\"29\":[\"54\"]}}','2014-07-23 19:44:46','2014-07-23 19:44:46','e4fdbd00-c204-4071-981b-d2c318e2d29e'),
	(111,55,3,1,'es',5,'','{\"typeId\":\"3\",\"authorId\":\"1\",\"title\":\"Yet another turtle is around\",\"slug\":\"yet-another-turtle-is-around\",\"postDate\":1406126340,\"expiryDate\":null,\"enabled\":1,\"fields\":{\"28\":\"\",\"23\":\"\",\"22\":\"\",\"20\":\"\",\"26\":\"Yet another turtle is around\",\"36\":{\"58\":{\"type\":\"textBlock\",\"enabled\":\"1\",\"fields\":{\"text\":\"<p>Spanish block<\\/p>\"}}},\"3\":\"\",\"27\":\"<p>Here\'s a longer teaser. It\'s about 100 characters. Maybe I should change this instruction to allow for longer teasers.<\\/p>\",\"29\":[\"54\"]}}','2014-07-23 19:44:54','2014-07-23 19:44:54','d80af522-6a8c-42e1-a187-25dde98f99a7'),
	(112,55,3,1,'es',6,'','{\"typeId\":\"3\",\"authorId\":\"1\",\"title\":\"Yet another turtle is around (spanish)\",\"slug\":\"yet-another-turtle-is-around\",\"postDate\":1406126340,\"expiryDate\":null,\"enabled\":1,\"fields\":{\"28\":\"\",\"23\":\"\",\"22\":\"\",\"20\":\"\",\"26\":\"Yet another turtle is around (spanish)\",\"36\":{\"58\":{\"type\":\"textBlock\",\"enabled\":\"1\",\"fields\":{\"text\":\"<p>Spanish block<\\/p>\"}}},\"3\":\"\",\"27\":\"<p>Here\'s a longer teaser. It\'s about 100 characters. Maybe I should change this instruction to allow for longer teasers.<\\/p>\",\"29\":[\"54\"]}}','2014-07-23 19:45:13','2014-07-23 19:45:13','4c394845-10ae-4a39-b7b3-581e2e273c23'),
	(113,55,3,1,'es',7,'','{\"typeId\":\"3\",\"authorId\":\"1\",\"title\":\"Yet another turtle is around (spanish)\",\"slug\":\"yet-another-turtle-is-around\",\"postDate\":1406126340,\"expiryDate\":null,\"enabled\":1,\"fields\":{\"28\":\"\",\"23\":\"\",\"22\":\"\",\"20\":\"\",\"26\":\"Yet another turtle is around (spanish)\",\"36\":{\"58\":{\"type\":\"textBlock\",\"enabled\":\"1\",\"fields\":{\"text\":\"<p>Spanish block<\\/p>\"}}},\"3\":[\"61\"],\"27\":\"<p>Here\'s a longer teaser. It\'s about 100 characters. Maybe I should change this instruction to allow for longer teasers.<\\/p>\",\"29\":[\"54\"]}}','2014-07-23 19:46:12','2014-07-23 19:46:12','ec2c3291-dbc0-4152-b187-29bd41c2fbb4'),
	(114,55,3,1,'en_us',3,'','{\"typeId\":\"3\",\"authorId\":\"1\",\"title\":\"Yet another turtle is around\",\"slug\":\"yet-another-turtle-is-around\",\"postDate\":1406126340,\"expiryDate\":null,\"enabled\":1,\"fields\":{\"28\":\"\",\"23\":\"\",\"22\":\"\",\"20\":\"\",\"26\":\"Turtle is around\",\"36\":{\"56\":{\"type\":\"textBlock\",\"enabled\":\"1\",\"fields\":{\"text\":\"<p>Here\'s the story<\\/p>\"}}},\"3\":[\"61\"],\"27\":\"<p>Here\'s a longer teaser. It\'s about 100 characters. Maybe I should change this instruction to allow for longer teasers.<\\/p>\",\"29\":[\"54\"]}}','2014-07-23 19:47:27','2014-07-23 19:47:27','78f91247-336b-4d62-8fc4-fb0b8567ac99'),
	(115,44,3,1,'en_us',9,'','{\"typeId\":\"3\",\"authorId\":\"41\",\"title\":\"Here\'s my title\",\"slug\":\"heres-my-title\",\"postDate\":1406102400,\"expiryDate\":null,\"enabled\":1,\"fields\":{\"28\":\"\",\"23\":\"\",\"22\":\"\",\"20\":\"\",\"26\":\"Here\'s the short title\",\"36\":{\"45\":{\"type\":\"imageBlock\",\"enabled\":\"1\",\"fields\":{\"image\":[\"9\"],\"imageType\":\"standard-image\",\"captionTitle\":\"\",\"caption\":\"\"}},\"46\":{\"type\":\"textBlock\",\"enabled\":\"1\",\"fields\":{\"text\":\"<p>Lorem ipsum dolor sit amet, consectetur adipiscing elit. Phasellus scelerisque est vel libero tincidunt sollicitudin. Nullam vitae lobortis mauris. Maecenas tempor, odio vel fringilla luctus, metus leo pretium velit, at ornare sem arcu nec diam. Sed faucibus quis turpis non congue. Maecenas elementum magna vitae orci imperdiet interdum. Pellentesque eu pretium lacus. Aliquam ut odio nec nibh tempor consequat non a ante. Sed adipiscing massa sed metus hendrerit, at varius justo dignissim. Aenean ac mi in mi sodales volutpat ac in urna. Sed ut diam at nisl suscipit eleifend. Vivamus dignissim odio massa, et tempor tortor pellentesque at. Maecenas nec neque leo. Nam lectus eros, malesuada at orci id, ultrices lacinia ligula.<\\/p>\"}},\"47\":{\"type\":\"pullquoteBlock\",\"enabled\":\"1\",\"fields\":{\"quote\":\"Here\'s a fancy big quote\",\"sourceName\":\"Adam Snetman\",\"sourceTitle\":\"Designer\"}}},\"3\":\"\",\"27\":\"<p>Here\'s a teaser for this story.<\\/p>\",\"29\":[\"20\"]}}','2014-07-23 19:48:27','2014-07-23 19:48:27','965f4487-167a-4bd8-8d3a-d87436bd4808'),
	(116,11,3,1,'en_us',33,'','{\"typeId\":\"3\",\"authorId\":\"1\",\"title\":\"Endangered leatherback sea turtles experience resurgence in Trinidad\",\"slug\":\"endangered-leatherback-sea-turtles-experience-resurgence-in-trinidad\",\"postDate\":1405915200,\"expiryDate\":null,\"enabled\":1,\"fields\":{\"28\":[\"41\"],\"23\":\"\",\"22\":\"\",\"20\":\"\",\"26\":\"Endangered leatherback turtles resurge\",\"36\":{\"13\":{\"type\":\"imageBlock\",\"enabled\":\"1\",\"fields\":{\"image\":[\"10\"],\"imageType\":\"standard-image\",\"captionTitle\":\"Here\'s a caption title. These are optional.\",\"caption\":\"<p>\\r\\n\\tHere\'s a standard image with a caption. A tourist takes photographs of a leatherback turtle as it heads to the ocean after burying her eggs in the sand at daybreak on a narrow strip of beach in Grande Riviere, Trinidad.<\\/p>\"}},\"12\":{\"type\":\"textBlock\",\"enabled\":\"1\",\"fields\":{\"text\":\"<p>\\r\\n\\tLorem ipsum praesent purus sed. Erat mauris elit. \\r\\n\\t<a href=\\\"http:\\/\\/www.google.com\\\">This is a link to google<\\/a>. Per lacinia quam dui. Mattis metus ridiculus metus lectus malesuada. Eget phasellus fermentum. Suscipit est nibh. Eget libero amet ipsum sagittis in quis primis libero feugiat. Praesent litora sollicitudin in lorem nunc ac id inceptos purus class. Volutpat massa platea sit lectus sed praesent.<\\/p><p>\\r\\n\\tSapien lorem aliquam quam sem non nonummy. Risus nullam magna lacinia a pellentesque massa nibh turpis. Mi mollis imperdiet condimentum diam suspendisse. In in praesent nonummy at praesent nulla. Congue pharetra amet imperdiet aptent mattis. Habitasse magnis nunc facilisis etiam. Purus scelerisque dictumst vestibulum hymenaeos neque diam orci arcu curabitur.<\\/p><h2>Here\\u2019s a subhead lorem ipsum<\\/h2><p>\\r\\n\\tLorem ipsum et vulputate lobortis non quam auctor feugiat. Massa aliquam purus mattis sapien dolor erat libero lorem ligula arcu et. Eu dui commodo sapien non enim aenean donec congue rhoncus sagittis. Nostra sapien suscipit hymenaeos elit luctus sit erat amet nulla. Ac lorem per nunc ut pellentesque tellus. Eget at sapien.<\\/p>\"}},\"15\":{\"type\":\"imageBlock\",\"enabled\":\"1\",\"fields\":{\"image\":[\"14\"],\"imageType\":\"inset-right\",\"captionTitle\":\"\",\"caption\":\"<p>Fisherman Ervan James untangles a net that he says can inadvertently ensnare about six leatherback turtles in a single night at the peak of six-month nesting season. (This image has no caption title and no credit).<\\/p>\"}},\"16\":{\"type\":\"textBlock\",\"enabled\":\"1\",\"fields\":{\"text\":\"<p>Lorem ipsum nunc nec lectus. Elit praesent adipiscing dolor. Velit accumsan at nec aliquam torquent a. Ac leo nibh nam in orci condimentum quam sem class. A curabitur mauris placerat viverra diam pulvinar nam purus at. In in viverra molestie. Augue scelerisque augue metus aliquam diam a quisque. Dolor potenti torquent ut.<\\/p><h3>Here\'s a subhead lorem ipsum<\\/h3><p>Lorem ipsum pretium leo tristique congue ultricies fusce duis accumsan ipsum nibh fusce class. Aliquam adipiscing purus pretium conubia interdum morbi. Tincidunt tincidunt suscipit in orci quis laoreet egestas. Neque orci libero diam. Orci nibh vulputate quisque in adipiscing. Interdum a praesent. Sed sit hendrerit ac curae; gravida orci tellus interdum amet.<\\/p><p>Consectetuer dolor id donec. Massa imperdiet et turpis ut mollis. Vel est ullamcorper viverra habitasse neque mollis hendrerit non. Lorem curabitur arcu nostra eu turpis cum suscipit. Platea nisi vel velit suspendisse aptent turpis nec aliquam massa. Pellentesque scelerisque eget tortor a cras curabitur libero varius dolor et nisi. Lorem.<\\/p>\"}},\"17\":{\"type\":\"dividerBlock\",\"enabled\":\"1\",\"fields\":{\"dividerType\":\"standard-divider\"}},\"18\":{\"type\":\"textBlock\",\"enabled\":\"1\",\"fields\":{\"text\":\"<p>Lorem ipsum suscipit quam ac quisque a vel ipsum velit. Non leo risus nam ipsum ac litora gravida eu lacus. Est per scelerisque tortor orci dui id a massa per in inceptos. Fusce neque at tellus rutrum sed nam amet. Quis at accumsan a at scelerisque condimentum. Natoque conubia eget. Mollis ac.<\\/p>\"}},\"19\":{\"type\":\"imageBlock\",\"enabled\":\"1\",\"fields\":{\"image\":[\"14\"],\"imageType\":\"inset-left\",\"captionTitle\":\"\\u200bInset left image with caption title\",\"caption\":\"<p>Lorem ipsum dolor sit amet consecutat velorem dolor. Adipiscing elit vestum conscript est vacumentum.<\\/p>\"}},\"22\":{\"type\":\"textBlock\",\"enabled\":\"1\",\"fields\":{\"text\":\"<p>Lorem ipsum sapien congue curabitur. Nibh ac volutpat semper molestie litora nulla elit erat et dapibus. Mauris nullam sit fusce lorem. Nullam vitae leo. Pede magna mollis morbi purus lacinia metus nisi aliquam praesent justo. Torquent neque sed pulvinar quisque morbi venenatis. Viverra congue tincidunt tellus morbi imperdiet aliquet. Quam lacinia sit.<\\/p><h2>Here\'s a subhead lorem ipsum<\\/h2><p>Lorem ipsum eu ante vestibulum eget platea consectetuer est praesent nam. Imperdiet magna posuere elit at duis magna non sit id fusce a. Quis ut erat turpis etiam amet lectus lacus. Justo imperdiet tristique duis aptent a aenean ultricies ipsum lacus sed etiam. Ut aliquet pretium donec. Elementum vitae molestie duis gravida.<\\/p><p>Quis ut at pharetra ipsum elit et orci libero nostra. Aliquet accumsan in per elit blandit volutpat litora in. Eros morbi libero ipsum per elit scelerisque lacus tempus sed posuere. Iaculis semper convallis molestie gravida torquent class purus accumsan magna. Iaculis interdum gravida pede. Conubia libero sem suspendisse et nisl.<\\/p>\"}},\"23\":{\"type\":\"dividerBlock\",\"enabled\":\"1\",\"fields\":{\"dividerType\":\"standard-divider\"}},\"24\":{\"type\":\"pullquoteBlock\",\"enabled\":\"1\",\"fields\":{\"quote\":\"Here\\u2019s a very important quote that everyone should read. Lorem ipsum dolor sit amet. Dolor adipiscing.\",\"sourceName\":\"First M. Lastname\",\"sourceTitle\":\"President & CEO\"}},\"25\":{\"type\":\"compareBlock\",\"enabled\":\"1\",\"fields\":{\"imageLeft\":[\"20\"],\"imageRight\":[\"21\"],\"captionTitle\":\"Las Baulas National Marine Park\",\"caption\":\"<p>Here\'s a caption for this comparison image.&nbsp;Cras purus pretium leo nisi pretium dolor sit ultrices sem velit. Id quisque adipiscing nibh nulla erat. Massa litora mauris malesuada a curae.<\\/p>\"}},\"26\":{\"type\":\"textBlock\",\"enabled\":\"1\",\"fields\":{\"text\":\"<p>Lorem ipsum ut posuere amet habitasse pede a commodo. Cras purus pretium leo nisi pretium dolor sit ultrices sem velit. Id quisque adipiscing nibh nulla erat. Massa litora mauris malesuada a curae; nec consectetuer. Feugiat lectus turpis. Eu augue libero morbi luctus interdum turpis senectus nibh amet vulputate. Pede nullam turpis duis.<\\/p>\"}},\"27\":{\"type\":\"statBlock\",\"enabled\":\"1\",\"fields\":{\"number\":\"63%\",\"description\":\"<p>Number of times something atypical happens in some circumstance.<\\/p>\",\"source\":\"<p>Department of the Interior<\\/p>\"}},\"28\":{\"type\":\"textBlock\",\"enabled\":\"1\",\"fields\":{\"text\":\"<p>Lorem ipsum proin arcu curabitur sed integer blandit fusce volutpat ultricies. Nibh tempor vestibulum eget amet condimentum metus gravida. Interdum inceptos accumsan dapibus ipsum neque fusce fusce posuere. Sem class nec libero integer ac tincidunt morbi aliquam proin litora. Imperdiet mi eleifend congue congue lacinia nunc tortor sollicitudin scelerisque congue. Class inceptos.<\\/p><p>Feugiat metus proin. Libero iaculis ut dapibus sit taciti ullamcorper massa lacinia augue fermentum diam. Pellentesque turpis massa eget fermentum pretium mauris. Diam interdum sociosqu. Viverra gravida in tempus ac ut. Aliquam vulputate augue ultrices ut feugiat mauris nulla imperdiet sit per quis. Magnis lorem phasellus magna sapien aliquet turpis.<\\/p>\"}}},\"3\":\"\",\"27\":\"<p>Here\'s my teaser&nbsp;Lorem ipsum praesent purus sed. Erat mauris elit. Per lacinia quam dui. Mattis metus ridiculus metus lectus malesuada.<\\/p>\",\"29\":[\"10\"]}}','2014-07-23 19:49:09','2014-07-23 19:49:09','faa46975-48a0-4013-a623-2e1ee18aa1aa'),
	(117,55,3,1,'en_us',4,'','{\"typeId\":\"3\",\"authorId\":\"1\",\"title\":\"Yet another turtle is around\",\"slug\":\"yet-another-turtle-is-around\",\"postDate\":1406126340,\"expiryDate\":null,\"enabled\":1,\"fields\":{\"28\":\"\",\"23\":\"\",\"22\":\"\",\"20\":\"\",\"26\":\"Turtle is around\",\"36\":{\"56\":{\"type\":\"textBlock\",\"enabled\":\"1\",\"fields\":{\"text\":\"<p>Here\'s the story<\\/p>\"}}},\"3\":[\"61\"],\"27\":\"<p>Here\'s a longer teaser. It\'s about 100 characters. Maybe I should change this instruction to allow for longer teasers.<\\/p>\",\"29\":[\"54\"]}}','2014-07-23 19:53:34','2014-07-23 19:53:34','bce218be-c478-4bc5-8356-d809f73361f6'),
	(118,55,3,1,'es',8,'','{\"typeId\":\"3\",\"authorId\":\"1\",\"title\":\"Yet another turtle is around (spanish)\",\"slug\":\"yet-another-turtle-is-around\",\"postDate\":1406126340,\"expiryDate\":null,\"enabled\":1,\"fields\":{\"28\":\"\",\"23\":\"\",\"22\":\"\",\"20\":\"\",\"26\":\"Yet another turtle is around (spanish)\",\"36\":{\"58\":{\"type\":\"textBlock\",\"enabled\":\"1\",\"fields\":{\"text\":\"<p>Spanish block<\\/p>\"}}},\"3\":\"\",\"27\":\"<p>Here\'s a longer teaser. It\'s about 100 characters. Maybe I should change this instruction to allow for longer teasers.<\\/p>\",\"29\":[\"54\"]}}','2014-07-27 19:40:55','2014-07-27 19:40:55','d8ad087a-4c21-450e-a394-e16f14431cb6'),
	(119,55,3,1,'en_us',5,'','{\"typeId\":\"3\",\"authorId\":\"1\",\"title\":\"Yet another turtle is around\",\"slug\":\"yet-another-turtle-is-around\",\"postDate\":1406126340,\"expiryDate\":null,\"enabled\":1,\"fields\":{\"28\":\"\",\"23\":\"\",\"22\":\"\",\"20\":\"\",\"3\":[\"62\"],\"26\":\"Turtle is around\",\"36\":{\"56\":{\"type\":\"textBlock\",\"enabled\":\"1\",\"fields\":{\"text\":\"<p>Here\'s the story<\\/p>\"}}},\"27\":\"<p>Here\'s a longer teaser. It\'s about 100 characters. Maybe I should change this instruction to allow for longer teasers.<\\/p>\",\"29\":[\"54\"]}}','2014-07-27 19:49:01','2014-07-27 19:49:01','03faf9cd-1589-4980-b890-5f7da874d071'),
	(120,55,3,1,'es',9,'','{\"typeId\":\"3\",\"authorId\":\"1\",\"title\":\"Yet another turtle is around (spanish)\",\"slug\":\"yet-another-turtle-is-around\",\"postDate\":1406126340,\"expiryDate\":null,\"enabled\":1,\"fields\":{\"28\":\"\",\"23\":\"\",\"22\":\"\",\"20\":\"\",\"3\":[\"63\"],\"26\":\"Yet another turtle is around (spanish)\",\"36\":{\"58\":{\"type\":\"textBlock\",\"enabled\":\"1\",\"fields\":{\"text\":\"<p>Spanish block<\\/p>\"}}},\"27\":\"<p>Here\'s a longer teaser. It\'s about 100 characters. Maybe I should change this instruction to allow for longer teasers.<\\/p>\",\"29\":[\"54\"]}}','2014-07-27 19:49:32','2014-07-27 19:49:32','45dc33fb-2da2-4892-89dd-4f1e8fb2876b'),
	(121,55,3,1,'es',10,'','{\"typeId\":\"3\",\"authorId\":\"1\",\"title\":\"Yet another turtle is around (spanish)\",\"slug\":\"yet-another-turtle-is-around\",\"postDate\":1406126340,\"expiryDate\":null,\"enabled\":1,\"fields\":{\"28\":\"\",\"23\":\"\",\"22\":\"\",\"20\":\"\",\"3\":[\"63\",\"64\"],\"26\":\"Yet another turtle is around (spanish)\",\"36\":{\"58\":{\"type\":\"textBlock\",\"enabled\":\"1\",\"fields\":{\"text\":\"<p>Spanish block<\\/p>\"}}},\"27\":\"<p>Here\'s a longer teaser. It\'s about 100 characters. Maybe I should change this instruction to allow for longer teasers.<\\/p>\",\"29\":[\"54\"]}}','2014-07-27 20:07:20','2014-07-27 20:07:20','29e274e7-db2a-4c8a-8607-040f8bb27e80'),
	(122,66,3,1,'en_us',1,'','{\"typeId\":\"3\",\"authorId\":\"1\",\"title\":\"A new test english entry\",\"slug\":\"a-new-test-english-entry\",\"postDate\":1406492218,\"expiryDate\":null,\"enabled\":1,\"fields\":{\"28\":\"\",\"23\":\"\",\"22\":\"\",\"20\":\"\",\"3\":[\"65\"],\"26\":\"A new test english entry\",\"36\":{\"new1\":{\"type\":\"textBlock\",\"enabled\":\"1\",\"fields\":{\"text\":\"<p>Story here<\\/p>\"}}},\"27\":\"<p>Teaser here<\\/p>\",\"29\":\"\"}}','2014-07-27 20:16:58','2014-07-27 20:16:58','d2956f70-3163-4a83-b05e-effa22c63ae8'),
	(123,66,3,1,'es',1,'','{\"typeId\":\"3\",\"authorId\":\"1\",\"title\":\"A new test spanish entry\",\"slug\":\"a-new-test-english-entry\",\"postDate\":1406492160,\"expiryDate\":null,\"enabled\":1,\"fields\":{\"28\":\"\",\"23\":\"\",\"22\":\"\",\"20\":\"\",\"3\":\"\",\"26\":\"A new test spanish entry\",\"36\":{\"new1\":{\"type\":\"textBlock\",\"enabled\":\"1\",\"fields\":{\"text\":\"<p>Spanish story<\\/p>\"}}},\"27\":\"<p>Teaser here<\\/p>\",\"29\":\"\"}}','2014-07-27 20:17:36','2014-07-27 20:17:36','960c4b8c-97ae-4bd7-8c41-d1aca833f521'),
	(124,66,3,1,'es',2,'','{\"typeId\":\"3\",\"authorId\":\"1\",\"title\":\"A new test spanish entry\",\"slug\":\"a-new-test-english-entry\",\"postDate\":1406492160,\"expiryDate\":null,\"enabled\":1,\"fields\":{\"28\":\"\",\"23\":\"\",\"22\":\"\",\"20\":\"\",\"3\":\"\",\"26\":\"A new test spanish entry\",\"36\":{\"68\":{\"type\":\"textBlock\",\"enabled\":\"1\",\"fields\":{\"text\":\"<p>Spanish story<\\/p>\"}}},\"27\":\"<p>Teaser here<\\/p>\",\"29\":\"\"}}','2014-07-27 20:18:18','2014-07-27 20:18:18','64cfac07-8bac-45f7-a2f1-aceb7bee667e'),
	(125,69,5,1,'es',1,'','{\"typeId\":\"6\",\"authorId\":null,\"title\":\"Threats section front\",\"slug\":\"threatsfront\",\"postDate\":1406494051,\"expiryDate\":null,\"enabled\":1,\"fields\":{\"65\":\"<p>Leatherbacks face different threats specific to each stage of their lives and the habitats they occupy during those stages. To save the leatherback, we must reduce threats in all habitats turtles occupy across their entire life cycle.<\\/p><p>For example, a nest that eludes poachers may produce a hatchling lucky enough to avoid ingesting plastics. The turtle will need to avoid entanglement in fishing gear as she migrates over long distances in search of jellyfish. After the 15-25 years, she will reach maturity and return to her natal beach to nest for the first time. Lights on the beach may prevent her from nesting \\u2013 or if she does \\u2013 disorient nestlings.<\\/p><p>Lorem ipsum dolor dit amet adipiscing ultrices sit amet vel arcu. Fusce tellus lectus, rhoncus vel tortor id.<\\/p>\"}}','2014-07-27 20:58:06','2014-07-27 20:58:06','1581e396-6b5f-40bc-b4e7-90c67934cb4e'),
	(126,69,5,1,'es',2,'','{\"typeId\":\"6\",\"authorId\":null,\"title\":\"Threats section front\",\"slug\":\"threatsfront\",\"postDate\":1406494051,\"expiryDate\":null,\"enabled\":1,\"fields\":{\"65\":\"<p>(Spanish version)&nbsp;Leatherbacks face different threats specific to each stage of their lives and the habitats they occupy during those stages. To save the leatherback, we must reduce threats in all habitats turtles occupy across their entire life cycle.<\\/p><p>For example, a nest that eludes poachers may produce a hatchling lucky enough to avoid ingesting plastics. The turtle will need to avoid entanglement in fishing gear as she migrates over long distances in search of jellyfish. After the 15-25 years, she will reach maturity and return to her natal beach to nest for the first time. Lights on the beach may prevent her from nesting \\u2013 or if she does \\u2013 disorient nestlings.<\\/p><p>Lorem ipsum dolor dit amet adipiscing ultrices sit amet vel arcu. Fusce tellus lectus, rhoncus vel tortor id.<\\/p>\"}}','2014-07-27 20:58:28','2014-07-27 20:58:28','3e3d98ff-83a4-4cad-b0dd-320201b84dc5'),
	(127,69,5,1,'en_us',1,'','{\"typeId\":\"6\",\"authorId\":null,\"title\":\"Threats section front\",\"slug\":\"threatsfront\",\"postDate\":1406494051,\"expiryDate\":null,\"enabled\":1,\"fields\":{\"65\":\"<p>Leatherbacks face different threats specific to each stage of their lives and the habitats they occupy during those stages. To save the leatherback, we must reduce threats in all habitats turtles occupy across their entire life cycle.<\\/p><p>For example, a nest that eludes poachers may produce a hatchling lucky enough to avoid ingesting plastics. The turtle will need to avoid entanglement in fishing gear as she migrates over long distances in search of jellyfish. After the 15-25 years, she will reach maturity and return to her natal beach to nest for the first time. Lights on the beach may prevent her from nesting \\u2013 or if she does \\u2013 disorient nestlings.<\\/p><p>Lorem ipsum dolor dit amet adipiscing ultrices sit amet vel arcu. Fusce tellus lectus, rhoncus vel tortor id.<\\/p>\"}}','2014-07-27 20:58:40','2014-07-27 20:58:40','e08abe04-4631-4c0e-a73b-4510f3161dfd'),
	(128,71,6,1,'en_us',1,'','{\"typeId\":null,\"authorId\":\"1\",\"title\":\"Development\",\"slug\":\"development\",\"postDate\":1406494926,\"expiryDate\":null,\"enabled\":1,\"fields\":{\"36\":{\"new1\":{\"type\":\"textBlock\",\"enabled\":\"1\",\"fields\":{\"text\":\"<p>Here\'s the story on development<\\/p>\"}}},\"27\":\"<p>Nunc sed felis ut elit adipiscing ultrices sit amet vel arcu. Fusce tellus lectus, rhoncus vel tortor id, bibendum molestie mi. Donec convallis sagittis feli.<\\/p>\",\"64\":[\"70\"]}}','2014-07-27 21:02:06','2014-07-27 21:02:06','9616da43-43d9-4fa3-b1ea-0723b50927da'),
	(129,71,6,1,'es',1,'','{\"typeId\":\"7\",\"authorId\":\"1\",\"title\":\"Development\",\"slug\":\"development\",\"postDate\":1406494920,\"expiryDate\":null,\"enabled\":1,\"fields\":{\"36\":{\"new1\":{\"type\":\"textBlock\",\"enabled\":\"1\",\"fields\":{\"text\":\"<p>Spanish text<\\/p>\"}}},\"27\":\"<p>Nunc sed felis ut elit adipiscing ultrices sit amet vel arcu. Fusce tellus lectus, rhoncus vel tortor id, bibendum molestie mi. Donec convallis sagittis feli.<\\/p>\",\"64\":[\"70\"]}}','2014-07-27 21:02:25','2014-07-27 21:02:25','3e8ef401-8491-4dd9-8bca-f1cc6941f099'),
	(130,71,6,1,'es',2,'','{\"typeId\":\"7\",\"authorId\":\"1\",\"title\":\"Development\",\"slug\":\"development\",\"postDate\":1406494920,\"expiryDate\":null,\"enabled\":0,\"fields\":{\"36\":{\"73\":{\"type\":\"textBlock\",\"enabled\":\"1\",\"fields\":{\"text\":\"\"}}},\"27\":\"<p>Nunc sed felis ut elit adipiscing ultrices sit amet vel arcu. Fusce tellus lectus, rhoncus vel tortor id, bibendum molestie mi. Donec convallis sagittis feli.<\\/p>\",\"64\":[\"70\"]}}','2014-07-27 21:02:53','2014-07-27 21:02:53','3815fca1-2529-46a7-9864-5ce0ac92bab7'),
	(131,71,6,1,'en_us',2,'','{\"typeId\":\"7\",\"authorId\":\"1\",\"title\":\"Development\",\"slug\":\"development\",\"postDate\":1406494920,\"expiryDate\":null,\"enabled\":1,\"fields\":{\"36\":{\"72\":{\"type\":\"textBlock\",\"enabled\":\"1\",\"fields\":{\"text\":\"<p>Here\'s the story on development<\\/p>\"}}},\"27\":\"<p>Nunc sed felis ut elit adipiscing ultrices sit amet vel arcu. Fusce tellus lectus, rhoncus vel tortor id, bibendum molestie mi. Donec convallis sagittis feli.<\\/p>\",\"64\":[\"70\"]}}','2014-07-27 21:03:05','2014-07-27 21:03:05','ed7d53f7-7e2d-4a74-bcb5-99ea433d98dc'),
	(132,71,6,1,'es',3,'','{\"typeId\":\"7\",\"authorId\":\"1\",\"title\":\"Urbanizaci\\u00f3n\",\"slug\":\"development\",\"postDate\":1406494920,\"expiryDate\":null,\"enabled\":1,\"fields\":{\"36\":{\"73\":{\"type\":\"textBlock\",\"enabled\":\"1\",\"fields\":{\"text\":\"<p>Spanish story blocks here.<\\/p>\"}}},\"27\":\"<p>Spanish teaser nunc sed felis ut elit adipiscing ultrices sit amet vel arcu. Fusce tellus lectus, rhoncus vel tortor id, bibendum molestie mi. Donec convallis sagittis feli.<\\/p>\",\"64\":[\"70\"]}}','2014-07-27 21:37:08','2014-07-27 21:37:08','011194eb-b7c0-49a4-a186-c06ed4f706af'),
	(133,71,6,1,'es',4,'','{\"typeId\":\"7\",\"authorId\":\"1\",\"title\":\"Urbanizaci\\u00f3n\",\"slug\":\"development\",\"postDate\":1406494920,\"expiryDate\":null,\"enabled\":1,\"fields\":{\"36\":{\"73\":{\"type\":\"textBlock\",\"enabled\":\"1\",\"fields\":{\"text\":\"<p>Spanish story blocks here.<\\/p>\"}}},\"27\":\"<p>Spanish teaser nunc sed felis ut elit adipiscing ultrices sit amet vel arcu. Fusce tellus lectus, rhoncus vel tortor id, bibendum molestie mi. Donec convallis sagittis feli.<\\/p>\",\"64\":[\"70\"]}}','2014-07-27 21:37:25','2014-07-27 21:37:25','2ab0ea5d-9d44-4496-8609-afc14adcb954'),
	(134,49,4,1,'en_us',4,'','{\"typeId\":\"5\",\"authorId\":null,\"title\":\"News & Events section front\",\"slug\":\"newsandeventsfront\",\"postDate\":1406123623,\"expiryDate\":null,\"enabled\":1,\"fields\":{\"62\":[\"11\"]}}','2014-07-28 21:30:15','2014-07-28 21:30:15','e10f04a2-4b1a-48f6-87e7-4c1e524c292e'),
	(135,55,3,1,'en_us',6,'','{\"typeId\":\"3\",\"authorId\":\"1\",\"title\":\"Yet another turtle is around\",\"slug\":\"yet-another-turtle-is-around\",\"postDate\":1406126340,\"expiryDate\":null,\"enabled\":1,\"fields\":{\"28\":\"\",\"23\":\"\",\"22\":\"\",\"20\":\"\",\"3\":[\"62\",\"74\"],\"26\":\"Turtle is around\",\"36\":{\"56\":{\"type\":\"textBlock\",\"enabled\":\"1\",\"fields\":{\"text\":\"<p>Here\'s the story<\\/p>\"}}},\"27\":\"<p>Here\'s a longer teaser. It\'s about 100 characters. Maybe I should change this instruction to allow for longer teasers.<\\/p>\",\"29\":[\"54\"]}}','2014-07-28 21:39:34','2014-07-28 21:39:34','2bc3fafe-da08-4499-bc29-3e8e03addc2a'),
	(136,66,3,1,'en_us',2,'','{\"typeId\":\"3\",\"authorId\":\"1\",\"title\":\"A new test english entry\",\"slug\":\"a-new-test-english-entry\",\"postDate\":1406492160,\"expiryDate\":null,\"enabled\":1,\"fields\":{\"28\":\"\",\"23\":\"\",\"22\":\"\",\"20\":\"\",\"3\":[\"65\",\"62\"],\"26\":\"A new test english entry\",\"36\":{\"67\":{\"type\":\"textBlock\",\"enabled\":\"1\",\"fields\":{\"text\":\"<p>Story here<\\/p>\"}}},\"27\":\"<p>Teaser here<\\/p>\",\"29\":\"\"}}','2014-07-28 21:40:40','2014-07-28 21:40:40','0c90e3cd-bd14-4a8c-900e-9748a5b6a77c'),
	(137,66,3,1,'en_us',3,'','{\"typeId\":\"3\",\"authorId\":\"1\",\"title\":\"A new test english entry\",\"slug\":\"a-new-test-english-entry\",\"postDate\":1406492160,\"expiryDate\":null,\"enabled\":1,\"fields\":{\"28\":\"\",\"23\":\"\",\"22\":\"\",\"20\":\"\",\"3\":[\"65\",\"62\",\"75\"],\"26\":\"A new test english entry\",\"36\":{\"67\":{\"type\":\"textBlock\",\"enabled\":\"1\",\"fields\":{\"text\":\"<p>Story here<\\/p>\"}}},\"27\":\"<p>Teaser here<\\/p>\",\"29\":\"\"}}','2014-07-28 21:42:22','2014-07-28 21:42:22','bf535dfe-e814-499c-8644-0660e3fc0477'),
	(138,66,3,1,'en_us',4,'','{\"typeId\":\"3\",\"authorId\":\"1\",\"title\":\"A new test english entry\",\"slug\":\"a-new-test-english-entry\",\"postDate\":1406492160,\"expiryDate\":null,\"enabled\":1,\"fields\":{\"28\":\"\",\"23\":\"\",\"22\":\"\",\"20\":\"\",\"3\":[\"65\",\"62\",\"75\",\"74\"],\"26\":\"A new test english entry\",\"36\":{\"67\":{\"type\":\"textBlock\",\"enabled\":\"1\",\"fields\":{\"text\":\"<p>Story here<\\/p>\"}}},\"27\":\"<p>Teaser here<\\/p>\",\"29\":\"\"}}','2014-07-28 21:42:52','2014-07-28 21:42:52','44d5d583-40d0-4d59-bcf9-7c2b1ec4e424'),
	(139,66,3,1,'en_us',5,'','{\"typeId\":\"3\",\"authorId\":\"1\",\"title\":\"A new test english entry\",\"slug\":\"a-new-test-english-entry\",\"postDate\":1406492160,\"expiryDate\":null,\"enabled\":1,\"fields\":{\"28\":\"\",\"23\":\"\",\"22\":\"\",\"20\":\"\",\"3\":[\"65\",\"75\",\"74\",\"62\"],\"26\":\"A new test english entry\",\"36\":{\"67\":{\"type\":\"textBlock\",\"enabled\":\"1\",\"fields\":{\"text\":\"<p>Story here<\\/p>\"}}},\"27\":\"<p>Teaser here<\\/p>\",\"29\":\"\"}}','2014-07-28 22:54:12','2014-07-28 22:54:12','4b61afd6-760f-4d06-acc0-3287d0c693ed'),
	(140,11,3,1,'en_us',34,'','{\"typeId\":\"3\",\"authorId\":\"1\",\"title\":\"Endangered leatherback sea turtles experience resurgence in Trinidad\",\"slug\":\"endangered-leatherback-sea-turtles-experience-resurgence-in-trinidad\",\"postDate\":1405915200,\"expiryDate\":null,\"enabled\":1,\"fields\":{\"28\":[\"41\"],\"23\":\"\",\"22\":\"\",\"20\":\"\",\"3\":[\"76\",\"77\",\"78\",\"79\"],\"26\":\"Endangered leatherback turtles resurge\",\"36\":{\"13\":{\"type\":\"imageBlock\",\"enabled\":\"1\",\"fields\":{\"image\":[\"10\"],\"imageType\":\"standard-image\",\"captionTitle\":\"Here\'s a caption title. These are optional.\",\"caption\":\"<p>\\r\\n\\tHere\'s a standard image with a caption. A tourist takes photographs of a leatherback turtle as it heads to the ocean after burying her eggs in the sand at daybreak on a narrow strip of beach in Grande Riviere, Trinidad.<\\/p>\"}},\"12\":{\"type\":\"textBlock\",\"enabled\":\"1\",\"fields\":{\"text\":\"<p>\\r\\n\\tLorem ipsum praesent purus sed. Erat mauris elit. \\r\\n\\t<a href=\\\"http:\\/\\/www.google.com\\\">This is a link to google<\\/a>. Per lacinia quam dui. Mattis metus ridiculus metus lectus malesuada. Eget phasellus fermentum. Suscipit est nibh. Eget libero amet ipsum sagittis in quis primis libero feugiat. Praesent litora sollicitudin in lorem nunc ac id inceptos purus class. Volutpat massa platea sit lectus sed praesent.<\\/p><p>\\r\\n\\tSapien lorem aliquam quam sem non nonummy. Risus nullam magna lacinia a pellentesque massa nibh turpis. Mi mollis imperdiet condimentum diam suspendisse. In in praesent nonummy at praesent nulla. Congue pharetra amet imperdiet aptent mattis. Habitasse magnis nunc facilisis etiam. Purus scelerisque dictumst vestibulum hymenaeos neque diam orci arcu curabitur.<\\/p><h2>Here\\u2019s a subhead lorem ipsum<\\/h2><p>\\r\\n\\tLorem ipsum et vulputate lobortis non quam auctor feugiat. Massa aliquam purus mattis sapien dolor erat libero lorem ligula arcu et. Eu dui commodo sapien non enim aenean donec congue rhoncus sagittis. Nostra sapien suscipit hymenaeos elit luctus sit erat amet nulla. Ac lorem per nunc ut pellentesque tellus. Eget at sapien.<\\/p>\"}},\"15\":{\"type\":\"imageBlock\",\"enabled\":\"1\",\"fields\":{\"image\":[\"14\"],\"imageType\":\"inset-right\",\"captionTitle\":\"\",\"caption\":\"<p>Fisherman Ervan James untangles a net that he says can inadvertently ensnare about six leatherback turtles in a single night at the peak of six-month nesting season. (This image has no caption title and no credit).<\\/p>\"}},\"16\":{\"type\":\"textBlock\",\"enabled\":\"1\",\"fields\":{\"text\":\"<p>Lorem ipsum nunc nec lectus. Elit praesent adipiscing dolor. Velit accumsan at nec aliquam torquent a. Ac leo nibh nam in orci condimentum quam sem class. A curabitur mauris placerat viverra diam pulvinar nam purus at. In in viverra molestie. Augue scelerisque augue metus aliquam diam a quisque. Dolor potenti torquent ut.<\\/p><h3>Here\'s a subhead lorem ipsum<\\/h3><p>Lorem ipsum pretium leo tristique congue ultricies fusce duis accumsan ipsum nibh fusce class. Aliquam adipiscing purus pretium conubia interdum morbi. Tincidunt tincidunt suscipit in orci quis laoreet egestas. Neque orci libero diam. Orci nibh vulputate quisque in adipiscing. Interdum a praesent. Sed sit hendrerit ac curae; gravida orci tellus interdum amet.<\\/p><p>Consectetuer dolor id donec. Massa imperdiet et turpis ut mollis. Vel est ullamcorper viverra habitasse neque mollis hendrerit non. Lorem curabitur arcu nostra eu turpis cum suscipit. Platea nisi vel velit suspendisse aptent turpis nec aliquam massa. Pellentesque scelerisque eget tortor a cras curabitur libero varius dolor et nisi. Lorem.<\\/p>\"}},\"17\":{\"type\":\"dividerBlock\",\"enabled\":\"1\",\"fields\":{\"dividerType\":\"standard-divider\"}},\"18\":{\"type\":\"textBlock\",\"enabled\":\"1\",\"fields\":{\"text\":\"<p>Lorem ipsum suscipit quam ac quisque a vel ipsum velit. Non leo risus nam ipsum ac litora gravida eu lacus. Est per scelerisque tortor orci dui id a massa per in inceptos. Fusce neque at tellus rutrum sed nam amet. Quis at accumsan a at scelerisque condimentum. Natoque conubia eget. Mollis ac.<\\/p>\"}},\"19\":{\"type\":\"imageBlock\",\"enabled\":\"1\",\"fields\":{\"image\":[\"14\"],\"imageType\":\"inset-left\",\"captionTitle\":\"\\u200bInset left image with caption title\",\"caption\":\"<p>Lorem ipsum dolor sit amet consecutat velorem dolor. Adipiscing elit vestum conscript est vacumentum.<\\/p>\"}},\"22\":{\"type\":\"textBlock\",\"enabled\":\"1\",\"fields\":{\"text\":\"<p>Lorem ipsum sapien congue curabitur. Nibh ac volutpat semper molestie litora nulla elit erat et dapibus. Mauris nullam sit fusce lorem. Nullam vitae leo. Pede magna mollis morbi purus lacinia metus nisi aliquam praesent justo. Torquent neque sed pulvinar quisque morbi venenatis. Viverra congue tincidunt tellus morbi imperdiet aliquet. Quam lacinia sit.<\\/p><h2>Here\'s a subhead lorem ipsum<\\/h2><p>Lorem ipsum eu ante vestibulum eget platea consectetuer est praesent nam. Imperdiet magna posuere elit at duis magna non sit id fusce a. Quis ut erat turpis etiam amet lectus lacus. Justo imperdiet tristique duis aptent a aenean ultricies ipsum lacus sed etiam. Ut aliquet pretium donec. Elementum vitae molestie duis gravida.<\\/p><p>Quis ut at pharetra ipsum elit et orci libero nostra. Aliquet accumsan in per elit blandit volutpat litora in. Eros morbi libero ipsum per elit scelerisque lacus tempus sed posuere. Iaculis semper convallis molestie gravida torquent class purus accumsan magna. Iaculis interdum gravida pede. Conubia libero sem suspendisse et nisl.<\\/p>\"}},\"23\":{\"type\":\"dividerBlock\",\"enabled\":\"1\",\"fields\":{\"dividerType\":\"standard-divider\"}},\"24\":{\"type\":\"pullquoteBlock\",\"enabled\":\"1\",\"fields\":{\"quote\":\"Here\\u2019s a very important quote that everyone should read. Lorem ipsum dolor sit amet. Dolor adipiscing.\",\"sourceName\":\"First M. Lastname\",\"sourceTitle\":\"President & CEO\"}},\"25\":{\"type\":\"compareBlock\",\"enabled\":\"1\",\"fields\":{\"imageLeft\":[\"20\"],\"imageRight\":[\"21\"],\"captionTitle\":\"Las Baulas National Marine Park\",\"caption\":\"<p>Here\'s a caption for this comparison image.&nbsp;Cras purus pretium leo nisi pretium dolor sit ultrices sem velit. Id quisque adipiscing nibh nulla erat. Massa litora mauris malesuada a curae.<\\/p>\"}},\"26\":{\"type\":\"textBlock\",\"enabled\":\"1\",\"fields\":{\"text\":\"<p>Lorem ipsum ut posuere amet habitasse pede a commodo. Cras purus pretium leo nisi pretium dolor sit ultrices sem velit. Id quisque adipiscing nibh nulla erat. Massa litora mauris malesuada a curae; nec consectetuer. Feugiat lectus turpis. Eu augue libero morbi luctus interdum turpis senectus nibh amet vulputate. Pede nullam turpis duis.<\\/p>\"}},\"27\":{\"type\":\"statBlock\",\"enabled\":\"1\",\"fields\":{\"number\":\"63%\",\"description\":\"<p>Number of times something atypical happens in some circumstance.<\\/p>\",\"source\":\"<p>Department of the Interior<\\/p>\"}},\"28\":{\"type\":\"textBlock\",\"enabled\":\"1\",\"fields\":{\"text\":\"<p>Lorem ipsum proin arcu curabitur sed integer blandit fusce volutpat ultricies. Nibh tempor vestibulum eget amet condimentum metus gravida. Interdum inceptos accumsan dapibus ipsum neque fusce fusce posuere. Sem class nec libero integer ac tincidunt morbi aliquam proin litora. Imperdiet mi eleifend congue congue lacinia nunc tortor sollicitudin scelerisque congue. Class inceptos.<\\/p><p>Feugiat metus proin. Libero iaculis ut dapibus sit taciti ullamcorper massa lacinia augue fermentum diam. Pellentesque turpis massa eget fermentum pretium mauris. Diam interdum sociosqu. Viverra gravida in tempus ac ut. Aliquam vulputate augue ultrices ut feugiat mauris nulla imperdiet sit per quis. Magnis lorem phasellus magna sapien aliquet turpis.<\\/p>\"}}},\"27\":\"<p>Here\'s my teaser&nbsp;Lorem ipsum praesent purus sed. Erat mauris elit. Per lacinia quam dui. Mattis metus ridiculus metus lectus malesuada.<\\/p>\",\"29\":[\"10\"]}}','2014-07-29 14:42:42','2014-07-29 14:42:42','3dd470ff-4432-478c-a030-3ba57c270f00'),
	(141,52,3,1,'en_us',2,'','{\"typeId\":\"3\",\"authorId\":\"1\",\"title\":\"There\'s a turtle somewhere that is interesting\",\"slug\":\"theres-a-turtle-somewhere-that-is-interesting\",\"postDate\":1406126280,\"expiryDate\":null,\"enabled\":1,\"fields\":{\"28\":[\"41\"],\"23\":\"\",\"22\":\"\",\"20\":\"\",\"3\":\"\",\"26\":\"There\'s a turtle somewhere that is interesting\",\"36\":{\"53\":{\"type\":\"textBlock\",\"enabled\":\"1\",\"fields\":{\"text\":\"<p>My story text is here.<\\/p>\"}}},\"27\":\"<p>Teaser for the interesting turtle is here.<\\/p>\",\"29\":[\"80\"]}}','2014-07-29 14:45:22','2014-07-29 14:45:22','ec334bea-ecf5-404f-8b5a-b80b5b443fdb'),
	(142,82,6,1,'en_us',1,'','{\"typeId\":null,\"authorId\":\"1\",\"title\":\"Fishing\",\"slug\":\"fishing\",\"postDate\":1406645784,\"expiryDate\":null,\"enabled\":1,\"fields\":{\"36\":{\"new1\":{\"type\":\"textBlock\",\"enabled\":\"1\",\"fields\":{\"text\":\"<p>Here\'s the english content for the fishing threat<\\/p>\"}}},\"27\":\"<p>Nunc sed felis ut elit adipiscing ultrices sit amet vel arcu. Fusce tellus lectus, rhoncus vel tortor id, bibendum molestie mi. Donec convallis sagittis feli.<\\/p>\",\"64\":[\"81\"]}}','2014-07-29 14:56:24','2014-07-29 14:56:24','d44fe648-38cc-49e1-b010-af3d8a7f85b1'),
	(143,82,6,1,'es',1,'','{\"typeId\":\"7\",\"authorId\":\"1\",\"title\":\"Pesca\",\"slug\":\"fishing\",\"postDate\":1406645760,\"expiryDate\":null,\"enabled\":1,\"fields\":{\"36\":{\"new1\":{\"type\":\"textBlock\",\"enabled\":\"1\",\"fields\":{\"text\":\"<p>Here\'s the content for fishing in spanish.<\\/p>\"}}},\"27\":\"<p>Nunc sed felis ut elit adipiscing ultrices sit amet vel arcu. Fusce tellus lectus, rhoncus vel tortor id, bibendum molestie mi. Donec convallis sagittis feli.<\\/p>\",\"64\":[\"81\"]}}','2014-07-29 14:57:02','2014-07-29 14:57:02','20ebcc4f-b0ff-401a-bbe4-cce54f1d81e8'),
	(144,71,6,1,'en_us',3,'','{\"typeId\":\"7\",\"authorId\":\"1\",\"title\":\"Development\",\"slug\":\"development\",\"postDate\":1406494920,\"expiryDate\":null,\"enabled\":1,\"fields\":{\"36\":{\"72\":{\"type\":\"textBlock\",\"enabled\":\"1\",\"fields\":{\"text\":\"<p>Here\'s the story on development<\\/p>\"}}},\"27\":\"<p>Nunc sed felis ut elit adipiscing ultrices sit amet vel arcu. Fusce tellus lectus, rhoncus vel tortor id, bibendum molestie mi. Donec convallis sagittis feli.<\\/p>\",\"64\":[\"85\"]}}','2014-07-29 15:02:16','2014-07-29 15:02:16','2a6df236-3076-44fb-a563-ec0f258c583e'),
	(145,71,6,1,'en_us',4,'','{\"typeId\":\"7\",\"authorId\":\"1\",\"title\":\"Development\",\"slug\":\"development\",\"postDate\":1406494920,\"expiryDate\":null,\"enabled\":1,\"fields\":{\"36\":{\"new1\":{\"type\":\"imageBlock\",\"enabled\":\"1\",\"fields\":{\"image\":[\"85\"],\"imageType\":\"inset-left\",\"captionTitle\":\"\",\"caption\":\"\"}},\"72\":{\"type\":\"textBlock\",\"enabled\":\"1\",\"fields\":{\"text\":\"<p>Lorem ipsum dolor sit amet, consectetur adipiscing elit. In nec imperdiet nunc. Suspendisse et lorem scelerisque, sodales lectus ut, vulputate elit. Curabitur nibh lacus, scelerisque vel quam sit amet, accumsan dignissim mi. Donec id eleifend erat. Nam velit velit, sodales eget tempus sed, euismod at magna. Donec volutpat felis vitae tortor aliquam, sit amet ornare metus placerat. Etiam ultrices ante eget nibh vehicula blandit.<\\/p><p>Sed rhoncus lorem quis justo rhoncus volutpat. Praesent sit amet placerat tortor, at imperdiet purus. Donec luctus nisi nibh, nec cursus massa imperdiet ac. In hac habitasse platea dictumst. Nulla vel rhoncus augue. Praesent laoreet urna id mollis accumsan. Vivamus vehicula lectus mauris, vitae sollicitudin diam vestibulum nec. Pellentesque suscipit nisi et congue congue.<\\/p>\"}}},\"27\":\"<p>Nunc sed felis ut elit adipiscing ultrices sit amet vel arcu. Fusce tellus lectus, rhoncus vel tortor id, bibendum molestie mi. Donec convallis sagittis feli.<\\/p>\",\"64\":[\"85\"]}}','2014-07-29 15:33:02','2014-07-29 15:33:02','cb6dec42-d534-4b46-9ba7-9533f8cbea2f'),
	(146,71,6,1,'en_us',5,'','{\"typeId\":\"7\",\"authorId\":\"1\",\"title\":\"Development\",\"slug\":\"development\",\"postDate\":1406494920,\"expiryDate\":null,\"enabled\":1,\"fields\":{\"36\":{\"72\":{\"type\":\"textBlock\",\"enabled\":\"1\",\"fields\":{\"text\":\"<p>Lorem ipsum dolor sit amet, consectetur adipiscing elit. In nec imperdiet nunc. Suspendisse et lorem scelerisque, sodales lectus ut, vulputate elit. Curabitur nibh lacus, scelerisque vel quam sit amet, accumsan dignissim mi. Donec id eleifend erat. Nam velit velit, sodales eget tempus sed, euismod at magna. Donec volutpat felis vitae tortor aliquam, sit amet ornare metus placerat. Etiam ultrices ante eget nibh vehicula blandit.<\\/p><p>Sed rhoncus lorem quis justo rhoncus volutpat. Praesent sit amet placerat tortor, at imperdiet purus. Donec luctus nisi nibh, nec cursus massa imperdiet ac. In hac habitasse platea dictumst. Nulla vel rhoncus augue. Praesent laoreet urna id mollis accumsan. Vivamus vehicula lectus mauris, vitae sollicitudin diam vestibulum nec. Pellentesque suscipit nisi et congue congue.<\\/p>\"}}},\"27\":\"<p>Nunc sed felis ut elit adipiscing ultrices sit amet vel arcu. Fusce tellus lectus, rhoncus vel tortor id, bibendum molestie mi. Donec convallis sagittis feli.<\\/p>\",\"64\":[\"85\"]}}','2014-07-29 15:38:19','2014-07-29 15:38:19','124ff930-bd39-4313-83bf-2118d40c5596'),
	(147,44,3,1,'en_us',10,'','{\"typeId\":\"3\",\"authorId\":\"41\",\"title\":\"Here\'s my title\",\"slug\":\"heres-my-title\",\"postDate\":1406102400,\"expiryDate\":null,\"enabled\":1,\"fields\":{\"28\":\"\",\"23\":\"\",\"22\":\"\",\"20\":\"\",\"3\":[\"74\"],\"26\":\"Here\'s the short title\",\"36\":{\"45\":{\"type\":\"imageBlock\",\"enabled\":\"1\",\"fields\":{\"image\":[\"9\"],\"imageType\":\"standard-image\",\"captionTitle\":\"\",\"caption\":\"\"}},\"46\":{\"type\":\"textBlock\",\"enabled\":\"1\",\"fields\":{\"text\":\"<p>Lorem ipsum dolor sit amet, consectetur adipiscing elit. Phasellus scelerisque est vel libero tincidunt sollicitudin. Nullam vitae lobortis mauris. Maecenas tempor, odio vel fringilla luctus, metus leo pretium velit, at ornare sem arcu nec diam. Sed faucibus quis turpis non congue. Maecenas elementum magna vitae orci imperdiet interdum. Pellentesque eu pretium lacus. Aliquam ut odio nec nibh tempor consequat non a ante. Sed adipiscing massa sed metus hendrerit, at varius justo dignissim. Aenean ac mi in mi sodales volutpat ac in urna. Sed ut diam at nisl suscipit eleifend. Vivamus dignissim odio massa, et tempor tortor pellentesque at. Maecenas nec neque leo. Nam lectus eros, malesuada at orci id, ultrices lacinia ligula.<\\/p>\"}},\"47\":{\"type\":\"pullquoteBlock\",\"enabled\":\"1\",\"fields\":{\"quote\":\"Here\'s a fancy big quote\",\"sourceName\":\"Adam Snetman\",\"sourceTitle\":\"Designer\"}}},\"27\":\"<p>Here\'s a teaser for this story.<\\/p>\",\"29\":[\"20\"]}}','2014-07-29 20:37:53','2014-07-29 20:37:53','eace9bee-367e-4937-8755-eb87539d0cf7'),
	(148,44,3,1,'en_us',11,'','{\"typeId\":\"3\",\"authorId\":\"41\",\"title\":\"Here\'s my title\",\"slug\":\"heres-my-title\",\"postDate\":1406102400,\"expiryDate\":null,\"enabled\":1,\"fields\":{\"28\":\"\",\"23\":\"\",\"22\":\"\",\"20\":\"\",\"3\":[\"74\"],\"26\":\"Here\'s the short title\",\"36\":{\"45\":{\"type\":\"imageBlock\",\"enabled\":\"1\",\"fields\":{\"image\":[\"9\"],\"imageType\":\"standard-image\",\"captionTitle\":\"\",\"caption\":\"\"}},\"46\":{\"type\":\"textBlock\",\"enabled\":\"1\",\"fields\":{\"text\":\"<p>Lorem ipsum dolor sit amet, consectetur adipiscing elit. Phasellus scelerisque est vel libero tincidunt sollicitudin. Nullam vitae lobortis mauris. Maecenas tempor, odio vel fringilla luctus, metus leo pretium velit, at ornare sem arcu nec diam. Sed faucibus quis turpis non congue. Maecenas elementum magna vitae orci imperdiet interdum. Pellentesque eu pretium lacus. Aliquam ut odio nec nibh tempor consequat non a ante. Sed adipiscing massa sed metus hendrerit, at varius justo dignissim. Aenean ac mi in mi sodales volutpat ac in urna. Sed ut diam at nisl suscipit eleifend. Vivamus dignissim odio massa, et tempor tortor pellentesque at. Maecenas nec neque leo. Nam lectus eros, malesuada at orci id, ultrices lacinia ligula.<\\/p>\"}},\"47\":{\"type\":\"pullquoteBlock\",\"enabled\":\"1\",\"fields\":{\"quote\":\"Here\'s a fancy big quote\",\"sourceName\":\"Adam Snetman\",\"sourceTitle\":\"Designer\"}}},\"27\":\"<p>Here\'s a teaser for this story.<\\/p>\",\"29\":[\"20\"]}}','2014-07-29 20:37:54','2014-07-29 20:37:54','73e2e844-af63-4b4d-9f5f-b7d421c23e0d'),
	(149,66,3,1,'en_us',6,'','{\"typeId\":\"3\",\"authorId\":\"1\",\"title\":\"A new test english entry\",\"slug\":\"a-new-test-english-entry\",\"postDate\":1406492160,\"expiryDate\":null,\"enabled\":1,\"fields\":{\"28\":\"\",\"23\":\"\",\"22\":\"\",\"20\":\"\",\"3\":[\"65\",\"75\",\"74\",\"62\",\"77\"],\"26\":\"A new test english entry\",\"36\":{\"67\":{\"type\":\"textBlock\",\"enabled\":\"1\",\"fields\":{\"text\":\"<p>Story here<\\/p>\"}}},\"27\":\"<p>Teaser here<\\/p>\",\"29\":\"\"}}','2014-07-29 20:38:38','2014-07-29 20:38:38','a64f97af-9c52-4413-8d29-5d015c5fbd0c'),
	(150,66,3,1,'es',3,'','{\"typeId\":\"3\",\"authorId\":\"1\",\"title\":\"A new test spanish entry\",\"slug\":\"a-new-test-english-entry\",\"postDate\":1406492160,\"expiryDate\":null,\"enabled\":1,\"fields\":{\"28\":\"\",\"23\":\"\",\"22\":\"\",\"20\":\"\",\"3\":[\"64\",\"87\"],\"26\":\"A new test spanish entry\",\"36\":{\"68\":{\"type\":\"textBlock\",\"enabled\":\"1\",\"fields\":{\"text\":\"<p>Spanish story<\\/p>\"}}},\"27\":\"<p>Teaser here<\\/p>\",\"29\":\"\"}}','2014-07-29 20:54:22','2014-07-29 20:54:22','cf543b47-84c1-4af8-911f-0d6e5983decd'),
	(151,66,3,1,'es',4,'','{\"typeId\":\"3\",\"authorId\":\"1\",\"title\":\"A new test spanish entry\",\"slug\":\"a-new-test-english-entry\",\"postDate\":1406492160,\"expiryDate\":null,\"enabled\":1,\"fields\":{\"28\":\"\",\"23\":\"\",\"22\":\"\",\"20\":\"\",\"3\":[\"64\",\"87\",\"63\"],\"26\":\"A new test spanish entry\",\"36\":{\"68\":{\"type\":\"textBlock\",\"enabled\":\"1\",\"fields\":{\"text\":\"<p>Spanish story<\\/p>\"}}},\"27\":\"<p>Teaser here<\\/p>\",\"29\":\"\"}}','2014-07-29 20:55:03','2014-07-29 20:55:03','831750cc-3cd8-49e6-99ac-516cb700bc09'),
	(152,34,3,1,'en_us',5,'','{\"typeId\":\"4\",\"authorId\":\"1\",\"title\":\"Event long title name here\",\"slug\":\"event-name-here\",\"postDate\":1406586960,\"expiryDate\":null,\"enabled\":1,\"fields\":{\"32\":\"\",\"31\":{\"date\":\"\",\"time\":\"\"},\"30\":{\"date\":\"8\\/6\\/2014\",\"time\":\"1:30 PM\"},\"23\":\"\",\"22\":\"\",\"20\":\"\",\"33\":\"3420 79th Street, New York, NY 11372\",\"3\":\"\",\"34\":\"mailto:snetman@gmail.com\",\"35\":\"RSVP\",\"26\":\"Event short title here\",\"36\":{\"35\":{\"type\":\"textBlock\",\"enabled\":\"1\",\"fields\":{\"text\":\"<p>Here\'s a text block<\\/p>\"}}},\"27\":\"<p>Here\'s my event teaser<\\/p>\",\"29\":[\"21\"]}}','2014-07-29 21:28:55','2014-07-29 21:28:55','fc494c95-921f-4f62-a65e-92961378cdce'),
	(153,34,3,1,'en_us',6,'','{\"typeId\":\"4\",\"authorId\":\"1\",\"title\":\"Event long title name here\",\"slug\":\"event-name-here\",\"postDate\":1406586960,\"expiryDate\":null,\"enabled\":1,\"fields\":{\"32\":\"\",\"31\":{\"date\":\"\",\"time\":\"\"},\"30\":{\"date\":\"8\\/6\\/2014\",\"time\":\"1:30 PM\"},\"23\":\"\",\"22\":\"\",\"20\":\"\",\"33\":\"My Apartment\\r\\n3420 79th Street, No. 6D\\r\\nNew York, NY 11372\",\"3\":\"\",\"34\":\"mailto:snetman@gmail.com\",\"35\":\"RSVP\",\"26\":\"Event short title here\",\"36\":{\"35\":{\"type\":\"textBlock\",\"enabled\":\"1\",\"fields\":{\"text\":\"<p>Here\'s a text block<\\/p>\"}}},\"27\":\"<p>Here\'s my event teaser<\\/p>\",\"29\":[\"21\"]}}','2014-07-29 21:33:54','2014-07-29 21:33:54','c4fc541c-72af-4d3d-b57c-489e30c72342'),
	(154,34,3,1,'en_us',7,'','{\"typeId\":\"4\",\"authorId\":\"1\",\"title\":\"Event long title name here\",\"slug\":\"event-name-here\",\"postDate\":1406586960,\"expiryDate\":null,\"enabled\":1,\"fields\":{\"32\":\"\",\"31\":{\"date\":\"\",\"time\":\"\"},\"30\":{\"date\":\"8\\/6\\/2014\",\"time\":\"1:30 PM\"},\"23\":\"\",\"22\":\"\",\"20\":\"\",\"33\":\"My Apartment\\r\\n3420 79th Street, No. 6D\\r\\nNew York, NY 11372\",\"3\":\"\",\"34\":\"mailto:snetman@gmail.com\",\"35\":\"RSVP\",\"26\":\"Event short title here\",\"36\":{\"35\":{\"type\":\"textBlock\",\"enabled\":\"1\",\"fields\":{\"text\":\"<p>Here\'s a text block<\\/p>\"}}},\"27\":\"<p>Here\'s my event teaser<\\/p>\",\"29\":[\"21\"]}}','2014-07-29 21:39:19','2014-07-29 21:39:19','c2e183e1-8ef1-4d79-bf89-4489d2407c55'),
	(155,34,3,1,'es',3,'','{\"typeId\":\"4\",\"authorId\":\"1\",\"title\":\"Event name here\",\"slug\":\"event-name-here\",\"postDate\":1406586960,\"expiryDate\":null,\"enabled\":1,\"fields\":{\"32\":\"\",\"31\":{\"date\":\"\",\"time\":\"\"},\"30\":{\"date\":\"8\\/6\\/2014\",\"time\":\"1:30 PM\"},\"23\":\"\",\"22\":\"\",\"20\":\"\",\"69\":\"Jackson Heights\",\"72\":\"\",\"66\":\"My apartment\",\"71\":\"11372\",\"70\":\"NY\",\"67\":\"3420 79th Street\",\"68\":\"No. 6D\",\"3\":\"\",\"34\":\"mailto:snetman@gmail.com\",\"35\":\"RSVP\",\"26\":\"Short title here for event\",\"33\":\"1\",\"36\":{\"50\":{\"type\":\"textBlock\",\"enabled\":\"1\",\"fields\":{\"text\":\"<p>Here\'s my event story description.<\\/p>\"}}},\"27\":\"<p>Here\'s my event teaser<\\/p>\",\"29\":[\"21\"]}}','2014-07-29 21:48:07','2014-07-29 21:48:07','c3e123b5-ec35-4e71-805e-90b3c49995f0'),
	(156,34,3,1,'en_us',8,'','{\"typeId\":\"4\",\"authorId\":\"1\",\"title\":\"Event long title name here\",\"slug\":\"event-name-here\",\"postDate\":1406586960,\"expiryDate\":null,\"enabled\":1,\"fields\":{\"32\":\"\",\"31\":{\"date\":\"\",\"time\":\"\"},\"30\":{\"date\":\"8\\/6\\/2014\",\"time\":\"1:30 PM\"},\"23\":\"\",\"22\":\"\",\"20\":\"\",\"69\":\"Jackson Heights\",\"72\":\"\",\"66\":\"My apartment\",\"71\":\"11372\",\"70\":\"NY\",\"67\":\"3420 79th Street\",\"68\":\"No. 6D\",\"3\":\"\",\"34\":\"mailto:snetman@gmail.com\",\"35\":\"RSVP\",\"26\":\"Event short title here\",\"33\":\"1\",\"36\":{\"35\":{\"type\":\"textBlock\",\"enabled\":\"1\",\"fields\":{\"text\":\"<p>Here\'s a text block<\\/p>\"}}},\"27\":\"<p>Here\'s my event teaser<\\/p>\",\"29\":[\"21\"]}}','2014-07-29 21:48:52','2014-07-29 21:48:52','569a24ee-7671-4f37-ada6-2a525b8dbcba'),
	(157,34,3,1,'es',4,'','{\"typeId\":\"4\",\"authorId\":\"1\",\"title\":\"Event name here\",\"slug\":\"event-name-here\",\"postDate\":1406586960,\"expiryDate\":null,\"enabled\":1,\"fields\":{\"32\":\"\",\"31\":{\"date\":\"\",\"time\":\"\"},\"30\":{\"date\":\"8\\/6\\/2014\",\"time\":\"1:30 PM\"},\"23\":\"\",\"22\":\"\",\"20\":\"\",\"69\":\"Jackson Heights\",\"72\":\"\",\"66\":\"M\\u00ed apartamento\",\"71\":\"11372\",\"70\":\"NY\",\"67\":\"3420 79th Street\",\"68\":\"No. 6D\",\"3\":\"\",\"34\":\"mailto:snetman@gmail.com\",\"35\":\"RSVP\",\"26\":\"Short title here for event\",\"33\":\"1\",\"36\":{\"50\":{\"type\":\"textBlock\",\"enabled\":\"1\",\"fields\":{\"text\":\"<p>Here\'s my event story description.<\\/p>\"}}},\"27\":\"<p>Here\'s my event teaser<\\/p>\",\"29\":[\"21\"]}}','2014-07-29 21:49:13','2014-07-29 21:49:13','0553425a-d487-46e3-a513-1ffda2992757'),
	(158,34,3,1,'en_us',9,'','{\"typeId\":\"4\",\"authorId\":\"1\",\"title\":\"Event long title name here\",\"slug\":\"event-name-here\",\"postDate\":1406586960,\"expiryDate\":null,\"enabled\":1,\"fields\":{\"32\":\"\",\"31\":{\"date\":\"8\\/6\\/2014\",\"time\":\"6:00 PM\"},\"30\":{\"date\":\"8\\/6\\/2014\",\"time\":\"1:30 PM\"},\"23\":\"\",\"22\":\"\",\"20\":\"\",\"69\":\"Jackson Heights\",\"72\":\"\",\"66\":\"My apartment\",\"71\":\"11372\",\"70\":\"NY\",\"67\":\"3420 79th Street\",\"68\":\"No. 6D\",\"3\":\"\",\"34\":\"mailto:snetman@gmail.com\",\"35\":\"RSVP\",\"26\":\"Event short title here\",\"33\":\"1\",\"36\":{\"35\":{\"type\":\"textBlock\",\"enabled\":\"1\",\"fields\":{\"text\":\"<p>Here\'s a text block<\\/p>\"}}},\"27\":\"<p>Here\'s my event teaser<\\/p>\",\"29\":[\"21\"]}}','2014-07-29 22:41:39','2014-07-29 22:41:39','964e860d-0276-41ca-a83d-ce20bca5b3a6'),
	(159,34,3,1,'en_us',10,'','{\"typeId\":\"4\",\"authorId\":\"1\",\"title\":\"Event long title name here\",\"slug\":\"event-name-here\",\"postDate\":1406586960,\"expiryDate\":null,\"enabled\":1,\"fields\":{\"32\":\"\",\"31\":{\"date\":\"8\\/8\\/2014\",\"time\":\"6:00 PM\"},\"30\":{\"date\":\"8\\/6\\/2014\",\"time\":\"1:30 PM\"},\"23\":\"\",\"22\":\"\",\"20\":\"\",\"69\":\"Jackson Heights\",\"72\":\"\",\"66\":\"My apartment\",\"71\":\"11372\",\"70\":\"NY\",\"67\":\"3420 79th Street\",\"68\":\"No. 6D\",\"3\":\"\",\"34\":\"mailto:snetman@gmail.com\",\"35\":\"RSVP\",\"26\":\"Event short title here\",\"33\":\"1\",\"36\":{\"35\":{\"type\":\"textBlock\",\"enabled\":\"1\",\"fields\":{\"text\":\"<p>Here\'s a text block<\\/p>\"}}},\"27\":\"<p>Here\'s my event teaser<\\/p>\",\"29\":[\"21\"]}}','2014-07-29 22:48:52','2014-07-29 22:48:52','cc82034a-2da1-486f-a347-cbce74028346'),
	(160,34,3,1,'en_us',11,'','{\"typeId\":\"4\",\"authorId\":\"1\",\"title\":\"Event long title name here\",\"slug\":\"event-name-here\",\"postDate\":1406586960,\"expiryDate\":null,\"enabled\":1,\"fields\":{\"32\":\"1\",\"31\":{\"date\":\"8\\/8\\/2014\",\"time\":\"6:00 PM\"},\"30\":{\"date\":\"8\\/6\\/2014\",\"time\":\"1:30 PM\"},\"23\":\"\",\"22\":\"\",\"20\":\"\",\"69\":\"Jackson Heights\",\"72\":\"\",\"66\":\"My apartment\",\"71\":\"11372\",\"70\":\"NY\",\"67\":\"3420 79th Street\",\"68\":\"No. 6D\",\"3\":\"\",\"34\":\"mailto:snetman@gmail.com\",\"35\":\"RSVP\",\"26\":\"Event short title here\",\"33\":\"1\",\"36\":{\"35\":{\"type\":\"textBlock\",\"enabled\":\"1\",\"fields\":{\"text\":\"<p>Here\'s a text block<\\/p>\"}}},\"27\":\"<p>Here\'s my event teaser<\\/p>\",\"29\":[\"21\"]}}','2014-07-29 22:57:13','2014-07-29 22:57:13','29b8177b-6e73-4b1d-a8f1-1c7d620b5cf9'),
	(161,34,3,1,'en_us',12,'','{\"typeId\":\"4\",\"authorId\":\"1\",\"title\":\"Event long title name here\",\"slug\":\"event-name-here\",\"postDate\":1406586960,\"expiryDate\":null,\"enabled\":1,\"fields\":{\"32\":\"\",\"31\":{\"date\":\"8\\/8\\/2014\",\"time\":\"6:00 PM\"},\"30\":{\"date\":\"8\\/6\\/2014\",\"time\":\"1:30 PM\"},\"23\":\"\",\"22\":\"\",\"20\":\"\",\"69\":\"Jackson Heights\",\"72\":\"\",\"66\":\"My apartment\",\"71\":\"11372\",\"70\":\"NY\",\"67\":\"3420 79th Street\",\"68\":\"No. 6D\",\"3\":\"\",\"34\":\"mailto:snetman@gmail.com\",\"35\":\"RSVP\",\"26\":\"Event short title here\",\"33\":\"1\",\"36\":{\"35\":{\"type\":\"textBlock\",\"enabled\":\"1\",\"fields\":{\"text\":\"<p>Here\'s a text block<\\/p>\"}}},\"27\":\"<p>Here\'s my event teaser<\\/p>\",\"29\":[\"21\"]}}','2014-07-29 22:57:28','2014-07-29 22:57:28','cd1419ba-3cff-4667-bd53-d670dd962cfe'),
	(162,34,3,1,'en_us',13,'','{\"typeId\":\"4\",\"authorId\":\"1\",\"title\":\"Event long title name here\",\"slug\":\"event-name-here\",\"postDate\":1406586960,\"expiryDate\":null,\"enabled\":1,\"fields\":{\"32\":\"\",\"31\":{\"date\":\"8\\/6\\/2014\",\"time\":\"6:00 PM\"},\"30\":{\"date\":\"8\\/6\\/2014\",\"time\":\"1:30 PM\"},\"23\":\"\",\"22\":\"\",\"20\":\"\",\"69\":\"Jackson Heights\",\"72\":\"\",\"66\":\"My apartment\",\"71\":\"11372\",\"70\":\"NY\",\"67\":\"3420 79th Street\",\"68\":\"No. 6D\",\"3\":\"\",\"34\":\"mailto:snetman@gmail.com\",\"35\":\"RSVP\",\"26\":\"Event short title here\",\"33\":\"1\",\"36\":{\"35\":{\"type\":\"textBlock\",\"enabled\":\"1\",\"fields\":{\"text\":\"<p>Here\'s a text block<\\/p>\"}}},\"27\":\"<p>Here\'s my event teaser<\\/p>\",\"29\":[\"21\"]}}','2014-07-29 22:57:41','2014-07-29 22:57:41','52b4b200-2366-4bc3-9ff1-271673a579e1'),
	(163,34,3,1,'en_us',14,'','{\"typeId\":\"4\",\"authorId\":\"1\",\"title\":\"Event long title name here\",\"slug\":\"event-name-here\",\"postDate\":1406586960,\"expiryDate\":null,\"enabled\":1,\"fields\":{\"32\":\"1\",\"31\":{\"date\":\"8\\/6\\/2014\",\"time\":\"6:00 PM\"},\"30\":{\"date\":\"8\\/6\\/2014\",\"time\":\"1:30 PM\"},\"23\":\"\",\"22\":\"\",\"20\":\"\",\"69\":\"Jackson Heights\",\"72\":\"\",\"66\":\"My apartment\",\"71\":\"11372\",\"70\":\"NY\",\"67\":\"3420 79th Street\",\"68\":\"No. 6D\",\"3\":\"\",\"34\":\"mailto:snetman@gmail.com\",\"35\":\"RSVP\",\"26\":\"Event short title here\",\"33\":\"1\",\"36\":{\"35\":{\"type\":\"textBlock\",\"enabled\":\"1\",\"fields\":{\"text\":\"<p>Here\'s a text block<\\/p>\"}}},\"27\":\"<p>Here\'s my event teaser<\\/p>\",\"29\":[\"21\"]}}','2014-07-29 22:59:16','2014-07-29 22:59:16','0ceb2798-29cb-4a9e-b9cf-278080b3e048'),
	(164,34,3,1,'en_us',15,'','{\"typeId\":\"4\",\"authorId\":\"1\",\"title\":\"Event long title name here\",\"slug\":\"event-name-here\",\"postDate\":1406586960,\"expiryDate\":null,\"enabled\":1,\"fields\":{\"32\":\"1\",\"31\":{\"date\":\"\",\"time\":\"\"},\"30\":{\"date\":\"8\\/6\\/2014\",\"time\":\"1:30 PM\"},\"23\":\"\",\"22\":\"\",\"20\":\"\",\"69\":\"Jackson Heights\",\"72\":\"\",\"66\":\"My apartment\",\"71\":\"11372\",\"70\":\"NY\",\"67\":\"3420 79th Street\",\"68\":\"No. 6D\",\"3\":\"\",\"34\":\"mailto:snetman@gmail.com\",\"35\":\"RSVP\",\"26\":\"Event short title here\",\"33\":\"1\",\"36\":{\"35\":{\"type\":\"textBlock\",\"enabled\":\"1\",\"fields\":{\"text\":\"<p>Here\'s a text block<\\/p>\"}}},\"27\":\"<p>Here\'s my event teaser<\\/p>\",\"29\":[\"21\"]}}','2014-07-29 23:02:00','2014-07-29 23:02:00','3ca41d5c-1821-4a0a-963e-13c9b0892970'),
	(165,34,3,1,'en_us',16,'','{\"typeId\":\"4\",\"authorId\":\"1\",\"title\":\"Event long title name here\",\"slug\":\"event-name-here\",\"postDate\":1406586960,\"expiryDate\":null,\"enabled\":1,\"fields\":{\"32\":\"\",\"31\":{\"date\":\"\",\"time\":\"\"},\"30\":{\"date\":\"8\\/6\\/2014\",\"time\":\"1:30 PM\"},\"23\":\"\",\"22\":\"\",\"20\":\"\",\"69\":\"Jackson Heights\",\"72\":\"\",\"66\":\"My apartment\",\"71\":\"11372\",\"70\":\"NY\",\"67\":\"3420 79th Street\",\"68\":\"No. 6D\",\"3\":\"\",\"34\":\"mailto:snetman@gmail.com\",\"35\":\"RSVP\",\"26\":\"Event short title here\",\"33\":\"1\",\"36\":{\"35\":{\"type\":\"textBlock\",\"enabled\":\"1\",\"fields\":{\"text\":\"<p>Here\'s a text block<\\/p>\"}}},\"27\":\"<p>Here\'s my event teaser<\\/p>\",\"29\":[\"21\"]}}','2014-07-29 23:02:29','2014-07-29 23:02:29','03f3aa36-f260-4c14-8656-dbfed57b0717'),
	(166,34,3,1,'en_us',17,'','{\"typeId\":\"4\",\"authorId\":\"1\",\"title\":\"Event long title name here\",\"slug\":\"event-name-here\",\"postDate\":1406586960,\"expiryDate\":null,\"enabled\":1,\"fields\":{\"32\":\"\",\"31\":{\"date\":\"8\\/9\\/2014\",\"time\":\"6:00 PM\"},\"30\":{\"date\":\"8\\/6\\/2014\",\"time\":\"1:30 PM\"},\"23\":\"\",\"22\":\"\",\"20\":\"\",\"69\":\"Jackson Heights\",\"72\":\"\",\"66\":\"My apartment\",\"71\":\"11372\",\"70\":\"NY\",\"67\":\"3420 79th Street\",\"68\":\"No. 6D\",\"3\":\"\",\"34\":\"mailto:snetman@gmail.com\",\"35\":\"RSVP\",\"26\":\"Event short title here\",\"33\":\"1\",\"36\":{\"35\":{\"type\":\"textBlock\",\"enabled\":\"1\",\"fields\":{\"text\":\"<p>Here\'s a text block<\\/p>\"}}},\"27\":\"<p>Here\'s my event teaser<\\/p>\",\"29\":[\"21\"]}}','2014-07-29 23:09:07','2014-07-29 23:09:07','4ebeb688-b63b-41fe-a313-c8b26a0c516c'),
	(167,71,6,1,'en_us',6,'','{\"typeId\":\"7\",\"authorId\":\"1\",\"title\":\"Development\",\"slug\":\"development\",\"postDate\":1406494920,\"expiryDate\":null,\"enabled\":1,\"fields\":{\"36\":{\"72\":{\"type\":\"textBlock\",\"enabled\":\"1\",\"fields\":{\"text\":\"<p>Lorem ipsum dolor sit amet, consectetur adipiscing elit. In nec imperdiet nunc. Suspendisse et lorem scelerisque, sodales lectus ut, vulputate elit. Curabitur nibh lacus, scelerisque vel quam sit amet, accumsan dignissim mi. Donec id eleifend erat. Nam velit velit, sodales eget tempus sed, euismod at magna. Donec volutpat felis vitae tortor aliquam, sit amet ornare metus placerat. Etiam ultrices ante eget nibh vehicula blandit.<\\/p><p>Sed rhoncus lorem quis justo rhoncus volutpat. Praesent sit amet placerat tortor, at imperdiet purus. Donec luctus nisi nibh, nec cursus massa imperdiet ac. In hac habitasse platea dictumst. Nulla vel rhoncus augue. Praesent laoreet urna id mollis accumsan. Vivamus vehicula lectus mauris, vitae sollicitudin diam vestibulum nec. Pellentesque suscipit nisi et congue congue.<\\/p>\"}},\"new1\":{\"type\":\"mapBlock\",\"enabled\":\"1\",\"fields\":{\"mapLat\":\"10.327193\",\"mapLon\":\"85.846264\",\"mapZoom\":\"13\",\"captionTitle\":\"\",\"caption\":\"<p>Here\'s my map caption. It\'s the best.<\\/p>\"}}},\"27\":\"<p>Nunc sed felis ut elit adipiscing ultrices sit amet vel arcu. Fusce tellus lectus, rhoncus vel tortor id, bibendum molestie mi. Donec convallis sagittis feli.<\\/p>\",\"64\":[\"85\"]}}','2014-07-30 13:14:49','2014-07-30 13:14:49','415e4137-d876-4c82-a5da-74c7416d41bd'),
	(168,71,6,1,'en_us',7,'','{\"typeId\":\"7\",\"authorId\":\"1\",\"title\":\"Development\",\"slug\":\"development\",\"postDate\":1406494920,\"expiryDate\":null,\"enabled\":1,\"fields\":{\"36\":{\"72\":{\"type\":\"textBlock\",\"enabled\":\"1\",\"fields\":{\"text\":\"<p>Lorem ipsum dolor sit amet, consectetur adipiscing elit. In nec imperdiet nunc. Suspendisse et lorem scelerisque, sodales lectus ut, vulputate elit. Curabitur nibh lacus, scelerisque vel quam sit amet, accumsan dignissim mi. Donec id eleifend erat. Nam velit velit, sodales eget tempus sed, euismod at magna. Donec volutpat felis vitae tortor aliquam, sit amet ornare metus placerat. Etiam ultrices ante eget nibh vehicula blandit.<\\/p><p>Sed rhoncus lorem quis justo rhoncus volutpat. Praesent sit amet placerat tortor, at imperdiet purus. Donec luctus nisi nibh, nec cursus massa imperdiet ac. In hac habitasse platea dictumst. Nulla vel rhoncus augue. Praesent laoreet urna id mollis accumsan. Vivamus vehicula lectus mauris, vitae sollicitudin diam vestibulum nec. Pellentesque suscipit nisi et congue congue.<\\/p>\"}},\"88\":{\"type\":\"mapBlock\",\"enabled\":\"1\",\"fields\":{\"mapLat\":\"10.327193\",\"mapLon\":\"-85.846264\",\"mapZoom\":\"13\",\"captionTitle\":\"\",\"caption\":\"<p>Here\'s my map caption. It\'s the best.<\\/p>\"}}},\"27\":\"<p>Nunc sed felis ut elit adipiscing ultrices sit amet vel arcu. Fusce tellus lectus, rhoncus vel tortor id, bibendum molestie mi. Donec convallis sagittis feli.<\\/p>\",\"64\":[\"85\"]}}','2014-07-30 13:16:35','2014-07-30 13:16:35','3d1d18f3-5796-40fb-b226-697178971aef'),
	(169,71,6,1,'en_us',8,'','{\"typeId\":\"7\",\"authorId\":\"1\",\"title\":\"Development\",\"slug\":\"development\",\"postDate\":1406494920,\"expiryDate\":null,\"enabled\":1,\"fields\":{\"36\":{\"72\":{\"type\":\"textBlock\",\"enabled\":\"1\",\"fields\":{\"text\":\"<p>Lorem ipsum dolor sit amet, consectetur adipiscing elit. In nec imperdiet nunc. Suspendisse et lorem scelerisque, sodales lectus ut, vulputate elit. Curabitur nibh lacus, scelerisque vel quam sit amet, accumsan dignissim mi. Donec id eleifend erat. Nam velit velit, sodales eget tempus sed, euismod at magna. Donec volutpat felis vitae tortor aliquam, sit amet ornare metus placerat. Etiam ultrices ante eget nibh vehicula blandit.<\\/p><p>Sed rhoncus lorem quis justo rhoncus volutpat. Praesent sit amet placerat tortor, at imperdiet purus. Donec luctus nisi nibh, nec cursus massa imperdiet ac. In hac habitasse platea dictumst. Nulla vel rhoncus augue. Praesent laoreet urna id mollis accumsan. Vivamus vehicula lectus mauris, vitae sollicitudin diam vestibulum nec. Pellentesque suscipit nisi et congue congue.<\\/p>\"}},\"88\":{\"type\":\"mapBlock\",\"enabled\":\"1\",\"fields\":{\"mapLat\":\"10.327193\",\"mapLon\":\"-85.846264\",\"mapZoom\":\"13\",\"captionTitle\":\"\",\"caption\":\"<p>Here\'s my map caption. It\'s the best.<\\/p>\"}}},\"27\":\"<p>Nunc sed felis ut elit adipiscing ultrices sit amet vel arcu. Fusce tellus lectus, rhoncus vel tortor id, bibendum molestie mi. Donec convallis sagittis feli.<\\/p>\",\"64\":[\"85\"]}}','2014-07-30 13:17:01','2014-07-30 13:17:01','1c32f794-23fb-4dc7-92f1-759259635622'),
	(170,71,6,1,'en_us',9,'','{\"typeId\":\"7\",\"authorId\":\"1\",\"title\":\"Development\",\"slug\":\"development\",\"postDate\":1406494920,\"expiryDate\":null,\"enabled\":1,\"fields\":{\"36\":{\"72\":{\"type\":\"textBlock\",\"enabled\":\"1\",\"fields\":{\"text\":\"<p>Lorem ipsum dolor sit amet, consectetur adipiscing elit. In nec imperdiet nunc. Suspendisse et lorem scelerisque, sodales lectus ut, vulputate elit. Curabitur nibh lacus, scelerisque vel quam sit amet, accumsan dignissim mi. Donec id eleifend erat. Nam velit velit, sodales eget tempus sed, euismod at magna. Donec volutpat felis vitae tortor aliquam, sit amet ornare metus placerat. Etiam ultrices ante eget nibh vehicula blandit.<\\/p><p>Sed rhoncus lorem quis justo rhoncus volutpat. Praesent sit amet placerat tortor, at imperdiet purus. Donec luctus nisi nibh, nec cursus massa imperdiet ac. In hac habitasse platea dictumst. Nulla vel rhoncus augue. Praesent laoreet urna id mollis accumsan. Vivamus vehicula lectus mauris, vitae sollicitudin diam vestibulum nec. Pellentesque suscipit nisi et congue congue.<\\/p>\"}},\"88\":{\"type\":\"mapBlock\",\"enabled\":\"1\",\"fields\":{\"mapLat\":\"10.327193\",\"mapLon\":\"-85.846264\",\"mapZoom\":\"13\",\"captionTitle\":\"Optional caption title here\",\"caption\":\"<p>Here\'s my map caption. It\'s the best.<\\/p>\"}}},\"27\":\"<p>Nunc sed felis ut elit adipiscing ultrices sit amet vel arcu. Fusce tellus lectus, rhoncus vel tortor id, bibendum molestie mi. Donec convallis sagittis feli.<\\/p>\",\"64\":[\"85\"]}}','2014-07-30 13:44:43','2014-07-30 13:44:43','40cfb30e-f94d-4639-b9fd-7f737a9fe354'),
	(171,71,6,1,'en_us',10,'','{\"typeId\":\"7\",\"authorId\":\"1\",\"title\":\"Development\",\"slug\":\"development\",\"postDate\":1406494920,\"expiryDate\":null,\"enabled\":1,\"fields\":{\"36\":{\"72\":{\"type\":\"textBlock\",\"enabled\":\"1\",\"fields\":{\"text\":\"<p>Lorem ipsum dolor sit amet, consectetur adipiscing elit. In nec imperdiet nunc. Suspendisse et lorem scelerisque, sodales lectus ut, vulputate elit. Curabitur nibh lacus, scelerisque vel quam sit amet, accumsan dignissim mi. Donec id eleifend erat. Nam velit velit, sodales eget tempus sed, euismod at magna. Donec volutpat felis vitae tortor aliquam, sit amet ornare metus placerat. Etiam ultrices ante eget nibh vehicula blandit.<\\/p><p>Sed rhoncus lorem quis justo rhoncus volutpat. Praesent sit amet placerat tortor, at imperdiet purus. Donec luctus nisi nibh, nec cursus massa imperdiet ac. In hac habitasse platea dictumst. Nulla vel rhoncus augue. Praesent laoreet urna id mollis accumsan. Vivamus vehicula lectus mauris, vitae sollicitudin diam vestibulum nec. Pellentesque suscipit nisi et congue congue.<\\/p>\"}},\"88\":{\"type\":\"mapBlock\",\"enabled\":\"1\",\"fields\":{\"mapLat\":\"10.327193\",\"mapLon\":\"-85.846264\",\"mapZoom\":\"13\",\"mapAspect\":\"aspect-16-9\",\"captionTitle\":\"\",\"caption\":\"\"}}},\"27\":\"<p>Nunc sed felis ut elit adipiscing ultrices sit amet vel arcu. Fusce tellus lectus, rhoncus vel tortor id, bibendum molestie mi. Donec convallis sagittis feli.<\\/p>\",\"64\":[\"85\"]}}','2014-07-30 13:53:11','2014-07-30 13:53:11','879f0463-e0b3-4414-aab2-e4e78eb2f365'),
	(172,71,6,1,'en_us',11,'','{\"typeId\":\"7\",\"authorId\":\"1\",\"title\":\"Development\",\"slug\":\"development\",\"postDate\":1406494920,\"expiryDate\":null,\"enabled\":1,\"fields\":{\"36\":{\"72\":{\"type\":\"textBlock\",\"enabled\":\"1\",\"fields\":{\"text\":\"<p>Lorem ipsum dolor sit amet, consectetur adipiscing elit. In nec imperdiet nunc. Suspendisse et lorem scelerisque, sodales lectus ut, vulputate elit. Curabitur nibh lacus, scelerisque vel quam sit amet, accumsan dignissim mi. Donec id eleifend erat. Nam velit velit, sodales eget tempus sed, euismod at magna. Donec volutpat felis vitae tortor aliquam, sit amet ornare metus placerat. Etiam ultrices ante eget nibh vehicula blandit.<\\/p><p>Sed rhoncus lorem quis justo rhoncus volutpat. Praesent sit amet placerat tortor, at imperdiet purus. Donec luctus nisi nibh, nec cursus massa imperdiet ac. In hac habitasse platea dictumst. Nulla vel rhoncus augue. Praesent laoreet urna id mollis accumsan. Vivamus vehicula lectus mauris, vitae sollicitudin diam vestibulum nec. Pellentesque suscipit nisi et congue congue.<\\/p>\"}},\"88\":{\"type\":\"mapBlock\",\"enabled\":\"1\",\"fields\":{\"mapLat\":\"10.327193\",\"mapLon\":\"-85.846264\",\"mapZoom\":\"13\",\"mapAspect\":\"aspect-16-9\",\"captionTitle\":\"\",\"caption\":\"\"}}},\"27\":\"<p>Nunc sed felis ut elit adipiscing ultrices sit amet vel arcu. Fusce tellus lectus, rhoncus vel tortor id, bibendum molestie mi. Donec convallis sagittis feli.<\\/p>\",\"64\":[\"85\"]}}','2014-07-30 13:55:59','2014-07-30 13:55:59','b372e46b-da16-4ba1-b77e-6ac3fef57498'),
	(173,71,6,1,'en_us',12,'','{\"typeId\":\"7\",\"authorId\":\"1\",\"title\":\"Development\",\"slug\":\"development\",\"postDate\":1406494920,\"expiryDate\":null,\"enabled\":1,\"fields\":{\"36\":{\"72\":{\"type\":\"textBlock\",\"enabled\":\"1\",\"fields\":{\"text\":\"<p>Lorem ipsum dolor sit amet, consectetur adipiscing elit. In nec imperdiet nunc. Suspendisse et lorem scelerisque, sodales lectus ut, vulputate elit. Curabitur nibh lacus, scelerisque vel quam sit amet, accumsan dignissim mi. Donec id eleifend erat. Nam velit velit, sodales eget tempus sed, euismod at magna. Donec volutpat felis vitae tortor aliquam, sit amet ornare metus placerat. Etiam ultrices ante eget nibh vehicula blandit.<\\/p><p>Sed rhoncus lorem quis justo rhoncus volutpat. Praesent sit amet placerat tortor, at imperdiet purus. Donec luctus nisi nibh, nec cursus massa imperdiet ac. In hac habitasse platea dictumst. Nulla vel rhoncus augue. Praesent laoreet urna id mollis accumsan. Vivamus vehicula lectus mauris, vitae sollicitudin diam vestibulum nec. Pellentesque suscipit nisi et congue congue.<\\/p>\"}},\"88\":{\"type\":\"mapBlock\",\"enabled\":\"1\",\"fields\":{\"mapLat\":\"10.327193\",\"mapLon\":\"-85.846264\",\"mapZoom\":\"13\",\"mapAspect\":\"aspect-16-9\",\"captionTitle\":\"\",\"caption\":\"\"}},\"new1\":{\"type\":\"mapBlock\",\"enabled\":\"1\",\"fields\":{\"mapLat\":\"90\",\"mapLon\":\"0\",\"mapZoom\":\"13\",\"mapAspect\":\"aspect-2-1\",\"captionTitle\":\"Another map here\",\"caption\":\"<p>A caption here<\\/p>\"}}},\"27\":\"<p>Nunc sed felis ut elit adipiscing ultrices sit amet vel arcu. Fusce tellus lectus, rhoncus vel tortor id, bibendum molestie mi. Donec convallis sagittis feli.<\\/p>\",\"64\":[\"85\"]}}','2014-07-30 14:04:13','2014-07-30 14:04:13','752fbd2a-3b0e-4874-8c02-262fbe7f28ea'),
	(174,71,6,1,'en_us',13,'','{\"typeId\":\"7\",\"authorId\":\"1\",\"title\":\"Development\",\"slug\":\"development\",\"postDate\":1406494920,\"expiryDate\":null,\"enabled\":1,\"fields\":{\"36\":{\"72\":{\"type\":\"textBlock\",\"enabled\":\"1\",\"fields\":{\"text\":\"<p>Lorem ipsum dolor sit amet, consectetur adipiscing elit. In nec imperdiet nunc. Suspendisse et lorem scelerisque, sodales lectus ut, vulputate elit. Curabitur nibh lacus, scelerisque vel quam sit amet, accumsan dignissim mi. Donec id eleifend erat. Nam velit velit, sodales eget tempus sed, euismod at magna. Donec volutpat felis vitae tortor aliquam, sit amet ornare metus placerat. Etiam ultrices ante eget nibh vehicula blandit.<\\/p><p>Sed rhoncus lorem quis justo rhoncus volutpat. Praesent sit amet placerat tortor, at imperdiet purus. Donec luctus nisi nibh, nec cursus massa imperdiet ac. In hac habitasse platea dictumst. Nulla vel rhoncus augue. Praesent laoreet urna id mollis accumsan. Vivamus vehicula lectus mauris, vitae sollicitudin diam vestibulum nec. Pellentesque suscipit nisi et congue congue.<\\/p>\"}},\"88\":{\"type\":\"mapBlock\",\"enabled\":\"1\",\"fields\":{\"mapLat\":\"10.327193\",\"mapLon\":\"-85.846264\",\"mapZoom\":\"13\",\"mapAspect\":\"aspect-16-9\",\"captionTitle\":\"\",\"caption\":\"\"}},\"89\":{\"type\":\"mapBlock\",\"enabled\":\"1\",\"fields\":{\"mapLat\":\"0\",\"mapLon\":\"-85\",\"mapZoom\":\"13\",\"mapAspect\":\"aspect-2-1\",\"captionTitle\":\"Another map here\",\"caption\":\"<p>A caption here<\\/p>\"}}},\"27\":\"<p>Nunc sed felis ut elit adipiscing ultrices sit amet vel arcu. Fusce tellus lectus, rhoncus vel tortor id, bibendum molestie mi. Donec convallis sagittis feli.<\\/p>\",\"64\":[\"85\"]}}','2014-07-30 14:06:44','2014-07-30 14:06:44','d1a58db7-af39-4b36-9b5d-0f3eef931ed1'),
	(175,71,6,1,'en_us',14,'','{\"typeId\":\"7\",\"authorId\":\"1\",\"title\":\"Development\",\"slug\":\"development\",\"postDate\":1406494920,\"expiryDate\":null,\"enabled\":1,\"fields\":{\"36\":{\"72\":{\"type\":\"textBlock\",\"enabled\":\"1\",\"fields\":{\"text\":\"<p>Lorem ipsum dolor sit amet, consectetur adipiscing elit. In nec imperdiet nunc. Suspendisse et lorem scelerisque, sodales lectus ut, vulputate elit. Curabitur nibh lacus, scelerisque vel quam sit amet, accumsan dignissim mi. Donec id eleifend erat. Nam velit velit, sodales eget tempus sed, euismod at magna. Donec volutpat felis vitae tortor aliquam, sit amet ornare metus placerat. Etiam ultrices ante eget nibh vehicula blandit.<\\/p><p>Sed rhoncus lorem quis justo rhoncus volutpat. Praesent sit amet placerat tortor, at imperdiet purus. Donec luctus nisi nibh, nec cursus massa imperdiet ac. In hac habitasse platea dictumst. Nulla vel rhoncus augue. Praesent laoreet urna id mollis accumsan. Vivamus vehicula lectus mauris, vitae sollicitudin diam vestibulum nec. Pellentesque suscipit nisi et congue congue.<\\/p>\"}},\"88\":{\"type\":\"mapBlock\",\"enabled\":\"\",\"fields\":{\"mapLat\":\"10.327193\",\"mapLon\":\"-85.846264\",\"mapZoom\":\"13\",\"mapAspect\":\"aspect-16-9\",\"captionTitle\":\"\",\"caption\":\"\"}},\"89\":{\"type\":\"mapBlock\",\"enabled\":\"1\",\"fields\":{\"mapLat\":\"0\",\"mapLon\":\"-85\",\"mapZoom\":\"13\",\"mapAspect\":\"aspect-2-1\",\"captionTitle\":\"Another map here\",\"caption\":\"<p>A caption here<\\/p>\"}}},\"27\":\"<p>Nunc sed felis ut elit adipiscing ultrices sit amet vel arcu. Fusce tellus lectus, rhoncus vel tortor id, bibendum molestie mi. Donec convallis sagittis feli.<\\/p>\",\"64\":[\"85\"]}}','2014-07-30 14:09:46','2014-07-30 14:09:46','fa708286-b38b-4bc3-b564-7ffafed76d36'),
	(176,71,6,1,'en_us',15,'','{\"typeId\":\"7\",\"authorId\":\"1\",\"title\":\"Development\",\"slug\":\"development\",\"postDate\":1406494920,\"expiryDate\":null,\"enabled\":1,\"fields\":{\"36\":{\"72\":{\"type\":\"textBlock\",\"enabled\":\"1\",\"fields\":{\"text\":\"<p>Lorem ipsum dolor sit amet, consectetur adipiscing elit. In nec imperdiet nunc. Suspendisse et lorem scelerisque, sodales lectus ut, vulputate elit. Curabitur nibh lacus, scelerisque vel quam sit amet, accumsan dignissim mi. Donec id eleifend erat. Nam velit velit, sodales eget tempus sed, euismod at magna. Donec volutpat felis vitae tortor aliquam, sit amet ornare metus placerat. Etiam ultrices ante eget nibh vehicula blandit.<\\/p><p>Sed rhoncus lorem quis justo rhoncus volutpat. Praesent sit amet placerat tortor, at imperdiet purus. Donec luctus nisi nibh, nec cursus massa imperdiet ac. In hac habitasse platea dictumst. Nulla vel rhoncus augue. Praesent laoreet urna id mollis accumsan. Vivamus vehicula lectus mauris, vitae sollicitudin diam vestibulum nec. Pellentesque suscipit nisi et congue congue.<\\/p>\"}},\"88\":{\"type\":\"mapBlock\",\"enabled\":\"\",\"fields\":{\"mapLat\":\"10.327193\",\"mapLon\":\"-85.846264\",\"mapZoom\":\"13\",\"mapAspect\":\"aspect-16-9\",\"captionTitle\":\"\",\"caption\":\"\"}},\"89\":{\"type\":\"mapBlock\",\"enabled\":\"1\",\"fields\":{\"mapLat\":\"0\",\"mapLon\":\"-85\",\"mapZoom\":\"3\",\"mapAspect\":\"aspect-2-1\",\"captionTitle\":\"Another map here\",\"caption\":\"<p>A caption here<\\/p>\"}}},\"27\":\"<p>Nunc sed felis ut elit adipiscing ultrices sit amet vel arcu. Fusce tellus lectus, rhoncus vel tortor id, bibendum molestie mi. Donec convallis sagittis feli.<\\/p>\",\"64\":[\"85\"]}}','2014-07-30 14:11:09','2014-07-30 14:11:09','b1e58126-c379-486c-91f9-3e3b50d4f057'),
	(177,71,6,1,'en_us',16,'','{\"typeId\":\"7\",\"authorId\":\"1\",\"title\":\"Development\",\"slug\":\"development\",\"postDate\":1406494920,\"expiryDate\":null,\"enabled\":1,\"fields\":{\"36\":{\"72\":{\"type\":\"textBlock\",\"enabled\":\"1\",\"fields\":{\"text\":\"<p>Lorem ipsum dolor sit amet, consectetur adipiscing elit. In nec imperdiet nunc. Suspendisse et lorem scelerisque, sodales lectus ut, vulputate elit. Curabitur nibh lacus, scelerisque vel quam sit amet, accumsan dignissim mi. Donec id eleifend erat. Nam velit velit, sodales eget tempus sed, euismod at magna. Donec volutpat felis vitae tortor aliquam, sit amet ornare metus placerat. Etiam ultrices ante eget nibh vehicula blandit.<\\/p><p>Sed rhoncus lorem quis justo rhoncus volutpat. Praesent sit amet placerat tortor, at imperdiet purus. Donec luctus nisi nibh, nec cursus massa imperdiet ac. In hac habitasse platea dictumst. Nulla vel rhoncus augue. Praesent laoreet urna id mollis accumsan. Vivamus vehicula lectus mauris, vitae sollicitudin diam vestibulum nec. Pellentesque suscipit nisi et congue congue.<\\/p>\"}},\"88\":{\"type\":\"mapBlock\",\"enabled\":\"1\",\"fields\":{\"mapLat\":\"10.327193\",\"mapLon\":\"-85.846264\",\"mapZoom\":\"13\",\"mapAspect\":\"aspect-16-9\",\"captionTitle\":\"\",\"caption\":\"\"}},\"89\":{\"type\":\"mapBlock\",\"enabled\":\"1\",\"fields\":{\"mapLat\":\"0\",\"mapLon\":\"-85\",\"mapZoom\":\"3\",\"mapAspect\":\"aspect-2-1\",\"captionTitle\":\"Another map here\",\"caption\":\"<p>A caption here<\\/p>\"}}},\"27\":\"<p>Nunc sed felis ut elit adipiscing ultrices sit amet vel arcu. Fusce tellus lectus, rhoncus vel tortor id, bibendum molestie mi. Donec convallis sagittis feli.<\\/p>\",\"64\":[\"85\"]}}','2014-07-30 14:11:31','2014-07-30 14:11:31','97abdc8a-0416-4721-9ce8-dcc20d68d186'),
	(178,71,6,1,'en_us',17,'','{\"typeId\":\"7\",\"authorId\":\"1\",\"title\":\"Development\",\"slug\":\"development\",\"postDate\":1406494920,\"expiryDate\":null,\"enabled\":1,\"fields\":{\"36\":{\"89\":{\"type\":\"mapBlock\",\"enabled\":\"1\",\"fields\":{\"mapLat\":\"0\",\"mapLon\":\"-85\",\"mapZoom\":\"3\",\"mapLayout\":\"inset-right\",\"mapAspect\":\"aspect-2-1\",\"captionTitle\":\"Another map here\",\"caption\":\"<p>A caption here<\\/p>\"}},\"72\":{\"type\":\"textBlock\",\"enabled\":\"1\",\"fields\":{\"text\":\"<p>Lorem ipsum dolor sit amet, consectetur adipiscing elit. In nec imperdiet nunc. Suspendisse et lorem scelerisque, sodales lectus ut, vulputate elit. Curabitur nibh lacus, scelerisque vel quam sit amet, accumsan dignissim mi. Donec id eleifend erat. Nam velit velit, sodales eget tempus sed, euismod at magna. Donec volutpat felis vitae tortor aliquam, sit amet ornare metus placerat. Etiam ultrices ante eget nibh vehicula blandit.<\\/p><p>Sed rhoncus lorem quis justo rhoncus volutpat. Praesent sit amet placerat tortor, at imperdiet purus. Donec luctus nisi nibh, nec cursus massa imperdiet ac. In hac habitasse platea dictumst. Nulla vel rhoncus augue. Praesent laoreet urna id mollis accumsan. Vivamus vehicula lectus mauris, vitae sollicitudin diam vestibulum nec. Pellentesque suscipit nisi et congue congue.<\\/p>\"}},\"88\":{\"type\":\"mapBlock\",\"enabled\":\"1\",\"fields\":{\"mapLat\":\"10.327193\",\"mapLon\":\"-85.846264\",\"mapZoom\":\"13\",\"mapLayout\":\"standard\",\"mapAspect\":\"aspect-16-9\",\"captionTitle\":\"\",\"caption\":\"\"}}},\"27\":\"<p>Nunc sed felis ut elit adipiscing ultrices sit amet vel arcu. Fusce tellus lectus, rhoncus vel tortor id, bibendum molestie mi. Donec convallis sagittis feli.<\\/p>\",\"64\":[\"85\"]}}','2014-07-30 14:21:03','2014-07-30 14:21:03','98a6596b-8825-46c9-a9f8-2a62b97b4df2'),
	(179,71,6,1,'en_us',18,'','{\"typeId\":\"7\",\"authorId\":\"1\",\"title\":\"Development\",\"slug\":\"development\",\"postDate\":1406494920,\"expiryDate\":null,\"enabled\":1,\"fields\":{\"36\":{\"89\":{\"type\":\"mapBlock\",\"enabled\":\"1\",\"fields\":{\"mapLat\":\"0\",\"mapLon\":\"-85\",\"mapZoom\":\"3\",\"mapLayout\":\"inset-right\",\"mapAspect\":\"aspect-1-1\",\"captionTitle\":\"Another map here\",\"caption\":\"<p>A caption here<\\/p>\"}},\"72\":{\"type\":\"textBlock\",\"enabled\":\"1\",\"fields\":{\"text\":\"<p>Lorem ipsum dolor sit amet, consectetur adipiscing elit. In nec imperdiet nunc. Suspendisse et lorem scelerisque, sodales lectus ut, vulputate elit. Curabitur nibh lacus, scelerisque vel quam sit amet, accumsan dignissim mi. Donec id eleifend erat. Nam velit velit, sodales eget tempus sed, euismod at magna. Donec volutpat felis vitae tortor aliquam, sit amet ornare metus placerat. Etiam ultrices ante eget nibh vehicula blandit.<\\/p><p>Sed rhoncus lorem quis justo rhoncus volutpat. Praesent sit amet placerat tortor, at imperdiet purus. Donec luctus nisi nibh, nec cursus massa imperdiet ac. In hac habitasse platea dictumst. Nulla vel rhoncus augue. Praesent laoreet urna id mollis accumsan. Vivamus vehicula lectus mauris, vitae sollicitudin diam vestibulum nec. Pellentesque suscipit nisi et congue congue.<\\/p>\"}},\"88\":{\"type\":\"mapBlock\",\"enabled\":\"1\",\"fields\":{\"mapLat\":\"10.327193\",\"mapLon\":\"-85.846264\",\"mapZoom\":\"13\",\"mapLayout\":\"standard\",\"mapAspect\":\"aspect-16-9\",\"captionTitle\":\"\",\"caption\":\"\"}}},\"27\":\"<p>Nunc sed felis ut elit adipiscing ultrices sit amet vel arcu. Fusce tellus lectus, rhoncus vel tortor id, bibendum molestie mi. Donec convallis sagittis feli.<\\/p>\",\"64\":[\"85\"]}}','2014-07-30 14:21:18','2014-07-30 14:21:18','0cf73807-c9af-4d0c-ab7e-6d20b747edc4'),
	(180,71,6,1,'en_us',19,'','{\"typeId\":\"7\",\"authorId\":\"1\",\"title\":\"Development\",\"slug\":\"development\",\"postDate\":1406494920,\"expiryDate\":null,\"enabled\":1,\"fields\":{\"36\":{\"89\":{\"type\":\"mapBlock\",\"enabled\":\"1\",\"fields\":{\"mapLat\":\"0\",\"mapLon\":\"-85\",\"mapZoom\":\"3\",\"mapLayout\":\"inset-right\",\"mapAspect\":\"aspect-1-1\",\"captionTitle\":\"Another map here\",\"caption\":\"<p>A caption here<\\/p>\"}},\"72\":{\"type\":\"textBlock\",\"enabled\":\"1\",\"fields\":{\"text\":\"<p>Lorem ipsum dolor sit amet, consectetur adipiscing elit. In nec imperdiet nunc. Suspendisse et lorem scelerisque, sodales lectus ut, vulputate elit. Curabitur nibh lacus, scelerisque vel quam sit amet, accumsan dignissim mi. Donec id eleifend erat. Nam velit velit, sodales eget tempus sed, euismod at magna. Donec volutpat felis vitae tortor aliquam, sit amet ornare metus placerat. Etiam ultrices ante eget nibh vehicula blandit.<\\/p><p>Sed rhoncus lorem quis justo rhoncus volutpat. Praesent sit amet placerat tortor, at imperdiet purus. Donec luctus nisi nibh, nec cursus massa imperdiet ac. In hac habitasse platea dictumst. Nulla vel rhoncus augue. Praesent laoreet urna id mollis accumsan. Vivamus vehicula lectus mauris, vitae sollicitudin diam vestibulum nec. Pellentesque suscipit nisi et congue congue.<\\/p>\"}},\"88\":{\"type\":\"mapBlock\",\"enabled\":\"1\",\"fields\":{\"mapLat\":\"10.327193\",\"mapLon\":\"-85.846264\",\"mapZoom\":\"13\",\"mapLayout\":\"standard\",\"mapAspect\":\"aspect-16-9\",\"captionTitle\":\"\",\"caption\":\"\"}}},\"27\":\"<p>Nunc sed felis ut elit adipiscing ultrices sit amet vel arcu. Fusce tellus lectus, rhoncus vel tortor id, bibendum molestie mi. Donec convallis sagittis feli.<\\/p>\",\"64\":[\"85\"]}}','2014-07-30 14:30:35','2014-07-30 14:30:35','3e60ab2c-0b9c-4671-b105-4d5a7099c0d7'),
	(181,71,6,1,'en_us',20,'','{\"typeId\":\"7\",\"authorId\":\"1\",\"title\":\"Development\",\"slug\":\"development\",\"postDate\":1406494920,\"expiryDate\":null,\"enabled\":1,\"fields\":{\"36\":{\"89\":{\"type\":\"mapBlock\",\"enabled\":\"1\",\"fields\":{\"mapLat\":\"0\",\"mapLon\":\"-85\",\"mapZoom\":\"3\",\"mapLayout\":\"inset-left\",\"mapAspect\":\"aspect-1-1\",\"captionTitle\":\"Another map here\",\"caption\":\"<p>A caption here<\\/p>\"}},\"72\":{\"type\":\"textBlock\",\"enabled\":\"1\",\"fields\":{\"text\":\"<p>Lorem ipsum dolor sit amet, consectetur adipiscing elit. In nec imperdiet nunc. Suspendisse et lorem scelerisque, sodales lectus ut, vulputate elit. Curabitur nibh lacus, scelerisque vel quam sit amet, accumsan dignissim mi. Donec id eleifend erat. Nam velit velit, sodales eget tempus sed, euismod at magna. Donec volutpat felis vitae tortor aliquam, sit amet ornare metus placerat. Etiam ultrices ante eget nibh vehicula blandit.<\\/p><p>Sed rhoncus lorem quis justo rhoncus volutpat. Praesent sit amet placerat tortor, at imperdiet purus. Donec luctus nisi nibh, nec cursus massa imperdiet ac. In hac habitasse platea dictumst. Nulla vel rhoncus augue. Praesent laoreet urna id mollis accumsan. Vivamus vehicula lectus mauris, vitae sollicitudin diam vestibulum nec. Pellentesque suscipit nisi et congue congue.<\\/p>\"}},\"88\":{\"type\":\"mapBlock\",\"enabled\":\"1\",\"fields\":{\"mapLat\":\"10.327193\",\"mapLon\":\"-85.846264\",\"mapZoom\":\"13\",\"mapLayout\":\"standard\",\"mapAspect\":\"aspect-16-9\",\"captionTitle\":\"\",\"caption\":\"<p>Here\'s a cool caption for this map<\\/p>\"}}},\"27\":\"<p>Nunc sed felis ut elit adipiscing ultrices sit amet vel arcu. Fusce tellus lectus, rhoncus vel tortor id, bibendum molestie mi. Donec convallis sagittis feli.<\\/p>\",\"64\":[\"85\"]}}','2014-07-30 14:32:55','2014-07-30 14:32:55','3de795d5-5eff-4f05-8b3e-e792fa827762'),
	(182,71,6,1,'en_us',21,'','{\"typeId\":\"7\",\"authorId\":\"1\",\"title\":\"Development\",\"slug\":\"development\",\"postDate\":1406494920,\"expiryDate\":null,\"enabled\":1,\"fields\":{\"36\":{\"89\":{\"type\":\"mapBlock\",\"enabled\":\"1\",\"fields\":{\"mapLat\":\"0\",\"mapLon\":\"-85\",\"mapZoom\":\"3\",\"mapLayout\":\"inset-far-left\",\"mapAspect\":\"aspect-1-1\",\"captionTitle\":\"Another map here\",\"caption\":\"<p>A caption here<\\/p>\"}},\"72\":{\"type\":\"textBlock\",\"enabled\":\"1\",\"fields\":{\"text\":\"<p>Lorem ipsum dolor sit amet, consectetur adipiscing elit. In nec imperdiet nunc. Suspendisse et lorem scelerisque, sodales lectus ut, vulputate elit. Curabitur nibh lacus, scelerisque vel quam sit amet, accumsan dignissim mi. Donec id eleifend erat. Nam velit velit, sodales eget tempus sed, euismod at magna. Donec volutpat felis vitae tortor aliquam, sit amet ornare metus placerat. Etiam ultrices ante eget nibh vehicula blandit.<\\/p><p>Sed rhoncus lorem quis justo rhoncus volutpat. Praesent sit amet placerat tortor, at imperdiet purus. Donec luctus nisi nibh, nec cursus massa imperdiet ac. In hac habitasse platea dictumst. Nulla vel rhoncus augue. Praesent laoreet urna id mollis accumsan. Vivamus vehicula lectus mauris, vitae sollicitudin diam vestibulum nec. Pellentesque suscipit nisi et congue congue.<\\/p>\"}},\"88\":{\"type\":\"mapBlock\",\"enabled\":\"1\",\"fields\":{\"mapLat\":\"10.327193\",\"mapLon\":\"-85.846264\",\"mapZoom\":\"13\",\"mapLayout\":\"standard\",\"mapAspect\":\"aspect-16-9\",\"captionTitle\":\"\",\"caption\":\"<p>Here\'s a cool caption for this map<\\/p>\"}}},\"27\":\"<p>Nunc sed felis ut elit adipiscing ultrices sit amet vel arcu. Fusce tellus lectus, rhoncus vel tortor id, bibendum molestie mi. Donec convallis sagittis feli.<\\/p>\",\"64\":[\"85\"]}}','2014-07-30 14:33:30','2014-07-30 14:33:30','09d8da9a-2b63-4b24-92e2-6d9127715312'),
	(183,71,6,1,'en_us',22,'','{\"typeId\":\"7\",\"authorId\":\"1\",\"title\":\"Development\",\"slug\":\"development\",\"postDate\":1406494920,\"expiryDate\":null,\"enabled\":1,\"fields\":{\"36\":{\"89\":{\"type\":\"mapBlock\",\"enabled\":\"1\",\"fields\":{\"mapLat\":\"0\",\"mapLon\":\"-85\",\"mapZoom\":\"3\",\"mapLayout\":\"inset-far-right\",\"mapAspect\":\"aspect-1-1\",\"captionTitle\":\"Another map here\",\"caption\":\"<p>A caption here<\\/p>\"}},\"72\":{\"type\":\"textBlock\",\"enabled\":\"1\",\"fields\":{\"text\":\"<p>Lorem ipsum dolor sit amet, consectetur adipiscing elit. In nec imperdiet nunc. Suspendisse et lorem scelerisque, sodales lectus ut, vulputate elit. Curabitur nibh lacus, scelerisque vel quam sit amet, accumsan dignissim mi. Donec id eleifend erat. Nam velit velit, sodales eget tempus sed, euismod at magna. Donec volutpat felis vitae tortor aliquam, sit amet ornare metus placerat. Etiam ultrices ante eget nibh vehicula blandit.<\\/p><p>Sed rhoncus lorem quis justo rhoncus volutpat. Praesent sit amet placerat tortor, at imperdiet purus. Donec luctus nisi nibh, nec cursus massa imperdiet ac. In hac habitasse platea dictumst. Nulla vel rhoncus augue. Praesent laoreet urna id mollis accumsan. Vivamus vehicula lectus mauris, vitae sollicitudin diam vestibulum nec. Pellentesque suscipit nisi et congue congue.<\\/p>\"}},\"88\":{\"type\":\"mapBlock\",\"enabled\":\"1\",\"fields\":{\"mapLat\":\"10.327193\",\"mapLon\":\"-85.846264\",\"mapZoom\":\"13\",\"mapLayout\":\"standard\",\"mapAspect\":\"aspect-16-9\",\"captionTitle\":\"\",\"caption\":\"<p>Here\'s a cool caption for this map<\\/p>\"}}},\"27\":\"<p>Nunc sed felis ut elit adipiscing ultrices sit amet vel arcu. Fusce tellus lectus, rhoncus vel tortor id, bibendum molestie mi. Donec convallis sagittis feli.<\\/p>\",\"64\":[\"85\"]}}','2014-07-30 14:33:54','2014-07-30 14:33:54','d8bcb998-5054-49f3-986d-dc2546f2f62c'),
	(184,71,6,1,'en_us',23,'','{\"typeId\":\"7\",\"authorId\":\"1\",\"title\":\"Development\",\"slug\":\"development\",\"postDate\":1406494920,\"expiryDate\":null,\"enabled\":1,\"fields\":{\"36\":{\"89\":{\"type\":\"mapBlock\",\"enabled\":\"1\",\"fields\":{\"mapLat\":\"0\",\"mapLon\":\"-85\",\"mapZoom\":\"3\",\"mapLayout\":\"jumbo\",\"mapAspect\":\"aspect-1-1\",\"captionTitle\":\"Another map here\",\"caption\":\"<p>A caption here<\\/p>\"}},\"72\":{\"type\":\"textBlock\",\"enabled\":\"1\",\"fields\":{\"text\":\"<p>Lorem ipsum dolor sit amet, consectetur adipiscing elit. In nec imperdiet nunc. Suspendisse et lorem scelerisque, sodales lectus ut, vulputate elit. Curabitur nibh lacus, scelerisque vel quam sit amet, accumsan dignissim mi. Donec id eleifend erat. Nam velit velit, sodales eget tempus sed, euismod at magna. Donec volutpat felis vitae tortor aliquam, sit amet ornare metus placerat. Etiam ultrices ante eget nibh vehicula blandit.<\\/p><p>Sed rhoncus lorem quis justo rhoncus volutpat. Praesent sit amet placerat tortor, at imperdiet purus. Donec luctus nisi nibh, nec cursus massa imperdiet ac. In hac habitasse platea dictumst. Nulla vel rhoncus augue. Praesent laoreet urna id mollis accumsan. Vivamus vehicula lectus mauris, vitae sollicitudin diam vestibulum nec. Pellentesque suscipit nisi et congue congue.<\\/p>\"}},\"88\":{\"type\":\"mapBlock\",\"enabled\":\"1\",\"fields\":{\"mapLat\":\"10.327193\",\"mapLon\":\"-85.846264\",\"mapZoom\":\"13\",\"mapLayout\":\"standard\",\"mapAspect\":\"aspect-16-9\",\"captionTitle\":\"\",\"caption\":\"<p>Here\'s a cool caption for this map<\\/p>\"}}},\"27\":\"<p>Nunc sed felis ut elit adipiscing ultrices sit amet vel arcu. Fusce tellus lectus, rhoncus vel tortor id, bibendum molestie mi. Donec convallis sagittis feli.<\\/p>\",\"64\":[\"85\"]}}','2014-07-30 14:34:55','2014-07-30 14:34:55','ffae5569-06e0-40b4-a0dc-949811dcabdf'),
	(185,71,6,1,'en_us',24,'','{\"typeId\":\"7\",\"authorId\":\"1\",\"title\":\"Development\",\"slug\":\"development\",\"postDate\":1406494920,\"expiryDate\":null,\"enabled\":1,\"fields\":{\"36\":{\"89\":{\"type\":\"mapBlock\",\"enabled\":\"1\",\"fields\":{\"mapLat\":\"0\",\"mapLon\":\"-85\",\"mapZoom\":\"3\",\"mapLayout\":\"jumbo\",\"mapAspect\":\"aspect-2-1\",\"captionTitle\":\"Another map here\",\"caption\":\"<p>A caption here<\\/p>\"}},\"72\":{\"type\":\"textBlock\",\"enabled\":\"1\",\"fields\":{\"text\":\"<p>Lorem ipsum dolor sit amet, consectetur adipiscing elit. In nec imperdiet nunc. Suspendisse et lorem scelerisque, sodales lectus ut, vulputate elit. Curabitur nibh lacus, scelerisque vel quam sit amet, accumsan dignissim mi. Donec id eleifend erat. Nam velit velit, sodales eget tempus sed, euismod at magna. Donec volutpat felis vitae tortor aliquam, sit amet ornare metus placerat. Etiam ultrices ante eget nibh vehicula blandit.<\\/p><p>Sed rhoncus lorem quis justo rhoncus volutpat. Praesent sit amet placerat tortor, at imperdiet purus. Donec luctus nisi nibh, nec cursus massa imperdiet ac. In hac habitasse platea dictumst. Nulla vel rhoncus augue. Praesent laoreet urna id mollis accumsan. Vivamus vehicula lectus mauris, vitae sollicitudin diam vestibulum nec. Pellentesque suscipit nisi et congue congue.<\\/p>\"}},\"88\":{\"type\":\"mapBlock\",\"enabled\":\"1\",\"fields\":{\"mapLat\":\"10.327193\",\"mapLon\":\"-85.846264\",\"mapZoom\":\"13\",\"mapLayout\":\"standard\",\"mapAspect\":\"aspect-16-9\",\"captionTitle\":\"\",\"caption\":\"<p>Here\'s a cool caption for this map<\\/p>\"}}},\"27\":\"<p>Nunc sed felis ut elit adipiscing ultrices sit amet vel arcu. Fusce tellus lectus, rhoncus vel tortor id, bibendum molestie mi. Donec convallis sagittis feli.<\\/p>\",\"64\":[\"85\"]}}','2014-07-30 14:35:03','2014-07-30 14:35:03','281cc849-435e-4a4f-b648-f8abb3b8c830'),
	(186,71,6,1,'en_us',25,'','{\"typeId\":\"7\",\"authorId\":\"1\",\"title\":\"Development\",\"slug\":\"development\",\"postDate\":1406494920,\"expiryDate\":null,\"enabled\":1,\"fields\":{\"36\":{\"89\":{\"type\":\"mapBlock\",\"enabled\":\"1\",\"fields\":{\"mapLat\":\"0\",\"mapLon\":\"-85\",\"mapZoom\":\"3\",\"mapShowMarker\":\"\",\"mapLayout\":\"inset-far-right\",\"mapAspect\":\"aspect-1-1\",\"captionTitle\":\"Another map here\",\"caption\":\"<p>A caption here<\\/p>\"}},\"72\":{\"type\":\"textBlock\",\"enabled\":\"1\",\"fields\":{\"text\":\"<p>Lorem ipsum dolor sit amet, consectetur adipiscing elit. In nec imperdiet nunc. Suspendisse et lorem scelerisque, sodales lectus ut, vulputate elit. Curabitur nibh lacus, scelerisque vel quam sit amet, accumsan dignissim mi. Donec id eleifend erat. Nam velit velit, sodales eget tempus sed, euismod at magna. Donec volutpat felis vitae tortor aliquam, sit amet ornare metus placerat. Etiam ultrices ante eget nibh vehicula blandit.<\\/p><p>Sed rhoncus lorem quis justo rhoncus volutpat. Praesent sit amet placerat tortor, at imperdiet purus. Donec luctus nisi nibh, nec cursus massa imperdiet ac. In hac habitasse platea dictumst. Nulla vel rhoncus augue. Praesent laoreet urna id mollis accumsan. Vivamus vehicula lectus mauris, vitae sollicitudin diam vestibulum nec. Pellentesque suscipit nisi et congue congue.<\\/p>\"}},\"88\":{\"type\":\"mapBlock\",\"enabled\":\"1\",\"fields\":{\"mapLat\":\"10.327193\",\"mapLon\":\"-85.846264\",\"mapZoom\":\"13\",\"mapShowMarker\":\"1\",\"mapLayout\":\"standard\",\"mapAspect\":\"aspect-16-9\",\"captionTitle\":\"\",\"caption\":\"<p>Here\'s a cool caption for this map<\\/p>\"}}},\"27\":\"<p>Nunc sed felis ut elit adipiscing ultrices sit amet vel arcu. Fusce tellus lectus, rhoncus vel tortor id, bibendum molestie mi. Donec convallis sagittis feli.<\\/p>\",\"64\":[\"85\"]}}','2014-07-30 15:10:25','2014-07-30 15:10:25','21961543-cba4-4e35-a061-9488049585b1'),
	(187,71,6,1,'en_us',26,'','{\"typeId\":\"7\",\"authorId\":\"1\",\"title\":\"Development\",\"slug\":\"development\",\"postDate\":1406494920,\"expiryDate\":null,\"enabled\":1,\"fields\":{\"36\":{\"89\":{\"type\":\"mapBlock\",\"enabled\":\"1\",\"fields\":{\"mapLat\":\"0\",\"mapLon\":\"-85\",\"mapShowMarker\":\"\",\"mapZoom\":\"3\",\"mapLayout\":\"inset-far-right\",\"mapAspect\":\"aspect-1-1\",\"captionTitle\":\"Another map here\",\"caption\":\"<p>A caption here<\\/p>\"}},\"72\":{\"type\":\"textBlock\",\"enabled\":\"1\",\"fields\":{\"text\":\"<p>\\r\\n\\tLorem ipsum dolor sit amet, consectetur adipiscing elit. In nec imperdiet nunc. Suspendisse et lorem scelerisque, sodales lectus ut, vulputate elit. Curabitur nibh lacus, scelerisque vel quam sit amet, accumsan dignissim mi. Donec id eleifend erat. Nam velit velit, sodales eget tempus sed, euismod at magna. Donec volutpat felis vitae tortor aliquam, sit amet ornare metus placerat. Etiam ultrices ante eget nibh vehicula blandit.<\\/p><h2>Here\'s a big header<br>\\r\\nwith a line break<\\/h2><p>\\r\\n\\tSed rhoncus lorem quis justo rhoncus volutpat. Praesent sit amet placerat tortor, at imperdiet purus. Donec luctus nisi nibh, nec cursus massa imperdiet ac. In hac habitasse platea dictumst. Nulla vel rhoncus augue. Praesent laoreet urna id mollis accumsan. Vivamus vehicula lectus mauris, vitae sollicitudin diam vestibulum nec. Pellentesque suscipit nisi et congue congue.<\\/p>\"}},\"88\":{\"type\":\"mapBlock\",\"enabled\":\"1\",\"fields\":{\"mapLat\":\"10.327193\",\"mapLon\":\"-85.846264\",\"mapShowMarker\":\"1\",\"mapZoom\":\"13\",\"mapLayout\":\"standard\",\"mapAspect\":\"aspect-16-9\",\"captionTitle\":\"\",\"caption\":\"<p>Here\'s a cool caption for this map<\\/p>\"}}},\"27\":\"<p>Nunc sed felis ut elit adipiscing ultrices sit amet vel arcu. Fusce tellus lectus, rhoncus vel tortor id, bibendum molestie mi. Donec convallis sagittis feli.<\\/p>\",\"64\":[\"85\"]}}','2014-07-30 15:14:32','2014-07-30 15:14:32','439268b7-83d6-4f3f-a227-099dac51bce5'),
	(188,71,6,1,'en_us',27,'','{\"typeId\":\"7\",\"authorId\":\"1\",\"title\":\"Development\",\"slug\":\"development\",\"postDate\":1406494920,\"expiryDate\":null,\"enabled\":1,\"fields\":{\"36\":{\"89\":{\"type\":\"mapBlock\",\"enabled\":\"1\",\"fields\":{\"mapLat\":\"0\",\"mapLon\":\"-85\",\"mapShowMarker\":\"\",\"mapZoom\":\"3\",\"mapLayout\":\"inset-far-right\",\"mapAspect\":\"aspect-1-1\",\"captionTitle\":\"Another map here\",\"caption\":\"<p>A caption here<\\/p>\"}},\"72\":{\"type\":\"textBlock\",\"enabled\":\"1\",\"fields\":{\"text\":\"<p>\\r\\n\\tLorem ipsum dolor sit amet, consectetur adipiscing elit. In nec imperdiet nunc. Suspendisse et lorem scelerisque, sodales lectus ut, vulputate elit. Curabitur nibh lacus, scelerisque vel quam sit amet, accumsan dignissim mi. Donec id eleifend erat. Nam velit velit, sodales eget tempus sed, euismod at magna. Donec volutpat felis vitae tortor aliquam, sit amet ornare metus placerat. Etiam ultrices ante eget nibh vehicula blandit.<\\/p><h2>Here\'s a big header&nbsp;with a line break<\\/h2><p>\\r\\n\\tSed rhoncus lorem quis justo rhoncus volutpat. Praesent sit amet placerat tortor, at imperdiet purus. Donec luctus nisi nibh, nec cursus massa imperdiet ac. In hac habitasse platea dictumst. Nulla vel rhoncus augue. Praesent laoreet urna id mollis accumsan. Vivamus vehicula lectus mauris, vitae sollicitudin diam vestibulum nec. Pellentesque suscipit nisi et congue congue.<\\/p><p>Lorem ipsum dolor sit amet, consectetur adipiscing elit. In nec imperdiet nunc. Suspendisse et lorem scelerisque, sodales lectus ut, vulputate elit. Curabitur nibh lacus, scelerisque vel quam sit amet, accumsan dignissim mi. Donec id eleifend erat. Nam velit velit, sodales eget tempus sed, euismod at magna. Donec volutpat felis vitae tortor aliquam, sit amet ornare metus placerat. Etiam ultrices ante eget nibh vehicula blandit.<\\/p>\"}},\"88\":{\"type\":\"mapBlock\",\"enabled\":\"1\",\"fields\":{\"mapLat\":\"10.327193\",\"mapLon\":\"-85.846264\",\"mapShowMarker\":\"1\",\"mapZoom\":\"13\",\"mapLayout\":\"standard\",\"mapAspect\":\"aspect-16-9\",\"captionTitle\":\"\",\"caption\":\"<p>Here\'s a cool caption for this map<\\/p>\"}}},\"27\":\"<p>Nunc sed felis ut elit adipiscing ultrices sit amet vel arcu. Fusce tellus lectus, rhoncus vel tortor id, bibendum molestie mi. Donec convallis sagittis feli.<\\/p>\",\"64\":[\"85\"]}}','2014-07-30 15:15:08','2014-07-30 15:15:08','8fb9b741-d79d-4eed-aa1c-54f7db3e99a7'),
	(189,34,3,1,'en_us',18,'','{\"typeId\":\"4\",\"authorId\":\"1\",\"title\":\"Event long title name here\",\"slug\":\"event-name-here\",\"postDate\":1406586960,\"expiryDate\":null,\"enabled\":1,\"fields\":{\"32\":\"\",\"31\":{\"date\":\"8\\/9\\/2014\",\"time\":\"6:00 PM\"},\"30\":{\"date\":\"7\\/29\\/2014\",\"time\":\"1:30 PM\"},\"23\":\"\",\"22\":\"\",\"20\":\"\",\"69\":\"Jackson Heights\",\"72\":\"\",\"66\":\"My apartment\",\"71\":\"11372\",\"70\":\"NY\",\"67\":\"3420 79th Street\",\"68\":\"No. 6D\",\"3\":\"\",\"34\":\"mailto:snetman@gmail.com\",\"35\":\"RSVP\",\"26\":\"Event short title here\",\"33\":\"1\",\"36\":{\"35\":{\"type\":\"textBlock\",\"enabled\":\"1\",\"fields\":{\"text\":\"<p>Here\'s a text block<\\/p>\"}}},\"27\":\"<p>Here\'s my event teaser<\\/p>\",\"29\":[\"21\"]}}','2014-07-30 15:34:05','2014-07-30 15:34:05','c3ed2d43-0365-4849-b6a8-3f8894b94bb0'),
	(190,34,3,1,'en_us',19,'','{\"typeId\":\"4\",\"authorId\":\"1\",\"title\":\"Event long title name here\",\"slug\":\"event-name-here\",\"postDate\":1406586960,\"expiryDate\":null,\"enabled\":1,\"fields\":{\"32\":\"\",\"31\":{\"date\":\"8\\/9\\/2014\",\"time\":\"6:00 PM\"},\"30\":{\"date\":\"8\\/6\\/2014\",\"time\":\"1:30 PM\"},\"23\":\"\",\"22\":\"\",\"20\":\"\",\"69\":\"Jackson Heights\",\"72\":\"\",\"66\":\"My apartment\",\"71\":\"11372\",\"70\":\"NY\",\"67\":\"3420 79th Street\",\"68\":\"No. 6D\",\"3\":\"\",\"34\":\"mailto:snetman@gmail.com\",\"35\":\"RSVP\",\"26\":\"Event short title here\",\"33\":\"1\",\"36\":{\"35\":{\"type\":\"textBlock\",\"enabled\":\"1\",\"fields\":{\"text\":\"<p>Here\'s a text block<\\/p>\"}}},\"27\":\"<p>Here\'s my event teaser<\\/p>\",\"29\":[\"21\"]}}','2014-07-30 15:34:30','2014-07-30 15:34:30','2bb7491e-9366-4741-9d27-5bc64b9f300f'),
	(191,34,3,1,'en_us',20,'','{\"typeId\":\"4\",\"authorId\":\"1\",\"title\":\"Event long title name here\",\"slug\":\"event-name-here\",\"postDate\":1406586960,\"expiryDate\":null,\"enabled\":1,\"fields\":{\"32\":\"\",\"31\":{\"date\":\"8\\/9\\/2014\",\"time\":\"6:00 PM\"},\"30\":{\"date\":\"8\\/6\\/2014\",\"time\":\"1:30 PM\"},\"23\":\"\",\"22\":\"\",\"20\":\"\",\"69\":\"Jackson Heights\",\"72\":\"\",\"66\":\"My apartment\",\"71\":\"11372\",\"70\":\"NY\",\"67\":\"3420 79th Street\",\"68\":\"No. 6D\",\"3\":\"\",\"34\":\"mailto:snetman@gmail.com\",\"35\":\"Responda\",\"26\":\"Event short title here\",\"33\":\"1\",\"36\":{\"35\":{\"type\":\"textBlock\",\"enabled\":\"1\",\"fields\":{\"text\":\"<p>Here\'s a text block<\\/p>\"}}},\"27\":\"<p>Here\'s my event teaser<\\/p>\",\"29\":[\"21\"]}}','2014-07-30 15:35:11','2014-07-30 15:35:11','36132fec-8613-40aa-949b-3f7289a70606'),
	(192,34,3,1,'en_us',21,'','{\"typeId\":\"4\",\"authorId\":\"1\",\"title\":\"Event long title name here\",\"slug\":\"event-name-here\",\"postDate\":1406586960,\"expiryDate\":null,\"enabled\":1,\"fields\":{\"32\":\"\",\"31\":{\"date\":\"8\\/9\\/2014\",\"time\":\"6:00 PM\"},\"30\":{\"date\":\"8\\/6\\/2014\",\"time\":\"1:30 PM\"},\"23\":\"\",\"22\":\"\",\"20\":\"\",\"69\":\"Jackson Heights\",\"72\":\"\",\"66\":\"My apartment\",\"71\":\"11372\",\"70\":\"NY\",\"67\":\"3420 79th Street\",\"68\":\"No. 6D\",\"3\":\"\",\"34\":\"mailto:snetman@gmail.com\",\"35\":\"RSVP\",\"26\":\"Event short title here\",\"33\":\"1\",\"36\":{\"35\":{\"type\":\"textBlock\",\"enabled\":\"1\",\"fields\":{\"text\":\"<p>Here\'s a text block<\\/p>\"}}},\"27\":\"<p>Here\'s my event teaser<\\/p>\",\"29\":[\"21\"]}}','2014-07-30 15:36:04','2014-07-30 15:36:04','074a576b-3ebd-4ecb-9d34-c28a15b5c09c'),
	(193,34,3,1,'en_us',22,'','{\"typeId\":\"4\",\"authorId\":\"1\",\"title\":\"Event long title name here\",\"slug\":\"event-name-here\",\"postDate\":1406586960,\"expiryDate\":null,\"enabled\":1,\"fields\":{\"32\":\"\",\"31\":{\"date\":\"8\\/9\\/2014\",\"time\":\"6:00 PM\"},\"30\":{\"date\":\"8\\/6\\/2014\",\"time\":\"1:30 PM\"},\"23\":\"\",\"22\":\"\",\"20\":\"\",\"69\":\"Jackson Heights\",\"72\":\"\",\"66\":\"My apartment\",\"71\":\"11372\",\"70\":\"NY\",\"67\":\"3420 79th Street\",\"68\":\"No. 6D\",\"81\":\"<p>My Apartment3420 79th Street, No. 6DJackson Heights, NY 11372<\\/p>\",\"3\":\"\",\"34\":\"mailto:snetman@gmail.com\",\"35\":\"RSVP\",\"26\":\"Event short title here\",\"33\":\"1\",\"36\":{\"35\":{\"type\":\"textBlock\",\"enabled\":\"1\",\"fields\":{\"text\":\"<p>Here\'s a text block<\\/p>\"}}},\"27\":\"<p>Here\'s my event teaser<\\/p>\",\"29\":[\"21\"]}}','2014-07-30 15:42:33','2014-07-30 15:42:33','4d56675a-31c5-4cfc-abf4-10e3c6315d38'),
	(194,34,3,1,'en_us',23,'','{\"typeId\":\"4\",\"authorId\":\"1\",\"title\":\"Event long title name here\",\"slug\":\"event-name-here\",\"postDate\":1406586960,\"expiryDate\":null,\"enabled\":1,\"fields\":{\"32\":\"\",\"31\":{\"date\":\"8\\/9\\/2014\",\"time\":\"6:00 PM\"},\"30\":{\"date\":\"8\\/6\\/2014\",\"time\":\"1:30 PM\"},\"23\":\"\",\"22\":\"\",\"20\":\"\",\"69\":\"Jackson Heights\",\"72\":\"\",\"66\":\"My apartment\",\"71\":\"11372\",\"70\":\"NY\",\"67\":\"3420 79th Street\",\"68\":\"No. 6D\",\"81\":\"\",\"3\":\"\",\"34\":\"mailto:snetman@gmail.com\",\"35\":\"RSVP\",\"26\":\"Event short title here\",\"33\":\"1\",\"36\":{\"35\":{\"type\":\"textBlock\",\"enabled\":\"1\",\"fields\":{\"text\":\"<p>Here\'s a text block<\\/p>\"}}},\"27\":\"<p>Here\'s my event teaser<\\/p>\",\"29\":[\"21\"]}}','2014-07-30 15:43:38','2014-07-30 15:43:38','0351a8fb-693a-4acd-a341-425a74d8db25'),
	(195,71,6,1,'en_us',28,'','{\"typeId\":\"7\",\"authorId\":\"1\",\"title\":\"Development\",\"slug\":\"development\",\"postDate\":1406494920,\"expiryDate\":null,\"enabled\":1,\"fields\":{\"26\":\"Development\",\"36\":{\"89\":{\"type\":\"mapBlock\",\"enabled\":\"1\",\"fields\":{\"mapLat\":\"0\",\"mapLon\":\"-85\",\"mapShowMarker\":\"\",\"mapZoom\":\"3\",\"mapLayout\":\"inset-far-right\",\"mapAspect\":\"aspect-1-1\",\"captionTitle\":\"Another map here\",\"caption\":\"<p>A caption here<\\/p>\"}},\"72\":{\"type\":\"textBlock\",\"enabled\":\"1\",\"fields\":{\"text\":\"<p>\\r\\n\\tLorem ipsum dolor sit amet, consectetur adipiscing elit. In nec imperdiet nunc. Suspendisse et lorem scelerisque, sodales lectus ut, vulputate elit. Curabitur nibh lacus, scelerisque vel quam sit amet, accumsan dignissim mi. Donec id eleifend erat. Nam velit velit, sodales eget tempus sed, euismod at magna. Donec volutpat felis vitae tortor aliquam, sit amet ornare metus placerat. Etiam ultrices ante eget nibh vehicula blandit.<\\/p><h2>Here\'s a big header&nbsp;with a line break<\\/h2><p>\\r\\n\\tSed rhoncus lorem quis justo rhoncus volutpat. Praesent sit amet placerat tortor, at imperdiet purus. Donec luctus nisi nibh, nec cursus massa imperdiet ac. In hac habitasse platea dictumst. Nulla vel rhoncus augue. Praesent laoreet urna id mollis accumsan. Vivamus vehicula lectus mauris, vitae sollicitudin diam vestibulum nec. Pellentesque suscipit nisi et congue congue.<\\/p><p>Lorem ipsum dolor sit amet, consectetur adipiscing elit. In nec imperdiet nunc. Suspendisse et lorem scelerisque, sodales lectus ut, vulputate elit. Curabitur nibh lacus, scelerisque vel quam sit amet, accumsan dignissim mi. Donec id eleifend erat. Nam velit velit, sodales eget tempus sed, euismod at magna. Donec volutpat felis vitae tortor aliquam, sit amet ornare metus placerat. Etiam ultrices ante eget nibh vehicula blandit.<\\/p>\"}},\"88\":{\"type\":\"mapBlock\",\"enabled\":\"1\",\"fields\":{\"mapLat\":\"10.327193\",\"mapLon\":\"-85.846264\",\"mapShowMarker\":\"1\",\"mapZoom\":\"13\",\"mapLayout\":\"standard\",\"mapAspect\":\"aspect-16-9\",\"captionTitle\":\"\",\"caption\":\"<p>Here\'s a cool caption for this map<\\/p>\"}}},\"27\":\"<p>Nunc sed felis ut elit adipiscing ultrices sit amet vel arcu. Fusce tellus lectus, rhoncus vel tortor id, bibendum molestie mi. Donec convallis sagittis feli.<\\/p>\",\"64\":[\"85\"]}}','2014-07-30 15:57:55','2014-07-30 15:57:55','a988854f-9877-47a0-9502-269e5527b0c6'),
	(196,71,6,1,'es',5,'','{\"typeId\":\"7\",\"authorId\":\"1\",\"title\":\"Urbanizaci\\u00f3n\",\"slug\":\"development\",\"postDate\":1406494920,\"expiryDate\":null,\"enabled\":1,\"fields\":{\"26\":\"Urbanizaci\\u00f3n\",\"36\":{\"73\":{\"type\":\"textBlock\",\"enabled\":\"1\",\"fields\":{\"text\":\"<p>Spanish story blocks here.<\\/p>\"}}},\"27\":\"<p>Spanish teaser nunc sed felis ut elit adipiscing ultrices sit amet vel arcu. Fusce tellus lectus, rhoncus vel tortor id, bibendum molestie mi. Donec convallis sagittis feli.<\\/p>\",\"64\":[\"85\"]}}','2014-07-30 15:58:05','2014-07-30 15:58:05','33d9f4fb-c874-4446-a857-3b150208f7d6'),
	(197,82,6,1,'en_us',2,'','{\"typeId\":\"7\",\"authorId\":\"1\",\"title\":\"Fishing\",\"slug\":\"fishing\",\"postDate\":1406645760,\"expiryDate\":null,\"enabled\":1,\"fields\":{\"26\":\"Fishing\",\"36\":{\"83\":{\"type\":\"textBlock\",\"enabled\":\"1\",\"fields\":{\"text\":\"<p>Here\'s the english content for the fishing threat<\\/p>\"}}},\"27\":\"<p>Nunc sed felis ut elit adipiscing ultrices sit amet vel arcu. Fusce tellus lectus, rhoncus vel tortor id, bibendum molestie mi. Donec convallis sagittis feli.<\\/p>\",\"64\":[\"81\"]}}','2014-07-30 15:58:39','2014-07-30 15:58:39','b7f972ed-d0c7-4a20-9e0b-663a5d974e61'),
	(198,82,6,1,'es',2,'','{\"typeId\":\"7\",\"authorId\":\"1\",\"title\":\"Pesca\",\"slug\":\"fishing\",\"postDate\":1406645760,\"expiryDate\":null,\"enabled\":1,\"fields\":{\"26\":\"Pesca\",\"36\":{\"84\":{\"type\":\"textBlock\",\"enabled\":\"1\",\"fields\":{\"text\":\"<p>Here\'s the content for fishing in spanish.<\\/p>\"}}},\"27\":\"<p>Nunc sed felis ut elit adipiscing ultrices sit amet vel arcu. Fusce tellus lectus, rhoncus vel tortor id, bibendum molestie mi. Donec convallis sagittis feli.<\\/p>\",\"64\":[\"81\"]}}','2014-07-30 15:58:48','2014-07-30 15:58:48','c58fc5b3-bafb-413e-a9dc-4268aa2c611d'),
	(199,71,6,1,'en_us',29,'','{\"typeId\":\"7\",\"authorId\":\"1\",\"title\":\"Development\",\"slug\":\"development\",\"postDate\":1406494920,\"expiryDate\":null,\"enabled\":1,\"fields\":{\"26\":\"Development\",\"36\":{\"new1\":{\"type\":\"textBlock\",\"enabled\":\"1\",\"fields\":{\"text\":\"<p>Lorem ipsum dolor sit amet, consectetur adipiscing elit. In nec imperdiet nunc. Suspendisse et lorem scelerisque, sodales lectus ut, vulputate elit. Curabitur nibh lacus, scelerisque vel quam sit amet, accumsan dignissim mi. Donec id eleifend erat. Nam velit velit, sodales eget tempus sed, euismod at magna. Donec volutpat felis vitae tortor aliquam, sit amet ornare metus placerat. Etiam ultrices ante eget nibh vehicula blandit.<\\/p>\"}},\"89\":{\"type\":\"mapBlock\",\"enabled\":\"1\",\"fields\":{\"mapLat\":\"0\",\"mapLon\":\"-85\",\"mapShowMarker\":\"\",\"mapZoom\":\"3\",\"mapLayout\":\"inset-far-right\",\"mapAspect\":\"aspect-1-1\",\"captionTitle\":\"Another map here\",\"caption\":\"<p>A caption here<\\/p>\"}},\"72\":{\"type\":\"textBlock\",\"enabled\":\"1\",\"fields\":{\"text\":\"<p>\\r\\n\\tLorem ipsum dolor sit amet, consectetur adipiscing elit. In nec imperdiet nunc. Suspendisse et lorem scelerisque, sodales lectus ut, vulputate elit. Curabitur nibh lacus, scelerisque vel quam sit amet, accumsan dignissim mi. Donec id eleifend erat. Nam velit velit, sodales eget tempus sed, euismod at magna. Donec volutpat felis vitae tortor aliquam, sit amet ornare metus placerat. Etiam ultrices ante eget nibh vehicula blandit.<\\/p><h2>Here\'s a big header&nbsp;with a line break<\\/h2><p>\\r\\n\\tSed rhoncus lorem quis justo rhoncus volutpat. Praesent sit amet placerat tortor, at imperdiet purus. Donec luctus nisi nibh, nec cursus massa imperdiet ac. In hac habitasse platea dictumst. Nulla vel rhoncus augue. Praesent laoreet urna id mollis accumsan. Vivamus vehicula lectus mauris, vitae sollicitudin diam vestibulum nec. Pellentesque suscipit nisi et congue congue.<\\/p><p>Lorem ipsum dolor sit amet, consectetur adipiscing elit. In nec imperdiet nunc. Suspendisse et lorem scelerisque, sodales lectus ut, vulputate elit. Curabitur nibh lacus, scelerisque vel quam sit amet, accumsan dignissim mi. Donec id eleifend erat. Nam velit velit, sodales eget tempus sed, euismod at magna. Donec volutpat felis vitae tortor aliquam, sit amet ornare metus placerat. Etiam ultrices ante eget nibh vehicula blandit.<\\/p>\"}},\"88\":{\"type\":\"mapBlock\",\"enabled\":\"1\",\"fields\":{\"mapLat\":\"10.327193\",\"mapLon\":\"-85.846264\",\"mapShowMarker\":\"1\",\"mapZoom\":\"13\",\"mapLayout\":\"standard\",\"mapAspect\":\"aspect-16-9\",\"captionTitle\":\"\",\"caption\":\"<p>Here\'s a cool caption for this map<\\/p>\"}}},\"27\":\"<p>Nunc sed felis ut elit adipiscing ultrices sit amet vel arcu. Fusce tellus lectus, rhoncus vel tortor id, bibendum molestie mi. Donec convallis sagittis feli.<\\/p>\",\"64\":[\"85\"]}}','2014-07-31 12:34:06','2014-07-31 12:34:06','f591e931-36e5-4ee5-b91f-4086b5058602'),
	(200,71,6,1,'en_us',30,'','{\"typeId\":\"7\",\"authorId\":\"1\",\"title\":\"Development\",\"slug\":\"development\",\"postDate\":1406494920,\"expiryDate\":null,\"enabled\":1,\"fields\":{\"26\":\"Development\",\"36\":{\"90\":{\"type\":\"textBlock\",\"enabled\":\"1\",\"fields\":{\"text\":\"<p>Lorem ipsum dolor sit amet, consectetur adipiscing elit. In nec imperdiet nunc. Suspendisse et lorem scelerisque, sodales lectus ut, vulputate elit. Curabitur nibh lacus, scelerisque vel quam sit amet, accumsan dignissim mi. Donec id eleifend erat. Nam velit velit, sodales eget tempus sed, euismod at magna. Donec volutpat felis vitae tortor aliquam, sit amet ornare metus placerat. Etiam ultrices ante eget nibh vehicula blandit.<\\/p>\"}},\"89\":{\"type\":\"mapBlock\",\"enabled\":\"1\",\"fields\":{\"mapLat\":\"0\",\"mapLon\":\"-85\",\"mapShowMarker\":\"\",\"mapZoom\":\"3\",\"mapLayout\":\"inset-far-right\",\"mapAspect\":\"aspect-1-1\",\"captionTitle\":\"Another map here\",\"caption\":\"<p>A caption here<\\/p>\"}},\"72\":{\"type\":\"textBlock\",\"enabled\":\"1\",\"fields\":{\"text\":\"<p>Curabitur nibh lacus, scelerisque vel quam sit amet, accumsan dignissim mi. Donec id eleifend erat. Nam velit velit, sodales eget tempus sed, euismod at magna. Donec volutpat felis vitae tortor aliquam, sit amet ornare metus placerat. Etiam ultrices ante eget nibh vehicula blandit.<\\/p><h2>Here\'s a big header&nbsp;with a line break<\\/h2><p>\\r\\n\\tSed rhoncus lorem quis justo rhoncus volutpat. Praesent sit amet placerat tortor, at imperdiet purus. Donec luctus nisi nibh, nec cursus massa imperdiet ac. In hac habitasse platea dictumst. Nulla vel rhoncus augue. Praesent laoreet urna id mollis accumsan. Vivamus vehicula lectus mauris, vitae sollicitudin diam vestibulum nec. Pellentesque suscipit nisi et congue congue.<\\/p><p>Lorem ipsum dolor sit amet, consectetur adipiscing elit. In nec imperdiet nunc. Suspendisse et lorem scelerisque, sodales lectus ut, vulputate elit. Curabitur nibh lacus, scelerisque vel quam sit amet, accumsan dignissim mi. Donec id eleifend erat. Nam velit velit, sodales eget tempus sed, euismod at magna. Donec volutpat felis vitae tortor aliquam, sit amet ornare metus placerat. Etiam ultrices ante eget nibh vehicula blandit.<\\/p>\"}},\"88\":{\"type\":\"mapBlock\",\"enabled\":\"1\",\"fields\":{\"mapLat\":\"10.327193\",\"mapLon\":\"-85.846264\",\"mapShowMarker\":\"1\",\"mapZoom\":\"13\",\"mapLayout\":\"standard\",\"mapAspect\":\"aspect-16-9\",\"captionTitle\":\"\",\"caption\":\"<p>Here\'s a cool caption for this map<\\/p>\"}}},\"27\":\"<p>Nunc sed felis ut elit adipiscing ultrices sit amet vel arcu. Fusce tellus lectus, rhoncus vel tortor id, bibendum molestie mi. Donec convallis sagittis feli.<\\/p>\",\"64\":[\"85\"]}}','2014-07-31 12:34:27','2014-07-31 12:34:27','1c231937-d852-4689-98a9-9b89bfe6cb77'),
	(201,71,6,1,'en_us',31,'','{\"typeId\":\"7\",\"authorId\":\"1\",\"title\":\"Development\",\"slug\":\"development\",\"postDate\":1406494920,\"expiryDate\":null,\"enabled\":1,\"fields\":{\"82\":[\"34\",\"11\",\"82\"],\"26\":\"Development\",\"36\":{\"90\":{\"type\":\"textBlock\",\"enabled\":\"1\",\"fields\":{\"text\":\"<p>Lorem ipsum dolor sit amet, consectetur adipiscing elit. In nec imperdiet nunc. Suspendisse et lorem scelerisque, sodales lectus ut, vulputate elit. Curabitur nibh lacus, scelerisque vel quam sit amet, accumsan dignissim mi. Donec id eleifend erat. Nam velit velit, sodales eget tempus sed, euismod at magna. Donec volutpat felis vitae tortor aliquam, sit amet ornare metus placerat. Etiam ultrices ante eget nibh vehicula blandit.<\\/p>\"}},\"89\":{\"type\":\"mapBlock\",\"enabled\":\"1\",\"fields\":{\"mapLat\":\"0\",\"mapLon\":\"-85\",\"mapShowMarker\":\"\",\"mapZoom\":\"3\",\"mapLayout\":\"inset-far-right\",\"mapAspect\":\"aspect-1-1\",\"captionTitle\":\"Another map here\",\"caption\":\"<p>A caption here<\\/p>\"}},\"72\":{\"type\":\"textBlock\",\"enabled\":\"1\",\"fields\":{\"text\":\"<p>Curabitur nibh lacus, scelerisque vel quam sit amet, accumsan dignissim mi. Donec id eleifend erat. Nam velit velit, sodales eget tempus sed, euismod at magna. Donec volutpat felis vitae tortor aliquam, sit amet ornare metus placerat. Etiam ultrices ante eget nibh vehicula blandit.<\\/p><h2>Here\'s a big header&nbsp;with a line break<\\/h2><p>\\r\\n\\tSed rhoncus lorem quis justo rhoncus volutpat. Praesent sit amet placerat tortor, at imperdiet purus. Donec luctus nisi nibh, nec cursus massa imperdiet ac. In hac habitasse platea dictumst. Nulla vel rhoncus augue. Praesent laoreet urna id mollis accumsan. Vivamus vehicula lectus mauris, vitae sollicitudin diam vestibulum nec. Pellentesque suscipit nisi et congue congue.<\\/p><p>Lorem ipsum dolor sit amet, consectetur adipiscing elit. In nec imperdiet nunc. Suspendisse et lorem scelerisque, sodales lectus ut, vulputate elit. Curabitur nibh lacus, scelerisque vel quam sit amet, accumsan dignissim mi. Donec id eleifend erat. Nam velit velit, sodales eget tempus sed, euismod at magna. Donec volutpat felis vitae tortor aliquam, sit amet ornare metus placerat. Etiam ultrices ante eget nibh vehicula blandit.<\\/p>\"}},\"88\":{\"type\":\"mapBlock\",\"enabled\":\"1\",\"fields\":{\"mapLat\":\"10.327193\",\"mapLon\":\"-85.846264\",\"mapShowMarker\":\"1\",\"mapZoom\":\"13\",\"mapLayout\":\"standard\",\"mapAspect\":\"aspect-16-9\",\"captionTitle\":\"\",\"caption\":\"<p>Here\'s a cool caption for this map<\\/p>\"}}},\"27\":\"<p>Nunc sed felis ut elit adipiscing ultrices sit amet vel arcu. Fusce tellus lectus, rhoncus vel tortor id, bibendum molestie mi. Donec convallis sagittis feli.<\\/p>\",\"64\":[\"85\"]}}','2014-07-31 13:01:37','2014-07-31 13:01:37','bce90325-0cac-4836-a632-639ad2ff8c00'),
	(202,71,6,1,'en_us',32,'','{\"typeId\":\"7\",\"authorId\":\"1\",\"title\":\"Development\",\"slug\":\"development\",\"postDate\":1406494920,\"expiryDate\":null,\"enabled\":1,\"fields\":{\"82\":[\"34\",\"11\",\"2\"],\"26\":\"Development\",\"36\":{\"90\":{\"type\":\"textBlock\",\"enabled\":\"1\",\"fields\":{\"text\":\"<p>Lorem ipsum dolor sit amet, consectetur adipiscing elit. In nec imperdiet nunc. Suspendisse et lorem scelerisque, sodales lectus ut, vulputate elit. Curabitur nibh lacus, scelerisque vel quam sit amet, accumsan dignissim mi. Donec id eleifend erat. Nam velit velit, sodales eget tempus sed, euismod at magna. Donec volutpat felis vitae tortor aliquam, sit amet ornare metus placerat. Etiam ultrices ante eget nibh vehicula blandit.<\\/p>\"}},\"89\":{\"type\":\"mapBlock\",\"enabled\":\"1\",\"fields\":{\"mapLat\":\"0\",\"mapLon\":\"-85\",\"mapShowMarker\":\"\",\"mapZoom\":\"3\",\"mapLayout\":\"inset-far-right\",\"mapAspect\":\"aspect-1-1\",\"captionTitle\":\"Another map here\",\"caption\":\"<p>A caption here<\\/p>\"}},\"72\":{\"type\":\"textBlock\",\"enabled\":\"1\",\"fields\":{\"text\":\"<p>Curabitur nibh lacus, scelerisque vel quam sit amet, accumsan dignissim mi. Donec id eleifend erat. Nam velit velit, sodales eget tempus sed, euismod at magna. Donec volutpat felis vitae tortor aliquam, sit amet ornare metus placerat. Etiam ultrices ante eget nibh vehicula blandit.<\\/p><h2>Here\'s a big header&nbsp;with a line break<\\/h2><p>\\r\\n\\tSed rhoncus lorem quis justo rhoncus volutpat. Praesent sit amet placerat tortor, at imperdiet purus. Donec luctus nisi nibh, nec cursus massa imperdiet ac. In hac habitasse platea dictumst. Nulla vel rhoncus augue. Praesent laoreet urna id mollis accumsan. Vivamus vehicula lectus mauris, vitae sollicitudin diam vestibulum nec. Pellentesque suscipit nisi et congue congue.<\\/p><p>Lorem ipsum dolor sit amet, consectetur adipiscing elit. In nec imperdiet nunc. Suspendisse et lorem scelerisque, sodales lectus ut, vulputate elit. Curabitur nibh lacus, scelerisque vel quam sit amet, accumsan dignissim mi. Donec id eleifend erat. Nam velit velit, sodales eget tempus sed, euismod at magna. Donec volutpat felis vitae tortor aliquam, sit amet ornare metus placerat. Etiam ultrices ante eget nibh vehicula blandit.<\\/p>\"}},\"88\":{\"type\":\"mapBlock\",\"enabled\":\"1\",\"fields\":{\"mapLat\":\"10.327193\",\"mapLon\":\"-85.846264\",\"mapShowMarker\":\"1\",\"mapZoom\":\"13\",\"mapLayout\":\"standard\",\"mapAspect\":\"aspect-16-9\",\"captionTitle\":\"\",\"caption\":\"<p>Here\'s a cool caption for this map<\\/p>\"}}},\"27\":\"<p>Nunc sed felis ut elit adipiscing ultrices sit amet vel arcu. Fusce tellus lectus, rhoncus vel tortor id, bibendum molestie mi. Donec convallis sagittis feli.<\\/p>\",\"64\":[\"85\"]}}','2014-07-31 13:03:51','2014-07-31 13:03:51','9862acf6-c27c-4406-bdbe-090539f3dfa2'),
	(203,71,6,1,'en_us',33,'','{\"typeId\":\"7\",\"authorId\":\"1\",\"title\":\"Development\",\"slug\":\"development\",\"postDate\":1406494920,\"expiryDate\":null,\"enabled\":1,\"fields\":{\"82\":[\"34\",\"11\",\"82\"],\"26\":\"Development\",\"36\":{\"90\":{\"type\":\"textBlock\",\"enabled\":\"1\",\"fields\":{\"text\":\"<p>Lorem ipsum dolor sit amet, consectetur adipiscing elit. In nec imperdiet nunc. Suspendisse et lorem scelerisque, sodales lectus ut, vulputate elit. Curabitur nibh lacus, scelerisque vel quam sit amet, accumsan dignissim mi. Donec id eleifend erat. Nam velit velit, sodales eget tempus sed, euismod at magna. Donec volutpat felis vitae tortor aliquam, sit amet ornare metus placerat. Etiam ultrices ante eget nibh vehicula blandit.<\\/p>\"}},\"89\":{\"type\":\"mapBlock\",\"enabled\":\"1\",\"fields\":{\"mapLat\":\"0\",\"mapLon\":\"-85\",\"mapShowMarker\":\"\",\"mapZoom\":\"3\",\"mapLayout\":\"inset-far-right\",\"mapAspect\":\"aspect-1-1\",\"captionTitle\":\"Another map here\",\"caption\":\"<p>A caption here<\\/p>\"}},\"72\":{\"type\":\"textBlock\",\"enabled\":\"1\",\"fields\":{\"text\":\"<p>Curabitur nibh lacus, scelerisque vel quam sit amet, accumsan dignissim mi. Donec id eleifend erat. Nam velit velit, sodales eget tempus sed, euismod at magna. Donec volutpat felis vitae tortor aliquam, sit amet ornare metus placerat. Etiam ultrices ante eget nibh vehicula blandit.<\\/p><h2>Here\'s a big header&nbsp;with a line break<\\/h2><p>\\r\\n\\tSed rhoncus lorem quis justo rhoncus volutpat. Praesent sit amet placerat tortor, at imperdiet purus. Donec luctus nisi nibh, nec cursus massa imperdiet ac. In hac habitasse platea dictumst. Nulla vel rhoncus augue. Praesent laoreet urna id mollis accumsan. Vivamus vehicula lectus mauris, vitae sollicitudin diam vestibulum nec. Pellentesque suscipit nisi et congue congue.<\\/p><p>Lorem ipsum dolor sit amet, consectetur adipiscing elit. In nec imperdiet nunc. Suspendisse et lorem scelerisque, sodales lectus ut, vulputate elit. Curabitur nibh lacus, scelerisque vel quam sit amet, accumsan dignissim mi. Donec id eleifend erat. Nam velit velit, sodales eget tempus sed, euismod at magna. Donec volutpat felis vitae tortor aliquam, sit amet ornare metus placerat. Etiam ultrices ante eget nibh vehicula blandit.<\\/p>\"}},\"88\":{\"type\":\"mapBlock\",\"enabled\":\"1\",\"fields\":{\"mapLat\":\"10.327193\",\"mapLon\":\"-85.846264\",\"mapShowMarker\":\"1\",\"mapZoom\":\"13\",\"mapLayout\":\"standard\",\"mapAspect\":\"aspect-16-9\",\"captionTitle\":\"\",\"caption\":\"<p>Here\'s a cool caption for this map<\\/p>\"}}},\"27\":\"<p>Nunc sed felis ut elit adipiscing ultrices sit amet vel arcu. Fusce tellus lectus, rhoncus vel tortor id, bibendum molestie mi. Donec convallis sagittis feli.<\\/p>\",\"64\":[\"85\"]}}','2014-07-31 13:13:07','2014-07-31 13:13:07','011e9c68-85d5-44d1-9c05-43bc5f61f59a'),
	(204,71,6,1,'en_us',34,'','{\"typeId\":\"7\",\"authorId\":\"1\",\"title\":\"Development\",\"slug\":\"development\",\"postDate\":1406494920,\"expiryDate\":null,\"enabled\":1,\"fields\":{\"82\":[\"82\",\"11\",\"69\"],\"26\":\"Development\",\"36\":{\"90\":{\"type\":\"textBlock\",\"enabled\":\"1\",\"fields\":{\"text\":\"<p>Lorem ipsum dolor sit amet, consectetur adipiscing elit. In nec imperdiet nunc. Suspendisse et lorem scelerisque, sodales lectus ut, vulputate elit. Curabitur nibh lacus, scelerisque vel quam sit amet, accumsan dignissim mi. Donec id eleifend erat. Nam velit velit, sodales eget tempus sed, euismod at magna. Donec volutpat felis vitae tortor aliquam, sit amet ornare metus placerat. Etiam ultrices ante eget nibh vehicula blandit.<\\/p>\"}},\"89\":{\"type\":\"mapBlock\",\"enabled\":\"1\",\"fields\":{\"mapLat\":\"0\",\"mapLon\":\"-85\",\"mapShowMarker\":\"\",\"mapZoom\":\"3\",\"mapLayout\":\"inset-far-right\",\"mapAspect\":\"aspect-1-1\",\"captionTitle\":\"Another map here\",\"caption\":\"<p>A caption here<\\/p>\"}},\"72\":{\"type\":\"textBlock\",\"enabled\":\"1\",\"fields\":{\"text\":\"<p>Curabitur nibh lacus, scelerisque vel quam sit amet, accumsan dignissim mi. Donec id eleifend erat. Nam velit velit, sodales eget tempus sed, euismod at magna. Donec volutpat felis vitae tortor aliquam, sit amet ornare metus placerat. Etiam ultrices ante eget nibh vehicula blandit.<\\/p><h2>Here\'s a big header&nbsp;with a line break<\\/h2><p>\\r\\n\\tSed rhoncus lorem quis justo rhoncus volutpat. Praesent sit amet placerat tortor, at imperdiet purus. Donec luctus nisi nibh, nec cursus massa imperdiet ac. In hac habitasse platea dictumst. Nulla vel rhoncus augue. Praesent laoreet urna id mollis accumsan. Vivamus vehicula lectus mauris, vitae sollicitudin diam vestibulum nec. Pellentesque suscipit nisi et congue congue.<\\/p><p>Lorem ipsum dolor sit amet, consectetur adipiscing elit. In nec imperdiet nunc. Suspendisse et lorem scelerisque, sodales lectus ut, vulputate elit. Curabitur nibh lacus, scelerisque vel quam sit amet, accumsan dignissim mi. Donec id eleifend erat. Nam velit velit, sodales eget tempus sed, euismod at magna. Donec volutpat felis vitae tortor aliquam, sit amet ornare metus placerat. Etiam ultrices ante eget nibh vehicula blandit.<\\/p>\"}},\"88\":{\"type\":\"mapBlock\",\"enabled\":\"1\",\"fields\":{\"mapLat\":\"10.327193\",\"mapLon\":\"-85.846264\",\"mapShowMarker\":\"1\",\"mapZoom\":\"13\",\"mapLayout\":\"standard\",\"mapAspect\":\"aspect-16-9\",\"captionTitle\":\"\",\"caption\":\"<p>Here\'s a cool caption for this map<\\/p>\"}}},\"27\":\"<p>Nunc sed felis ut elit adipiscing ultrices sit amet vel arcu. Fusce tellus lectus, rhoncus vel tortor id, bibendum molestie mi. Donec convallis sagittis feli.<\\/p>\",\"64\":[\"85\"]}}','2014-07-31 13:15:09','2014-07-31 13:15:09','b5f74604-7277-45dc-bc42-f2836d129c90'),
	(205,71,6,1,'en_us',35,'','{\"typeId\":\"7\",\"authorId\":\"1\",\"title\":\"Development\",\"slug\":\"development\",\"postDate\":1406494920,\"expiryDate\":null,\"enabled\":1,\"fields\":{\"82\":[\"82\",\"11\"],\"26\":\"Development\",\"36\":{\"90\":{\"type\":\"textBlock\",\"enabled\":\"1\",\"fields\":{\"text\":\"<p>Lorem ipsum dolor sit amet, consectetur adipiscing elit. In nec imperdiet nunc. Suspendisse et lorem scelerisque, sodales lectus ut, vulputate elit. Curabitur nibh lacus, scelerisque vel quam sit amet, accumsan dignissim mi. Donec id eleifend erat. Nam velit velit, sodales eget tempus sed, euismod at magna. Donec volutpat felis vitae tortor aliquam, sit amet ornare metus placerat. Etiam ultrices ante eget nibh vehicula blandit.<\\/p>\"}},\"89\":{\"type\":\"mapBlock\",\"enabled\":\"1\",\"fields\":{\"mapLat\":\"0\",\"mapLon\":\"-85\",\"mapShowMarker\":\"\",\"mapZoom\":\"3\",\"mapLayout\":\"inset-far-right\",\"mapAspect\":\"aspect-1-1\",\"captionTitle\":\"Another map here\",\"caption\":\"<p>A caption here<\\/p>\"}},\"72\":{\"type\":\"textBlock\",\"enabled\":\"1\",\"fields\":{\"text\":\"<p>Curabitur nibh lacus, scelerisque vel quam sit amet, accumsan dignissim mi. Donec id eleifend erat. Nam velit velit, sodales eget tempus sed, euismod at magna. Donec volutpat felis vitae tortor aliquam, sit amet ornare metus placerat. Etiam ultrices ante eget nibh vehicula blandit.<\\/p><h2>Here\'s a big header&nbsp;with a line break<\\/h2><p>\\r\\n\\tSed rhoncus lorem quis justo rhoncus volutpat. Praesent sit amet placerat tortor, at imperdiet purus. Donec luctus nisi nibh, nec cursus massa imperdiet ac. In hac habitasse platea dictumst. Nulla vel rhoncus augue. Praesent laoreet urna id mollis accumsan. Vivamus vehicula lectus mauris, vitae sollicitudin diam vestibulum nec. Pellentesque suscipit nisi et congue congue.<\\/p><p>Lorem ipsum dolor sit amet, consectetur adipiscing elit. In nec imperdiet nunc. Suspendisse et lorem scelerisque, sodales lectus ut, vulputate elit. Curabitur nibh lacus, scelerisque vel quam sit amet, accumsan dignissim mi. Donec id eleifend erat. Nam velit velit, sodales eget tempus sed, euismod at magna. Donec volutpat felis vitae tortor aliquam, sit amet ornare metus placerat. Etiam ultrices ante eget nibh vehicula blandit.<\\/p>\"}},\"88\":{\"type\":\"mapBlock\",\"enabled\":\"1\",\"fields\":{\"mapLat\":\"10.327193\",\"mapLon\":\"-85.846264\",\"mapShowMarker\":\"1\",\"mapZoom\":\"13\",\"mapLayout\":\"standard\",\"mapAspect\":\"aspect-16-9\",\"captionTitle\":\"\",\"caption\":\"<p>Here\'s a cool caption for this map<\\/p>\"}}},\"27\":\"<p>Nunc sed felis ut elit adipiscing ultrices sit amet vel arcu. Fusce tellus lectus, rhoncus vel tortor id, bibendum molestie mi. Donec convallis sagittis feli.<\\/p>\",\"64\":[\"85\"]}}','2014-07-31 13:15:53','2014-07-31 13:15:53','610272c4-0e4e-453e-b748-78134e98552f'),
	(206,71,6,1,'en_us',36,'','{\"typeId\":\"7\",\"authorId\":\"1\",\"title\":\"Development\",\"slug\":\"development\",\"postDate\":1406494920,\"expiryDate\":null,\"enabled\":1,\"fields\":{\"82\":[\"82\",\"11\"],\"26\":\"Development\",\"36\":{\"90\":{\"type\":\"textBlock\",\"enabled\":\"1\",\"fields\":{\"text\":\"<p>Lorem ipsum dolor sit amet, consectetur adipiscing elit. In nec imperdiet nunc. Suspendisse et lorem scelerisque, sodales lectus ut, vulputate elit. Curabitur nibh lacus, scelerisque vel quam sit amet, accumsan dignissim mi. Donec id eleifend erat. Nam velit velit, sodales eget tempus sed, euismod at magna. Donec volutpat felis vitae tortor aliquam, sit amet ornare metus placerat. Etiam ultrices ante eget nibh vehicula blandit.<\\/p>\"}},\"89\":{\"type\":\"mapBlock\",\"enabled\":\"1\",\"fields\":{\"mapLat\":\"0\",\"mapLon\":\"-85\",\"mapShowMarker\":\"\",\"mapZoom\":\"3\",\"mapLayout\":\"inset-far-right\",\"mapAspect\":\"aspect-1-1\",\"captionTitle\":\"Another map here\",\"caption\":\"<p>A caption here<\\/p>\"}},\"72\":{\"type\":\"textBlock\",\"enabled\":\"1\",\"fields\":{\"text\":\"<p>Curabitur nibh lacus, scelerisque vel quam sit amet, accumsan dignissim mi. Donec id eleifend erat. Nam velit velit, sodales eget tempus sed, euismod at magna. Donec volutpat felis vitae tortor aliquam, sit amet ornare metus placerat. Etiam ultrices ante eget nibh vehicula blandit.<\\/p><h2>Here\'s a big header&nbsp;with a line break<\\/h2><p>\\r\\n\\tSed rhoncus lorem quis justo rhoncus volutpat. Praesent sit amet placerat tortor, at imperdiet purus. Donec luctus nisi nibh, nec cursus massa imperdiet ac. In hac habitasse platea dictumst. Nulla vel rhoncus augue. Praesent laoreet urna id mollis accumsan. Vivamus vehicula lectus mauris, vitae sollicitudin diam vestibulum nec. Pellentesque suscipit nisi et congue congue.<\\/p><p>Lorem ipsum dolor sit amet, consectetur adipiscing elit. In nec imperdiet nunc. Suspendisse et lorem scelerisque, sodales lectus ut, vulputate elit. Curabitur nibh lacus, scelerisque vel quam sit amet, accumsan dignissim mi. Donec id eleifend erat. Nam velit velit, sodales eget tempus sed, euismod at magna. Donec volutpat felis vitae tortor aliquam, sit amet ornare metus placerat. Etiam ultrices ante eget nibh vehicula blandit.<\\/p>\"}},\"88\":{\"type\":\"mapBlock\",\"enabled\":\"1\",\"fields\":{\"mapLat\":\"10.327193\",\"mapLon\":\"-85.846264\",\"mapShowMarker\":\"1\",\"mapZoom\":\"13\",\"mapLayout\":\"standard\",\"mapAspect\":\"aspect-16-9\",\"captionTitle\":\"\",\"caption\":\"<p>Here\'s a cool caption for this map<\\/p>\"}}},\"27\":\"<p>Nunc sed felis ut elit adipiscing ultrices sit amet vel arcu. Fusce tellus lectus, rhoncus vel tortor id, bibendum molestie mi. Donec convallis sagittis feli.<\\/p>\",\"64\":[\"70\"]}}','2014-07-31 15:43:45','2014-07-31 15:43:45','2161ccc7-459e-4932-8db0-406267c7a109'),
	(207,82,6,1,'en_us',3,'','{\"typeId\":\"7\",\"authorId\":\"1\",\"title\":\"Fishing\",\"slug\":\"fishing\",\"postDate\":1406645760,\"expiryDate\":null,\"enabled\":1,\"fields\":{\"82\":\"\",\"26\":\"Fishing\",\"36\":{\"83\":{\"type\":\"textBlock\",\"enabled\":\"1\",\"fields\":{\"text\":\"<p>Here\'s the english content for the fishing threat<\\/p>\"}}},\"27\":\"<p>Nunc sed felis ut elit adipiscing ultrices sit amet vel arcu. Fusce tellus lectus, rhoncus vel tortor id, bibendum molestie mi. Donec convallis sagittis feli.<\\/p>\",\"64\":[\"93\"]}}','2014-07-31 15:44:29','2014-07-31 15:44:29','4ddeff58-407e-4e31-a4d1-597fe7dc6cf4'),
	(208,82,6,1,'en_us',4,'','{\"typeId\":\"7\",\"authorId\":\"1\",\"title\":\"Fishing\",\"slug\":\"fishing\",\"postDate\":1406645760,\"expiryDate\":null,\"enabled\":1,\"fields\":{\"82\":\"\",\"26\":\"Fishing\",\"36\":{\"83\":{\"type\":\"textBlock\",\"enabled\":\"1\",\"fields\":{\"text\":\"<p>Here\'s the english content for the fishing threat<\\/p>\"}}},\"27\":\"<p>Nunc sed felis ut elit adipiscing ultrices sit amet vel arcu. Fusce tellus lectus, rhoncus vel tortor id, bibendum molestie mi. Donec convallis sagittis feli.<\\/p>\",\"64\":[\"93\"]}}','2014-07-31 15:57:16','2014-07-31 15:57:16','e06c2092-0b8a-48d4-992a-f257f7722ab9'),
	(209,96,6,1,'en_us',1,'','{\"typeId\":null,\"authorId\":\"1\",\"title\":\"Nest disturbance\",\"slug\":\"nest-disturbance\",\"postDate\":1406822306,\"expiryDate\":null,\"enabled\":1,\"fields\":{\"82\":\"\",\"26\":\"Nest disturbance\",\"36\":{\"new1\":{\"type\":\"textBlock\",\"enabled\":\"1\",\"fields\":{\"text\":\"<p>English content for nest disturbance<\\/p>\"}}},\"27\":\"<p>Nunc sed felis ut elit adipiscing ultrices sit amet vel arcu. Fusce tellus lectus, rhoncus vel tortor id, bibendum molestie mi. Donec convallis sagittis feli.<\\/p>\",\"64\":[\"94\"]}}','2014-07-31 15:58:27','2014-07-31 15:58:27','c0d0674e-538c-4913-a2f8-a1882588fa7b'),
	(210,96,6,1,'es',1,'','{\"typeId\":\"7\",\"authorId\":\"1\",\"title\":\"Perturbaci\\u00f3n nido\",\"slug\":\"nest-disturbance\",\"postDate\":1406822280,\"expiryDate\":null,\"enabled\":1,\"fields\":{\"82\":\"\",\"26\":\"Perturbaci\\u00f3n nido\",\"36\":{\"new1\":{\"type\":\"textBlock\",\"enabled\":\"1\",\"fields\":{\"text\":\"<p>Spanish content for nest disturbance here lorem ipsum.<\\/p>\"}}},\"27\":\"<p>Nunc sed felis ut elit adipiscing ultrices sit amet vel arcu. Fusce tellus lectus, rhoncus vel tortor id, bibendum molestie mi. Donec convallis sagittis feli.<\\/p>\",\"64\":[\"94\"]}}','2014-07-31 16:00:35','2014-07-31 16:00:35','5e6c22d5-12d9-4df9-bda6-2c82af26ad8b'),
	(211,99,6,1,'en_us',1,'','{\"typeId\":null,\"authorId\":\"1\",\"title\":\"Pollution\",\"slug\":\"pollution\",\"postDate\":1406822973,\"expiryDate\":null,\"enabled\":1,\"fields\":{\"82\":\"\",\"26\":\"Pollution\",\"36\":{\"new1\":{\"type\":\"textBlock\",\"enabled\":\"1\",\"fields\":{\"text\":\"<p>English version of pollution story.<\\/p>\"}}},\"27\":\"<p>Nunc sed felis ut elit adipiscing ultrices sit amet vel arcu. Fusce tellus lectus, rhoncus vel tortor id, bibendum molestie mi. Donec convallis sagittis feli.<\\/p>\",\"64\":[\"95\"]}}','2014-07-31 16:09:33','2014-07-31 16:09:33','1f46ad8f-0ca8-47b2-a7cf-650552f3ca6e'),
	(212,99,6,1,'es',1,'','{\"typeId\":\"7\",\"authorId\":\"1\",\"title\":\"Poluci\\u00f3n\",\"slug\":\"pollution\",\"postDate\":1406822940,\"expiryDate\":null,\"enabled\":1,\"fields\":{\"82\":\"\",\"26\":\"Poluci\\u00f3n\",\"36\":{\"new1\":{\"type\":\"textBlock\",\"enabled\":\"1\",\"fields\":{\"text\":\"<p>Spanish version of story content here.<\\/p>\"}}},\"27\":\"<p>Nunc sed felis ut elit adipiscing ultrices sit amet vel arcu. Fusce tellus lectus, rhoncus vel tortor id, bibendum molestie mi. Donec convallis sagittis feli.<\\/p>\",\"64\":[\"95\"]}}','2014-07-31 16:10:48','2014-07-31 16:10:48','445b206c-cffb-459c-bc40-f532b609f05d'),
	(213,102,6,1,'en_us',1,'','{\"typeId\":null,\"authorId\":\"1\",\"title\":\"El cambio clim\\u00e1tico\",\"slug\":\"climate-change\",\"postDate\":1406823120,\"expiryDate\":null,\"enabled\":1,\"fields\":{\"82\":\"\",\"26\":\"El cambio clim\\u00e1tico\",\"36\":{\"new1\":{\"type\":\"textBlock\",\"enabled\":\"1\",\"fields\":{\"text\":\"<p>Spanish version of story blocks here.<\\/p>\"}}},\"27\":\"<p>Nunc sed felis ut elit adipiscing ultrices sit amet vel arcu. Fusce tellus lectus, rhoncus vel tortor id, bibendum molestie mi. Donec convallis sagittis feli.<\\/p>\",\"64\":[\"91\"]}}','2014-07-31 16:12:30','2014-07-31 16:12:30','244e0bb0-6206-4977-a223-279428f48b01'),
	(214,102,6,1,'en_us',2,'','{\"typeId\":\"7\",\"authorId\":\"1\",\"title\":\"Climate change\",\"slug\":\"climate-change\",\"postDate\":1406823120,\"expiryDate\":null,\"enabled\":1,\"fields\":{\"82\":\"\",\"26\":\"Climate change\",\"36\":{\"103\":{\"type\":\"textBlock\",\"enabled\":\"1\",\"fields\":{\"text\":\"<p>Spanish version of story blocks here.<\\/p>\"}}},\"27\":\"<p>Nunc sed felis ut elit adipiscing ultrices sit amet vel arcu. Fusce tellus lectus, rhoncus vel tortor id, bibendum molestie mi. Donec convallis sagittis feli.<\\/p>\",\"64\":[\"91\"]}}','2014-07-31 16:12:50','2014-07-31 16:12:50','dadb4246-21be-4156-8c7f-ba931b51bf34'),
	(215,102,6,1,'es',1,'','{\"typeId\":\"7\",\"authorId\":\"1\",\"title\":\"El cambio clim\\u00e1tico\",\"slug\":\"climate-change\",\"postDate\":1406823120,\"expiryDate\":null,\"enabled\":1,\"fields\":{\"82\":\"\",\"26\":\"El cambio clim\\u00e1tico\",\"36\":{\"new1\":{\"type\":\"textBlock\",\"enabled\":\"1\",\"fields\":{\"text\":\"<p>Spanish version of story block here.<\\/p>\"}}},\"27\":\"<p>Nunc sed felis ut elit adipiscing ultrices sit amet vel arcu. Fusce tellus lectus, rhoncus vel tortor id, bibendum molestie mi. Donec convallis sagittis feli.<\\/p>\",\"64\":[\"91\"]}}','2014-07-31 16:13:16','2014-07-31 16:13:16','e29e5f4b-c996-4584-94f9-3f7eb14acf2d'),
	(216,112,7,1,'en_us',1,'','{\"typeId\":\"8\",\"authorId\":\"1\",\"title\":\"Adam Snetman\",\"slug\":\"adam-snetman\",\"postDate\":1407246017,\"expiryDate\":null,\"enabled\":1,\"fields\":{\"59\":\"Brandeis University\",\"58\":\"\",\"56\":[\"40\"],\"60\":[\"37\"],\"57\":\"Job title here\"}}','2014-08-05 13:40:17','2014-08-05 13:40:17','52d8637f-c7d8-4daf-9dae-1010e08dde15'),
	(217,114,7,1,'en_us',1,'','{\"typeId\":\"8\",\"authorId\":\"1\",\"title\":\"Henry Rollins\",\"slug\":\"henry-rollins\",\"postDate\":1407246602,\"expiryDate\":null,\"enabled\":1,\"fields\":{\"59\":\"The Rollins Band\",\"58\":\"Board member\",\"56\":[\"113\"],\"60\":[\"36\"],\"57\":\"Lead Singer\"}}','2014-08-05 13:50:02','2014-08-05 13:50:02','aca0cbb9-6926-44b3-9b40-4b2fb584c747'),
	(218,112,7,1,'en_us',2,'','{\"typeId\":\"8\",\"authorId\":\"1\",\"title\":\"Adam Snetman\",\"slug\":\"adam-snetman\",\"postDate\":1407246000,\"expiryDate\":null,\"enabled\":1,\"fields\":{\"59\":\"Brandeis University\",\"58\":\"\",\"56\":[\"40\"],\"60\":[\"37\"],\"57\":\"Job title here\"}}','2014-08-05 13:50:19','2014-08-05 13:50:19','9dfa3cd5-29e7-4db7-901b-5a88c0ea6507'),
	(219,112,7,1,'en_us',3,'','{\"typeId\":\"8\",\"authorId\":\"1\",\"title\":\"Adam-Snetman\",\"slug\":\"adam-snetman\",\"postDate\":1407246000,\"expiryDate\":null,\"enabled\":1,\"fields\":{\"59\":\"\",\"58\":\"\",\"90\":\"Adam\",\"56\":[\"40\"],\"57\":\"Job title here\",\"91\":\"Snetman\",\"60\":[\"37\"],\"93\":\"M.D.\"}}','2014-08-05 14:49:11','2014-08-05 14:49:11','ebdaca8e-4ee4-479c-84c4-e4c3f8b0c80d'),
	(220,114,7,1,'en_us',2,'','{\"typeId\":\"8\",\"authorId\":\"1\",\"title\":\"Henry-Rollins\",\"slug\":\"henry-rollins\",\"postDate\":1407246600,\"expiryDate\":null,\"enabled\":1,\"fields\":{\"59\":\"\",\"58\":\"Board president\",\"90\":\"Henry\",\"56\":[\"113\"],\"57\":\"\",\"91\":\"Rollins\",\"60\":[\"36\"],\"93\":\"\"}}','2014-08-05 14:50:12','2014-08-05 14:50:12','755ec894-d599-48e1-9564-16102f5bfc47'),
	(221,116,7,1,'en_us',1,'','{\"typeId\":null,\"authorId\":\"1\",\"title\":\"Kristin-Wiig\",\"slug\":\"kristin-wiig\",\"postDate\":1407250411,\"expiryDate\":null,\"enabled\":1,\"fields\":{\"59\":\"Saturday Night Live\",\"58\":\"\",\"90\":\"Kristin\",\"56\":[\"115\"],\"57\":\"\",\"91\":\"Wiig\",\"60\":[\"38\"],\"93\":\"\"}}','2014-08-05 14:53:31','2014-08-05 14:53:31','939564b4-4d46-4e6d-9787-874bf3026bb6'),
	(222,118,7,1,'en_us',1,'','{\"typeId\":null,\"authorId\":\"1\",\"title\":\"Tristram-Shandy\",\"slug\":\"tristram-shandy\",\"postDate\":1407250467,\"expiryDate\":null,\"enabled\":1,\"fields\":{\"59\":\"Oxford University\",\"58\":\"\",\"90\":\"Tristram\",\"56\":[\"117\"],\"57\":\"\",\"91\":\"Shandy\",\"60\":[\"111\"],\"93\":\"Esq.\"}}','2014-08-05 14:54:27','2014-08-05 14:54:27','66650054-54dc-41f2-93d1-f6785893f535'),
	(223,120,8,1,'en_us',1,NULL,'{\"typeId\":null,\"authorId\":\"1\",\"title\":\"Gordon and Betty Moore Foundation\",\"slug\":\"gordon-and-betty-moore-foundation\",\"postDate\":null,\"expiryDate\":null,\"enabled\":0,\"fields\":[]}','2014-08-05 15:00:52','2014-08-05 15:00:52','2a05de66-d8eb-413b-9790-0ee6c9915a6b'),
	(224,120,8,1,'en_us',2,'','{\"typeId\":\"11\",\"authorId\":\"1\",\"title\":\"Gordon and Betty Moore Foundation\",\"slug\":\"gordon-and-betty-moore-foundation\",\"postDate\":null,\"expiryDate\":null,\"enabled\":0,\"fields\":{\"84\":[\"121\"],\"83\":[\"105\"],\"86\":\"moore.org\",\"85\":\"http:\\/\\/www.moore.org\\/\"}}','2014-08-05 15:03:04','2014-08-05 15:03:04','1aa1b82e-e401-4a34-a00a-0134af00b500'),
	(225,120,8,1,'en_us',3,'','{\"typeId\":\"11\",\"authorId\":\"1\",\"title\":\"Gordon and Betty Moore Foundation\",\"slug\":\"gordon-and-betty-moore-foundation\",\"postDate\":1407251006,\"expiryDate\":null,\"enabled\":1,\"fields\":{\"84\":[\"121\"],\"83\":[\"105\"],\"86\":\"moore.org\",\"85\":\"http:\\/\\/www.moore.org\\/\"}}','2014-08-05 15:03:26','2014-08-05 15:03:26','24921110-4091-4853-859c-d62f7a9bdabe'),
	(226,122,8,1,'en_us',1,'','{\"typeId\":null,\"authorId\":\"1\",\"title\":\"Georgia Tech University\",\"slug\":\"georgia-tech-university\",\"postDate\":1407251047,\"expiryDate\":null,\"enabled\":1,\"fields\":{\"84\":[\"119\"],\"83\":[\"107\"],\"86\":\"gatech.edu\",\"85\":\"http:\\/\\/www.gatech.edu\"}}','2014-08-05 15:04:07','2014-08-05 15:04:07','327b7da7-541e-43e3-9a0f-337a99364d16'),
	(227,124,8,1,'en_us',1,'','{\"typeId\":null,\"authorId\":\"1\",\"title\":\"Bullis Charter School\",\"slug\":\"bullis-charter-school\",\"postDate\":1407251100,\"expiryDate\":null,\"enabled\":1,\"fields\":{\"84\":[\"123\"],\"83\":[\"106\"],\"86\":\"\",\"85\":\"\"}}','2014-08-05 15:05:00','2014-08-05 15:05:00','998c98a2-22a2-4737-bbac-bce3f85fdb41'),
	(228,125,10,1,'en_us',1,NULL,'{\"typeId\":null,\"authorId\":\"1\",\"title\":\"Here\\u2019s a title for this text only history entry\",\"slug\":\"heres-a-title-for-this-text-only-history-entry\",\"postDate\":null,\"expiryDate\":null,\"enabled\":0,\"fields\":[]}','2014-08-05 15:06:23','2014-08-05 15:06:23','4eb5e204-bd08-4896-8df2-73d3b82bcfee'),
	(229,125,10,1,'en_us',2,'','{\"typeId\":\"14\",\"authorId\":\"1\",\"title\":\"Here\\u2019s a title for this text only history entry\",\"slug\":\"heres-a-title-for-this-text-only-history-entry\",\"postDate\":1339300800,\"expiryDate\":null,\"enabled\":0,\"fields\":{\"88\":\"<p>Entry description lorem ipsum dolor sit amet consecutat velorem dolor. Sed feugiat justo vitae purus aliquet, et mattis lacus porta. Pellentesque ac tempus nibh.<\\/p>\",\"89\":\"\"}}','2014-08-05 15:08:26','2014-08-05 15:08:26','dd6a7e94-4629-4e3f-b32e-65f0615068e8'),
	(230,125,10,1,'en_us',3,'','{\"typeId\":\"14\",\"authorId\":\"1\",\"title\":\"Here\\u2019s a title for this text only history entry\",\"slug\":\"heres-a-title-for-this-text-only-history-entry\",\"postDate\":1339300800,\"expiryDate\":null,\"enabled\":1,\"fields\":{\"88\":\"<p>Entry description lorem ipsum dolor sit amet consecutat velorem dolor. Sed feugiat justo vitae purus aliquet, et mattis lacus porta. Pellentesque ac tempus nibh.<\\/p>\",\"89\":\"\"}}','2014-08-05 15:08:33','2014-08-05 15:08:33','1fdc1103-3d4c-46f5-84c3-815cc4192a8f'),
	(231,126,10,1,'en_us',1,'','{\"typeId\":null,\"authorId\":\"1\",\"title\":\"Here\\u2019s a title for this history entry.\",\"slug\":\"heres-a-title-for-this-history-entry.\",\"postDate\":1336708800,\"expiryDate\":null,\"enabled\":1,\"fields\":{\"88\":\"<p>Entry description lorem ipsum dolor sit amet consecutat velorem dolor. Sed feugiat justo vitae purus aliquet, et mattis lacus porta. Pellentesque ac tempus nibh. Fusce rutrum ante est, id fringilla nibh varius ut. Nullam at eleifend lectus, quis feugiat diam.<\\/p>\",\"89\":[\"10\"]}}','2014-08-05 15:09:22','2014-08-05 15:09:22','19c2cb7f-a646-4047-9387-8b677f75cf17'),
	(232,127,10,1,'en_us',1,'','{\"typeId\":null,\"authorId\":\"1\",\"title\":\"Lorem ipsum dolor sit amet\",\"slug\":\"lorem-ipsum-dolor-sit-amet\",\"postDate\":1342324800,\"expiryDate\":null,\"enabled\":1,\"fields\":{\"88\":\"<p>Aenean id metus ut ante condimentum molestie. Donec luctus vitae odio vitae rutrum. Sed eget nibh eleifend purus feugiat fermentum nec eu libero.<\\/p>\",\"89\":\"\"}}','2014-08-05 15:10:22','2014-08-05 15:10:22','9c9557bf-bbd3-468d-80fe-c18d2d275e9a'),
	(233,128,10,1,'en_us',1,'','{\"typeId\":null,\"authorId\":\"1\",\"title\":\"Lorem ipsum dolor sit amet consecutat velorem dolor adipiscing elit\",\"slug\":\"lorem-ipsum-dolor-sit-amet-consecutat-velorem-dolor-adipiscing-elit\",\"postDate\":1344225600,\"expiryDate\":null,\"enabled\":1,\"fields\":{\"88\":\"<p>Entry description lorem ipsum dolor sit amet consecutat velorem dolor. Sed feugiat justo vitae purus aliquet, et mattis lacus porta. Pellentesque ac tempus nibh.<\\/p>\",\"89\":\"\"}}','2014-08-05 15:10:56','2014-08-05 15:10:56','298b2e14-9217-4c2a-8766-3f6c6103ff58'),
	(234,129,10,1,'en_us',1,'','{\"typeId\":null,\"authorId\":\"1\",\"title\":\"Here\\u2019s a title for this text only history entry\",\"slug\":\"heres-a-title-for-this-text-only-history-entry\",\"postDate\":1394168400,\"expiryDate\":null,\"enabled\":1,\"fields\":{\"88\":\"<p>Entry description lorem ipsum dolor sit amet consecutat velorem dolor. Sed feugiat justo vitae purus aliquet, et mattis lacus porta. Pellentesque ac tempus nibh.<\\/p>\",\"89\":\"\"}}','2014-08-05 15:11:36','2014-08-05 15:11:36','884bd8ea-7dcb-445f-abf5-5f818d811e70'),
	(235,130,10,1,'en_us',1,'','{\"typeId\":null,\"authorId\":\"1\",\"title\":\"Here\\u2019s a title for this entry.\",\"slug\":\"heres-a-title-for-this-entry.\",\"postDate\":1418619600,\"expiryDate\":null,\"enabled\":1,\"fields\":{\"88\":\"<p>Entry description lorem ipsum dolor sit amet consecutat velorem dolor.<\\/p>\",\"89\":[\"9\"]}}','2014-08-05 15:12:09','2014-08-05 15:12:09','970b1bb3-5a1a-4327-8f1b-2081fc9ea30f'),
	(236,130,10,1,'en_us',2,'','{\"typeId\":\"14\",\"authorId\":\"1\",\"title\":\"Here\\u2019s a title for this entry.\",\"slug\":\"heres-a-title-for-this-entry.\",\"postDate\":1407124800,\"expiryDate\":null,\"enabled\":1,\"fields\":{\"88\":\"<p>Entry description lorem ipsum dolor sit amet consecutat velorem dolor.<\\/p>\",\"89\":[\"9\"]}}','2014-08-05 15:12:41','2014-08-05 15:12:41','39862067-242c-4394-84dd-bf4245ddbbf2'),
	(237,131,11,1,'en_us',1,'','{\"typeId\":\"15\",\"authorId\":null,\"title\":\"About section front\",\"slug\":\"aboutfront\",\"postDate\":1407252178,\"expiryDate\":null,\"enabled\":1,\"fields\":{\"23\":\"\",\"22\":\"\",\"20\":\"\",\"26\":\"About\",\"36\":{\"new1\":{\"type\":\"textBlock\",\"enabled\":\"1\",\"fields\":{\"text\":\"<p>Here\'s the story content for the about section<\\/p>\"}}},\"27\":\"<p>Here\'s the teaser for the about section.<\\/p>\"}}','2014-08-05 15:29:13','2014-08-05 15:29:13','4e88fa8d-86fa-4fee-bd62-6d6ccc998c5b'),
	(238,131,11,1,'en_us',2,'','{\"typeId\":\"15\",\"authorId\":null,\"title\":\"About section front\",\"slug\":\"aboutfront\",\"postDate\":1407252178,\"expiryDate\":null,\"enabled\":1,\"fields\":{\"26\":\"About\",\"36\":{\"132\":{\"type\":\"textBlock\",\"enabled\":\"1\",\"fields\":{\"text\":\"<p>Here\'s the story content for the about section<\\/p>\"}}},\"27\":\"<p>Here\'s the teaser for the about section.<\\/p>\"}}','2014-08-05 15:29:57','2014-08-05 15:29:57','3d6b4347-06b2-4fde-bc0d-177978c97aa0'),
	(239,69,5,1,'en_us',2,'','{\"typeId\":\"6\",\"authorId\":null,\"title\":\"Threats section front\",\"slug\":\"threatsfront\",\"postDate\":1407253197,\"expiryDate\":null,\"enabled\":1,\"fields\":{\"65\":\"<p>Leatherbacks face different threats specific to each stage of their lives and the habitats they occupy during those stages. To save the leatherback, we must reduce threats in all habitats turtles occupy across their entire life cycle.<\\/p><p>For example, a nest that eludes poachers may produce a hatchling lucky enough to avoid ingesting plastics. The turtle will need to avoid entanglement in fishing gear as she migrates over long distances in search of jellyfish. After the 15-25 years, she will reach maturity and return to her natal beach to nest for the first time. Lights on the beach may prevent her from nesting \\u2013 or if she does \\u2013 disorient nestlings.<\\/p><p>Lorem ipsum dolor dit amet adipiscing ultrices sit amet vel arcu. Fusce tellus lectus, rhoncus vel tortor id.<\\/p>\",\"26\":\"Threats\",\"27\":\"<p>Leatherbacks face different threats specific to each stage of their lives and the habitats they occupy during those stages. To save the leatherback, we must reduce threats in all habitats turtles occupy across their entire life cycle.<\\/p>\"}}','2014-08-05 15:46:29','2014-08-05 15:46:29','c1912a84-ffa1-4800-bfcb-2bd06ae1e5c3'),
	(240,49,4,1,'en_us',5,'','{\"typeId\":\"5\",\"authorId\":null,\"title\":\"News & Events section front\",\"slug\":\"newsandeventsfront\",\"postDate\":1406123623,\"expiryDate\":null,\"enabled\":1,\"fields\":{\"62\":[\"11\"],\"26\":\"News & events\",\"27\":\"<p>Teaser for the news and events section<\\/p>\"}}','2014-08-05 15:47:05','2014-08-05 15:47:05','bbb224b5-70c0-4b09-ac88-af5081c64e4e'),
	(241,131,11,1,'en_us',3,'','{\"typeId\":\"15\",\"authorId\":null,\"title\":\"About section front\",\"slug\":\"aboutfront\",\"postDate\":1407253141,\"expiryDate\":null,\"enabled\":1,\"fields\":{\"26\":\"About\",\"36\":{\"132\":{\"type\":\"textBlock\",\"enabled\":\"1\",\"fields\":{\"text\":\"<p>Here\'s the story content for the about section<\\/p>\"}}},\"27\":\"<p>Here\'s the teaser for the about section.<\\/p>\"}}','2014-08-05 15:53:36','2014-08-05 15:53:36','4fe98bdc-d718-4615-b1a6-ab2d242a8530'),
	(242,133,12,1,'en_us',1,'','{\"typeId\":\"17\",\"authorId\":\"1\",\"title\":\"Our Team\",\"slug\":\"our-team\",\"postDate\":1407259613,\"expiryDate\":null,\"enabled\":1,\"fields\":{\"65\":\"<p>Here\'s the intro to the our team page.<\\/p>\",\"26\":\"Our Team\",\"27\":\"<p>Here\'s the teaser for the our team page<\\/p>\",\"29\":\"\"}}','2014-08-05 17:26:53','2014-08-05 17:26:53','0c0b21b2-0c4a-449f-92ca-770b57c7b3a3'),
	(243,133,12,1,'es',1,'','{\"typeId\":\"17\",\"authorId\":\"1\",\"title\":\"Nuestro Equipo\",\"slug\":\"our-team\",\"postDate\":1407259560,\"expiryDate\":null,\"enabled\":1,\"fields\":{\"65\":\"<p>Here\'s the (Spanish)&nbsp;intro to the our team page.<\\/p>\",\"26\":\"Nuestro Equipo\",\"27\":\"<p>Here\'s the (spanish)&nbsp;teaser for the our team page<\\/p>\",\"29\":\"\"}}','2014-08-05 17:27:48','2014-08-05 17:27:48','52672d05-2fd4-448f-9717-7757f78404ec'),
	(244,134,12,1,'en_us',1,'','{\"typeId\":\"18\",\"authorId\":\"1\",\"title\":\"History of TLT\",\"slug\":\"history-of-tlt\",\"postDate\":1407259791,\"expiryDate\":null,\"enabled\":1,\"fields\":{\"65\":\"<p>The Leatherback Trust is a non-profit foundation established by James R. Spotila, Ph.D. to save the leatherback turtle and other sea turtles from extinction. The Leatherback Trust scientists were instrumental in founding a new national park, Parque Marino Las Baulas, on the Pacific coast of Costa Rica. [WB]<\\/p><p>The Leatherback Trust (TLT), established in 2000, is an international non-profit conservation organization devoted to preserving endangered leatherback turtles and other sea turtle species.<\\/p><p>TLT applies a site-based approach to conservation centered actively on nesting beaches in Costa Rica and supporting research on beaches elsewhere globally. TLT uses an innovative, collaborative, and respectful approach to conservation, working with local communities to find win-win solutions for leatherback conservation. TLT has earned a reputation for integrity, through its emphasis on empirical work and its focus on action and results. We recognize the need and opportunity to expand beyond the beaches in order to address the other elements of sea turtle habitat critical to saving the turtles. These include inter-nesting areas, migration corridors and foraging areas.&nbsp;[SP]<\\/p>\",\"26\":\"History of TLT\",\"27\":\"<p>Teaser for the history page here.<\\/p>\",\"29\":\"\"}}','2014-08-05 17:29:52','2014-08-05 17:29:52','59ebb053-91f9-4be7-ae0b-e4a4a746b041'),
	(245,134,12,1,'es',1,'','{\"typeId\":\"18\",\"authorId\":\"1\",\"title\":\"Historia de TLT\",\"slug\":\"history-of-tlt\",\"postDate\":1407259740,\"expiryDate\":null,\"enabled\":1,\"fields\":{\"65\":\"<p>Spanish intro for the history page here.<\\/p>\",\"26\":\"Historia de TLT\",\"27\":\"<p>Spanish teaser for the history page here.<\\/p>\",\"29\":\"\"}}','2014-08-05 17:30:39','2014-08-05 17:30:39','90ed07af-d442-4fc7-9f0d-6e2550a2941e'),
	(246,135,12,1,'en_us',1,'','{\"typeId\":\"19\",\"authorId\":\"1\",\"title\":\"Our Partners\",\"slug\":\"our-partners\",\"postDate\":1407260115,\"expiryDate\":null,\"enabled\":1,\"fields\":{\"65\":\"<p>Intro for the partners page<\\/p>\",\"26\":\"Our Partners\",\"27\":\"<p>Teaser for the our partners page<\\/p>\",\"29\":\"\"}}','2014-08-05 17:35:15','2014-08-05 17:35:15','ca07d2b0-41e1-4640-97f1-5d3d412be1bc'),
	(247,135,12,1,'es',1,'','{\"typeId\":\"19\",\"authorId\":\"1\",\"title\":\"Nuestros Socios\",\"slug\":\"our-partners\",\"postDate\":1407260100,\"expiryDate\":null,\"enabled\":1,\"fields\":{\"65\":\"<p>Spanish intro for the partners page<\\/p>\",\"26\":\"Nuestros Socios\",\"27\":\"<p>Spanish teaser for the our partners page<\\/p>\",\"29\":\"\"}}','2014-08-05 17:35:53','2014-08-05 17:35:53','dce09ef4-852f-4a67-baa9-183778c5def6'),
	(248,112,7,1,'en_us',4,'','{\"typeId\":\"8\",\"authorId\":\"1\",\"title\":\"Adam-Snetman\",\"slug\":\"adam-snetman\",\"postDate\":1407246000,\"expiryDate\":null,\"enabled\":1,\"fields\":{\"59\":\"\",\"58\":\"\",\"90\":\"Adam\",\"56\":[\"40\"],\"57\":\"Job title here\",\"91\":\"Snetman\",\"60\":[\"36\",\"37\"],\"93\":\"M.D.\"}}','2014-08-05 18:52:32','2014-08-05 18:52:32','f8aa1053-07ee-49e2-9a13-c8cbafcdcd4d'),
	(249,112,7,1,'en_us',5,'','{\"typeId\":\"8\",\"authorId\":\"1\",\"title\":\"Adam-Snetman\",\"slug\":\"adam-snetman\",\"postDate\":1407246000,\"expiryDate\":null,\"enabled\":1,\"fields\":{\"59\":\"\",\"58\":\"Board Vice President\",\"90\":\"Adam\",\"56\":[\"40\"],\"57\":\"Job title here\",\"91\":\"Snetman\",\"60\":[\"36\",\"37\"],\"93\":\"M.D.\"}}','2014-08-05 18:59:29','2014-08-05 18:59:29','c938cb4f-32d1-4a5b-9b4d-e34929b2d7cf'),
	(250,112,7,1,'en_us',6,'','{\"typeId\":\"8\",\"authorId\":\"1\",\"title\":\"Adam-Snetman\",\"slug\":\"adam-snetman\",\"postDate\":1407246000,\"expiryDate\":null,\"enabled\":1,\"fields\":{\"59\":\"\",\"58\":\"Board Vice President\",\"90\":\"Adam\",\"56\":[\"40\"],\"57\":\"Job title here\",\"91\":\"Snetman\",\"60\":[\"37\"],\"93\":\"M.D.\"}}','2014-08-05 18:59:51','2014-08-05 18:59:51','93afea74-2c7e-4d36-af47-40e700b60e14'),
	(251,112,7,1,'en_us',7,'','{\"typeId\":\"8\",\"authorId\":\"1\",\"title\":\"Adam-Snetman\",\"slug\":\"adam-snetman\",\"postDate\":1407246000,\"expiryDate\":null,\"enabled\":1,\"fields\":{\"59\":\"\",\"58\":\"Board Vice President\",\"90\":\"Adam\",\"56\":[\"40\"],\"57\":\"Job title here\",\"91\":\"Snetman\",\"60\":[\"36\"],\"93\":\"M.D.\"}}','2014-08-05 19:00:02','2014-08-05 19:00:02','e99598b9-005d-48d1-bb0c-02950feffca7'),
	(252,112,7,1,'en_us',8,'','{\"typeId\":\"8\",\"authorId\":\"1\",\"title\":\"Adam-Snetman\",\"slug\":\"adam-snetman\",\"postDate\":1407246000,\"expiryDate\":null,\"enabled\":1,\"fields\":{\"59\":\"\",\"58\":\"Board Vice President\",\"90\":\"Adam\",\"56\":[\"40\"],\"57\":\"Job title here\",\"91\":\"Snetman\",\"60\":[\"37\"],\"93\":\"M.D.\"}}','2014-08-05 19:02:07','2014-08-05 19:02:07','2e5055d9-175d-46f6-b628-9ecabe9a5b0d'),
	(253,136,12,1,'en_us',1,'','{\"typeId\":\"16\",\"authorId\":\"1\",\"title\":\"A test page in the about section\",\"slug\":\"a-test-page-in-the-about-section\",\"postDate\":1407265716,\"expiryDate\":null,\"enabled\":1,\"fields\":{\"23\":\"\",\"22\":\"\",\"20\":\"\",\"82\":\"\",\"26\":\"Test page\",\"36\":{\"new1\":{\"type\":\"textBlock\",\"enabled\":\"1\",\"fields\":{\"text\":\"<p>Here\'s my content<\\/p>\"}}},\"27\":\"<p>Here\'s the teaser<\\/p>\",\"29\":\"\"}}','2014-08-05 19:08:37','2014-08-05 19:08:37','55c5f577-0f00-4016-9109-24206dae2ee6'),
	(254,136,12,1,'en_us',2,'','{\"typeId\":\"16\",\"authorId\":\"1\",\"title\":\"A test page in the about section\",\"slug\":\"a-test-page-in-the-about-section\",\"postDate\":1407265680,\"expiryDate\":null,\"enabled\":1,\"fields\":{\"23\":\"<p>Here\'s my hero caption.<\\/p>\",\"22\":\"Here\'s my hero title\",\"20\":[\"9\"],\"82\":[\"133\",\"66\"],\"26\":\"Test page\",\"36\":{\"137\":{\"type\":\"textBlock\",\"enabled\":\"1\",\"fields\":{\"text\":\"<p>Here\'s my content<\\/p>\"}}},\"27\":\"<p>Here\'s the teaser<\\/p>\",\"29\":\"\"}}','2014-08-05 19:09:42','2014-08-05 19:09:42','ce1f9d7f-a545-48ec-bf9a-920180c8ce0f'),
	(255,124,8,1,'en_us',2,'','{\"typeId\":\"11\",\"authorId\":\"1\",\"title\":\"Bullis Charter School\",\"slug\":\"bullis-charter-school\",\"postDate\":1407251100,\"expiryDate\":null,\"enabled\":1,\"fields\":{\"84\":[\"123\"],\"83\":[\"105\"],\"86\":\"\",\"85\":\"\"}}','2014-08-05 19:46:37','2014-08-05 19:46:37','11ec2c76-208e-47fc-8384-f203e1012251'),
	(256,124,8,1,'en_us',3,'','{\"typeId\":\"11\",\"authorId\":\"1\",\"title\":\"Bullis Charter School\",\"slug\":\"bullis-charter-school\",\"postDate\":1407251100,\"expiryDate\":null,\"enabled\":1,\"fields\":{\"84\":[\"123\"],\"83\":[\"105\"],\"86\":\"\",\"85\":\"http:\\/\\/bullisschool.org\"}}','2014-08-05 19:46:53','2014-08-05 19:46:53','34b67dd8-8f69-4757-8cde-e28291959331'),
	(257,120,8,1,'en_us',4,'','{\"typeId\":\"11\",\"authorId\":\"1\",\"title\":\"Gordon and Betty Moore Foundation\",\"slug\":\"gordon-and-betty-moore-foundation\",\"postDate\":1407254400,\"expiryDate\":null,\"enabled\":1,\"fields\":{\"84\":[\"121\"],\"83\":[\"105\"],\"86\":\"moore.org\",\"85\":\"http:\\/\\/www.moore.org\\/\"}}','2014-08-05 19:47:27','2014-08-05 19:47:27','99a4ee0d-2fac-4359-99d0-49b8e38a28c2'),
	(258,112,7,1,'en_us',9,'','{\"typeId\":\"8\",\"authorId\":\"1\",\"title\":\"Adam-Snetman\",\"slug\":\"adam-snetman\",\"postDate\":1407246000,\"expiryDate\":null,\"enabled\":1,\"fields\":{\"59\":\"\",\"58\":\"Board Vice President\",\"90\":\"Adam\",\"56\":[\"40\"],\"57\":\"Job title here\",\"91\":\"Snetman\",\"60\":[\"36\",\"37\",\"38\",\"111\"],\"93\":\"M.D.\"}}','2014-08-05 19:55:30','2014-08-05 19:55:30','8302b2d2-a79b-4de1-b3f4-9f2938d53b73'),
	(259,112,7,1,'en_us',10,'','{\"typeId\":\"8\",\"authorId\":\"1\",\"title\":\"Adam-Snetman\",\"slug\":\"adam-snetman\",\"postDate\":1407246000,\"expiryDate\":null,\"enabled\":1,\"fields\":{\"59\":\"\",\"58\":\"Board Vice President\",\"90\":\"Adam\",\"56\":[\"40\"],\"57\":\"Job title here\",\"91\":\"Snetman\",\"60\":[\"37\"],\"93\":\"\"}}','2014-08-05 19:55:57','2014-08-05 19:55:57','ad9b6a22-4b43-4f89-b385-7726f75f9c89'),
	(260,135,12,1,'en_us',2,'','{\"typeId\":\"19\",\"authorId\":\"1\",\"title\":\"Our Partners\",\"slug\":\"our-partners\",\"postDate\":1407260100,\"expiryDate\":null,\"enabled\":1,\"fields\":{\"65\":\"\",\"26\":\"Our Partners\",\"27\":\"<p>Teaser for the our partners page<\\/p>\",\"29\":\"\"}}','2014-08-05 20:46:58','2014-08-05 20:46:58','7a49b45e-1313-408a-a865-ad61ad3bb3f6'),
	(261,136,12,1,'en_us',3,'','{\"typeId\":\"16\",\"authorId\":\"1\",\"title\":\"A test page in the about section\",\"slug\":\"a-test-page-in-the-about-section\",\"postDate\":1407265680,\"expiryDate\":null,\"enabled\":0,\"fields\":{\"23\":\"<p>Here\'s my hero caption.<\\/p>\",\"22\":\"Here\'s my hero title\",\"20\":[\"9\"],\"82\":[\"133\",\"66\"],\"26\":\"Test page\",\"36\":{\"137\":{\"type\":\"textBlock\",\"enabled\":\"1\",\"fields\":{\"text\":\"<p>Here\'s my content<\\/p>\"}}},\"27\":\"<p>Here\'s the teaser<\\/p>\",\"29\":\"\"}}','2014-08-05 21:07:27','2014-08-05 21:07:27','c76566ef-afdd-4e8d-adae-c45a93a488ad'),
	(262,34,3,1,'es',5,'','{\"typeId\":\"4\",\"authorId\":\"1\",\"title\":\"Event name here\",\"slug\":\"event-name-here\",\"postDate\":1406586960,\"expiryDate\":null,\"enabled\":1,\"fields\":{\"32\":\"\",\"31\":{\"date\":\"8\\/9\\/2014\",\"time\":\"6:00 PM\"},\"30\":{\"date\":\"8\\/6\\/2014\",\"time\":\"1:30 PM\"},\"23\":\"\",\"22\":\"\",\"20\":\"\",\"69\":\"Jackson Heights\",\"72\":\"\",\"66\":\"M\\u00ed apartamento\",\"71\":\"11372\",\"70\":\"NY\",\"67\":\"3420 79th Street\",\"68\":\"No. 6D\",\"3\":\"\",\"34\":\"mailto:snetman@gmail.com\",\"35\":\"RSVP\",\"26\":\"Short title here for event\",\"33\":\"1\",\"36\":{\"50\":{\"type\":\"textBlock\",\"enabled\":\"1\",\"fields\":{\"text\":\"<p>Here\'s my event story description.<\\/p>\"}}},\"27\":\"<p>Here\'s my event teaser<\\/p>\",\"29\":[\"21\"]}}','2014-08-05 22:32:47','2014-08-05 22:32:47','d903332b-d714-44d0-be03-3f9762ba7020'),
	(263,34,3,1,'es',6,'','{\"typeId\":\"4\",\"authorId\":\"1\",\"title\":\"Event name here\",\"slug\":\"event-name-here\",\"postDate\":1406586960,\"expiryDate\":null,\"enabled\":1,\"fields\":{\"32\":\"\",\"31\":{\"date\":\"8\\/9\\/2014\",\"time\":\"6:00 PM\"},\"30\":{\"date\":\"8\\/6\\/2014\",\"time\":\"1:30 PM\"},\"23\":\"\",\"22\":\"\",\"20\":\"\",\"69\":\"Jackson Heights\",\"72\":\"\",\"66\":\"M\\u00ed apartamento\",\"71\":\"11372\",\"70\":\"NY\",\"67\":\"3420 79th Street\",\"68\":\"No. 6D\",\"3\":\"\",\"34\":\"mailto:snetman@gmail.com\",\"35\":\"RSVP\",\"26\":\"Short title here for event\",\"33\":\"1\",\"36\":{\"50\":{\"type\":\"textBlock\",\"enabled\":\"1\",\"fields\":{\"text\":\"<p>Here\'s my event story description.<\\/p>\"}}},\"27\":\"<p>Here\'s my event teaser<\\/p>\",\"29\":[\"21\"]}}','2014-08-05 22:33:06','2014-08-05 22:33:06','7e7c5616-f09b-4ec5-9ee4-0e9b4580ae0c'),
	(264,2,1,1,'en_us',13,'','{\"typeId\":\"1\",\"authorId\":null,\"title\":\"Homepage\",\"slug\":\"homepage\",\"postDate\":1405608531,\"expiryDate\":null,\"enabled\":1,\"fields\":{\"18\":\"Google it\",\"19\":\"http:\\/\\/www.google.com\",\"17\":\"<p>Here\'s my alert body in english.<\\/p>\",\"16\":\"<p>Here\'s my alert headline<\\/p>\",\"23\":\"<p>If there is some additional information, then it will be set like this in some descriptive text that will accompany the caption like so.<\\/p>\",\"22\":\"Headline for image caption here lorem ipsum dolor\",\"20\":[\"8\"],\"25\":\"<p>Leatherback turtles are critically endangered worldwide. Populations of Eastern Pacific leatherbacks declined 90% since 1990. The Leatherback Trust (TLT) aims to reverse this trend by tackling the <a href=\\\"http:\\/\\/leatherback.startingnow.co\\/html-v2\\/homepage.html#\\\">5 most deadly threats<\\/a> to leatherbacks and other sea turtles. Our scientists <a href=\\\"http:\\/\\/leatherback.startingnow.co\\/html-v2\\/homepage.html#\\\">conduct research<\\/a> at nesting beaches and at sea, collecting critical data to support conservation interventions. We <a href=\\\"http:\\/\\/leatherback.startingnow.co\\/html-v2\\/homepage.html#\\\">partner with communities<\\/a> to <a href=\\\"http:\\/\\/leatherback.startingnow.co\\/html-v2\\/homepage.html#\\\">protect nesting beaches<\\/a> and work with governments to <a href=\\\"http:\\/\\/leatherback.startingnow.co\\/html-v2\\/homepage.html#\\\">inform sustainable development and fisheries management priorities<\\/a>.<\\/p>\",\"24\":\"The Leatherback Trust is a non-profit organization dedicated to saving the leatherback sea turtle. Our mission is to promote the conservation of leatherbacks and other turtles at risk of extinction.\",\"15\":\"1\",\"95\":[\"11\"]}}','2014-08-05 22:33:41','2014-08-05 22:33:41','c87b9f89-6dc0-4f80-ae44-745a35d626e9'),
	(265,2,1,1,'es',21,'','{\"typeId\":\"1\",\"authorId\":null,\"title\":\"Homepage\",\"slug\":\"homepage\",\"postDate\":1405608531,\"expiryDate\":null,\"enabled\":1,\"fields\":{\"18\":\"\",\"19\":\"\",\"17\":\"<p>Here\'s my alert body in spanish with <em>some italics <\\/em>and <strong>some bold<\\/strong>.<\\/p>\",\"16\":\"\",\"23\":\"<p>Spanish hero caption here. Lorem ipsum dolor sit amet consecutat velorem dolor. Adipiscing elite ventorum.&nbsp;No caption title for the spanish version.<\\/p>\",\"22\":\"\",\"20\":[\"10\"],\"25\":\"<p>Spanish mission statement body here lorem ipsum dolor sit amet consecutat velorem dolor. Adipiscing elite vestibulum elite ventorum.<\\/p>\",\"24\":\"Spanish mission statement here lore ipsum dolor sit amet consecutat velorem dolor. Adipiscing elite ventorum.\",\"15\":\"1\",\"95\":[\"52\"]}}','2014-08-05 22:34:15','2014-08-05 22:34:15','11bcf289-2877-4a21-a81b-f3b397917f56'),
	(266,138,13,1,'en_us',1,'','{\"typeId\":\"20\",\"authorId\":null,\"title\":\"404 page\",\"slug\":\"page404\",\"postDate\":1407419849,\"expiryDate\":null,\"enabled\":1,\"fields\":{\"36\":{\"new1\":{\"type\":\"textBlock\",\"enabled\":\"1\",\"fields\":{\"text\":\"<p>Here\'s the content for my 404 page<\\/p>\"}}}}}','2014-08-07 13:58:38','2014-08-07 13:58:38','63cfe93c-ea8b-42f1-9c60-5f6ec53c2069'),
	(267,138,13,1,'es',1,'','{\"typeId\":\"20\",\"authorId\":null,\"title\":\"404 page\",\"slug\":\"page404\",\"postDate\":1407419849,\"expiryDate\":null,\"enabled\":1,\"fields\":{\"36\":{\"new1\":{\"type\":\"textBlock\",\"enabled\":\"1\",\"fields\":{\"text\":\"<p>Here\'s the spanish content for my 404 page.<\\/p>\"}}}}}','2014-08-07 13:58:51','2014-08-07 13:58:51','d17a7524-08c3-4db9-938e-2d96750230a5'),
	(268,138,13,1,'en_us',2,'','{\"typeId\":\"20\",\"authorId\":null,\"title\":\"404 page\",\"slug\":\"page404\",\"postDate\":1407419849,\"expiryDate\":null,\"enabled\":1,\"fields\":{\"36\":{\"139\":{\"type\":\"textBlock\",\"enabled\":\"1\",\"fields\":{\"text\":\"<p>Here\'s the content for my 404 page<\\/p>\"}}}}}','2014-08-07 14:06:30','2014-08-07 14:06:30','dcbc5977-a753-4f44-8ec4-df5fb7946a7b'),
	(269,138,13,1,'en_us',3,'','{\"typeId\":\"20\",\"authorId\":null,\"title\":\"404 page\",\"slug\":\"page404\",\"postDate\":1407419849,\"expiryDate\":null,\"enabled\":1,\"fields\":{\"36\":{\"139\":{\"type\":\"textBlock\",\"enabled\":\"1\",\"fields\":{\"text\":\"<p>Here\'s the content for my 404 page<\\/p>\"}},\"new1\":{\"type\":\"pullquoteBlock\",\"enabled\":\"1\",\"fields\":{\"quote\":\"A quote is here\",\"sourceName\":\"someone\",\"sourceTitle\":\"\"}}}}}','2014-08-07 14:07:09','2014-08-07 14:07:09','a7a2aab5-4f4d-49b2-bb54-62876ff111f9'),
	(270,138,13,1,'en_us',4,'','{\"typeId\":\"20\",\"authorId\":null,\"title\":\"404 page\",\"slug\":\"page404\",\"postDate\":1407419849,\"expiryDate\":null,\"enabled\":1,\"fields\":{\"36\":{\"139\":{\"type\":\"textBlock\",\"enabled\":\"1\",\"fields\":{\"text\":\"<p>Unfortunately, the page you\'re looking for doesn\'t exist. Perhaps you should return to our homepage and start again?<\\/p>\"}},\"141\":{\"type\":\"pullquoteBlock\",\"enabled\":\"1\",\"fields\":{\"quote\":\"Not until we are lost do we begin to understand ourselves.\",\"sourceName\":\"Henry David Thoreau\",\"sourceTitle\":\"\"}}}}}','2014-08-07 14:14:20','2014-08-07 14:14:20','d64b7b50-d315-4997-9262-415a18bb6039'),
	(271,138,13,1,'en_us',5,'','{\"typeId\":\"20\",\"authorId\":null,\"title\":\"404 page\",\"slug\":\"page404\",\"postDate\":1407419849,\"expiryDate\":null,\"enabled\":1,\"fields\":{\"36\":{\"139\":{\"type\":\"textBlock\",\"enabled\":\"1\",\"fields\":{\"text\":\"<p>Unfortunately, the page you\'re looking for doesn\'t exist. Perhaps you should <a href=\\\"http:\\/\\/leatherback.dev\\/#entry:2\\\">return to our homepage<\\/a> and start again?<\\/p>\"}},\"141\":{\"type\":\"pullquoteBlock\",\"enabled\":\"1\",\"fields\":{\"quote\":\"Not until we are lost do we begin to understand ourselves.\",\"sourceName\":\"Henry David Thoreau\",\"sourceTitle\":\"\"}}}}}','2014-08-07 14:14:51','2014-08-07 14:14:51','aca4e76a-6989-476e-aca1-fa46597c6d9b'),
	(272,142,14,1,'en_us',1,'','{\"typeId\":\"21\",\"authorId\":null,\"title\":\"Why Leatherbacks section front\",\"slug\":\"whyleatherbacksfront\",\"postDate\":1407421424,\"expiryDate\":null,\"enabled\":1,\"fields\":{\"65\":\"<p>Sea turtles swam the oceans when dinosaurs roamed the earth. Early ocean explorers marveled at the abundance of sea turtles. [Add quote?] [Numbers afforded&hellip; Explorers \\/ subsistence hunters collected eggs\\/ ate meat &hellip; human populations grew, sea turtle populations dwindled]. Now these ancient reptiles confront new threats, like pollution, industrial fishing, climate change, and large-scale coastal development.<\\/p>\"}}','2014-08-07 14:27:01','2014-08-07 14:27:01','4fd38ea6-b2fd-41c9-b238-dfe00bd2019a'),
	(273,142,14,1,'es',1,'','{\"typeId\":\"21\",\"authorId\":null,\"title\":\"Why Leatherbacks section front\",\"slug\":\"whyleatherbacksfront\",\"postDate\":1407421424,\"expiryDate\":null,\"enabled\":1,\"fields\":{\"65\":\"<p>(Spanish intro)&nbsp;Sea turtles swam the oceans when dinosaurs roamed the earth. Early ocean explorers marveled at the abundance of sea turtles. [Add quote?] [Numbers afforded&hellip; Explorers \\/ subsistence hunters collected eggs\\/ ate meat &hellip; human populations grew, sea turtle populations dwindled]. Now these ancient reptiles confront new threats, like pollution, industrial fishing, climate change, and large-scale coastal development.<\\/p>\"}}','2014-08-07 14:27:15','2014-08-07 14:27:15','4d101119-950a-4687-a6b1-a747fbfbbe4c'),
	(274,71,6,1,'es',6,'','{\"typeId\":\"7\",\"authorId\":\"1\",\"title\":\"Urbanizaci\\u00f3n\",\"slug\":\"urbanizacion\",\"postDate\":1406494920,\"expiryDate\":null,\"enabled\":1,\"fields\":{\"82\":[\"82\",\"11\"],\"26\":\"Urbanizaci\\u00f3n\",\"36\":{\"73\":{\"type\":\"textBlock\",\"enabled\":\"1\",\"fields\":{\"text\":\"<p>Spanish story blocks here.<\\/p>\"}}},\"27\":\"<p>Spanish teaser nunc sed felis ut elit adipiscing ultrices sit amet vel arcu. Fusce tellus lectus, rhoncus vel tortor id, bibendum molestie mi. Donec convallis sagittis feli.<\\/p>\",\"64\":[\"70\"]}}','2014-08-07 14:59:00','2014-08-07 14:59:00','29633457-5d00-4809-9857-5a419ebd2824'),
	(275,99,6,1,'es',2,'','{\"typeId\":\"7\",\"authorId\":\"1\",\"title\":\"Poluci\\u00f3n\",\"slug\":\"pollution\",\"postDate\":1406822940,\"expiryDate\":null,\"enabled\":1,\"fields\":{\"82\":\"\",\"26\":\"Poluci\\u00f3n\",\"36\":{\"101\":{\"type\":\"textBlock\",\"enabled\":\"1\",\"fields\":{\"text\":\"<p>Spanish version of story content here.<\\/p>\"}}},\"27\":\"<p>Nunc sed felis ut elit adipiscing ultrices sit amet vel arcu. Fusce tellus lectus, rhoncus vel tortor id, bibendum molestie mi. Donec convallis sagittis feli.<\\/p>\",\"64\":[\"95\"]}}','2014-08-07 15:02:48','2014-08-07 15:02:48','03bc14fe-aeca-4744-bd69-be9077c3a328'),
	(276,99,6,1,'es',3,'','{\"typeId\":\"7\",\"authorId\":\"1\",\"title\":\"Poluci\\u00f3n\",\"slug\":\"pollution\",\"postDate\":1406822940,\"expiryDate\":null,\"enabled\":1,\"fields\":{\"82\":\"\",\"26\":\"Poluci\\u00f3n\",\"36\":{\"101\":{\"type\":\"textBlock\",\"enabled\":\"1\",\"fields\":{\"text\":\"<p>Spanish version of story content here.<\\/p>\"}}},\"27\":\"<p>Nunc sed felis ut elit adipiscing ultrices sit amet vel arcu. Fusce tellus lectus, rhoncus vel tortor id, bibendum molestie mi. Donec convallis sagittis feli.<\\/p>\",\"64\":[\"95\"]}}','2014-08-07 15:27:13','2014-08-07 15:27:13','53c02c96-2d34-444d-bb64-611d3e47d875'),
	(277,99,6,1,'es',4,'','{\"typeId\":\"7\",\"authorId\":\"1\",\"title\":\"Poluci\\u00f3n\",\"slug\":\"poluci\\u00f3n\",\"postDate\":1406822940,\"expiryDate\":null,\"enabled\":1,\"fields\":{\"82\":\"\",\"26\":\"Poluci\\u00f3n\",\"36\":{\"101\":{\"type\":\"textBlock\",\"enabled\":\"1\",\"fields\":{\"text\":\"<p>Spanish version of story content here.<\\/p>\"}}},\"27\":\"<p>Nunc sed felis ut elit adipiscing ultrices sit amet vel arcu. Fusce tellus lectus, rhoncus vel tortor id, bibendum molestie mi. Donec convallis sagittis feli.<\\/p>\",\"64\":[\"95\"]}}','2014-08-07 15:27:29','2014-08-07 15:27:29','d009796a-2692-4a27-a120-cfa1c7eb499a'),
	(278,82,6,1,'es',3,'','{\"typeId\":\"7\",\"authorId\":\"1\",\"title\":\"Pesca\",\"slug\":\"pesca\",\"postDate\":1406645760,\"expiryDate\":null,\"enabled\":1,\"fields\":{\"82\":\"\",\"26\":\"Pesca\",\"36\":{\"84\":{\"type\":\"textBlock\",\"enabled\":\"1\",\"fields\":{\"text\":\"<p>Here\'s the content for fishing in spanish.<\\/p>\"}}},\"27\":\"<p>Nunc sed felis ut elit adipiscing ultrices sit amet vel arcu. Fusce tellus lectus, rhoncus vel tortor id, bibendum molestie mi. Donec convallis sagittis feli.<\\/p>\",\"64\":[\"93\"]}}','2014-08-07 15:27:45','2014-08-07 15:27:45','f69e5602-00cc-437f-a431-b2e1d7f26232'),
	(279,71,6,1,'es',7,'','{\"typeId\":\"7\",\"authorId\":\"1\",\"title\":\"Urbanizaci\\u00f3n\",\"slug\":\"urbanizaci\\u00f3n\",\"postDate\":1406494920,\"expiryDate\":null,\"enabled\":1,\"fields\":{\"82\":[\"82\",\"11\"],\"26\":\"Urbanizaci\\u00f3n\",\"36\":{\"73\":{\"type\":\"textBlock\",\"enabled\":\"1\",\"fields\":{\"text\":\"<p>Spanish story blocks here.<\\/p>\"}}},\"27\":\"<p>Spanish teaser nunc sed felis ut elit adipiscing ultrices sit amet vel arcu. Fusce tellus lectus, rhoncus vel tortor id, bibendum molestie mi. Donec convallis sagittis feli.<\\/p>\",\"64\":[\"70\"]}}','2014-08-07 15:28:01','2014-08-07 15:28:01','718dee12-48ce-4315-982c-1029b2898c19'),
	(280,96,6,1,'es',2,'','{\"typeId\":\"7\",\"authorId\":\"1\",\"title\":\"Perturbaci\\u00f3n nido\",\"slug\":\"perturbaci\\u00f3n-nido\",\"postDate\":1406822280,\"expiryDate\":null,\"enabled\":1,\"fields\":{\"82\":\"\",\"26\":\"Perturbaci\\u00f3n nido\",\"36\":{\"98\":{\"type\":\"textBlock\",\"enabled\":\"1\",\"fields\":{\"text\":\"<p>Spanish content for nest disturbance here lorem ipsum.<\\/p>\"}}},\"27\":\"<p>Nunc sed felis ut elit adipiscing ultrices sit amet vel arcu. Fusce tellus lectus, rhoncus vel tortor id, bibendum molestie mi. Donec convallis sagittis feli.<\\/p>\",\"64\":[\"94\"]}}','2014-08-07 15:28:20','2014-08-07 15:28:20','1a31a888-d79d-497d-9cce-6dd21f888854'),
	(281,102,6,1,'es',2,'','{\"typeId\":\"7\",\"authorId\":\"1\",\"title\":\"El cambio clim\\u00e1tico\",\"slug\":\"el-cambio-clim\\u00e1tico\",\"postDate\":1406823120,\"expiryDate\":null,\"enabled\":1,\"fields\":{\"82\":\"\",\"26\":\"El cambio clim\\u00e1tico\",\"36\":{\"104\":{\"type\":\"textBlock\",\"enabled\":\"1\",\"fields\":{\"text\":\"<p>Spanish version of story block here.<\\/p>\"}}},\"27\":\"<p>Nunc sed felis ut elit adipiscing ultrices sit amet vel arcu. Fusce tellus lectus, rhoncus vel tortor id, bibendum molestie mi. Donec convallis sagittis feli.<\\/p>\",\"64\":[\"91\"]}}','2014-08-07 15:28:44','2014-08-07 15:28:44','b76cab28-42a4-4746-a4d3-5f3154d4495b'),
	(282,143,15,1,'en_us',1,'','{\"typeId\":null,\"authorId\":\"1\",\"title\":\"Habits & Habitats\",\"slug\":\"habits-habitats\",\"postDate\":1407426238,\"expiryDate\":null,\"enabled\":1,\"fields\":{\"23\":\"\",\"22\":\"\",\"20\":\"\",\"82\":\"\",\"26\":\"Habits & Habitats\",\"36\":{\"new1\":{\"type\":\"textBlock\",\"enabled\":\"1\",\"fields\":{\"text\":\"<p>There are seven species of sea turtle. All sea turtles share common life history characteristics, and face common threats throughout their lifetimes from nest disturbance, development, fishing, pollution and climate change. As the largest, deepest-diving and farthest ranging sea turtles, leatherbacks serve as a flagship species for the other six species of sea turtles negatively affected by climate change, beachfront lighting or unleashed pets disturbing nest sites. Charismatic leatherbacks can also raise awareness for other animals like albatross, which are also killed by plastic pollution, gillnets and longlines.<\\/p>\"}}},\"27\":\"<p>Here\'s a teaser for the habits and habitats page<\\/p>\",\"29\":\"\"}}','2014-08-07 15:43:59','2014-08-07 15:43:59','049406f1-f6ee-48f7-83e9-37c8786ba3e7'),
	(283,143,15,1,'es',1,'','{\"typeId\":\"22\",\"authorId\":\"1\",\"title\":\"H\\u00e1bits y H\\u00e1bitats\",\"slug\":\"habits-habitats\",\"postDate\":1407426180,\"expiryDate\":null,\"enabled\":1,\"fields\":{\"23\":\"\",\"22\":\"\",\"20\":\"\",\"82\":\"\",\"26\":\"H\\u00e1bits y H\\u00e1bitats\",\"36\":{\"new1\":{\"type\":\"textBlock\",\"enabled\":\"1\",\"fields\":{\"text\":\"<p>(Spanish)&nbsp;There are seven species of sea turtle. All sea turtles share common life history characteristics, and face common threats throughout their lifetimes from nest disturbance, development, fishing, pollution and climate change. As the largest, deepest-diving and farthest ranging sea turtles, leatherbacks serve as a flagship species for the other six species of sea turtles negatively affected by climate change, beachfront lighting or unleashed pets disturbing nest sites. Charismatic leatherbacks can also raise awareness for other animals like albatross, which are also killed by plastic pollution, gillnets and longlines.<\\/p>\"}}},\"27\":\"<p>Here\'s a spanish&nbsp;teaser for the habits and habitats page<\\/p>\",\"29\":\"\"}}','2014-08-07 15:45:21','2014-08-07 15:45:21','1f137b70-ccf3-470b-ae68-d878a9c11f5c'),
	(284,143,15,1,'en_us',2,'','{\"typeId\":\"22\",\"authorId\":\"1\",\"title\":\"Habits and Habitats\",\"slug\":\"habits-habitats\",\"postDate\":1407426180,\"expiryDate\":null,\"enabled\":1,\"fields\":{\"23\":\"\",\"22\":\"\",\"20\":\"\",\"82\":\"\",\"26\":\"Habits and Habitats\",\"36\":{\"144\":{\"type\":\"textBlock\",\"enabled\":\"1\",\"fields\":{\"text\":\"<p>There are seven species of sea turtle. All sea turtles share common life history characteristics, and face common threats throughout their lifetimes from nest disturbance, development, fishing, pollution and climate change. As the largest, deepest-diving and farthest ranging sea turtles, leatherbacks serve as a flagship species for the other six species of sea turtles negatively affected by climate change, beachfront lighting or unleashed pets disturbing nest sites. Charismatic leatherbacks can also raise awareness for other animals like albatross, which are also killed by plastic pollution, gillnets and longlines.<\\/p>\"}}},\"27\":\"<p>Here\'s a teaser for the habits and habitats page<\\/p>\",\"29\":\"\"}}','2014-08-07 15:45:34','2014-08-07 15:45:34','11b05aab-fcc2-49c8-bc6e-0429fc50623f'),
	(285,143,15,1,'en_us',3,'','{\"typeId\":\"22\",\"authorId\":\"1\",\"title\":\"Habits and Habitats\",\"slug\":\"habits-habitats\",\"postDate\":1407426180,\"expiryDate\":null,\"enabled\":1,\"fields\":{\"23\":\"\",\"22\":\"\",\"20\":\"\",\"82\":\"\",\"26\":\"Habits and Habitats\",\"36\":{\"144\":{\"type\":\"textBlock\",\"enabled\":\"1\",\"fields\":{\"text\":\"<p>There are seven species of sea turtle. All sea turtles share common life history characteristics, and face common threats throughout their lifetimes from nest disturbance, development, fishing, pollution and climate change. As the largest, deepest-diving and farthest ranging sea turtles, leatherbacks serve as a flagship species for the other six species of sea turtles negatively affected by climate change, beachfront lighting or unleashed pets disturbing nest sites. Charismatic leatherbacks can also raise awareness for other animals like albatross, which are also killed by plastic pollution, gillnets and longlines.<\\/p>\"}}},\"27\":\"<p>Here\'s a teaser for the habits and habitats page<\\/p>\",\"29\":[\"146\"]}}','2014-08-07 15:53:31','2014-08-07 15:53:31','38acfab4-9585-4be3-b7a8-8e1da4efa0c7'),
	(286,143,15,1,'en_us',4,'','{\"typeId\":\"22\",\"authorId\":\"1\",\"title\":\"Habits and Habitats\",\"slug\":\"habits-habitats\",\"postDate\":1407426180,\"expiryDate\":null,\"enabled\":1,\"fields\":{\"23\":\"\",\"22\":\"\",\"20\":\"\",\"82\":\"\",\"26\":\"Habits and Habitats\",\"36\":{\"144\":{\"type\":\"textBlock\",\"enabled\":\"1\",\"fields\":{\"text\":\"<p>There are seven species of sea turtle. All sea turtles share common life history characteristics, and face common threats throughout their lifetimes from nest disturbance, development, fishing, pollution and climate change. As the largest, deepest-diving and farthest ranging sea turtles, leatherbacks serve as a flagship species for the other six species of sea turtles negatively affected by climate change, beachfront lighting or unleashed pets disturbing nest sites. Charismatic leatherbacks can also raise awareness for other animals like albatross, which are also killed by plastic pollution, gillnets and longlines.<\\/p>\"}},\"new1\":{\"type\":\"mapBlock\",\"enabled\":\"1\",\"fields\":{\"mapLat\":\"10.327193\",\"mapLon\":\"-85.846264\",\"mapShowMarker\":\"\",\"mapZoom\":\"13\",\"mapLayout\":\"jumbo\",\"mapAspect\":\"aspect-2-1\",\"captionTitle\":\"\",\"caption\":\"\"}}},\"27\":\"<p>Here\'s a teaser for the habits and habitats page<\\/p>\",\"29\":[\"146\"]}}','2014-08-07 16:07:46','2014-08-07 16:07:46','fa52d4ca-91b3-4748-ae6d-4e895b2bb263'),
	(287,143,15,1,'en_us',5,'','{\"typeId\":\"22\",\"authorId\":\"1\",\"title\":\"Habits and Habitats\",\"slug\":\"habits-habitats\",\"postDate\":1407426180,\"expiryDate\":null,\"enabled\":1,\"fields\":{\"23\":\"\",\"22\":\"\",\"20\":\"\",\"82\":[\"71\",\"99\"],\"26\":\"Habits and Habitats\",\"36\":{\"144\":{\"type\":\"textBlock\",\"enabled\":\"1\",\"fields\":{\"text\":\"<p>There are seven species of sea turtle. All sea turtles share common life history characteristics, and face common threats throughout their lifetimes from nest disturbance, development, fishing, pollution and climate change. As the largest, deepest-diving and farthest ranging sea turtles, leatherbacks serve as a flagship species for the other six species of sea turtles negatively affected by climate change, beachfront lighting or unleashed pets disturbing nest sites. Charismatic leatherbacks can also raise awareness for other animals like albatross, which are also killed by plastic pollution, gillnets and longlines.<\\/p>\"}},\"147\":{\"type\":\"mapBlock\",\"enabled\":\"1\",\"fields\":{\"mapLat\":\"10.327193\",\"mapLon\":\"-85.846264\",\"mapShowMarker\":\"\",\"mapZoom\":\"13\",\"mapLayout\":\"jumbo\",\"mapAspect\":\"aspect-2-1\",\"captionTitle\":\"\",\"caption\":\"\"}}},\"27\":\"<p>Here\'s a teaser for the habits and habitats page<\\/p>\",\"29\":[\"146\"]}}','2014-08-07 16:08:16','2014-08-07 16:08:16','1c3ab16c-e918-493f-afc7-f8e4928dbb54'),
	(288,143,15,1,'en_us',6,'','{\"typeId\":\"22\",\"authorId\":\"1\",\"title\":\"Habits and Habitats\",\"slug\":\"habits-habitats\",\"postDate\":1407426180,\"expiryDate\":null,\"enabled\":1,\"fields\":{\"23\":\"\",\"22\":\"\",\"20\":[\"80\"],\"82\":[\"71\",\"99\"],\"26\":\"Habits and Habitats\",\"36\":{\"144\":{\"type\":\"textBlock\",\"enabled\":\"1\",\"fields\":{\"text\":\"<p>There are seven species of sea turtle. All sea turtles share common life history characteristics, and face common threats throughout their lifetimes from nest disturbance, development, fishing, pollution and climate change. As the largest, deepest-diving and farthest ranging sea turtles, leatherbacks serve as a flagship species for the other six species of sea turtles negatively affected by climate change, beachfront lighting or unleashed pets disturbing nest sites. Charismatic leatherbacks can also raise awareness for other animals like albatross, which are also killed by plastic pollution, gillnets and longlines.<\\/p>\"}},\"147\":{\"type\":\"mapBlock\",\"enabled\":\"1\",\"fields\":{\"mapLat\":\"10.327193\",\"mapLon\":\"-85.846264\",\"mapShowMarker\":\"\",\"mapZoom\":\"13\",\"mapLayout\":\"jumbo\",\"mapAspect\":\"aspect-2-1\",\"captionTitle\":\"\",\"caption\":\"\"}}},\"27\":\"<p>Here\'s a teaser for the habits and habitats page<\\/p>\",\"29\":[\"146\"]}}','2014-08-07 16:08:53','2014-08-07 16:08:53','293c279e-d626-451f-9c59-14a435c93cb6'),
	(289,143,15,1,'en_us',7,'','{\"typeId\":\"22\",\"authorId\":\"1\",\"title\":\"Habits and Habitats\",\"slug\":\"habits-habitats\",\"postDate\":1407426180,\"expiryDate\":null,\"enabled\":1,\"fields\":{\"23\":\"\",\"22\":\"\",\"20\":\"\",\"82\":[\"71\",\"99\"],\"26\":\"Habits and Habitats\",\"36\":{\"144\":{\"type\":\"textBlock\",\"enabled\":\"1\",\"fields\":{\"text\":\"<p>There are seven species of sea turtle. All sea turtles share common life history characteristics, and face common threats throughout their lifetimes from nest disturbance, development, fishing, pollution and climate change. As the largest, deepest-diving and farthest ranging sea turtles, leatherbacks serve as a flagship species for the other six species of sea turtles negatively affected by climate change, beachfront lighting or unleashed pets disturbing nest sites. Charismatic leatherbacks can also raise awareness for other animals like albatross, which are also killed by plastic pollution, gillnets and longlines.<\\/p>\"}},\"147\":{\"type\":\"mapBlock\",\"enabled\":\"1\",\"fields\":{\"mapLat\":\"10.327193\",\"mapLon\":\"-85.846264\",\"mapShowMarker\":\"\",\"mapZoom\":\"13\",\"mapLayout\":\"jumbo\",\"mapAspect\":\"aspect-2-1\",\"captionTitle\":\"\",\"caption\":\"\"}}},\"27\":\"<p>Here\'s a teaser for the habits and habitats page<\\/p>\",\"29\":[\"146\"]}}','2014-08-07 16:11:30','2014-08-07 16:11:30','72c37a97-e982-4775-a742-cd324f918c52'),
	(290,149,15,1,'en_us',1,'','{\"typeId\":null,\"authorId\":\"1\",\"title\":\"Ancient Animals\",\"slug\":\"ancient-animals\",\"postDate\":1407428088,\"expiryDate\":null,\"enabled\":1,\"fields\":{\"23\":\"\",\"22\":\"\",\"20\":\"\",\"82\":\"\",\"26\":\"Ancient Animals\",\"36\":{\"new1\":{\"type\":\"textBlock\",\"enabled\":\"1\",\"fields\":{\"text\":\"<p>Sea turtles swam the oceans when dinosaurs roamed the earth. Early ocean explorers marveled at the abundance of sea turtles. [Add quote?] [Numbers afforded&hellip; Explorers \\/ subsistence hunters collected eggs\\/ ate meat &hellip; human populations grew, sea turtle populations dwindled]. Now these ancient reptiles confront new threats, like pollution, industrial fishing, climate change, and large-scale coastal development.<\\/p>\"}}},\"27\":\"<p>Here\'s a teaser to my ancient animals page. Lorem ipsum dolor sit amet consecutat velorem dolor. Adipiscing elite ventorum.<\\/p>\",\"29\":[\"148\"]}}','2014-08-07 16:14:48','2014-08-07 16:14:48','84734439-60fa-43ae-8ecd-f72cfa26c6cf'),
	(291,149,15,1,'es',1,'','{\"typeId\":\"22\",\"authorId\":\"1\",\"title\":\"Animales Antiguos\",\"slug\":\"animales-antiguos\",\"postDate\":1407428040,\"expiryDate\":null,\"enabled\":1,\"fields\":{\"23\":\"\",\"22\":\"\",\"20\":\"\",\"82\":\"\",\"26\":\"Animales Antiguos\",\"36\":{\"new1\":{\"type\":\"textBlock\",\"enabled\":\"1\",\"fields\":{\"text\":\"<p>Spanish story block content for this page is here.<\\/p>\"}}},\"27\":\"<p>(Spanish)&nbsp;Here\'s a teaser to my ancient animals page. Lorem ipsum dolor sit amet consecutat velorem dolor. Adipiscing elite ventorum.<\\/p>\",\"29\":[\"148\"]}}','2014-08-07 16:16:21','2014-08-07 16:16:21','e6d67a6b-6d0c-4226-ba80-5b73237ba9ea'),
	(292,149,15,1,'en_us',2,'','{\"typeId\":\"22\",\"authorId\":\"1\",\"title\":\"Ancient Animals\",\"slug\":\"ancient-animals\",\"postDate\":1407428040,\"expiryDate\":null,\"enabled\":1,\"fields\":{\"23\":\"\",\"22\":\"\",\"20\":\"\",\"82\":\"\",\"26\":\"Ancient Animals\",\"36\":{\"150\":{\"type\":\"textBlock\",\"enabled\":\"1\",\"fields\":{\"text\":\"<p>Sea turtles swam the oceans when dinosaurs roamed the earth. Early ocean explorers marveled at the abundance of sea turtles. [Add quote?] [Numbers afforded&hellip; Explorers \\/ subsistence hunters collected eggs\\/ ate meat &hellip; human populations grew, sea turtle populations dwindled]. Now these ancient reptiles confront new threats, like pollution, industrial fishing, climate change, and large-scale coastal development.<\\/p>\"}},\"new1\":{\"type\":\"imageBlock\",\"enabled\":\"1\",\"fields\":{\"image\":[\"148\"],\"imageLayout\":\"jumbo\",\"captionTitle\":\"\",\"caption\":\"<p>Historical engravings of leatherbacks leave something to be desired as to the accuracy of the representation. However, they teach us that humans have been observing leatherbacks for hundreds of years.<\\/p>\"}}},\"27\":\"<p>Here\'s a teaser to my ancient animals page. Lorem ipsum dolor sit amet consecutat velorem dolor. Adipiscing elite ventorum.<\\/p>\",\"29\":[\"148\"]}}','2014-08-07 16:18:57','2014-08-07 16:18:57','557a94f8-d85f-4ecb-8d04-be27f4f1a732'),
	(293,149,15,1,'en_us',3,'','{\"typeId\":\"22\",\"authorId\":\"1\",\"title\":\"Ancient Animals\",\"slug\":\"ancient-animals\",\"postDate\":1407428040,\"expiryDate\":null,\"enabled\":1,\"fields\":{\"23\":\"\",\"22\":\"\",\"20\":\"\",\"82\":\"\",\"26\":\"Ancient Animals\",\"36\":{\"152\":{\"type\":\"imageBlock\",\"enabled\":\"1\",\"fields\":{\"image\":[\"148\"],\"imageLayout\":\"jumbo\",\"captionTitle\":\"\",\"caption\":\"<p>Historical engravings of leatherbacks leave something to be desired as to the accuracy of the representation. However, they teach us that humans have been observing leatherbacks for hundreds of years.<\\/p>\"}},\"150\":{\"type\":\"textBlock\",\"enabled\":\"1\",\"fields\":{\"text\":\"<p>Sea turtles swam the oceans when dinosaurs roamed the earth. Early ocean explorers marveled at the abundance of sea turtles. [Add quote?] [Numbers afforded&hellip; Explorers \\/ subsistence hunters collected eggs\\/ ate meat &hellip; human populations grew, sea turtle populations dwindled]. Now these ancient reptiles confront new threats, like pollution, industrial fishing, climate change, and large-scale coastal development.<\\/p>\"}}},\"27\":\"<p>Here\'s a teaser to my ancient animals page. Lorem ipsum dolor sit amet consecutat velorem dolor. Adipiscing elite ventorum.<\\/p>\",\"29\":[\"148\"]}}','2014-08-07 16:19:05','2014-08-07 16:19:05','11093ff3-33ec-422f-a4e0-53747c9c4c9f'),
	(294,149,15,1,'en_us',4,'','{\"typeId\":\"22\",\"authorId\":\"1\",\"title\":\"Ancient Animals\",\"slug\":\"ancient-animals\",\"postDate\":1407428040,\"expiryDate\":null,\"enabled\":1,\"fields\":{\"23\":\"\",\"22\":\"\",\"20\":\"\",\"82\":\"\",\"26\":\"Ancient Animals\",\"36\":{\"150\":{\"type\":\"textBlock\",\"enabled\":\"1\",\"fields\":{\"text\":\"<p>Sea turtles swam the oceans when dinosaurs roamed the earth. Early ocean explorers marveled at the abundance of sea turtles. [Add quote?] [Numbers afforded&hellip; Explorers \\/ subsistence hunters collected eggs\\/ ate meat &hellip; human populations grew, sea turtle populations dwindled]. Now these ancient reptiles confront new threats, like pollution, industrial fishing, climate change, and large-scale coastal development.<\\/p>\"}},\"152\":{\"type\":\"imageBlock\",\"enabled\":\"1\",\"fields\":{\"image\":[\"148\"],\"imageLayout\":\"jumbo\",\"captionTitle\":\"\",\"caption\":\"<p>Historical engravings of leatherbacks leave something to be desired as to the accuracy of the representation. However, they teach us that humans have been observing leatherbacks for hundreds of years.<\\/p>\"}}},\"27\":\"<p>Here\'s a teaser to my ancient animals page. Lorem ipsum dolor sit amet consecutat velorem dolor. Adipiscing elite ventorum.<\\/p>\",\"29\":[\"148\"]}}','2014-08-07 16:19:50','2014-08-07 16:19:50','ea4d6122-5d82-4856-9ff2-31dbd1314d54'),
	(295,149,15,1,'en_us',5,'','{\"typeId\":\"22\",\"authorId\":\"1\",\"title\":\"Ancient Animals\",\"slug\":\"ancient-animals\",\"postDate\":1407428040,\"expiryDate\":null,\"enabled\":1,\"fields\":{\"23\":\"\",\"22\":\"\",\"20\":\"\",\"82\":\"\",\"26\":\"Ancient Animals\",\"36\":{\"150\":{\"type\":\"textBlock\",\"enabled\":\"1\",\"fields\":{\"text\":\"<p>Sea turtles swam the oceans when dinosaurs roamed the earth. Early ocean explorers marveled at the abundance of sea turtles. [Add quote?] [Numbers afforded&hellip; Explorers \\/ subsistence hunters collected eggs\\/ ate meat &hellip; human populations grew, sea turtle populations dwindled]. Now these ancient reptiles confront new threats, like pollution, industrial fishing, climate change, and large-scale coastal development.<\\/p>\"}},\"152\":{\"type\":\"imageBlock\",\"enabled\":\"1\",\"fields\":{\"image\":[\"148\"],\"imageLayout\":\"jumbo\",\"captionTitle\":\"\",\"caption\":\"<p>Historical engravings of leatherbacks leave something to be desired as to the accuracy of the representation. However, they teach us that humans have been observing leatherbacks for hundreds of years.<\\/p>\"}},\"new1\":{\"type\":\"textBlock\",\"enabled\":\"1\",\"fields\":{\"text\":\"<p>Lorem ipsum dolor sit amet, consectetur adipiscing elit. Aenean iaculis semper sodales. Sed tempor auctor venenatis. Integer pretium, velit vitae dictum varius, mauris tellus porta nibh, sed ornare purus nibh semper libero. Curabitur enim dui, aliquam vel convallis at, posuere a augue. In nec mi fermentum, placerat sapien eget, vehicula nisl. Pellentesque viverra neque ac massa scelerisque, et euismod neque pretium. Interdum et malesuada fames ac ante ipsum primis in faucibus. Suspendisse quis commodo erat. Mauris nec interdum mi. Aliquam ac cursus quam. Vivamus ullamcorper lectus vel nisi lacinia, vitae luctus lectus eleifend. Donec elit dui, rhoncus a scelerisque non, dignissim eget nulla.<\\/p><p>Vivamus sit amet felis odio. Quisque volutpat nulla sit amet quam auctor tempor. Vivamus consectetur eros nec dignissim aliquam. Sed eu nulla vel massa vehicula ultrices at nec turpis. Interdum et malesuada fames ac ante ipsum primis in faucibus. Curabitur eget porta felis. Curabitur non diam bibendum, fringilla nisi et, commodo tellus. In pharetra dignissim eros, malesuada scelerisque mauris fermentum ut. Morbi vitae tincidunt urna. Integer purus orci, porta ac ullamcorper nec, eleifend lobortis lacus. Suspendisse vitae eros in sapien feugiat congue vitae at risus. Nullam luctus scelerisque nibh, eget cursus nisi faucibus sit amet.<\\/p>\"}}},\"27\":\"<p>Here\'s a teaser to my ancient animals page. Lorem ipsum dolor sit amet consecutat velorem dolor. Adipiscing elite ventorum.<\\/p>\",\"29\":[\"148\"]}}','2014-08-07 16:21:04','2014-08-07 16:21:04','81f0ab46-1c30-4011-942e-461ea6a172eb'),
	(296,149,15,1,'en_us',6,'','{\"typeId\":\"22\",\"authorId\":\"1\",\"title\":\"Ancient Animals\",\"slug\":\"ancient-animals\",\"postDate\":1407428040,\"expiryDate\":null,\"enabled\":1,\"fields\":{\"23\":\"\",\"22\":\"\",\"20\":\"\",\"82\":\"\",\"26\":\"Ancient Animals\",\"36\":{\"150\":{\"type\":\"textBlock\",\"enabled\":\"1\",\"fields\":{\"text\":\"<p>Sea turtles swam the oceans when dinosaurs roamed the earth. Early ocean explorers marveled at the abundance of sea turtles. [Add quote?] [Numbers afforded&hellip; Explorers \\/ subsistence hunters collected eggs\\/ ate meat &hellip; human populations grew, sea turtle populations dwindled]. Now these ancient reptiles confront new threats, like pollution, industrial fishing, climate change, and large-scale coastal development.<\\/p>\"}},\"152\":{\"type\":\"imageBlock\",\"enabled\":\"1\",\"fields\":{\"image\":[\"148\"],\"imageLayout\":\"jumbo\",\"captionTitle\":\"\",\"caption\":\"<p>Historical engravings of leatherbacks leave something to be desired as to the accuracy of the representation. However, they teach us that humans have been observing leatherbacks for hundreds of years.<\\/p>\"}},\"153\":{\"type\":\"textBlock\",\"enabled\":\"1\",\"fields\":{\"text\":\"<p>Lorem ipsum dolor sit amet, consectetur adipiscing elit. Aenean iaculis semper sodales. Sed tempor auctor venenatis. Integer pretium, velit vitae dictum varius, mauris tellus porta nibh, sed ornare purus nibh semper libero. Curabitur enim dui, aliquam vel convallis at, posuere a augue. In nec mi fermentum, placerat sapien eget, vehicula nisl. Pellentesque viverra neque ac massa scelerisque, et euismod neque pretium. Interdum et malesuada fames ac ante ipsum primis in faucibus. Suspendisse quis commodo erat. Mauris nec interdum mi. Aliquam ac cursus quam. Vivamus ullamcorper lectus vel nisi lacinia, vitae luctus lectus eleifend. Donec elit dui, rhoncus a scelerisque non, dignissim eget nulla.<\\/p><p>Vivamus sit amet felis odio. Quisque volutpat nulla sit amet quam auctor tempor. Vivamus consectetur eros nec dignissim aliquam. Sed eu nulla vel massa vehicula ultrices at nec turpis. Interdum et malesuada fames ac ante ipsum primis in faucibus. Curabitur eget porta felis. Curabitur non diam bibendum, fringilla nisi et, commodo tellus. In pharetra dignissim eros, malesuada scelerisque mauris fermentum ut. Morbi vitae tincidunt urna. Integer purus orci, porta ac ullamcorper nec, eleifend lobortis lacus. Suspendisse vitae eros in sapien feugiat congue vitae at risus. Nullam luctus scelerisque nibh, eget cursus nisi faucibus sit amet.<\\/p>\"}},\"new1\":{\"type\":\"dividerBlock\",\"enabled\":\"1\",\"fields\":{\"dividerType\":\"standard-divider\"}},\"new2\":{\"type\":\"textBlock\",\"enabled\":\"1\",\"fields\":{\"text\":\"<p>Vivamus sit amet felis odio. Quisque volutpat nulla sit amet quam auctor tempor. Vivamus consectetur eros nec dignissim aliquam. Sed eu nulla vel massa vehicula ultrices at nec turpis. Interdum et malesuada fames ac ante ipsum primis in faucibus. Curabitur eget porta felis. Curabitur non diam bibendum, fringilla nisi et, commodo tellus. In pharetra dignissim eros, malesuada scelerisque mauris fermentum ut. Morbi vitae tincidunt urna. Integer purus orci, porta ac ullamcorper nec, eleifend lobortis lacus. Suspendisse vitae eros in sapien feugiat congue vitae at risus. Nullam luctus scelerisque nibh, eget cursus nisi faucibus sit amet.<\\/p>\"}}},\"27\":\"<p>Here\'s a teaser to my ancient animals page. Lorem ipsum dolor sit amet consecutat velorem dolor. Adipiscing elite ventorum.<\\/p>\",\"29\":[\"148\"]}}','2014-08-07 16:34:28','2014-08-07 16:34:28','d1a19dd4-a3fd-4b01-b80f-2efbe58f5a4f'),
	(297,143,15,1,'en_us',8,'','{\"typeId\":\"22\",\"authorId\":\"1\",\"title\":\"Habits and Habitats\",\"slug\":\"habits-habitats\",\"postDate\":1407426180,\"expiryDate\":null,\"enabled\":1,\"fields\":{\"23\":\"\",\"22\":\"\",\"20\":\"\",\"82\":[\"71\",\"99\"],\"26\":\"Habits and Habitats\",\"36\":{\"144\":{\"type\":\"textBlock\",\"enabled\":\"1\",\"fields\":{\"text\":\"<p>There are seven species of sea turtle. All sea turtles share common life history characteristics, and face common threats throughout their lifetimes from nest disturbance, development, fishing, pollution and climate change. As the largest, deepest-diving and farthest ranging sea turtles, leatherbacks serve as a flagship species for the other six species of sea turtles negatively affected by climate change, beachfront lighting or unleashed pets disturbing nest sites. Charismatic leatherbacks can also raise awareness for other animals like albatross, which are also killed by plastic pollution, gillnets and longlines.<\\/p>\"}},\"147\":{\"type\":\"mapBlock\",\"enabled\":\"1\",\"fields\":{\"mapLat\":\"10.327193\",\"mapLon\":\"-85.846264\",\"mapShowMarker\":\"\",\"mapZoom\":\"13\",\"mapLayout\":\"jumbo\",\"mapAspect\":\"aspect-2-1\",\"captionTitle\":\"\",\"caption\":\"\"}},\"new2\":{\"type\":\"mapBlockNew\",\"enabled\":\"1\",\"fields\":{\"map\":\"25.692676000000002|-80.429142|14|25.692676|-80.42914200000001\"}}},\"27\":\"<p>Here\'s a teaser for the habits and habitats page<\\/p>\",\"29\":[\"146\"]}}','2014-08-07 18:31:20','2014-08-07 18:31:20','a8132690-5d08-443e-88f1-7833630524b3'),
	(298,143,15,1,'en_us',9,'','{\"typeId\":\"22\",\"authorId\":\"1\",\"title\":\"Habits and Habitats\",\"slug\":\"habits-habitats\",\"postDate\":1407426180,\"expiryDate\":null,\"enabled\":1,\"fields\":{\"23\":\"\",\"22\":\"\",\"20\":\"\",\"82\":[\"71\",\"99\"],\"26\":\"Habits and Habitats\",\"36\":{\"144\":{\"type\":\"textBlock\",\"enabled\":\"1\",\"fields\":{\"text\":\"<p>There are seven species of sea turtle. All sea turtles share common life history characteristics, and face common threats throughout their lifetimes from nest disturbance, development, fishing, pollution and climate change. As the largest, deepest-diving and farthest ranging sea turtles, leatherbacks serve as a flagship species for the other six species of sea turtles negatively affected by climate change, beachfront lighting or unleashed pets disturbing nest sites. Charismatic leatherbacks can also raise awareness for other animals like albatross, which are also killed by plastic pollution, gillnets and longlines.<\\/p>\"}},\"147\":{\"type\":\"mapBlock\",\"enabled\":\"1\",\"fields\":{\"mapLat\":\"10.327193\",\"mapLon\":\"-85.846264\",\"mapShowMarker\":\"\",\"mapZoom\":\"13\",\"mapLayout\":\"jumbo\",\"mapAspect\":\"aspect-2-1\",\"captionTitle\":\"\",\"caption\":\"\"}},\"156\":{\"type\":\"mapBlockNew\",\"enabled\":\"1\",\"fields\":{\"mapLocation\":\"25.692676000000002|-80.42914200000001|14|25.692676|-80.42914200000001\",\"mapShowMarker\":\"1\",\"mapLayout\":\"standard\",\"mapAspect\":\"aspect-1-1\",\"captionTitle\":\"\",\"caption\":\"\"}}},\"27\":\"<p>Here\'s a teaser for the habits and habitats page<\\/p>\",\"29\":[\"146\"]}}','2014-08-07 19:03:25','2014-08-07 19:03:25','f922fa10-8063-4792-8930-651b1c8bf061'),
	(299,143,15,1,'en_us',10,'','{\"typeId\":\"22\",\"authorId\":\"1\",\"title\":\"Habits and Habitats\",\"slug\":\"habits-habitats\",\"postDate\":1407426180,\"expiryDate\":null,\"enabled\":1,\"fields\":{\"23\":\"\",\"22\":\"\",\"20\":\"\",\"82\":[\"71\",\"99\"],\"26\":\"Habits and Habitats\",\"36\":{\"144\":{\"type\":\"textBlock\",\"enabled\":\"1\",\"fields\":{\"text\":\"<p>There are seven species of sea turtle. All sea turtles share common life history characteristics, and face common threats throughout their lifetimes from nest disturbance, development, fishing, pollution and climate change. As the largest, deepest-diving and farthest ranging sea turtles, leatherbacks serve as a flagship species for the other six species of sea turtles negatively affected by climate change, beachfront lighting or unleashed pets disturbing nest sites. Charismatic leatherbacks can also raise awareness for other animals like albatross, which are also killed by plastic pollution, gillnets and longlines.<\\/p>\"}},\"147\":{\"type\":\"mapBlock\",\"enabled\":\"1\",\"fields\":{\"mapLat\":\"10.327193\",\"mapLon\":\"-85.846264\",\"mapShowMarker\":\"\",\"mapZoom\":\"13\",\"mapLayout\":\"jumbo\",\"mapAspect\":\"aspect-2-1\",\"captionTitle\":\"\",\"caption\":\"\"}},\"156\":{\"type\":\"mapBlockNew\",\"enabled\":\"1\",\"fields\":{\"mapLocation\":\"25.692676000000002|-80.42914200000001|14|25.692676|-80.42914200000001\",\"mapShowMarker\":\"1\",\"mapLayout\":\"standard\",\"mapAspect\":\"aspect-16-9\",\"captionTitle\":\"\",\"caption\":\"\"}}},\"27\":\"<p>Here\'s a teaser for the habits and habitats page<\\/p>\",\"29\":[\"146\"]}}','2014-08-07 19:04:04','2014-08-07 19:04:04','940d4de8-0753-43a6-ba2d-4b5e6b6f4415'),
	(300,143,15,1,'en_us',11,'','{\"typeId\":\"22\",\"authorId\":\"1\",\"title\":\"Habits and Habitats\",\"slug\":\"habits-habitats\",\"postDate\":1407426180,\"expiryDate\":null,\"enabled\":1,\"fields\":{\"23\":\"\",\"22\":\"\",\"20\":\"\",\"82\":[\"71\",\"99\"],\"26\":\"Habits and Habitats\",\"36\":{\"144\":{\"type\":\"textBlock\",\"enabled\":\"1\",\"fields\":{\"text\":\"<p>There are seven species of sea turtle. All sea turtles share common life history characteristics, and face common threats throughout their lifetimes from nest disturbance, development, fishing, pollution and climate change. As the largest, deepest-diving and farthest ranging sea turtles, leatherbacks serve as a flagship species for the other six species of sea turtles negatively affected by climate change, beachfront lighting or unleashed pets disturbing nest sites. Charismatic leatherbacks can also raise awareness for other animals like albatross, which are also killed by plastic pollution, gillnets and longlines.<\\/p>\"}},\"147\":{\"type\":\"mapBlock\",\"enabled\":\"1\",\"fields\":{\"mapLat\":\"10.327193\",\"mapLon\":\"-85.846264\",\"mapShowMarker\":\"\",\"mapZoom\":\"13\",\"mapLayout\":\"jumbo\",\"mapAspect\":\"aspect-2-1\",\"captionTitle\":\"\",\"caption\":\"\"}},\"156\":{\"type\":\"mapBlockNew\",\"enabled\":\"1\",\"fields\":{\"mapLocation\":\"25.68958216707943|-80.42150306872558|14|25.68958216707943|-80.4215030687256\",\"mapShowMarker\":\"1\",\"mapLayout\":\"standard\",\"mapAspect\":\"aspect-16-9\",\"captionTitle\":\"\",\"caption\":\"\"}}},\"27\":\"<p>Here\'s a teaser for the habits and habitats page<\\/p>\",\"29\":[\"146\"]}}','2014-08-07 19:04:57','2014-08-07 19:04:57','d261374f-e063-415d-9198-7ff0f9e80a4e'),
	(301,143,15,1,'en_us',12,'','{\"typeId\":\"22\",\"authorId\":\"1\",\"title\":\"Habits and Habitats\",\"slug\":\"habits-habitats\",\"postDate\":1407426180,\"expiryDate\":null,\"enabled\":1,\"fields\":{\"23\":\"\",\"22\":\"\",\"20\":\"\",\"82\":[\"71\",\"99\"],\"26\":\"Habits and Habitats\",\"36\":{\"144\":{\"type\":\"textBlock\",\"enabled\":\"1\",\"fields\":{\"text\":\"<p>There are seven species of sea turtle. All sea turtles share common life history characteristics, and face common threats throughout their lifetimes from nest disturbance, development, fishing, pollution and climate change. As the largest, deepest-diving and farthest ranging sea turtles, leatherbacks serve as a flagship species for the other six species of sea turtles negatively affected by climate change, beachfront lighting or unleashed pets disturbing nest sites. Charismatic leatherbacks can also raise awareness for other animals like albatross, which are also killed by plastic pollution, gillnets and longlines.<\\/p>\"}},\"147\":{\"type\":\"mapBlock\",\"enabled\":\"1\",\"fields\":{\"mapLat\":\"10.327193\",\"mapLon\":\"-85.846264\",\"mapShowMarker\":\"\",\"mapZoom\":\"13\",\"mapLayout\":\"jumbo\",\"mapAspect\":\"aspect-2-1\",\"captionTitle\":\"\",\"caption\":\"\"}},\"156\":{\"type\":\"mapBlockNew\",\"enabled\":\"1\",\"fields\":{\"mapLocation\":\"25.693372101331306|-80.4390125291748|14|25.68958216707943|-80.4215030687256\",\"mapShowMarker\":\"1\",\"mapLayout\":\"standard\",\"mapAspect\":\"aspect-16-9\",\"captionTitle\":\"\",\"caption\":\"\"}}},\"27\":\"<p>Here\'s a teaser for the habits and habitats page<\\/p>\",\"29\":[\"146\"]}}','2014-08-07 19:05:44','2014-08-07 19:05:44','9e108a61-c87f-4837-926b-bf2d841d03f5');

INSERT INTO `craft_entryversions` (`id`, `entryId`, `sectionId`, `creatorId`, `locale`, `num`, `notes`, `data`, `dateCreated`, `dateUpdated`, `uid`)
VALUES
	(302,143,15,1,'en_us',13,'','{\"typeId\":\"22\",\"authorId\":\"1\",\"title\":\"Habits and Habitats\",\"slug\":\"habits-habitats\",\"postDate\":1407426180,\"expiryDate\":null,\"enabled\":1,\"fields\":{\"23\":\"\",\"22\":\"\",\"20\":\"\",\"82\":[\"71\",\"99\"],\"26\":\"Habits and Habitats\",\"36\":{\"144\":{\"type\":\"textBlock\",\"enabled\":\"1\",\"fields\":{\"text\":\"<p>There are seven species of sea turtle. All sea turtles share common life history characteristics, and face common threats throughout their lifetimes from nest disturbance, development, fishing, pollution and climate change. As the largest, deepest-diving and farthest ranging sea turtles, leatherbacks serve as a flagship species for the other six species of sea turtles negatively affected by climate change, beachfront lighting or unleashed pets disturbing nest sites. Charismatic leatherbacks can also raise awareness for other animals like albatross, which are also killed by plastic pollution, gillnets and longlines.<\\/p>\"}},\"147\":{\"type\":\"mapBlock\",\"enabled\":\"1\",\"fields\":{\"mapLat\":\"10.327193\",\"mapLon\":\"-85.846264\",\"mapShowMarker\":\"\",\"mapZoom\":\"13\",\"mapLayout\":\"jumbo\",\"mapAspect\":\"aspect-2-1\",\"captionTitle\":\"\",\"caption\":\"\"}},\"156\":{\"type\":\"mapBlockNew\",\"enabled\":\"1\",\"fields\":{\"mapLocation\":\"25.693372101331306|-80.43901252917482|14|25.68958216707943|-80.4215030687256\",\"mapShowMarker\":\"1\",\"mapLayout\":\"standard\",\"mapAspect\":\"aspect-4-3\",\"captionTitle\":\"\",\"caption\":\"\"}}},\"27\":\"<p>Here\'s a teaser for the habits and habitats page<\\/p>\",\"29\":[\"146\"]}}','2014-08-07 19:06:26','2014-08-07 19:06:26','98cc6bfb-1a67-46ae-ad0a-a69a95ecc691'),
	(303,143,15,1,'en_us',14,'','{\"typeId\":\"22\",\"authorId\":\"1\",\"title\":\"Habits and Habitats\",\"slug\":\"habits-habitats\",\"postDate\":1407426180,\"expiryDate\":null,\"enabled\":1,\"fields\":{\"23\":\"\",\"22\":\"\",\"20\":\"\",\"82\":[\"71\",\"99\"],\"26\":\"Habits and Habitats\",\"36\":{\"144\":{\"type\":\"textBlock\",\"enabled\":\"1\",\"fields\":{\"text\":\"<p>There are seven species of sea turtle. All sea turtles share common life history characteristics, and face common threats throughout their lifetimes from nest disturbance, development, fishing, pollution and climate change. As the largest, deepest-diving and farthest ranging sea turtles, leatherbacks serve as a flagship species for the other six species of sea turtles negatively affected by climate change, beachfront lighting or unleashed pets disturbing nest sites. Charismatic leatherbacks can also raise awareness for other animals like albatross, which are also killed by plastic pollution, gillnets and longlines.<\\/p>\"}},\"147\":{\"type\":\"mapBlock\",\"enabled\":\"1\",\"fields\":{\"mapLat\":\"10.327193\",\"mapLon\":\"-85.846264\",\"mapShowMarker\":\"\",\"mapZoom\":\"13\",\"mapLayout\":\"jumbo\",\"mapAspect\":\"aspect-2-1\",\"captionTitle\":\"\",\"caption\":\"\"}},\"156\":{\"type\":\"mapBlockNew\",\"enabled\":\"1\",\"fields\":{\"mapLocation\":\"25.693372101331306|-80.43901252917482|14|25.68958216707943|-80.4215030687256\",\"mapShowMarker\":\"1\",\"mapLayout\":\"standard\",\"mapAspect\":\"aspect-1-1\",\"captionTitle\":\"\",\"caption\":\"\"}}},\"27\":\"<p>Here\'s a teaser for the habits and habitats page<\\/p>\",\"29\":[\"146\"]}}','2014-08-07 19:06:57','2014-08-07 19:06:57','0ecc8074-25d8-406e-8363-df85d0558524'),
	(304,143,15,1,'en_us',15,'','{\"typeId\":\"22\",\"authorId\":\"1\",\"title\":\"Habits and Habitats\",\"slug\":\"habits-habitats\",\"postDate\":1407426180,\"expiryDate\":null,\"enabled\":1,\"fields\":{\"23\":\"\",\"22\":\"\",\"20\":\"\",\"82\":[\"71\",\"99\"],\"26\":\"Habits and Habitats\",\"36\":{\"144\":{\"type\":\"textBlock\",\"enabled\":\"1\",\"fields\":{\"text\":\"<p>There are seven species of sea turtle. All sea turtles share common life history characteristics, and face common threats throughout their lifetimes from nest disturbance, development, fishing, pollution and climate change. As the largest, deepest-diving and farthest ranging sea turtles, leatherbacks serve as a flagship species for the other six species of sea turtles negatively affected by climate change, beachfront lighting or unleashed pets disturbing nest sites. Charismatic leatherbacks can also raise awareness for other animals like albatross, which are also killed by plastic pollution, gillnets and longlines.<\\/p>\"}},\"147\":{\"type\":\"mapBlock\",\"enabled\":\"1\",\"fields\":{\"mapLat\":\"10.327193\",\"mapLon\":\"-85.846264\",\"mapShowMarker\":\"\",\"mapZoom\":\"13\",\"mapLayout\":\"jumbo\",\"mapAspect\":\"aspect-2-1\",\"captionTitle\":\"\",\"caption\":\"\"}},\"156\":{\"type\":\"mapBlockNew\",\"enabled\":\"1\",\"fields\":{\"mapLocation\":\"25.693372101331306|-80.43901252917482|21|25.68958216707943|-80.4215030687256\",\"mapShowMarker\":\"1\",\"mapLayout\":\"standard\",\"mapAspect\":\"aspect-1-1\",\"captionTitle\":\"\",\"caption\":\"\"}}},\"27\":\"<p>Here\'s a teaser for the habits and habitats page<\\/p>\",\"29\":[\"146\"]}}','2014-08-07 19:08:05','2014-08-07 19:08:05','d6429ed3-60e3-4f55-9e58-050822ffc7c8'),
	(305,143,15,1,'en_us',16,'','{\"typeId\":\"22\",\"authorId\":\"1\",\"title\":\"Habits and Habitats\",\"slug\":\"habits-habitats\",\"postDate\":1407426180,\"expiryDate\":null,\"enabled\":1,\"fields\":{\"23\":\"\",\"22\":\"\",\"20\":\"\",\"82\":[\"71\",\"99\"],\"26\":\"Habits and Habitats\",\"36\":{\"144\":{\"type\":\"textBlock\",\"enabled\":\"1\",\"fields\":{\"text\":\"<p>There are seven species of sea turtle. All sea turtles share common life history characteristics, and face common threats throughout their lifetimes from nest disturbance, development, fishing, pollution and climate change. As the largest, deepest-diving and farthest ranging sea turtles, leatherbacks serve as a flagship species for the other six species of sea turtles negatively affected by climate change, beachfront lighting or unleashed pets disturbing nest sites. Charismatic leatherbacks can also raise awareness for other animals like albatross, which are also killed by plastic pollution, gillnets and longlines.<\\/p>\"}},\"147\":{\"type\":\"mapBlock\",\"enabled\":\"1\",\"fields\":{\"mapLat\":\"10.327193\",\"mapLon\":\"-85.846264\",\"mapShowMarker\":\"\",\"mapZoom\":\"13\",\"mapLayout\":\"jumbo\",\"mapAspect\":\"aspect-2-1\",\"captionTitle\":\"\",\"caption\":\"\"}},\"156\":{\"type\":\"mapBlockNew\",\"enabled\":\"1\",\"fields\":{\"mapLocation\":\"25.693372101331306|-80.43901252917482|21|25.68958216707943|-80.4215030687256\",\"mapShowMarker\":\"1\",\"mapLayout\":\"standard\",\"mapAspect\":\"aspect-1-1\",\"captionTitle\":\"\",\"caption\":\"\"}}},\"27\":\"<p>Here\'s a teaser for the habits and habitats page<\\/p>\",\"29\":[\"146\"]}}','2014-08-07 19:08:13','2014-08-07 19:08:13','25359733-0b76-42a6-b28d-6fe3dbc81ccc'),
	(306,143,15,1,'en_us',17,'','{\"typeId\":\"22\",\"authorId\":\"1\",\"title\":\"Habits and Habitats\",\"slug\":\"habits-habitats\",\"postDate\":1407426180,\"expiryDate\":null,\"enabled\":1,\"fields\":{\"23\":\"\",\"22\":\"\",\"20\":\"\",\"82\":[\"71\",\"99\"],\"26\":\"Habits and Habitats\",\"36\":{\"144\":{\"type\":\"textBlock\",\"enabled\":\"1\",\"fields\":{\"text\":\"<p>There are seven species of sea turtle. All sea turtles share common life history characteristics, and face common threats throughout their lifetimes from nest disturbance, development, fishing, pollution and climate change. As the largest, deepest-diving and farthest ranging sea turtles, leatherbacks serve as a flagship species for the other six species of sea turtles negatively affected by climate change, beachfront lighting or unleashed pets disturbing nest sites. Charismatic leatherbacks can also raise awareness for other animals like albatross, which are also killed by plastic pollution, gillnets and longlines.<\\/p>\"}},\"147\":{\"type\":\"mapBlock\",\"enabled\":\"1\",\"fields\":{\"mapLat\":\"10.327193\",\"mapLon\":\"-85.846264\",\"mapShowMarker\":\"\",\"mapZoom\":\"13\",\"mapLayout\":\"jumbo\",\"mapAspect\":\"aspect-2-1\",\"captionTitle\":\"\",\"caption\":\"\"}},\"156\":{\"type\":\"mapBlockNew\",\"enabled\":\"1\",\"fields\":{\"mapLocation\":\"25.693372101331306|-80.4390125291748|21|25.68958216707943|-80.4215030687256\",\"mapShowMarker\":\"1\",\"mapLayout\":\"standard\",\"mapAspect\":\"aspect-2-1\",\"captionTitle\":\"Here\'s my caption\",\"caption\":\"<p>Here\'s my caption and there\'s a lot to say about it.&nbsp;<a href=\\\"http:\\/\\/www.google.com\\\">Here\'s a link to somewhere<\\/a>.<\\/p>\"}}},\"27\":\"<p>Here\'s a teaser for the habits and habitats page<\\/p>\",\"29\":[\"146\"]}}','2014-08-07 19:09:59','2014-08-07 19:09:59','858a0f7f-380d-4ea9-adcc-51b14096ac9a'),
	(307,143,15,1,'en_us',18,'','{\"typeId\":\"22\",\"authorId\":\"1\",\"title\":\"Habits and Habitats\",\"slug\":\"habits-habitats\",\"postDate\":1407426180,\"expiryDate\":null,\"enabled\":1,\"fields\":{\"23\":\"\",\"22\":\"\",\"20\":\"\",\"82\":[\"71\",\"99\"],\"26\":\"Habits and Habitats\",\"36\":{\"144\":{\"type\":\"textBlock\",\"enabled\":\"1\",\"fields\":{\"text\":\"<p>There are seven species of sea turtle. All sea turtles share common life history characteristics, and face common threats throughout their lifetimes from nest disturbance, development, fishing, pollution and climate change. As the largest, deepest-diving and farthest ranging sea turtles, leatherbacks serve as a flagship species for the other six species of sea turtles negatively affected by climate change, beachfront lighting or unleashed pets disturbing nest sites. Charismatic leatherbacks can also raise awareness for other animals like albatross, which are also killed by plastic pollution, gillnets and longlines.<\\/p>\"}},\"147\":{\"type\":\"mapBlock\",\"enabled\":\"1\",\"fields\":{\"mapLat\":\"10.327193\",\"mapLon\":\"-85.846264\",\"mapShowMarker\":\"\",\"mapZoom\":\"13\",\"mapLayout\":\"jumbo\",\"mapAspect\":\"aspect-2-1\",\"captionTitle\":\"\",\"caption\":\"\"}},\"156\":{\"type\":\"mapBlockNew\",\"enabled\":\"1\",\"fields\":{\"mapLocation\":\"40.71278369999998|-74.00594129999999|12|40.7127837|-74.00594130000002\",\"mapShowMarker\":\"1\",\"mapLayout\":\"standard\",\"mapAspect\":\"aspect-2-1\",\"captionTitle\":\"Here\'s my caption\",\"caption\":\"<p>Here\'s my caption and there\'s a lot to say about it.&nbsp;<a href=\\\"http:\\/\\/www.google.com\\\">Here\'s a link to somewhere<\\/a>.<\\/p>\"}}},\"27\":\"<p>Here\'s a teaser for the habits and habitats page<\\/p>\",\"29\":[\"146\"]}}','2014-08-07 19:10:22','2014-08-07 19:10:22','f85fff79-6d13-4edb-b395-3318a3900185'),
	(308,143,15,1,'en_us',19,'','{\"typeId\":\"22\",\"authorId\":\"1\",\"title\":\"Habits and Habitats\",\"slug\":\"habits-habitats\",\"postDate\":1407426180,\"expiryDate\":null,\"enabled\":1,\"fields\":{\"23\":\"\",\"22\":\"\",\"20\":\"\",\"82\":[\"71\",\"99\"],\"26\":\"Habits and Habitats\",\"36\":{\"144\":{\"type\":\"textBlock\",\"enabled\":\"1\",\"fields\":{\"text\":\"<p>There are seven species of sea turtle. All sea turtles share common life history characteristics, and face common threats throughout their lifetimes from nest disturbance, development, fishing, pollution and climate change. As the largest, deepest-diving and farthest ranging sea turtles, leatherbacks serve as a flagship species for the other six species of sea turtles negatively affected by climate change, beachfront lighting or unleashed pets disturbing nest sites. Charismatic leatherbacks can also raise awareness for other animals like albatross, which are also killed by plastic pollution, gillnets and longlines.<\\/p>\"}},\"147\":{\"type\":\"mapBlock\",\"enabled\":\"1\",\"fields\":{\"mapLat\":\"10.327193\",\"mapLon\":\"-85.846264\",\"mapShowMarker\":\"\",\"mapZoom\":\"13\",\"mapLayout\":\"jumbo\",\"mapAspect\":\"aspect-2-1\",\"captionTitle\":\"\",\"caption\":\"\"}},\"156\":{\"type\":\"mapBlockNew\",\"enabled\":\"1\",\"fields\":{\"mapLocation\":\"40.71278369999998|-74.00594130000002|12|40.7127837|-74.00594130000002\",\"mapShowMarker\":\"1\",\"mapLayout\":\"standard\",\"mapAspect\":\"aspect-2-1\",\"captionTitle\":\"Here\'s my caption\",\"caption\":\"<p>Here\'s my caption and there\'s a lot to say about it.&nbsp;<a href=\\\"http:\\/\\/www.google.com\\\">Here\'s a link to somewhere<\\/a>.<\\/p>\"}},\"new1\":{\"type\":\"mapBlockNew\",\"enabled\":\"1\",\"fields\":{\"mapLocation\":\"10.320589000000007|-85.8491098|5|10.320589|-85.84910980000001\",\"mapShowMarker\":\"\",\"mapLayout\":\"jumbo\",\"mapAspect\":\"aspect-16-9\",\"captionTitle\":\"\",\"caption\":\"\"}}},\"27\":\"<p>Here\'s a teaser for the habits and habitats page<\\/p>\",\"29\":[\"146\"]}}','2014-08-07 19:11:46','2014-08-07 19:11:46','055391e3-a427-4cf1-9ea1-8d1dfb2aadb8'),
	(309,143,15,1,'en_us',20,'','{\"typeId\":\"22\",\"authorId\":\"1\",\"title\":\"Habits and Habitats\",\"slug\":\"habits-habitats\",\"postDate\":1407426180,\"expiryDate\":null,\"enabled\":1,\"fields\":{\"23\":\"\",\"22\":\"\",\"20\":\"\",\"82\":[\"71\",\"99\"],\"26\":\"Habits and Habitats\",\"36\":{\"144\":{\"type\":\"textBlock\",\"enabled\":\"1\",\"fields\":{\"text\":\"<p>There are seven species of sea turtle. All sea turtles share common life history characteristics, and face common threats throughout their lifetimes from nest disturbance, development, fishing, pollution and climate change. As the largest, deepest-diving and farthest ranging sea turtles, leatherbacks serve as a flagship species for the other six species of sea turtles negatively affected by climate change, beachfront lighting or unleashed pets disturbing nest sites. Charismatic leatherbacks can also raise awareness for other animals like albatross, which are also killed by plastic pollution, gillnets and longlines.<\\/p>\"}},\"156\":{\"type\":\"mapBlockNew\",\"enabled\":\"1\",\"fields\":{\"mapLocation\":\"40.71278369999998|-74.00594130000002|12|40.7127837|-74.00594130000002\",\"mapShowMarker\":\"1\",\"mapLayout\":\"standard\",\"mapAspect\":\"aspect-2-1\",\"captionTitle\":\"Here\'s my caption\",\"caption\":\"<p>Here\'s my caption and there\'s a lot to say about it.&nbsp;<a href=\\\"http:\\/\\/www.google.com\\\">Here\'s a link to somewhere<\\/a>.<\\/p>\"}}},\"27\":\"<p>Here\'s a teaser for the habits and habitats page<\\/p>\",\"29\":[\"146\"]}}','2014-08-07 19:21:06','2014-08-07 19:21:06','80587d70-51ca-4ae6-9d1d-7abd4c8aaca7'),
	(310,71,6,1,'en_us',37,'','{\"typeId\":\"7\",\"authorId\":\"1\",\"title\":\"Development\",\"slug\":\"development\",\"postDate\":1406494920,\"expiryDate\":null,\"enabled\":1,\"fields\":{\"82\":[\"82\",\"11\"],\"26\":\"Development\",\"36\":{\"90\":{\"type\":\"textBlock\",\"enabled\":\"1\",\"fields\":{\"text\":\"<p>Lorem ipsum dolor sit amet, consectetur adipiscing elit. In nec imperdiet nunc. Suspendisse et lorem scelerisque, sodales lectus ut, vulputate elit. Curabitur nibh lacus, scelerisque vel quam sit amet, accumsan dignissim mi. Donec id eleifend erat. Nam velit velit, sodales eget tempus sed, euismod at magna. Donec volutpat felis vitae tortor aliquam, sit amet ornare metus placerat. Etiam ultrices ante eget nibh vehicula blandit.<\\/p>\"}},\"new1\":{\"type\":\"mapBlockNew\",\"enabled\":\"1\",\"fields\":{\"mapLocation\":\"0|-85.00000000000006|5|0|-85\",\"mapShowMarker\":\"\",\"mapLayout\":\"inset-far-right\",\"mapAspect\":\"aspect-1-1\",\"captionTitle\":\"Another map here\",\"caption\":\"<p>A caption here.<\\/p>\"}},\"72\":{\"type\":\"textBlock\",\"enabled\":\"1\",\"fields\":{\"text\":\"<p>Curabitur nibh lacus, scelerisque vel quam sit amet, accumsan dignissim mi. Donec id eleifend erat. Nam velit velit, sodales eget tempus sed, euismod at magna. Donec volutpat felis vitae tortor aliquam, sit amet ornare metus placerat. Etiam ultrices ante eget nibh vehicula blandit.<\\/p><h2>Here\'s a big header&nbsp;with a line break<\\/h2><p>\\r\\n\\tSed rhoncus lorem quis justo rhoncus volutpat. Praesent sit amet placerat tortor, at imperdiet purus. Donec luctus nisi nibh, nec cursus massa imperdiet ac. In hac habitasse platea dictumst. Nulla vel rhoncus augue. Praesent laoreet urna id mollis accumsan. Vivamus vehicula lectus mauris, vitae sollicitudin diam vestibulum nec. Pellentesque suscipit nisi et congue congue.<\\/p><p>Lorem ipsum dolor sit amet, consectetur adipiscing elit. In nec imperdiet nunc. Suspendisse et lorem scelerisque, sodales lectus ut, vulputate elit. Curabitur nibh lacus, scelerisque vel quam sit amet, accumsan dignissim mi. Donec id eleifend erat. Nam velit velit, sodales eget tempus sed, euismod at magna. Donec volutpat felis vitae tortor aliquam, sit amet ornare metus placerat. Etiam ultrices ante eget nibh vehicula blandit.<\\/p>\"}},\"new2\":{\"type\":\"mapBlockNew\",\"enabled\":\"1\",\"fields\":{\"mapLocation\":\"10.300000000000008|-85.84000000000005|13|10.3|-85.84000000000003\",\"mapShowMarker\":\"1\",\"mapLayout\":\"standard\",\"mapAspect\":\"aspect-16-9\",\"captionTitle\":\"\",\"caption\":\"<p>Here\'s a cool caption for this map.<\\/p>\"}}},\"27\":\"<p>Nunc sed felis ut elit adipiscing ultrices sit amet vel arcu. Fusce tellus lectus, rhoncus vel tortor id, bibendum molestie mi. Donec convallis sagittis feli.<\\/p>\",\"64\":[\"70\"]}}','2014-08-07 19:23:24','2014-08-07 19:23:24','a251f873-80b7-4f43-8796-176ad2f217f9'),
	(311,71,6,1,'en_us',38,'','{\"typeId\":\"7\",\"authorId\":\"1\",\"title\":\"Development\",\"slug\":\"development\",\"postDate\":1406494920,\"expiryDate\":null,\"enabled\":1,\"fields\":{\"82\":[\"82\",\"11\"],\"26\":\"Development\",\"36\":{\"90\":{\"type\":\"textBlock\",\"enabled\":\"1\",\"fields\":{\"text\":\"<p>Lorem ipsum dolor sit amet, consectetur adipiscing elit. In nec imperdiet nunc. Suspendisse et lorem scelerisque, sodales lectus ut, vulputate elit. Curabitur nibh lacus, scelerisque vel quam sit amet, accumsan dignissim mi. Donec id eleifend erat. Nam velit velit, sodales eget tempus sed, euismod at magna. Donec volutpat felis vitae tortor aliquam, sit amet ornare metus placerat. Etiam ultrices ante eget nibh vehicula blandit.<\\/p>\"}},\"158\":{\"type\":\"mapBlockNew\",\"enabled\":\"1\",\"fields\":{\"mapLocation\":\"0|-85.00000000000006|5|0|-85\",\"mapShowMarker\":\"\",\"mapLayout\":\"inset-far-right\",\"mapAspect\":\"aspect-1-1\",\"captionTitle\":\"Another map here\",\"caption\":\"<p>A caption here.<\\/p>\"}},\"72\":{\"type\":\"textBlock\",\"enabled\":\"1\",\"fields\":{\"text\":\"<p>Curabitur nibh lacus, scelerisque vel quam sit amet, accumsan dignissim mi. Donec id eleifend erat. Nam velit velit, sodales eget tempus sed, euismod at magna. Donec volutpat felis vitae tortor aliquam, sit amet ornare metus placerat. Etiam ultrices ante eget nibh vehicula blandit.<\\/p><h2>Here\'s a big header&nbsp;with a line break<\\/h2><p>\\r\\n\\tSed rhoncus lorem quis justo rhoncus volutpat. Praesent sit amet placerat tortor, at imperdiet purus. Donec luctus nisi nibh, nec cursus massa imperdiet ac. In hac habitasse platea dictumst. Nulla vel rhoncus augue. Praesent laoreet urna id mollis accumsan. Vivamus vehicula lectus mauris, vitae sollicitudin diam vestibulum nec. Pellentesque suscipit nisi et congue congue.<\\/p><p>Lorem ipsum dolor sit amet, consectetur adipiscing elit. In nec imperdiet nunc. Suspendisse et lorem scelerisque, sodales lectus ut, vulputate elit. Curabitur nibh lacus, scelerisque vel quam sit amet, accumsan dignissim mi. Donec id eleifend erat. Nam velit velit, sodales eget tempus sed, euismod at magna. Donec volutpat felis vitae tortor aliquam, sit amet ornare metus placerat. Etiam ultrices ante eget nibh vehicula blandit.<\\/p>\"}},\"159\":{\"type\":\"mapBlockNew\",\"enabled\":\"1\",\"fields\":{\"mapLocation\":\"10.301857840189966|-85.80549606323247|13|10.3|-85.84000000000003\",\"mapShowMarker\":\"1\",\"mapLayout\":\"standard\",\"mapAspect\":\"aspect-16-9\",\"captionTitle\":\"\",\"caption\":\"<p>Here\'s a cool caption for this map.<\\/p>\"}}},\"27\":\"<p>Nunc sed felis ut elit adipiscing ultrices sit amet vel arcu. Fusce tellus lectus, rhoncus vel tortor id, bibendum molestie mi. Donec convallis sagittis feli.<\\/p>\",\"64\":[\"70\"]}}','2014-08-07 19:24:26','2014-08-07 19:24:26','2d3eec75-ec3c-4ece-b254-6fe1e5b871b2'),
	(312,71,6,1,'en_us',39,'','{\"typeId\":\"7\",\"authorId\":\"1\",\"title\":\"Development\",\"slug\":\"development\",\"postDate\":1406494920,\"expiryDate\":null,\"enabled\":1,\"fields\":{\"82\":[\"82\",\"11\"],\"26\":\"Development\",\"36\":{\"90\":{\"type\":\"textBlock\",\"enabled\":\"1\",\"fields\":{\"text\":\"<p>Lorem ipsum dolor sit amet, consectetur adipiscing elit. In nec imperdiet nunc. Suspendisse et lorem scelerisque, sodales lectus ut, vulputate elit. Curabitur nibh lacus, scelerisque vel quam sit amet, accumsan dignissim mi. Donec id eleifend erat. Nam velit velit, sodales eget tempus sed, euismod at magna. Donec volutpat felis vitae tortor aliquam, sit amet ornare metus placerat. Etiam ultrices ante eget nibh vehicula blandit.<\\/p>\"}},\"158\":{\"type\":\"mapBlock\",\"enabled\":\"1\",\"fields\":{\"mapLocation\":\"0|-85.00000000000006|5|0|-85\",\"mapShowMarker\":\"\",\"mapLayout\":\"inset-far-right\",\"mapAspect\":\"aspect-1-1\",\"captionTitle\":\"Here\'s a caption title\",\"caption\":\"<p>Here\'s the caption lorem ipsum dolor sit amet.<\\/p>\"}},\"72\":{\"type\":\"textBlock\",\"enabled\":\"1\",\"fields\":{\"text\":\"<p>Curabitur nibh lacus, scelerisque vel quam sit amet, accumsan dignissim mi. Donec id eleifend erat. Nam velit velit, sodales eget tempus sed, euismod at magna. Donec volutpat felis vitae tortor aliquam, sit amet ornare metus placerat. Etiam ultrices ante eget nibh vehicula blandit.<\\/p><h2>Here\'s a big header&nbsp;with a line break<\\/h2><p>\\r\\n\\tSed rhoncus lorem quis justo rhoncus volutpat. Praesent sit amet placerat tortor, at imperdiet purus. Donec luctus nisi nibh, nec cursus massa imperdiet ac. In hac habitasse platea dictumst. Nulla vel rhoncus augue. Praesent laoreet urna id mollis accumsan. Vivamus vehicula lectus mauris, vitae sollicitudin diam vestibulum nec. Pellentesque suscipit nisi et congue congue.<\\/p><p>Lorem ipsum dolor sit amet, consectetur adipiscing elit. In nec imperdiet nunc. Suspendisse et lorem scelerisque, sodales lectus ut, vulputate elit. Curabitur nibh lacus, scelerisque vel quam sit amet, accumsan dignissim mi. Donec id eleifend erat. Nam velit velit, sodales eget tempus sed, euismod at magna. Donec volutpat felis vitae tortor aliquam, sit amet ornare metus placerat. Etiam ultrices ante eget nibh vehicula blandit.<\\/p>\"}},\"159\":{\"type\":\"mapBlock\",\"enabled\":\"1\",\"fields\":{\"mapLocation\":\"10.301857840189966|-85.80549606323245|13|10.3|-85.84000000000003\",\"mapShowMarker\":\"1\",\"mapLayout\":\"standard\",\"mapAspect\":\"aspect-16-9\",\"captionTitle\":\"\",\"caption\":\"<p>Heres a caption.<\\/p>\"}}},\"27\":\"<p>Nunc sed felis ut elit adipiscing ultrices sit amet vel arcu. Fusce tellus lectus, rhoncus vel tortor id, bibendum molestie mi. Donec convallis sagittis feli.<\\/p>\",\"64\":[\"70\"]}}','2014-08-07 19:27:23','2014-08-07 19:27:23','f804e8bf-bc15-4f12-8cad-45c93c2c8b74'),
	(313,143,15,1,'en_us',21,'','{\"typeId\":\"22\",\"authorId\":\"1\",\"title\":\"Habits and Habitats\",\"slug\":\"habits-habitats\",\"postDate\":1407426180,\"expiryDate\":null,\"enabled\":1,\"fields\":{\"23\":\"\",\"22\":\"\",\"20\":\"\",\"82\":[\"71\",\"99\"],\"26\":\"Habits and Habitats\",\"36\":{\"144\":{\"type\":\"textBlock\",\"enabled\":\"1\",\"fields\":{\"text\":\"<p>There are seven species of sea turtle. All sea turtles share common life history characteristics, and face common threats throughout their lifetimes from nest disturbance, development, fishing, pollution and climate change. As the largest, deepest-diving and farthest ranging sea turtles, leatherbacks serve as a flagship species for the other six species of sea turtles negatively affected by climate change, beachfront lighting or unleashed pets disturbing nest sites. Charismatic leatherbacks can also raise awareness for other animals like albatross, which are also killed by plastic pollution, gillnets and longlines.<\\/p>\"}},\"156\":{\"type\":\"mapBlock\",\"enabled\":\"1\",\"fields\":{\"mapLocation\":\"40.71278369999998|-74.00594130000002|12|40.7127837|-74.00594130000002\",\"mapShowMarker\":\"\",\"mapLayout\":\"standard\",\"mapAspect\":\"aspect-16-9\",\"captionTitle\":\"\",\"caption\":\"\"}}},\"27\":\"<p>Here\'s a teaser for the habits and habitats page<\\/p>\",\"29\":[\"146\"]}}','2014-08-07 19:28:19','2014-08-07 19:28:19','8c590ee6-de17-480e-a110-c52489f7efc1'),
	(314,143,15,1,'en_us',22,'','{\"typeId\":\"22\",\"authorId\":\"1\",\"title\":\"Habits and Habitats\",\"slug\":\"habits-habitats\",\"postDate\":1407426180,\"expiryDate\":null,\"enabled\":1,\"fields\":{\"23\":\"\",\"22\":\"\",\"20\":\"\",\"82\":[\"71\",\"99\"],\"26\":\"Habits and Habitats\",\"36\":{\"144\":{\"type\":\"textBlock\",\"enabled\":\"1\",\"fields\":{\"text\":\"<p>There are seven species of sea turtle. All sea turtles share common life history characteristics, and face common threats throughout their lifetimes from nest disturbance, development, fishing, pollution and climate change. As the largest, deepest-diving and farthest ranging sea turtles, leatherbacks serve as a flagship species for the other six species of sea turtles negatively affected by climate change, beachfront lighting or unleashed pets disturbing nest sites. Charismatic leatherbacks can also raise awareness for other animals like albatross, which are also killed by plastic pollution, gillnets and longlines.<\\/p>\"}},\"156\":{\"type\":\"mapBlock\",\"enabled\":\"1\",\"fields\":{\"mapLocation\":\"40.71278369999998|-74.00594130000002|12|40.7127837|-74.00594130000002\",\"mapShowMarker\":\"1\",\"mapLayout\":\"standard\",\"mapAspect\":\"aspect-16-9\",\"captionTitle\":\"\",\"caption\":\"\"}}},\"27\":\"<p>Here\'s a teaser for the habits and habitats page<\\/p>\",\"29\":[\"146\"]}}','2014-08-07 19:28:35','2014-08-07 19:28:35','ea89f420-31b6-437a-8b2c-2aca56678bf8'),
	(315,160,16,1,'en_us',1,'','{\"typeId\":\"23\",\"authorId\":\"1\",\"title\":\"Las Baulas National Park\",\"slug\":\"graphicdata\",\"postDate\":1407525360,\"expiryDate\":null,\"enabled\":1,\"fields\":{\"121\":\"\",\"120\":\"\",\"117\":{\"date\":\"\",\"time\":\"\"},\"119\":\"\",\"103\":\"\",\"102\":\"\",\"105\":\"\",\"104\":\"\",\"111\":\"\",\"110\":\"\",\"107\":{\"date\":\"\",\"time\":\"\"},\"109\":\"\",\"118\":\"\",\"106\":\"\",\"108\":\"\"}}','2014-08-11 19:58:55','2014-08-11 19:58:55','a24c33b4-887d-4ada-82a1-dab6a2d53d27'),
	(316,160,16,1,'en_us',2,'','{\"typeId\":\"23\",\"authorId\":\"1\",\"title\":\"Las Baulas National Park\",\"slug\":\"graphicdata\",\"postDate\":1407525360,\"expiryDate\":null,\"enabled\":1,\"fields\":{\"121\":\"\",\"120\":\"\",\"117\":{\"date\":\"\",\"time\":\"\"},\"119\":\"\",\"103\":\"\",\"102\":\"\",\"105\":\"\",\"104\":\"\",\"111\":\"\",\"110\":\"\",\"107\":{\"date\":\"\",\"time\":\"\"},\"109\":\"\",\"65\":\"<p>Page intro here Lorem ipsum ante a suspendisse nunc et morbi hac. Lectus massa nullam ultrices hymenaeos scelerisque pede velit curabitur ut praesent donec. Praesent curabitur lacus nulla arcu ultrices cras libero purus condimentum nulla vivamus. Elit tempor tempor in amet conubia hymenaeos facilisis. Mollis sed felis enim id integer eu. Id condimentum turpis. Nec.<\\/p>\",\"118\":\"\",\"106\":\"\",\"108\":\"\"}}','2014-08-11 20:00:18','2014-08-11 20:00:18','48cd2ad3-55be-4ce2-871e-c1dc482ed836'),
	(317,160,16,1,'en_us',3,'','{\"typeId\":\"23\",\"authorId\":\"1\",\"title\":\"Las Baulas National Park\",\"slug\":\"graphicdata\",\"postDate\":1407525360,\"expiryDate\":null,\"enabled\":1,\"fields\":{\"121\":\"\",\"120\":\"\",\"117\":{\"date\":\"\",\"time\":\"\"},\"119\":\"\",\"103\":\"\",\"102\":[{\"col1\":\"1988\",\"col2\":\"1230\",\"col3\":\"600\",\"col4\":\"1100\"},{\"col1\":\"1989\",\"col2\":\"1480\",\"col3\":\"500\",\"col4\":\"1000\"},{\"col1\":\"1990\",\"col2\":\"720\",\"col3\":\"400\",\"col4\":\"1200\"},{\"col1\":\"1991\",\"col2\":\"800\",\"col3\":\"700\",\"col4\":\"850\"}],\"105\":\"<p>Description here explaining graphic below lorem ipsum dolor sit amet consecutat velorem dolor. Adipiscing elit ventorum est caricula verti optum.<\\/p>\",\"104\":\"Turtles & nests in decline\",\"111\":\"\",\"110\":\"\",\"107\":{\"date\":\"\",\"time\":\"\"},\"109\":\"\",\"65\":\"<p>Page intro here Lorem ipsum ante a suspendisse nunc et morbi hac. Lectus massa nullam ultrices hymenaeos scelerisque pede velit curabitur ut praesent donec. Praesent curabitur lacus nulla arcu ultrices cras libero purus condimentum nulla vivamus. Elit tempor tempor in amet conubia hymenaeos facilisis. Mollis sed felis enim id integer eu. Id condimentum turpis. Nec.<\\/p>\",\"118\":\"\",\"106\":\"\",\"108\":\"\"}}','2014-08-11 20:03:35','2014-08-11 20:03:35','81e7be2a-1309-497d-81f3-21fde6495858'),
	(318,160,16,1,'en_us',4,'','{\"typeId\":\"23\",\"authorId\":\"1\",\"title\":\"Las Baulas National Park\",\"slug\":\"graphicdata\",\"postDate\":1407525360,\"expiryDate\":null,\"enabled\":1,\"fields\":{\"121\":\"\",\"120\":\"\",\"117\":{\"date\":\"\",\"time\":\"\"},\"119\":\"\",\"103\":[{\"col1\":\"1988\",\"col2\":\"100\",\"col3\":\"50\",\"col4\":\"40\"},{\"col1\":\"1989\",\"col2\":\"90\",\"col3\":\"45\",\"col4\":\"35\"},{\"col1\":\"1990\",\"col2\":\"80\",\"col3\":\"40\",\"col4\":\"30\"},{\"col1\":\"1991\",\"col2\":\"70\",\"col3\":\"35\",\"col4\":\"25\"}],\"102\":[{\"col1\":\"1988\",\"col2\":\"1230\",\"col3\":\"600\",\"col4\":\"1100\"},{\"col1\":\"1989\",\"col2\":\"1480\",\"col3\":\"500\",\"col4\":\"1000\"},{\"col1\":\"1990\",\"col2\":\"720\",\"col3\":\"400\",\"col4\":\"1200\"},{\"col1\":\"1991\",\"col2\":\"800\",\"col3\":\"700\",\"col4\":\"850\"}],\"105\":\"<p>Description here explaining graphic below lorem ipsum dolor sit amet consecutat velorem dolor. Adipiscing elit ventorum est caricula verti optum.<\\/p>\",\"104\":\"Turtles & nests in decline\",\"111\":\"\",\"110\":\"\",\"107\":{\"date\":\"\",\"time\":\"\"},\"109\":\"\",\"65\":\"<p>Page intro here Lorem ipsum ante a suspendisse nunc et morbi hac. Lectus massa nullam ultrices hymenaeos scelerisque pede velit curabitur ut praesent donec. Praesent curabitur lacus nulla arcu ultrices cras libero purus condimentum nulla vivamus. Elit tempor tempor in amet conubia hymenaeos facilisis. Mollis sed felis enim id integer eu. Id condimentum turpis. Nec.<\\/p>\",\"118\":\"\",\"106\":\"\",\"108\":\"\"}}','2014-08-11 20:04:57','2014-08-11 20:04:57','52407069-0629-467b-b08b-fe99878fb2ff'),
	(319,160,16,1,'en_us',5,'','{\"typeId\":\"23\",\"authorId\":\"1\",\"title\":\"Las Baulas National Park\",\"slug\":\"graphicdata\",\"postDate\":1407525360,\"expiryDate\":null,\"enabled\":1,\"fields\":{\"121\":\"\",\"120\":\"\",\"117\":{\"date\":\"\",\"time\":\"\"},\"119\":\"\",\"103\":[{\"col1\":\"1988\",\"col2\":\"100\",\"col3\":\"50\",\"col4\":\"40\"},{\"col1\":\"1989\",\"col2\":\"90\",\"col3\":\"45\",\"col4\":\"35\"},{\"col1\":\"1990\",\"col2\":\"80\",\"col3\":\"40\",\"col4\":\"30\"},{\"col1\":\"1991\",\"col2\":\"70\",\"col3\":\"35\",\"col4\":\"25\"}],\"102\":[{\"col1\":\"1988\",\"col2\":\"1230\",\"col3\":\"600\",\"col4\":\"1100\"},{\"col1\":\"1989\",\"col2\":\"1480\",\"col3\":\"500\",\"col4\":\"1000\"},{\"col1\":\"1990\",\"col2\":\"720\",\"col3\":\"400\",\"col4\":\"1200\"},{\"col1\":\"1991\",\"col2\":\"800\",\"col3\":\"700\",\"col4\":\"850\"}],\"105\":\"<p>Description here explaining graphic below lorem ipsum dolor sit amet consecutat velorem dolor. Adipiscing elit ventorum est caricula verti optum.<\\/p>\",\"104\":\"Turtles & nests in decline\",\"111\":{\"new1\":{\"type\":\"region\",\"enabled\":\"1\",\"fields\":{\"regionName\":\"Playas Ventanas\",\"regionLocation\":\"10.34293410682752|-85.85714421914066|14|10.34293410682752|-85.85714421914065\",\"regionLeatherbackTotal\":\"4\",\"regionOliveridleyTotal\":\"4\",\"regionGreenTotal\":\"5\"}},\"new2\":{\"type\":\"region\",\"enabled\":\"1\",\"fields\":{\"regionName\":\"Playa Grande\",\"regionLocation\":\"10.329297395737258|-85.84705911324467|15|10.329297395737258|-85.84705911324465\",\"regionLeatherbackTotal\":\"8\",\"regionOliveridleyTotal\":\"3\",\"regionGreenTotal\":\"5\"}},\"new3\":{\"type\":\"region\",\"enabled\":\"1\",\"fields\":{\"regionName\":\"Playa Grande South\",\"regionLocation\":\"10.313042338889323|-85.84113679573979|14|10.313042338889323|-85.84113679573977\",\"regionLeatherbackTotal\":\"8\",\"regionOliveridleyTotal\":\"0\",\"regionGreenTotal\":\"0\"}}},\"110\":\"<p>Description here explaining graphic below lorem ipsum dolor sit amet consecutat velorem dolor. Adipiscing elit ventorum est caricula verti optum.<\\/p>\",\"107\":{\"date\":\"8\\/10\\/2014\",\"time\":\"11:00 PM\"},\"109\":\"Nests at Las Baulas National Park\",\"65\":\"<p>Page intro here Lorem ipsum ante a suspendisse nunc et morbi hac. Lectus massa nullam ultrices hymenaeos scelerisque pede velit curabitur ut praesent donec. Praesent curabitur lacus nulla arcu ultrices cras libero purus condimentum nulla vivamus. Elit tempor tempor in amet conubia hymenaeos facilisis. Mollis sed felis enim id integer eu. Id condimentum turpis. Nec.<\\/p>\",\"118\":\"\",\"106\":\"1\",\"108\":\"1\"}}','2014-08-11 20:09:32','2014-08-11 20:09:32','88896508-f13f-4962-ad21-f66b86b052cd'),
	(320,160,16,1,'en_us',6,'','{\"typeId\":\"23\",\"authorId\":\"1\",\"title\":\"Las Baulas National Park\",\"slug\":\"graphicdata\",\"postDate\":1407525360,\"expiryDate\":null,\"enabled\":1,\"fields\":{\"121\":{\"new1\":{\"type\":\"bay\",\"enabled\":\"1\",\"fields\":{\"baySpecies\":\"leatherback\",\"bayEggs\":\"80\",\"bayHatchlings\":\"0\"}},\"new2\":{\"type\":\"bay\",\"enabled\":\"1\",\"fields\":{\"baySpecies\":\"leatherback\",\"bayEggs\":\"36\",\"bayHatchlings\":\"28\"}},\"new3\":{\"type\":\"bay\",\"enabled\":\"1\",\"fields\":{\"baySpecies\":\"none\",\"bayEggs\":\"0\",\"bayHatchlings\":\"0\"}},\"new4\":{\"type\":\"bay\",\"enabled\":\"1\",\"fields\":{\"baySpecies\":\"oliveridley\",\"bayEggs\":\"78\",\"bayHatchlings\":\"10\"}},\"new5\":{\"type\":\"bay\",\"enabled\":\"1\",\"fields\":{\"baySpecies\":\"green\",\"bayEggs\":\"60\",\"bayHatchlings\":\"22\"}},\"new6\":{\"type\":\"bay\",\"enabled\":\"1\",\"fields\":{\"baySpecies\":\"leatherback\",\"bayEggs\":\"99\",\"bayHatchlings\":\"0\"}},\"new7\":{\"type\":\"bay\",\"enabled\":\"1\",\"fields\":{\"baySpecies\":\"oliveridley\",\"bayEggs\":\"99\",\"bayHatchlings\":\"0\"}},\"new8\":{\"type\":\"bay\",\"enabled\":\"1\",\"fields\":{\"baySpecies\":\"green\",\"bayEggs\":\"99\",\"bayHatchlings\":\"0\"}},\"new9\":{\"type\":\"bay\",\"enabled\":\"1\",\"fields\":{\"baySpecies\":\"leatherback\",\"bayEggs\":\"0\",\"bayHatchlings\":\"99\"}},\"new10\":{\"type\":\"bay\",\"enabled\":\"1\",\"fields\":{\"baySpecies\":\"oliveridley\",\"bayEggs\":\"0\",\"bayHatchlings\":\"99\"}},\"new11\":{\"type\":\"bay\",\"enabled\":\"1\",\"fields\":{\"baySpecies\":\"green\",\"bayEggs\":\"0\",\"bayHatchlings\":\"99\"}}},\"120\":\"<p>Description here explaining graphic below lorem ipsum dolor sit amet consecutat velorem dolor. Adipiscing elit ventorum est caricula verti optum.<\\/p>\",\"117\":{\"date\":\"8\\/10\\/2014\",\"time\":\"11:30 AM\"},\"119\":\"In the Las Baulas Hatchery\",\"103\":[{\"col1\":\"1988\",\"col2\":\"100\",\"col3\":\"50\",\"col4\":\"40\"},{\"col1\":\"1989\",\"col2\":\"90\",\"col3\":\"45\",\"col4\":\"35\"},{\"col1\":\"1990\",\"col2\":\"80\",\"col3\":\"40\",\"col4\":\"30\"},{\"col1\":\"1991\",\"col2\":\"70\",\"col3\":\"35\",\"col4\":\"25\"}],\"102\":[{\"col1\":\"1988\",\"col2\":\"1230\",\"col3\":\"600\",\"col4\":\"1100\"},{\"col1\":\"1989\",\"col2\":\"1480\",\"col3\":\"500\",\"col4\":\"1000\"},{\"col1\":\"1990\",\"col2\":\"720\",\"col3\":\"400\",\"col4\":\"1200\"},{\"col1\":\"1991\",\"col2\":\"800\",\"col3\":\"700\",\"col4\":\"850\"}],\"105\":\"<p>Description here explaining graphic below lorem ipsum dolor sit amet consecutat velorem dolor. Adipiscing elit ventorum est caricula verti optum.<\\/p>\",\"104\":\"Turtles & nests in decline\",\"111\":{\"161\":{\"type\":\"region\",\"enabled\":\"1\",\"fields\":{\"regionName\":\"Playas Ventanas\",\"regionLocation\":\"10.34293410682752|-85.85714421914065|14|10.34293410682752|-85.85714421914065\",\"regionLeatherbackTotal\":\"4\",\"regionOliveridleyTotal\":\"4\",\"regionGreenTotal\":\"5\"}},\"162\":{\"type\":\"region\",\"enabled\":\"1\",\"fields\":{\"regionName\":\"Playa Grande\",\"regionLocation\":\"10.329297395737258|-85.84705911324465|15|10.329297395737258|-85.84705911324465\",\"regionLeatherbackTotal\":\"8\",\"regionOliveridleyTotal\":\"3\",\"regionGreenTotal\":\"5\"}},\"163\":{\"type\":\"region\",\"enabled\":\"1\",\"fields\":{\"regionName\":\"Playa Grande South\",\"regionLocation\":\"10.313042338889323|-85.84113679573977|14|10.313042338889323|-85.84113679573977\",\"regionLeatherbackTotal\":\"8\",\"regionOliveridleyTotal\":\"0\",\"regionGreenTotal\":\"0\"}}},\"110\":\"<p>Description here explaining graphic below lorem ipsum dolor sit amet consecutat velorem dolor. Adipiscing elit ventorum est caricula verti optum.<\\/p>\",\"107\":{\"date\":\"8\\/10\\/2014\",\"time\":\"11:00 PM\"},\"109\":\"Nests at Las Baulas National Park\",\"65\":\"<p>Page intro here Lorem ipsum ante a suspendisse nunc et morbi hac. Lectus massa nullam ultrices hymenaeos scelerisque pede velit curabitur ut praesent donec. Praesent curabitur lacus nulla arcu ultrices cras libero purus condimentum nulla vivamus. Elit tempor tempor in amet conubia hymenaeos facilisis. Mollis sed felis enim id integer eu. Id condimentum turpis. Nec.<\\/p>\",\"118\":\"1\",\"106\":\"1\",\"108\":\"1\"}}','2014-08-11 20:12:35','2014-08-11 20:12:35','18f9de06-ec21-4ba1-a047-f95d7c80d81d'),
	(321,160,16,1,'en_us',7,'','{\"typeId\":\"23\",\"authorId\":\"1\",\"title\":\"Las Baulas National Park\",\"slug\":\"las-baulas-national-park\",\"postDate\":1407525360,\"expiryDate\":null,\"enabled\":1,\"fields\":{\"121\":{\"164\":{\"type\":\"bay\",\"enabled\":\"1\",\"fields\":{\"baySpecies\":\"leatherback\",\"bayEggs\":\"80\",\"bayHatchlings\":\"0\"}},\"165\":{\"type\":\"bay\",\"enabled\":\"1\",\"fields\":{\"baySpecies\":\"leatherback\",\"bayEggs\":\"36\",\"bayHatchlings\":\"28\"}},\"166\":{\"type\":\"bay\",\"enabled\":\"1\",\"fields\":{\"baySpecies\":\"none\",\"bayEggs\":\"0\",\"bayHatchlings\":\"0\"}},\"167\":{\"type\":\"bay\",\"enabled\":\"1\",\"fields\":{\"baySpecies\":\"oliveridley\",\"bayEggs\":\"78\",\"bayHatchlings\":\"10\"}},\"168\":{\"type\":\"bay\",\"enabled\":\"1\",\"fields\":{\"baySpecies\":\"green\",\"bayEggs\":\"60\",\"bayHatchlings\":\"22\"}},\"169\":{\"type\":\"bay\",\"enabled\":\"1\",\"fields\":{\"baySpecies\":\"leatherback\",\"bayEggs\":\"99\",\"bayHatchlings\":\"0\"}},\"170\":{\"type\":\"bay\",\"enabled\":\"1\",\"fields\":{\"baySpecies\":\"oliveridley\",\"bayEggs\":\"99\",\"bayHatchlings\":\"0\"}},\"171\":{\"type\":\"bay\",\"enabled\":\"1\",\"fields\":{\"baySpecies\":\"green\",\"bayEggs\":\"99\",\"bayHatchlings\":\"0\"}},\"172\":{\"type\":\"bay\",\"enabled\":\"1\",\"fields\":{\"baySpecies\":\"leatherback\",\"bayEggs\":\"0\",\"bayHatchlings\":\"99\"}},\"173\":{\"type\":\"bay\",\"enabled\":\"1\",\"fields\":{\"baySpecies\":\"oliveridley\",\"bayEggs\":\"0\",\"bayHatchlings\":\"99\"}},\"174\":{\"type\":\"bay\",\"enabled\":\"1\",\"fields\":{\"baySpecies\":\"green\",\"bayEggs\":\"0\",\"bayHatchlings\":\"99\"}}},\"120\":\"<p>Description here explaining graphic below lorem ipsum dolor sit amet consecutat velorem dolor. Adipiscing elit ventorum est caricula verti optum.<\\/p>\",\"117\":{\"date\":\"8\\/10\\/2014\",\"time\":\"11:30 AM\"},\"119\":\"In the Las Baulas Hatchery\",\"103\":[{\"col1\":\"1988\",\"col2\":\"100\",\"col3\":\"50\",\"col4\":\"40\"},{\"col1\":\"1989\",\"col2\":\"90\",\"col3\":\"45\",\"col4\":\"35\"},{\"col1\":\"1990\",\"col2\":\"80\",\"col3\":\"40\",\"col4\":\"30\"},{\"col1\":\"1991\",\"col2\":\"70\",\"col3\":\"35\",\"col4\":\"25\"}],\"102\":[{\"col1\":\"1988\",\"col2\":\"1230\",\"col3\":\"600\",\"col4\":\"1100\"},{\"col1\":\"1989\",\"col2\":\"1480\",\"col3\":\"500\",\"col4\":\"1000\"},{\"col1\":\"1990\",\"col2\":\"720\",\"col3\":\"400\",\"col4\":\"1200\"},{\"col1\":\"1991\",\"col2\":\"800\",\"col3\":\"700\",\"col4\":\"850\"}],\"105\":\"<p>Description here explaining graphic below lorem ipsum dolor sit amet consecutat velorem dolor. Adipiscing elit ventorum est caricula verti optum.<\\/p>\",\"104\":\"Turtles & nests in decline\",\"111\":{\"161\":{\"type\":\"region\",\"enabled\":\"1\",\"fields\":{\"regionName\":\"Playas Ventanas\",\"regionLocation\":\"10.34293410682752|-85.85714421914065|14|10.34293410682752|-85.85714421914065\",\"regionLeatherbackTotal\":\"4\",\"regionOliveridleyTotal\":\"4\",\"regionGreenTotal\":\"5\"}},\"162\":{\"type\":\"region\",\"enabled\":\"1\",\"fields\":{\"regionName\":\"Playa Grande\",\"regionLocation\":\"10.329297395737258|-85.84705911324465|15|10.329297395737258|-85.84705911324465\",\"regionLeatherbackTotal\":\"8\",\"regionOliveridleyTotal\":\"3\",\"regionGreenTotal\":\"5\"}},\"163\":{\"type\":\"region\",\"enabled\":\"1\",\"fields\":{\"regionName\":\"Playa Grande South\",\"regionLocation\":\"10.313042338889323|-85.84113679573977|14|10.313042338889323|-85.84113679573977\",\"regionLeatherbackTotal\":\"8\",\"regionOliveridleyTotal\":\"0\",\"regionGreenTotal\":\"0\"}}},\"110\":\"<p>Description here explaining graphic below lorem ipsum dolor sit amet consecutat velorem dolor. Adipiscing elit ventorum est caricula verti optum.<\\/p>\",\"107\":{\"date\":\"8\\/10\\/2014\",\"time\":\"11:00 PM\"},\"109\":\"Nests at Las Baulas National Park\",\"65\":\"<p>Page intro here Lorem ipsum ante a suspendisse nunc et morbi hac. Lectus massa nullam ultrices hymenaeos scelerisque pede velit curabitur ut praesent donec. Praesent curabitur lacus nulla arcu ultrices cras libero purus condimentum nulla vivamus. Elit tempor tempor in amet conubia hymenaeos facilisis. Mollis sed felis enim id integer eu. Id condimentum turpis. Nec.<\\/p>\",\"118\":\"1\",\"106\":\"1\",\"108\":\"1\"}}','2014-08-11 20:14:43','2014-08-11 20:14:43','9944f3db-8907-4aa6-8a3e-e4391d19af90'),
	(322,160,16,1,'en_us',8,'','{\"typeId\":\"23\",\"authorId\":\"1\",\"title\":\"Las Baulas National Park\",\"slug\":\"las-baulas-national-park\",\"postDate\":1407525360,\"expiryDate\":null,\"enabled\":1,\"fields\":{\"121\":{\"164\":{\"type\":\"bay\",\"enabled\":\"1\",\"fields\":{\"baySpecies\":\"leatherback\",\"bayEggs\":\"80\",\"bayHatchlings\":\"0\"}},\"165\":{\"type\":\"bay\",\"enabled\":\"1\",\"fields\":{\"baySpecies\":\"leatherback\",\"bayEggs\":\"36\",\"bayHatchlings\":\"28\"}},\"166\":{\"type\":\"bay\",\"enabled\":\"1\",\"fields\":{\"baySpecies\":\"none\",\"bayEggs\":\"0\",\"bayHatchlings\":\"0\"}},\"167\":{\"type\":\"bay\",\"enabled\":\"1\",\"fields\":{\"baySpecies\":\"oliveridley\",\"bayEggs\":\"78\",\"bayHatchlings\":\"10\"}},\"168\":{\"type\":\"bay\",\"enabled\":\"1\",\"fields\":{\"baySpecies\":\"green\",\"bayEggs\":\"60\",\"bayHatchlings\":\"22\"}},\"169\":{\"type\":\"bay\",\"enabled\":\"1\",\"fields\":{\"baySpecies\":\"leatherback\",\"bayEggs\":\"99\",\"bayHatchlings\":\"0\"}},\"170\":{\"type\":\"bay\",\"enabled\":\"1\",\"fields\":{\"baySpecies\":\"oliveridley\",\"bayEggs\":\"99\",\"bayHatchlings\":\"0\"}},\"171\":{\"type\":\"bay\",\"enabled\":\"1\",\"fields\":{\"baySpecies\":\"green\",\"bayEggs\":\"99\",\"bayHatchlings\":\"0\"}},\"172\":{\"type\":\"bay\",\"enabled\":\"1\",\"fields\":{\"baySpecies\":\"leatherback\",\"bayEggs\":\"0\",\"bayHatchlings\":\"99\"}},\"173\":{\"type\":\"bay\",\"enabled\":\"1\",\"fields\":{\"baySpecies\":\"oliveridley\",\"bayEggs\":\"0\",\"bayHatchlings\":\"99\"}},\"174\":{\"type\":\"bay\",\"enabled\":\"1\",\"fields\":{\"baySpecies\":\"green\",\"bayEggs\":\"0\",\"bayHatchlings\":\"99\"}}},\"120\":\"<p>Description here explaining graphic below lorem ipsum dolor sit amet consecutat velorem dolor. Adipiscing elit ventorum est caricula verti optum.<\\/p>\",\"117\":{\"date\":\"8\\/10\\/2014\",\"time\":\"11:30 AM\"},\"119\":\"In the Las Baulas Hatchery\",\"103\":[{\"col1\":\"1988\",\"col2\":\"100\",\"col3\":\"50\",\"col4\":\"40\"},{\"col1\":\"1989\",\"col2\":\"90\",\"col3\":\"45\",\"col4\":\"35\"},{\"col1\":\"1990\",\"col2\":\"80\",\"col3\":\"40\",\"col4\":\"30\"},{\"col1\":\"1991\",\"col2\":\"70\",\"col3\":\"35\",\"col4\":\"25\"}],\"102\":[{\"col1\":\"1988\",\"col2\":\"1230\",\"col3\":\"600\",\"col4\":\"1100\"},{\"col1\":\"1989\",\"col2\":\"1480\",\"col3\":\"500\",\"col4\":\"1000\"},{\"col1\":\"1990\",\"col2\":\"720\",\"col3\":\"400\",\"col4\":\"1200\"},{\"col1\":\"1991\",\"col2\":\"800\",\"col3\":\"700\",\"col4\":\"850\"}],\"105\":\"<p>Description here explaining graphic below lorem ipsum dolor sit amet consecutat velorem dolor. Adipiscing elit ventorum est caricula verti optum.<\\/p>\",\"104\":\"Turtles & nests in decline (title)\",\"111\":{\"161\":{\"type\":\"region\",\"enabled\":\"1\",\"fields\":{\"regionName\":\"Playas Ventanas\",\"regionLocation\":\"10.34293410682752|-85.85714421914065|14|10.34293410682752|-85.85714421914065\",\"regionLeatherbackTotal\":\"4\",\"regionOliveridleyTotal\":\"4\",\"regionGreenTotal\":\"5\"}},\"162\":{\"type\":\"region\",\"enabled\":\"1\",\"fields\":{\"regionName\":\"Playa Grande\",\"regionLocation\":\"10.329297395737258|-85.84705911324465|15|10.329297395737258|-85.84705911324465\",\"regionLeatherbackTotal\":\"8\",\"regionOliveridleyTotal\":\"3\",\"regionGreenTotal\":\"5\"}},\"163\":{\"type\":\"region\",\"enabled\":\"1\",\"fields\":{\"regionName\":\"Playa Grande South\",\"regionLocation\":\"10.313042338889323|-85.84113679573977|14|10.313042338889323|-85.84113679573977\",\"regionLeatherbackTotal\":\"8\",\"regionOliveridleyTotal\":\"0\",\"regionGreenTotal\":\"0\"}}},\"110\":\"<p>Description here explaining graphic below lorem ipsum dolor sit amet consecutat velorem dolor. Adipiscing elit ventorum est caricula verti optum.<\\/p>\",\"107\":{\"date\":\"8\\/10\\/2014\",\"time\":\"11:00 PM\"},\"109\":\"Nests at Las Baulas National Park\",\"65\":\"<p>Page intro here Lorem ipsum ante a suspendisse nunc et morbi hac. Lectus massa nullam ultrices hymenaeos scelerisque pede velit curabitur ut praesent donec. Praesent curabitur lacus nulla arcu ultrices cras libero purus condimentum nulla vivamus. Elit tempor tempor in amet conubia hymenaeos facilisis. Mollis sed felis enim id integer eu. Id condimentum turpis. Nec.<\\/p>\",\"118\":\"1\",\"106\":\"1\",\"108\":\"1\"}}','2014-08-11 20:44:10','2014-08-11 20:44:10','076fa4b6-4cdd-471c-aab4-d5a323366961'),
	(323,160,16,1,'en_us',9,'','{\"typeId\":\"23\",\"authorId\":\"1\",\"title\":\"Las Baulas National Park\",\"slug\":\"las-baulas-national-park\",\"postDate\":1407525360,\"expiryDate\":null,\"enabled\":1,\"fields\":{\"121\":{\"164\":{\"type\":\"bay\",\"enabled\":\"1\",\"fields\":{\"baySpecies\":\"leatherback\",\"bayEggs\":\"80\",\"bayHatchlings\":\"0\"}},\"165\":{\"type\":\"bay\",\"enabled\":\"1\",\"fields\":{\"baySpecies\":\"leatherback\",\"bayEggs\":\"36\",\"bayHatchlings\":\"28\"}},\"166\":{\"type\":\"bay\",\"enabled\":\"1\",\"fields\":{\"baySpecies\":\"none\",\"bayEggs\":\"0\",\"bayHatchlings\":\"0\"}},\"167\":{\"type\":\"bay\",\"enabled\":\"1\",\"fields\":{\"baySpecies\":\"oliveridley\",\"bayEggs\":\"78\",\"bayHatchlings\":\"10\"}},\"168\":{\"type\":\"bay\",\"enabled\":\"1\",\"fields\":{\"baySpecies\":\"green\",\"bayEggs\":\"60\",\"bayHatchlings\":\"22\"}},\"169\":{\"type\":\"bay\",\"enabled\":\"1\",\"fields\":{\"baySpecies\":\"leatherback\",\"bayEggs\":\"99\",\"bayHatchlings\":\"0\"}},\"170\":{\"type\":\"bay\",\"enabled\":\"1\",\"fields\":{\"baySpecies\":\"oliveridley\",\"bayEggs\":\"99\",\"bayHatchlings\":\"0\"}},\"171\":{\"type\":\"bay\",\"enabled\":\"1\",\"fields\":{\"baySpecies\":\"green\",\"bayEggs\":\"99\",\"bayHatchlings\":\"0\"}},\"172\":{\"type\":\"bay\",\"enabled\":\"1\",\"fields\":{\"baySpecies\":\"leatherback\",\"bayEggs\":\"0\",\"bayHatchlings\":\"99\"}},\"173\":{\"type\":\"bay\",\"enabled\":\"1\",\"fields\":{\"baySpecies\":\"oliveridley\",\"bayEggs\":\"0\",\"bayHatchlings\":\"99\"}},\"174\":{\"type\":\"bay\",\"enabled\":\"1\",\"fields\":{\"baySpecies\":\"green\",\"bayEggs\":\"0\",\"bayHatchlings\":\"99\"}}},\"120\":\"<p>Description here explaining graphic below lorem ipsum dolor sit amet consecutat velorem dolor. Adipiscing elit ventorum est caricula verti optum.<\\/p>\",\"117\":{\"date\":\"8\\/10\\/2014\",\"time\":\"11:30 AM\"},\"119\":\"In the Las Baulas Hatchery\",\"103\":[{\"col1\":\"1988\",\"col2\":\"100\",\"col3\":\"50\",\"col4\":\"40\"},{\"col1\":\"1989\",\"col2\":\"90\",\"col3\":\"45\",\"col4\":\"35\"},{\"col1\":\"1990\",\"col2\":\"80\",\"col3\":\"40\",\"col4\":\"30\"},{\"col1\":\"1991\",\"col2\":\"70\",\"col3\":\"35\",\"col4\":\"25\"}],\"102\":[{\"col1\":\"1988\",\"col2\":\"1230\",\"col3\":\"600\",\"col4\":\"1100\"},{\"col1\":\"1989\",\"col2\":\"1480\",\"col3\":\"500\",\"col4\":\"1000\"},{\"col1\":\"1990\",\"col2\":\"720\",\"col3\":\"400\",\"col4\":\"1200\"},{\"col1\":\"1991\",\"col2\":\"800\",\"col3\":\"700\",\"col4\":\"850\"}],\"105\":\"<p>Description here explaining graphic below lorem ipsum dolor sit amet consecutat velorem dolor. Adipiscing elit ventorum est caricula verti optum (english)<\\/p>\",\"104\":\"Turtles & nests in decline (title)\",\"111\":{\"161\":{\"type\":\"region\",\"enabled\":\"1\",\"fields\":{\"regionName\":\"Playas Ventanas\",\"regionLocation\":\"10.34293410682752|-85.85714421914065|14|10.34293410682752|-85.85714421914065\",\"regionLeatherbackTotal\":\"4\",\"regionOliveridleyTotal\":\"4\",\"regionGreenTotal\":\"5\"}},\"162\":{\"type\":\"region\",\"enabled\":\"1\",\"fields\":{\"regionName\":\"Playa Grande\",\"regionLocation\":\"10.329297395737258|-85.84705911324465|15|10.329297395737258|-85.84705911324465\",\"regionLeatherbackTotal\":\"8\",\"regionOliveridleyTotal\":\"3\",\"regionGreenTotal\":\"5\"}},\"163\":{\"type\":\"region\",\"enabled\":\"1\",\"fields\":{\"regionName\":\"Playa Grande South\",\"regionLocation\":\"10.313042338889323|-85.84113679573977|14|10.313042338889323|-85.84113679573977\",\"regionLeatherbackTotal\":\"8\",\"regionOliveridleyTotal\":\"0\",\"regionGreenTotal\":\"0\"}}},\"110\":\"<p>Description here explaining graphic below lorem ipsum dolor sit amet consecutat velorem dolor. Adipiscing elit ventorum est caricula verti optum.<\\/p>\",\"107\":{\"date\":\"8\\/10\\/2014\",\"time\":\"11:00 PM\"},\"109\":\"Nests at Las Baulas National Park\",\"65\":\"<p>Page intro here Lorem ipsum ante a suspendisse nunc et morbi hac. Lectus massa nullam ultrices hymenaeos scelerisque pede velit curabitur ut praesent donec. Praesent curabitur lacus nulla arcu ultrices cras libero purus condimentum nulla vivamus. Elit tempor tempor in amet conubia hymenaeos facilisis. Mollis sed felis enim id integer eu. Id condimentum turpis. Nec.<\\/p>\",\"118\":\"1\",\"106\":\"1\",\"108\":\"1\"}}','2014-08-11 20:44:24','2014-08-11 20:44:24','5cb12627-607f-44c4-9ba1-04c7e6a6dd57'),
	(324,160,16,1,'en_us',10,'','{\"typeId\":\"23\",\"authorId\":\"1\",\"title\":\"Las Baulas National Park\",\"slug\":\"las-baulas-national-park\",\"postDate\":1407525360,\"expiryDate\":null,\"enabled\":1,\"fields\":{\"121\":{\"164\":{\"type\":\"bay\",\"enabled\":\"1\",\"fields\":{\"baySpecies\":\"leatherback\",\"bayEggs\":\"80\",\"bayHatchlings\":\"0\"}},\"165\":{\"type\":\"bay\",\"enabled\":\"1\",\"fields\":{\"baySpecies\":\"leatherback\",\"bayEggs\":\"36\",\"bayHatchlings\":\"28\"}},\"166\":{\"type\":\"bay\",\"enabled\":\"1\",\"fields\":{\"baySpecies\":\"none\",\"bayEggs\":\"0\",\"bayHatchlings\":\"0\"}},\"167\":{\"type\":\"bay\",\"enabled\":\"1\",\"fields\":{\"baySpecies\":\"oliveridley\",\"bayEggs\":\"78\",\"bayHatchlings\":\"10\"}},\"168\":{\"type\":\"bay\",\"enabled\":\"1\",\"fields\":{\"baySpecies\":\"green\",\"bayEggs\":\"60\",\"bayHatchlings\":\"22\"}},\"169\":{\"type\":\"bay\",\"enabled\":\"1\",\"fields\":{\"baySpecies\":\"leatherback\",\"bayEggs\":\"99\",\"bayHatchlings\":\"0\"}},\"170\":{\"type\":\"bay\",\"enabled\":\"1\",\"fields\":{\"baySpecies\":\"oliveridley\",\"bayEggs\":\"99\",\"bayHatchlings\":\"0\"}},\"171\":{\"type\":\"bay\",\"enabled\":\"1\",\"fields\":{\"baySpecies\":\"green\",\"bayEggs\":\"99\",\"bayHatchlings\":\"0\"}},\"172\":{\"type\":\"bay\",\"enabled\":\"1\",\"fields\":{\"baySpecies\":\"leatherback\",\"bayEggs\":\"0\",\"bayHatchlings\":\"99\"}},\"173\":{\"type\":\"bay\",\"enabled\":\"1\",\"fields\":{\"baySpecies\":\"oliveridley\",\"bayEggs\":\"0\",\"bayHatchlings\":\"99\"}},\"174\":{\"type\":\"bay\",\"enabled\":\"1\",\"fields\":{\"baySpecies\":\"green\",\"bayEggs\":\"0\",\"bayHatchlings\":\"99\"}}},\"120\":\"<p>Description here explaining graphic below lorem ipsum dolor sit amet consecutat velorem dolor. Adipiscing elit ventorum est caricula verti optum.<\\/p>\",\"117\":{\"date\":\"8\\/10\\/2014\",\"time\":\"11:30 AM\"},\"119\":\"In the Las Baulas Hatchery\",\"103\":[{\"col1\":\"1988\",\"col2\":\"100\",\"col3\":\"50\",\"col4\":\"40\"},{\"col1\":\"1989\",\"col2\":\"90\",\"col3\":\"45\",\"col4\":\"35\"},{\"col1\":\"1990\",\"col2\":\"80\",\"col3\":\"40\",\"col4\":\"30\"},{\"col1\":\"1991\",\"col2\":\"70\",\"col3\":\"35\",\"col4\":\"25\"}],\"102\":[{\"col1\":\"1988\",\"col2\":\"1230\",\"col3\":\"600\",\"col4\":\"1100\"},{\"col1\":\"1989\",\"col2\":\"1480\",\"col3\":\"500\",\"col4\":\"1000\"},{\"col1\":\"1990\",\"col2\":\"720\",\"col3\":\"400\",\"col4\":\"1200\"},{\"col1\":\"1991\",\"col2\":\"800\",\"col3\":\"700\",\"col4\":\"850\"}],\"105\":\"<p>Description here explaining graphic below lorem ipsum dolor sit amet consecutat velorem dolor. Adipiscing elit ventorum est caricula verti optum (english)<\\/p>\",\"104\":\"Turtles & nests in decline (title)\",\"111\":{\"161\":{\"type\":\"region\",\"enabled\":\"1\",\"fields\":{\"regionName\":\"Playas Ventanas\",\"regionLocation\":\"10.34293410682752|-85.85714421914065|14|10.34293410682752|-85.85714421914065\",\"regionLeatherbackTotal\":\"4\",\"regionOliveridleyTotal\":\"4\",\"regionGreenTotal\":\"5\"}},\"162\":{\"type\":\"region\",\"enabled\":\"1\",\"fields\":{\"regionName\":\"Playa Grande\",\"regionLocation\":\"10.329297395737258|-85.84705911324465|15|10.329297395737258|-85.84705911324465\",\"regionLeatherbackTotal\":\"8\",\"regionOliveridleyTotal\":\"3\",\"regionGreenTotal\":\"5\"}},\"163\":{\"type\":\"region\",\"enabled\":\"1\",\"fields\":{\"regionName\":\"Playa Grande South\",\"regionLocation\":\"10.313042338889323|-85.84113679573977|14|10.313042338889323|-85.84113679573977\",\"regionLeatherbackTotal\":\"8\",\"regionOliveridleyTotal\":\"0\",\"regionGreenTotal\":\"0\"}}},\"110\":\"<p>Description here explaining graphic below lorem ipsum dolor sit amet consecutat velorem dolor. Adipiscing elit ventorum est caricula verti optum.<\\/p>\",\"107\":{\"date\":\"8\\/10\\/2014\",\"time\":\"11:00 PM\"},\"109\":\"Nests at Las Baulas National Park\",\"65\":\"<p>Page intro here Lorem ipsum ante a suspendisse nunc et morbi hac. Lectus massa nullam ultrices hymenaeos scelerisque pede velit curabitur ut praesent donec. Praesent curabitur lacus nulla arcu ultrices cras libero purus condimentum nulla vivamus. Elit tempor tempor in amet conubia hymenaeos facilisis. Mollis sed felis enim id integer eu. Id condimentum turpis. Nec.<\\/p>\",\"118\":\"1\",\"106\":\"1\",\"108\":\"1\"}}','2014-08-11 21:04:52','2014-08-11 21:04:52','caf3da2d-63d7-4d46-9e12-a73ec5e18904'),
	(325,160,16,1,'en_us',11,'','{\"typeId\":\"23\",\"authorId\":\"1\",\"title\":\"Las Baulas National Park\",\"slug\":\"las-baulas-national-park\",\"postDate\":1407525360,\"expiryDate\":null,\"enabled\":1,\"fields\":{\"121\":{\"164\":{\"type\":\"bay\",\"enabled\":\"1\",\"fields\":{\"baySpecies\":\"leatherback\",\"bayEggs\":\"80\",\"bayHatchlings\":\"0\"}},\"165\":{\"type\":\"bay\",\"enabled\":\"1\",\"fields\":{\"baySpecies\":\"leatherback\",\"bayEggs\":\"36\",\"bayHatchlings\":\"28\"}},\"166\":{\"type\":\"bay\",\"enabled\":\"1\",\"fields\":{\"baySpecies\":\"none\",\"bayEggs\":\"0\",\"bayHatchlings\":\"0\"}},\"167\":{\"type\":\"bay\",\"enabled\":\"1\",\"fields\":{\"baySpecies\":\"oliveridley\",\"bayEggs\":\"78\",\"bayHatchlings\":\"10\"}},\"168\":{\"type\":\"bay\",\"enabled\":\"1\",\"fields\":{\"baySpecies\":\"green\",\"bayEggs\":\"60\",\"bayHatchlings\":\"22\"}},\"169\":{\"type\":\"bay\",\"enabled\":\"1\",\"fields\":{\"baySpecies\":\"leatherback\",\"bayEggs\":\"99\",\"bayHatchlings\":\"0\"}},\"170\":{\"type\":\"bay\",\"enabled\":\"1\",\"fields\":{\"baySpecies\":\"oliveridley\",\"bayEggs\":\"99\",\"bayHatchlings\":\"0\"}},\"171\":{\"type\":\"bay\",\"enabled\":\"1\",\"fields\":{\"baySpecies\":\"green\",\"bayEggs\":\"99\",\"bayHatchlings\":\"0\"}},\"172\":{\"type\":\"bay\",\"enabled\":\"1\",\"fields\":{\"baySpecies\":\"leatherback\",\"bayEggs\":\"0\",\"bayHatchlings\":\"99\"}},\"173\":{\"type\":\"bay\",\"enabled\":\"1\",\"fields\":{\"baySpecies\":\"oliveridley\",\"bayEggs\":\"0\",\"bayHatchlings\":\"99\"}},\"174\":{\"type\":\"bay\",\"enabled\":\"1\",\"fields\":{\"baySpecies\":\"green\",\"bayEggs\":\"0\",\"bayHatchlings\":\"99\"}}},\"120\":\"<p>Description here explaining graphic below lorem ipsum dolor sit amet consecutat velorem dolor. Adipiscing elit ventorum est caricula verti optum.<\\/p>\",\"117\":{\"date\":\"8\\/10\\/2014\",\"time\":\"11:30 AM\"},\"119\":\"In the Las Baulas Hatchery\",\"103\":[{\"col1\":\"1988\",\"col2\":\"100\",\"col3\":\"50\",\"col4\":\"40\"},{\"col1\":\"1989\",\"col2\":\"90\",\"col3\":\"45\",\"col4\":\"35\"},{\"col1\":\"1990\",\"col2\":\"80\",\"col3\":\"40\",\"col4\":\"30\"},{\"col1\":\"1991\",\"col2\":\"70\",\"col3\":\"35\",\"col4\":\"25\"}],\"102\":[{\"col1\":\"1988\",\"col2\":\"1230\",\"col3\":\"600\",\"col4\":\"1100\"},{\"col1\":\"1989\",\"col2\":\"1480\",\"col3\":\"500\",\"col4\":\"1000\"},{\"col1\":\"1990\",\"col2\":\"720\",\"col3\":\"400\",\"col4\":\"1200\"},{\"col1\":\"1991\",\"col2\":\"800\",\"col3\":\"700\",\"col4\":\"850\"}],\"105\":\"<p>Description here explaining graphic below lorem ipsum dolor sit amet consecutat velorem dolor. Adipiscing elit ventorum est caricula verti optum (english)<\\/p>\",\"104\":\"Turtles & nests in decline (title)\",\"111\":{\"161\":{\"type\":\"region\",\"enabled\":\"1\",\"fields\":{\"regionName\":\"Playas Ventanas\",\"regionLocation\":\"10.342849670809642|-85.85675798104252|15|10.342849670809642|-85.85675798104252\",\"regionLeatherbackTotal\":\"4\",\"regionOliveridleyTotal\":\"4\",\"regionGreenTotal\":\"5\"}},\"162\":{\"type\":\"region\",\"enabled\":\"1\",\"fields\":{\"regionName\":\"Playa Grande\",\"regionLocation\":\"10.329297395737258|-85.84705911324465|15|10.329297395737258|-85.84705911324465\",\"regionLeatherbackTotal\":\"8\",\"regionOliveridleyTotal\":\"3\",\"regionGreenTotal\":\"5\"}},\"163\":{\"type\":\"region\",\"enabled\":\"1\",\"fields\":{\"regionName\":\"Playa Grande South\",\"regionLocation\":\"10.313042338889323|-85.84113679573977|14|10.313042338889323|-85.84113679573977\",\"regionLeatherbackTotal\":\"8\",\"regionOliveridleyTotal\":\"0\",\"regionGreenTotal\":\"0\"}}},\"110\":\"<p>Description here explaining graphic below lorem ipsum dolor sit amet consecutat velorem dolor. Adipiscing elit ventorum est caricula verti optum.<\\/p>\",\"107\":{\"date\":\"8\\/10\\/2014\",\"time\":\"11:00 PM\"},\"109\":\"Nests at Las Baulas National Park\",\"65\":\"<p>Page intro here Lorem ipsum ante a suspendisse nunc et morbi hac. Lectus massa nullam ultrices hymenaeos scelerisque pede velit curabitur ut praesent donec. Praesent curabitur lacus nulla arcu ultrices cras libero purus condimentum nulla vivamus. Elit tempor tempor in amet conubia hymenaeos facilisis. Mollis sed felis enim id integer eu. Id condimentum turpis. Nec.<\\/p>\",\"118\":\"1\",\"106\":\"1\",\"108\":\"1\"}}','2014-08-11 21:13:38','2014-08-11 21:13:38','4a49be4a-9291-4045-9627-5f85518cf921'),
	(326,160,16,1,'en_us',12,'','{\"typeId\":\"23\",\"authorId\":\"1\",\"title\":\"Las Baulas National Park\",\"slug\":\"las-baulas\",\"postDate\":1407525360,\"expiryDate\":null,\"enabled\":1,\"fields\":{\"121\":{\"164\":{\"type\":\"bay\",\"enabled\":\"1\",\"fields\":{\"baySpecies\":\"leatherback\",\"bayEggs\":\"80\",\"bayHatchlings\":\"0\"}},\"165\":{\"type\":\"bay\",\"enabled\":\"1\",\"fields\":{\"baySpecies\":\"leatherback\",\"bayEggs\":\"36\",\"bayHatchlings\":\"28\"}},\"166\":{\"type\":\"bay\",\"enabled\":\"1\",\"fields\":{\"baySpecies\":\"none\",\"bayEggs\":\"0\",\"bayHatchlings\":\"0\"}},\"167\":{\"type\":\"bay\",\"enabled\":\"1\",\"fields\":{\"baySpecies\":\"oliveridley\",\"bayEggs\":\"78\",\"bayHatchlings\":\"10\"}},\"168\":{\"type\":\"bay\",\"enabled\":\"1\",\"fields\":{\"baySpecies\":\"green\",\"bayEggs\":\"60\",\"bayHatchlings\":\"22\"}},\"169\":{\"type\":\"bay\",\"enabled\":\"1\",\"fields\":{\"baySpecies\":\"leatherback\",\"bayEggs\":\"99\",\"bayHatchlings\":\"0\"}},\"170\":{\"type\":\"bay\",\"enabled\":\"1\",\"fields\":{\"baySpecies\":\"oliveridley\",\"bayEggs\":\"99\",\"bayHatchlings\":\"0\"}},\"171\":{\"type\":\"bay\",\"enabled\":\"1\",\"fields\":{\"baySpecies\":\"green\",\"bayEggs\":\"99\",\"bayHatchlings\":\"0\"}},\"172\":{\"type\":\"bay\",\"enabled\":\"1\",\"fields\":{\"baySpecies\":\"leatherback\",\"bayEggs\":\"0\",\"bayHatchlings\":\"99\"}},\"173\":{\"type\":\"bay\",\"enabled\":\"1\",\"fields\":{\"baySpecies\":\"oliveridley\",\"bayEggs\":\"0\",\"bayHatchlings\":\"99\"}},\"174\":{\"type\":\"bay\",\"enabled\":\"1\",\"fields\":{\"baySpecies\":\"green\",\"bayEggs\":\"0\",\"bayHatchlings\":\"99\"}}},\"120\":\"<p>Description here explaining graphic below lorem ipsum dolor sit amet consecutat velorem dolor. Adipiscing elit ventorum est caricula verti optum.<\\/p>\",\"117\":{\"date\":\"8\\/10\\/2014\",\"time\":\"11:30 AM\"},\"119\":\"In the Las Baulas Hatchery\",\"103\":[{\"col1\":\"1988\",\"col2\":\"100\",\"col3\":\"50\",\"col4\":\"40\"},{\"col1\":\"1989\",\"col2\":\"90\",\"col3\":\"45\",\"col4\":\"35\"},{\"col1\":\"1990\",\"col2\":\"80\",\"col3\":\"40\",\"col4\":\"30\"},{\"col1\":\"1991\",\"col2\":\"70\",\"col3\":\"35\",\"col4\":\"25\"}],\"102\":[{\"col1\":\"1988\",\"col2\":\"1230\",\"col3\":\"600\",\"col4\":\"1100\"},{\"col1\":\"1989\",\"col2\":\"1480\",\"col3\":\"500\",\"col4\":\"1000\"},{\"col1\":\"1990\",\"col2\":\"720\",\"col3\":\"400\",\"col4\":\"1200\"},{\"col1\":\"1991\",\"col2\":\"800\",\"col3\":\"700\",\"col4\":\"850\"}],\"105\":\"<p>Description here explaining graphic below lorem ipsum dolor sit amet consecutat velorem dolor. Adipiscing elit ventorum est caricula verti optum (english)<\\/p>\",\"104\":\"Turtles & nests in decline (title)\",\"111\":{\"161\":{\"type\":\"region\",\"enabled\":\"1\",\"fields\":{\"regionName\":\"Playas Ventanas\",\"regionLocation\":\"10.342849670809642|-85.8567579810425|15|10.342849670809642|-85.8567579810425\",\"regionLeatherbackTotal\":\"4\",\"regionOliveridleyTotal\":\"4\",\"regionGreenTotal\":\"5\"}},\"162\":{\"type\":\"region\",\"enabled\":\"1\",\"fields\":{\"regionName\":\"Playa Grande\",\"regionLocation\":\"10.329297395737258|-85.84705911324465|15|10.329297395737258|-85.84705911324465\",\"regionLeatherbackTotal\":\"8\",\"regionOliveridleyTotal\":\"3\",\"regionGreenTotal\":\"5\"}},\"163\":{\"type\":\"region\",\"enabled\":\"1\",\"fields\":{\"regionName\":\"Playa Grande South\",\"regionLocation\":\"10.313042338889323|-85.84113679573977|14|10.313042338889323|-85.84113679573977\",\"regionLeatherbackTotal\":\"8\",\"regionOliveridleyTotal\":\"0\",\"regionGreenTotal\":\"0\"}}},\"110\":\"<p>Description here explaining graphic below lorem ipsum dolor sit amet consecutat velorem dolor. Adipiscing elit ventorum est caricula verti optum.<\\/p>\",\"107\":{\"date\":\"8\\/10\\/2014\",\"time\":\"11:00 PM\"},\"109\":\"Nests at Las Baulas National Park\",\"65\":\"<p>Page intro here Lorem ipsum ante a suspendisse nunc et morbi hac. Lectus massa nullam ultrices hymenaeos scelerisque pede velit curabitur ut praesent donec. Praesent curabitur lacus nulla arcu ultrices cras libero purus condimentum nulla vivamus. Elit tempor tempor in amet conubia hymenaeos facilisis. Mollis sed felis enim id integer eu. Id condimentum turpis. Nec.<\\/p>\",\"118\":\"1\",\"106\":\"1\",\"108\":\"1\"}}','2014-08-11 21:14:29','2014-08-11 21:14:29','34542b72-1cbf-4526-ba5b-538bbf4284b6'),
	(327,160,16,1,'es',1,'','{\"typeId\":\"23\",\"authorId\":\"1\",\"title\":\"Graphic data\",\"slug\":\"las-baulas\",\"postDate\":1407525360,\"expiryDate\":null,\"enabled\":1,\"fields\":{\"121\":{\"164\":{\"type\":\"bay\",\"enabled\":\"1\",\"fields\":{\"baySpecies\":\"leatherback\",\"bayEggs\":\"80\",\"bayHatchlings\":\"0\"}},\"165\":{\"type\":\"bay\",\"enabled\":\"1\",\"fields\":{\"baySpecies\":\"leatherback\",\"bayEggs\":\"36\",\"bayHatchlings\":\"28\"}},\"166\":{\"type\":\"bay\",\"enabled\":\"1\",\"fields\":{\"baySpecies\":\"none\",\"bayEggs\":\"0\",\"bayHatchlings\":\"0\"}},\"167\":{\"type\":\"bay\",\"enabled\":\"1\",\"fields\":{\"baySpecies\":\"oliveridley\",\"bayEggs\":\"78\",\"bayHatchlings\":\"10\"}},\"168\":{\"type\":\"bay\",\"enabled\":\"1\",\"fields\":{\"baySpecies\":\"green\",\"bayEggs\":\"60\",\"bayHatchlings\":\"22\"}},\"169\":{\"type\":\"bay\",\"enabled\":\"1\",\"fields\":{\"baySpecies\":\"leatherback\",\"bayEggs\":\"99\",\"bayHatchlings\":\"0\"}},\"170\":{\"type\":\"bay\",\"enabled\":\"1\",\"fields\":{\"baySpecies\":\"oliveridley\",\"bayEggs\":\"99\",\"bayHatchlings\":\"0\"}},\"171\":{\"type\":\"bay\",\"enabled\":\"1\",\"fields\":{\"baySpecies\":\"green\",\"bayEggs\":\"99\",\"bayHatchlings\":\"0\"}},\"172\":{\"type\":\"bay\",\"enabled\":\"1\",\"fields\":{\"baySpecies\":\"leatherback\",\"bayEggs\":\"0\",\"bayHatchlings\":\"99\"}},\"173\":{\"type\":\"bay\",\"enabled\":\"1\",\"fields\":{\"baySpecies\":\"oliveridley\",\"bayEggs\":\"0\",\"bayHatchlings\":\"99\"}},\"174\":{\"type\":\"bay\",\"enabled\":\"1\",\"fields\":{\"baySpecies\":\"green\",\"bayEggs\":\"0\",\"bayHatchlings\":\"99\"}}},\"120\":\"\",\"117\":{\"date\":\"8\\/10\\/2014\",\"time\":\"11:30 AM\"},\"119\":\"\",\"103\":[{\"col1\":\"1988\",\"col2\":\"100\",\"col3\":\"50\",\"col4\":\"40\"},{\"col1\":\"1989\",\"col2\":\"90\",\"col3\":\"45\",\"col4\":\"35\"},{\"col1\":\"1990\",\"col2\":\"80\",\"col3\":\"40\",\"col4\":\"30\"},{\"col1\":\"1991\",\"col2\":\"70\",\"col3\":\"35\",\"col4\":\"25\"}],\"102\":[{\"col1\":\"1988\",\"col2\":\"1230\",\"col3\":\"600\",\"col4\":\"1100\"},{\"col1\":\"1989\",\"col2\":\"1480\",\"col3\":\"500\",\"col4\":\"1000\"},{\"col1\":\"1990\",\"col2\":\"720\",\"col3\":\"400\",\"col4\":\"1200\"},{\"col1\":\"1991\",\"col2\":\"800\",\"col3\":\"700\",\"col4\":\"850\"}],\"105\":\"\",\"104\":\"\",\"111\":{\"161\":{\"type\":\"region\",\"enabled\":\"1\",\"fields\":{\"regionName\":\"Playas Ventanas\",\"regionLocation\":\"10.342849670809642|-85.8567579810425|15|10.342849670809642|-85.8567579810425\",\"regionLeatherbackTotal\":\"4\",\"regionOliveridleyTotal\":\"4\",\"regionGreenTotal\":\"5\"}},\"162\":{\"type\":\"region\",\"enabled\":\"1\",\"fields\":{\"regionName\":\"Playa Grande\",\"regionLocation\":\"10.329297395737258|-85.84705911324465|15|10.329297395737258|-85.84705911324465\",\"regionLeatherbackTotal\":\"8\",\"regionOliveridleyTotal\":\"3\",\"regionGreenTotal\":\"5\"}},\"163\":{\"type\":\"region\",\"enabled\":\"1\",\"fields\":{\"regionName\":\"Playa Grande South\",\"regionLocation\":\"10.313042338889323|-85.84113679573977|14|10.313042338889323|-85.84113679573977\",\"regionLeatherbackTotal\":\"8\",\"regionOliveridleyTotal\":\"0\",\"regionGreenTotal\":\"0\"}}},\"110\":\"\",\"107\":{\"date\":\"8\\/10\\/2014\",\"time\":\"11:00 PM\"},\"109\":\"\",\"65\":\"\",\"118\":\"1\",\"106\":\"1\",\"108\":\"1\"}}','2014-08-11 21:14:48','2014-08-11 21:14:48','596e6cc9-6f01-4efc-96b7-96285d60c893'),
	(328,160,16,1,'es',2,'','{\"typeId\":\"23\",\"authorId\":\"1\",\"title\":\"Graphic data\",\"slug\":\"las-baulas\",\"postDate\":1407525360,\"expiryDate\":null,\"enabled\":1,\"fields\":{\"121\":{\"164\":{\"type\":\"bay\",\"enabled\":\"1\",\"fields\":{\"baySpecies\":\"leatherback\",\"bayEggs\":\"80\",\"bayHatchlings\":\"0\"}},\"165\":{\"type\":\"bay\",\"enabled\":\"1\",\"fields\":{\"baySpecies\":\"leatherback\",\"bayEggs\":\"36\",\"bayHatchlings\":\"28\"}},\"166\":{\"type\":\"bay\",\"enabled\":\"1\",\"fields\":{\"baySpecies\":\"none\",\"bayEggs\":\"0\",\"bayHatchlings\":\"0\"}},\"167\":{\"type\":\"bay\",\"enabled\":\"1\",\"fields\":{\"baySpecies\":\"oliveridley\",\"bayEggs\":\"78\",\"bayHatchlings\":\"10\"}},\"168\":{\"type\":\"bay\",\"enabled\":\"1\",\"fields\":{\"baySpecies\":\"green\",\"bayEggs\":\"60\",\"bayHatchlings\":\"22\"}},\"169\":{\"type\":\"bay\",\"enabled\":\"1\",\"fields\":{\"baySpecies\":\"leatherback\",\"bayEggs\":\"99\",\"bayHatchlings\":\"0\"}},\"170\":{\"type\":\"bay\",\"enabled\":\"1\",\"fields\":{\"baySpecies\":\"oliveridley\",\"bayEggs\":\"99\",\"bayHatchlings\":\"0\"}},\"171\":{\"type\":\"bay\",\"enabled\":\"1\",\"fields\":{\"baySpecies\":\"green\",\"bayEggs\":\"99\",\"bayHatchlings\":\"0\"}},\"172\":{\"type\":\"bay\",\"enabled\":\"1\",\"fields\":{\"baySpecies\":\"leatherback\",\"bayEggs\":\"0\",\"bayHatchlings\":\"99\"}},\"173\":{\"type\":\"bay\",\"enabled\":\"1\",\"fields\":{\"baySpecies\":\"oliveridley\",\"bayEggs\":\"0\",\"bayHatchlings\":\"99\"}},\"174\":{\"type\":\"bay\",\"enabled\":\"1\",\"fields\":{\"baySpecies\":\"green\",\"bayEggs\":\"0\",\"bayHatchlings\":\"99\"}}},\"120\":\"\",\"117\":{\"date\":\"8\\/10\\/2014\",\"time\":\"11:30 AM\"},\"119\":\"Hatchery exhibit title (es)\",\"103\":[{\"col1\":\"1988\",\"col2\":\"100\",\"col3\":\"50\",\"col4\":\"40\"},{\"col1\":\"1989\",\"col2\":\"90\",\"col3\":\"45\",\"col4\":\"35\"},{\"col1\":\"1990\",\"col2\":\"80\",\"col3\":\"40\",\"col4\":\"30\"},{\"col1\":\"1991\",\"col2\":\"70\",\"col3\":\"35\",\"col4\":\"25\"}],\"102\":[{\"col1\":\"1988\",\"col2\":\"1230\",\"col3\":\"600\",\"col4\":\"1100\"},{\"col1\":\"1989\",\"col2\":\"1480\",\"col3\":\"500\",\"col4\":\"1000\"},{\"col1\":\"1990\",\"col2\":\"720\",\"col3\":\"400\",\"col4\":\"1200\"},{\"col1\":\"1991\",\"col2\":\"800\",\"col3\":\"700\",\"col4\":\"850\"}],\"105\":\"\",\"104\":\"Turtles and nests in decline (es)\",\"111\":{\"161\":{\"type\":\"region\",\"enabled\":\"1\",\"fields\":{\"regionName\":\"Playas Ventanas\",\"regionLocation\":\"10.342849670809642|-85.8567579810425|15|10.342849670809642|-85.8567579810425\",\"regionLeatherbackTotal\":\"4\",\"regionOliveridleyTotal\":\"4\",\"regionGreenTotal\":\"5\"}},\"162\":{\"type\":\"region\",\"enabled\":\"1\",\"fields\":{\"regionName\":\"Playa Grande\",\"regionLocation\":\"10.329972912386165|-85.84738097832646|14|10.329972912386165|-85.84738097832646\",\"regionLeatherbackTotal\":\"8\",\"regionOliveridleyTotal\":\"3\",\"regionGreenTotal\":\"5\"}},\"163\":{\"type\":\"region\",\"enabled\":\"1\",\"fields\":{\"regionName\":\"Playa Grande South\",\"regionLocation\":\"10.313042338889323|-85.84113679573977|14|10.313042338889323|-85.84113679573977\",\"regionLeatherbackTotal\":\"8\",\"regionOliveridleyTotal\":\"0\",\"regionGreenTotal\":\"0\"}}},\"110\":\"\",\"107\":{\"date\":\"8\\/10\\/2014\",\"time\":\"11:00 PM\"},\"109\":\"Nesting exhibit title (es)\",\"65\":\"\",\"118\":\"1\",\"106\":\"1\",\"108\":\"1\"}}','2014-08-11 21:16:08','2014-08-11 21:16:08','ddb1f635-8cac-423e-9df0-cdc732dab91d'),
	(329,160,16,1,'en_us',13,'','{\"typeId\":\"23\",\"authorId\":\"1\",\"title\":\"Las Baulas National Park\",\"slug\":\"las-baulas\",\"postDate\":1407525360,\"expiryDate\":null,\"enabled\":1,\"fields\":{\"121\":{\"164\":{\"type\":\"bay\",\"enabled\":\"1\",\"fields\":{\"baySpecies\":\"leatherback\",\"bayEggs\":\"80\",\"bayHatchlings\":\"0\"}},\"165\":{\"type\":\"bay\",\"enabled\":\"1\",\"fields\":{\"baySpecies\":\"leatherback\",\"bayEggs\":\"36\",\"bayHatchlings\":\"28\"}},\"166\":{\"type\":\"bay\",\"enabled\":\"1\",\"fields\":{\"baySpecies\":\"none\",\"bayEggs\":\"0\",\"bayHatchlings\":\"0\"}},\"167\":{\"type\":\"bay\",\"enabled\":\"1\",\"fields\":{\"baySpecies\":\"oliveridley\",\"bayEggs\":\"78\",\"bayHatchlings\":\"10\"}},\"168\":{\"type\":\"bay\",\"enabled\":\"1\",\"fields\":{\"baySpecies\":\"green\",\"bayEggs\":\"60\",\"bayHatchlings\":\"22\"}},\"169\":{\"type\":\"bay\",\"enabled\":\"1\",\"fields\":{\"baySpecies\":\"leatherback\",\"bayEggs\":\"99\",\"bayHatchlings\":\"0\"}},\"170\":{\"type\":\"bay\",\"enabled\":\"1\",\"fields\":{\"baySpecies\":\"oliveridley\",\"bayEggs\":\"99\",\"bayHatchlings\":\"0\"}},\"171\":{\"type\":\"bay\",\"enabled\":\"1\",\"fields\":{\"baySpecies\":\"green\",\"bayEggs\":\"99\",\"bayHatchlings\":\"0\"}},\"172\":{\"type\":\"bay\",\"enabled\":\"1\",\"fields\":{\"baySpecies\":\"leatherback\",\"bayEggs\":\"0\",\"bayHatchlings\":\"99\"}},\"173\":{\"type\":\"bay\",\"enabled\":\"1\",\"fields\":{\"baySpecies\":\"oliveridley\",\"bayEggs\":\"0\",\"bayHatchlings\":\"99\"}},\"174\":{\"type\":\"bay\",\"enabled\":\"1\",\"fields\":{\"baySpecies\":\"green\",\"bayEggs\":\"0\",\"bayHatchlings\":\"99\"}}},\"120\":\"<p>Description here explaining graphic below lorem ipsum dolor sit amet consecutat velorem dolor. Adipiscing elit ventorum est caricula verti optum.<\\/p>\",\"117\":{\"date\":\"8\\/10\\/2014\",\"time\":\"11:30 AM\"},\"119\":\"In the Las Baulas Hatchery\",\"103\":[{\"col1\":\"1988\",\"col2\":\"100\",\"col3\":\"50\",\"col4\":\"40\"},{\"col1\":\"1989\",\"col2\":\"90\",\"col3\":\"45\",\"col4\":\"35\"},{\"col1\":\"1990\",\"col2\":\"80\",\"col3\":\"40\",\"col4\":\"30\"},{\"col1\":\"1991\",\"col2\":\"70\",\"col3\":\"35\",\"col4\":\"25\"}],\"102\":[{\"col1\":\"1988\",\"col2\":\"1230\",\"col3\":\"600\",\"col4\":\"1100\"},{\"col1\":\"1989\",\"col2\":\"1480\",\"col3\":\"500\",\"col4\":\"1000\"},{\"col1\":\"1990\",\"col2\":\"720\",\"col3\":\"400\",\"col4\":\"1200\"},{\"col1\":\"1991\",\"col2\":\"800\",\"col3\":\"700\",\"col4\":\"850\"}],\"105\":\"<p>Description here explaining graphic below lorem ipsum dolor sit amet consecutat velorem dolor. Adipiscing elit ventorum est caricula verti optum (english)<\\/p>\",\"104\":\"Turtles & nests in decline (title)\",\"111\":{\"161\":{\"type\":\"region\",\"enabled\":\"1\",\"fields\":{\"regionName\":\"Playas Ventanas\",\"regionLocation\":\"10.342849670809642|-85.8567579810425|15|10.342849670809642|-85.8567579810425\",\"regionLeatherbackTotal\":\"4\",\"regionOliveridleyTotal\":\"4\",\"regionGreenTotal\":\"5\"}},\"162\":{\"type\":\"region\",\"enabled\":\"1\",\"fields\":{\"regionName\":\"Playa Grande\",\"regionLocation\":\"10.329972912386165|-85.84738097832644|14|10.329972912386165|-85.84738097832644\",\"regionLeatherbackTotal\":\"8\",\"regionOliveridleyTotal\":\"3\",\"regionGreenTotal\":\"5\"}},\"163\":{\"type\":\"region\",\"enabled\":\"1\",\"fields\":{\"regionName\":\"Playa Grande South\",\"regionLocation\":\"10.313042338889323|-85.84113679573977|14|10.313042338889323|-85.84113679573977\",\"regionLeatherbackTotal\":\"8\",\"regionOliveridleyTotal\":\"0\",\"regionGreenTotal\":\"0\"}}},\"110\":\"<p>Description here explaining graphic below lorem ipsum dolor sit amet consecutat velorem dolor. Adipiscing elit ventorum est caricula verti optum.<\\/p>\",\"107\":{\"date\":\"8\\/10\\/2014\",\"time\":\"11:00 PM\"},\"109\":\"Nests at Las Baulas National Park\",\"65\":\"<p>Page intro here Lorem ipsum ante a suspendisse nunc et morbi hac. Lectus massa nullam ultrices hymenaeos scelerisque pede velit curabitur ut praesent donec. Praesent curabitur lacus nulla arcu ultrices cras libero purus condimentum nulla vivamus. Elit tempor tempor in amet conubia hymenaeos facilisis. Mollis sed felis enim id integer eu. Id condimentum turpis. Nec.<\\/p>\",\"118\":\"1\",\"106\":\"1\",\"108\":\"1\"}}','2014-08-12 13:44:13','2014-08-12 13:44:13','bd50ca98-2c90-49c3-a3a1-753c76138908'),
	(330,160,16,1,'en_us',14,'','{\"typeId\":\"23\",\"authorId\":\"1\",\"title\":\"Las Baulas National Park\",\"slug\":\"las-baulas\",\"postDate\":1407525360,\"expiryDate\":null,\"enabled\":1,\"fields\":{\"121\":{\"164\":{\"type\":\"bay\",\"enabled\":\"1\",\"fields\":{\"baySpecies\":\"leatherback\",\"bayEggs\":\"80\",\"bayHatchlings\":\"0\"}},\"165\":{\"type\":\"bay\",\"enabled\":\"1\",\"fields\":{\"baySpecies\":\"leatherback\",\"bayEggs\":\"36\",\"bayHatchlings\":\"28\"}},\"166\":{\"type\":\"bay\",\"enabled\":\"1\",\"fields\":{\"baySpecies\":\"none\",\"bayEggs\":\"0\",\"bayHatchlings\":\"0\"}},\"167\":{\"type\":\"bay\",\"enabled\":\"1\",\"fields\":{\"baySpecies\":\"oliveridley\",\"bayEggs\":\"78\",\"bayHatchlings\":\"10\"}},\"168\":{\"type\":\"bay\",\"enabled\":\"1\",\"fields\":{\"baySpecies\":\"green\",\"bayEggs\":\"60\",\"bayHatchlings\":\"22\"}},\"169\":{\"type\":\"bay\",\"enabled\":\"1\",\"fields\":{\"baySpecies\":\"leatherback\",\"bayEggs\":\"99\",\"bayHatchlings\":\"0\"}},\"170\":{\"type\":\"bay\",\"enabled\":\"1\",\"fields\":{\"baySpecies\":\"oliveridley\",\"bayEggs\":\"99\",\"bayHatchlings\":\"0\"}},\"171\":{\"type\":\"bay\",\"enabled\":\"1\",\"fields\":{\"baySpecies\":\"green\",\"bayEggs\":\"99\",\"bayHatchlings\":\"0\"}},\"172\":{\"type\":\"bay\",\"enabled\":\"1\",\"fields\":{\"baySpecies\":\"leatherback\",\"bayEggs\":\"0\",\"bayHatchlings\":\"99\"}},\"173\":{\"type\":\"bay\",\"enabled\":\"1\",\"fields\":{\"baySpecies\":\"oliveridley\",\"bayEggs\":\"0\",\"bayHatchlings\":\"99\"}},\"174\":{\"type\":\"bay\",\"enabled\":\"1\",\"fields\":{\"baySpecies\":\"green\",\"bayEggs\":\"0\",\"bayHatchlings\":\"99\"}}},\"120\":\"<p>Description here explaining graphic below lorem ipsum dolor sit amet consecutat velorem dolor. Adipiscing elit ventorum est caricula verti optum.<\\/p>\",\"117\":{\"date\":\"8\\/10\\/2014\",\"time\":\"11:30 AM\"},\"119\":\"In the Las Baulas Hatchery\",\"103\":[{\"col1\":\"1988\",\"col2\":\"100\",\"col3\":\"50\",\"col4\":\"40\"},{\"col1\":\"1989\",\"col2\":\"90\",\"col3\":\"45\",\"col4\":\"35\"},{\"col1\":\"1990\",\"col2\":\"80\",\"col3\":\"40\",\"col4\":\"30\"},{\"col1\":\"1991\",\"col2\":\"70\",\"col3\":\"35\",\"col4\":\"25\"}],\"102\":[{\"col1\":\"1988\",\"col2\":\"1230\",\"col3\":\"600\",\"col4\":\"1100\"},{\"col1\":\"1989\",\"col2\":\"1480\",\"col3\":\"500\",\"col4\":\"1000\"},{\"col1\":\"1990\",\"col2\":\"720\",\"col3\":\"400\",\"col4\":\"1200\"},{\"col1\":\"1991\",\"col2\":\"800\",\"col3\":\"700\",\"col4\":\"850\"}],\"105\":\"<p>Description here explaining graphic below lorem ipsum dolor sit amet consecutat velorem dolor. Adipiscing elit ventorum est caricula verti optum (english)<\\/p>\",\"104\":\"Turtles & nests in decline (title)\",\"111\":{\"162\":{\"type\":\"region\",\"enabled\":\"1\",\"fields\":{\"regionName\":\"Playa Grande\",\"regionLocation\":\"10.329972912386165|-85.84738097832644|14|10.329972912386165|-85.84738097832644\",\"regionLeatherbackTotal\":\"8\",\"regionOliveridleyTotal\":\"3\",\"regionGreenTotal\":\"5\"}},\"161\":{\"type\":\"region\",\"enabled\":\"1\",\"fields\":{\"regionName\":\"Playas Ventanas\",\"regionLocation\":\"10.342849670809642|-85.8567579810425|15|10.342849670809642|-85.8567579810425\",\"regionLeatherbackTotal\":\"4\",\"regionOliveridleyTotal\":\"4\",\"regionGreenTotal\":\"5\"}},\"163\":{\"type\":\"region\",\"enabled\":\"1\",\"fields\":{\"regionName\":\"Playa Grande South\",\"regionLocation\":\"10.313042338889323|-85.84113679573977|14|10.313042338889323|-85.84113679573977\",\"regionLeatherbackTotal\":\"8\",\"regionOliveridleyTotal\":\"0\",\"regionGreenTotal\":\"0\"}}},\"110\":\"<p>Description here explaining graphic below lorem ipsum dolor sit amet consecutat velorem dolor. Adipiscing elit ventorum est caricula verti optum.<\\/p>\",\"107\":{\"date\":\"8\\/10\\/2014\",\"time\":\"11:00 PM\"},\"109\":\"Nests at Las Baulas National Park\",\"65\":\"<p>Page intro here Lorem ipsum ante a suspendisse nunc et morbi hac. Lectus massa nullam ultrices hymenaeos scelerisque pede velit curabitur ut praesent donec. Praesent curabitur lacus nulla arcu ultrices cras libero purus condimentum nulla vivamus. Elit tempor tempor in amet conubia hymenaeos facilisis. Mollis sed felis enim id integer eu. Id condimentum turpis. Nec.<\\/p>\",\"118\":\"1\",\"106\":\"1\",\"108\":\"1\"}}','2014-08-12 15:50:46','2014-08-12 15:50:46','52d6f56c-fb45-4023-adc0-ec7fbe5c07e5'),
	(331,160,16,1,'en_us',15,'','{\"typeId\":\"23\",\"authorId\":\"1\",\"title\":\"Las Baulas National Park\",\"slug\":\"las-baulas\",\"postDate\":1407525360,\"expiryDate\":null,\"enabled\":1,\"fields\":{\"121\":{\"164\":{\"type\":\"bay\",\"enabled\":\"1\",\"fields\":{\"baySpecies\":\"leatherback\",\"bayEggs\":\"80\",\"bayHatchlings\":\"0\"}},\"165\":{\"type\":\"bay\",\"enabled\":\"1\",\"fields\":{\"baySpecies\":\"leatherback\",\"bayEggs\":\"36\",\"bayHatchlings\":\"28\"}},\"166\":{\"type\":\"bay\",\"enabled\":\"1\",\"fields\":{\"baySpecies\":\"none\",\"bayEggs\":\"0\",\"bayHatchlings\":\"0\"}},\"167\":{\"type\":\"bay\",\"enabled\":\"1\",\"fields\":{\"baySpecies\":\"oliveridley\",\"bayEggs\":\"78\",\"bayHatchlings\":\"10\"}},\"168\":{\"type\":\"bay\",\"enabled\":\"1\",\"fields\":{\"baySpecies\":\"green\",\"bayEggs\":\"60\",\"bayHatchlings\":\"22\"}},\"169\":{\"type\":\"bay\",\"enabled\":\"1\",\"fields\":{\"baySpecies\":\"leatherback\",\"bayEggs\":\"99\",\"bayHatchlings\":\"0\"}},\"170\":{\"type\":\"bay\",\"enabled\":\"1\",\"fields\":{\"baySpecies\":\"oliveridley\",\"bayEggs\":\"99\",\"bayHatchlings\":\"0\"}},\"171\":{\"type\":\"bay\",\"enabled\":\"1\",\"fields\":{\"baySpecies\":\"green\",\"bayEggs\":\"99\",\"bayHatchlings\":\"0\"}},\"172\":{\"type\":\"bay\",\"enabled\":\"1\",\"fields\":{\"baySpecies\":\"leatherback\",\"bayEggs\":\"0\",\"bayHatchlings\":\"99\"}},\"173\":{\"type\":\"bay\",\"enabled\":\"1\",\"fields\":{\"baySpecies\":\"oliveridley\",\"bayEggs\":\"0\",\"bayHatchlings\":\"99\"}},\"174\":{\"type\":\"bay\",\"enabled\":\"1\",\"fields\":{\"baySpecies\":\"green\",\"bayEggs\":\"0\",\"bayHatchlings\":\"99\"}}},\"120\":\"<p>Description here explaining graphic below lorem ipsum dolor sit amet consecutat velorem dolor. Adipiscing elit ventorum est caricula verti optum.<\\/p>\",\"117\":{\"date\":\"8\\/10\\/2014\",\"time\":\"11:30 AM\"},\"119\":\"In the Las Baulas Hatchery\",\"103\":[{\"col1\":\"1988\",\"col2\":\"100\",\"col3\":\"50\",\"col4\":\"40\"},{\"col1\":\"1989\",\"col2\":\"90\",\"col3\":\"45\",\"col4\":\"35\"},{\"col1\":\"1990\",\"col2\":\"80\",\"col3\":\"40\",\"col4\":\"30\"},{\"col1\":\"1991\",\"col2\":\"70\",\"col3\":\"35\",\"col4\":\"25\"}],\"102\":[{\"col1\":\"1988\",\"col2\":\"1230\",\"col3\":\"600\",\"col4\":\"1100\"},{\"col1\":\"1989\",\"col2\":\"1480\",\"col3\":\"500\",\"col4\":\"1000\"},{\"col1\":\"1990\",\"col2\":\"720\",\"col3\":\"400\",\"col4\":\"1200\"},{\"col1\":\"1991\",\"col2\":\"800\",\"col3\":\"700\",\"col4\":\"850\"}],\"105\":\"<p>Description here explaining graphic below lorem ipsum dolor sit amet consecutat velorem dolor. Adipiscing elit ventorum est caricula verti optum (english)<\\/p>\",\"104\":\"Turtles & nests in decline (title)\",\"111\":{\"161\":{\"type\":\"region\",\"enabled\":\"1\",\"fields\":{\"regionName\":\"Playas Ventanas\",\"regionLocation\":\"10.342849670809642|-85.8567579810425|15|10.342849670809642|-85.8567579810425\",\"regionLeatherbackTotal\":\"4\",\"regionOliveridleyTotal\":\"4\",\"regionGreenTotal\":\"5\"}},\"162\":{\"type\":\"region\",\"enabled\":\"1\",\"fields\":{\"regionName\":\"Playa Grande\",\"regionLocation\":\"10.329972912386165|-85.84738097832644|14|10.329972912386165|-85.84738097832644\",\"regionLeatherbackTotal\":\"8\",\"regionOliveridleyTotal\":\"3\",\"regionGreenTotal\":\"5\"}},\"163\":{\"type\":\"region\",\"enabled\":\"1\",\"fields\":{\"regionName\":\"Playa Grande South\",\"regionLocation\":\"10.313042338889323|-85.84113679573977|14|10.313042338889323|-85.84113679573977\",\"regionLeatherbackTotal\":\"8\",\"regionOliveridleyTotal\":\"0\",\"regionGreenTotal\":\"0\"}}},\"110\":\"<p>Description here explaining graphic below lorem ipsum dolor sit amet consecutat velorem dolor. Adipiscing elit ventorum est caricula verti optum.<\\/p>\",\"107\":{\"date\":\"8\\/10\\/2014\",\"time\":\"11:00 PM\"},\"109\":\"Nests at Las Baulas National Park\",\"65\":\"<p>Page intro here Lorem ipsum ante a suspendisse nunc et morbi hac. Lectus massa nullam ultrices hymenaeos scelerisque pede velit curabitur ut praesent donec. Praesent curabitur lacus nulla arcu ultrices cras libero purus condimentum nulla vivamus. Elit tempor tempor in amet conubia hymenaeos facilisis. Mollis sed felis enim id integer eu. Id condimentum turpis. Nec.<\\/p>\",\"118\":\"1\",\"106\":\"1\",\"108\":\"1\"}}','2014-08-12 15:51:18','2014-08-12 15:51:18','3da41c67-26c3-4d4a-8182-89040e28535e'),
	(332,160,16,1,'en_us',16,'','{\"typeId\":\"23\",\"authorId\":\"1\",\"title\":\"Las Baulas National Park\",\"slug\":\"las-baulas\",\"postDate\":1407525360,\"expiryDate\":null,\"enabled\":1,\"fields\":{\"121\":{\"164\":{\"type\":\"bay\",\"enabled\":\"1\",\"fields\":{\"baySpecies\":\"leatherback\",\"bayEggs\":\"80\",\"bayHatchlings\":\"0\"}},\"165\":{\"type\":\"bay\",\"enabled\":\"1\",\"fields\":{\"baySpecies\":\"leatherback\",\"bayEggs\":\"36\",\"bayHatchlings\":\"28\"}},\"166\":{\"type\":\"bay\",\"enabled\":\"1\",\"fields\":{\"baySpecies\":\"none\",\"bayEggs\":\"0\",\"bayHatchlings\":\"0\"}},\"167\":{\"type\":\"bay\",\"enabled\":\"1\",\"fields\":{\"baySpecies\":\"oliveridley\",\"bayEggs\":\"78\",\"bayHatchlings\":\"10\"}},\"168\":{\"type\":\"bay\",\"enabled\":\"1\",\"fields\":{\"baySpecies\":\"green\",\"bayEggs\":\"60\",\"bayHatchlings\":\"22\"}},\"169\":{\"type\":\"bay\",\"enabled\":\"1\",\"fields\":{\"baySpecies\":\"leatherback\",\"bayEggs\":\"99\",\"bayHatchlings\":\"0\"}},\"170\":{\"type\":\"bay\",\"enabled\":\"1\",\"fields\":{\"baySpecies\":\"oliveridley\",\"bayEggs\":\"99\",\"bayHatchlings\":\"0\"}},\"171\":{\"type\":\"bay\",\"enabled\":\"1\",\"fields\":{\"baySpecies\":\"green\",\"bayEggs\":\"99\",\"bayHatchlings\":\"0\"}},\"172\":{\"type\":\"bay\",\"enabled\":\"1\",\"fields\":{\"baySpecies\":\"leatherback\",\"bayEggs\":\"0\",\"bayHatchlings\":\"99\"}},\"173\":{\"type\":\"bay\",\"enabled\":\"1\",\"fields\":{\"baySpecies\":\"oliveridley\",\"bayEggs\":\"0\",\"bayHatchlings\":\"99\"}},\"174\":{\"type\":\"bay\",\"enabled\":\"1\",\"fields\":{\"baySpecies\":\"green\",\"bayEggs\":\"0\",\"bayHatchlings\":\"99\"}}},\"120\":\"<p>Description here explaining graphic below lorem ipsum dolor sit amet consecutat velorem dolor. Adipiscing elit ventorum est caricula verti optum.<\\/p>\",\"117\":{\"date\":\"8\\/10\\/2014\",\"time\":\"11:30 AM\"},\"119\":\"In the Las Baulas Hatchery\",\"103\":[{\"col1\":\"1988\",\"col2\":\"100\",\"col3\":\"50\",\"col4\":\"40\"},{\"col1\":\"1989\",\"col2\":\"90\",\"col3\":\"45\",\"col4\":\"35\"},{\"col1\":\"1990\",\"col2\":\"80\",\"col3\":\"40\",\"col4\":\"30\"},{\"col1\":\"1991\",\"col2\":\"70\",\"col3\":\"35\",\"col4\":\"25\"}],\"102\":[{\"col1\":\"1988\",\"col2\":\"1230\",\"col3\":\"600\",\"col4\":\"1100\"},{\"col1\":\"1989\",\"col2\":\"1480\",\"col3\":\"500\",\"col4\":\"1000\"},{\"col1\":\"1990\",\"col2\":\"720\",\"col3\":\"400\",\"col4\":\"1200\"},{\"col1\":\"1991\",\"col2\":\"800\",\"col3\":\"700\",\"col4\":\"850\"}],\"105\":\"<p>Description here explaining graphic below lorem ipsum dolor sit amet consecutat velorem dolor. Adipiscing elit ventorum est caricula verti optum (english)<\\/p>\",\"104\":\"Turtles & nests in decline (title)\",\"110\":\"<p>Description here explaining graphic below lorem ipsum dolor sit amet consecutat velorem dolor. Adipiscing elit ventorum est caricula verti optum.<\\/p>\",\"125\":\"10.320589000000007|-85.84910980000001|13|10.320589000000007|-85.84910980000001\",\"111\":{\"161\":{\"type\":\"region\",\"enabled\":\"1\",\"fields\":{\"regionName\":\"Playas Ventanas\",\"regionLocation\":\"10.342849670809642|-85.8567579810425|15|10.342849670809642|-85.8567579810425\",\"regionLeatherbackTotal\":\"4\",\"regionOliveridleyTotal\":\"4\",\"regionGreenTotal\":\"5\"}},\"162\":{\"type\":\"region\",\"enabled\":\"1\",\"fields\":{\"regionName\":\"Playa Grande\",\"regionLocation\":\"10.329972912386165|-85.84738097832644|14|10.329972912386165|-85.84738097832644\",\"regionLeatherbackTotal\":\"8\",\"regionOliveridleyTotal\":\"3\",\"regionGreenTotal\":\"5\"}},\"163\":{\"type\":\"region\",\"enabled\":\"1\",\"fields\":{\"regionName\":\"Playa Grande South\",\"regionLocation\":\"10.313042338889323|-85.84113679573977|14|10.313042338889323|-85.84113679573977\",\"regionLeatherbackTotal\":\"8\",\"regionOliveridleyTotal\":\"0\",\"regionGreenTotal\":\"0\"}}},\"107\":{\"date\":\"8\\/10\\/2014\",\"time\":\"11:00 PM\"},\"109\":\"Nests at Las Baulas National Park\",\"65\":\"<p>Page intro here Lorem ipsum ante a suspendisse nunc et morbi hac. Lectus massa nullam ultrices hymenaeos scelerisque pede velit curabitur ut praesent donec. Praesent curabitur lacus nulla arcu ultrices cras libero purus condimentum nulla vivamus. Elit tempor tempor in amet conubia hymenaeos facilisis. Mollis sed felis enim id integer eu. Id condimentum turpis. Nec.<\\/p>\",\"118\":\"1\",\"106\":\"1\",\"108\":\"1\"}}','2014-08-12 15:58:21','2014-08-12 15:58:21','b613346c-e012-47b5-8bf9-01b65307d981'),
	(333,160,16,1,'en_us',17,'','{\"typeId\":\"23\",\"authorId\":\"1\",\"title\":\"Las Baulas National Park\",\"slug\":\"las-baulas\",\"postDate\":1407525360,\"expiryDate\":null,\"enabled\":1,\"fields\":{\"121\":{\"164\":{\"type\":\"bay\",\"enabled\":\"1\",\"fields\":{\"baySpecies\":\"leatherback\",\"bayEggs\":\"80\",\"bayHatchlings\":\"0\"}},\"165\":{\"type\":\"bay\",\"enabled\":\"1\",\"fields\":{\"baySpecies\":\"leatherback\",\"bayEggs\":\"36\",\"bayHatchlings\":\"28\"}},\"166\":{\"type\":\"bay\",\"enabled\":\"1\",\"fields\":{\"baySpecies\":\"none\",\"bayEggs\":\"0\",\"bayHatchlings\":\"0\"}},\"167\":{\"type\":\"bay\",\"enabled\":\"1\",\"fields\":{\"baySpecies\":\"oliveridley\",\"bayEggs\":\"78\",\"bayHatchlings\":\"10\"}},\"168\":{\"type\":\"bay\",\"enabled\":\"1\",\"fields\":{\"baySpecies\":\"green\",\"bayEggs\":\"60\",\"bayHatchlings\":\"22\"}},\"169\":{\"type\":\"bay\",\"enabled\":\"1\",\"fields\":{\"baySpecies\":\"leatherback\",\"bayEggs\":\"99\",\"bayHatchlings\":\"0\"}},\"170\":{\"type\":\"bay\",\"enabled\":\"1\",\"fields\":{\"baySpecies\":\"oliveridley\",\"bayEggs\":\"99\",\"bayHatchlings\":\"0\"}},\"171\":{\"type\":\"bay\",\"enabled\":\"1\",\"fields\":{\"baySpecies\":\"green\",\"bayEggs\":\"99\",\"bayHatchlings\":\"0\"}},\"172\":{\"type\":\"bay\",\"enabled\":\"1\",\"fields\":{\"baySpecies\":\"leatherback\",\"bayEggs\":\"0\",\"bayHatchlings\":\"99\"}},\"173\":{\"type\":\"bay\",\"enabled\":\"1\",\"fields\":{\"baySpecies\":\"oliveridley\",\"bayEggs\":\"0\",\"bayHatchlings\":\"99\"}},\"174\":{\"type\":\"bay\",\"enabled\":\"1\",\"fields\":{\"baySpecies\":\"green\",\"bayEggs\":\"0\",\"bayHatchlings\":\"99\"}}},\"120\":\"<p>Description here explaining graphic below lorem ipsum dolor sit amet consecutat velorem dolor. Adipiscing elit ventorum est caricula verti optum.<\\/p>\",\"117\":{\"date\":\"8\\/10\\/2014\",\"time\":\"11:30 AM\"},\"119\":\"In the Las Baulas Hatchery\",\"103\":[{\"col1\":\"1988\",\"col2\":\"100\",\"col3\":\"50\",\"col4\":\"40\"},{\"col1\":\"1989\",\"col2\":\"90\",\"col3\":\"45\",\"col4\":\"35\"},{\"col1\":\"1990\",\"col2\":\"80\",\"col3\":\"40\",\"col4\":\"30\"},{\"col1\":\"1991\",\"col2\":\"70\",\"col3\":\"35\",\"col4\":\"25\"}],\"102\":[{\"col1\":\"1988\",\"col2\":\"1230\",\"col3\":\"600\",\"col4\":\"1100\"},{\"col1\":\"1989\",\"col2\":\"1480\",\"col3\":\"500\",\"col4\":\"1000\"},{\"col1\":\"1990\",\"col2\":\"720\",\"col3\":\"400\",\"col4\":\"1200\"},{\"col1\":\"1991\",\"col2\":\"800\",\"col3\":\"700\",\"col4\":\"850\"}],\"105\":\"<p>Description here explaining graphic below lorem ipsum dolor sit amet consecutat velorem dolor. Adipiscing elit ventorum est caricula verti optum (english)<\\/p>\",\"104\":\"Turtles & nests in decline (title)\",\"110\":\"<p>Description here explaining graphic below lorem ipsum dolor sit amet consecutat velorem dolor. Adipiscing elit ventorum est caricula verti optum.<\\/p>\",\"125\":\"10.321940069258403|-85.88086715473632|13|10.320589000000007|-85.84910980000001\",\"111\":{\"161\":{\"type\":\"region\",\"enabled\":\"1\",\"fields\":{\"regionName\":\"Playas Ventanas\",\"regionLocation\":\"10.342849670809642|-85.8567579810425|15|10.342849670809642|-85.8567579810425\",\"regionLeatherbackTotal\":\"4\",\"regionOliveridleyTotal\":\"4\",\"regionGreenTotal\":\"5\"}},\"162\":{\"type\":\"region\",\"enabled\":\"1\",\"fields\":{\"regionName\":\"Playa Grande\",\"regionLocation\":\"10.329972912386165|-85.84738097832644|14|10.329972912386165|-85.84738097832644\",\"regionLeatherbackTotal\":\"8\",\"regionOliveridleyTotal\":\"3\",\"regionGreenTotal\":\"5\"}},\"163\":{\"type\":\"region\",\"enabled\":\"1\",\"fields\":{\"regionName\":\"Playa Grande South\",\"regionLocation\":\"10.313042338889323|-85.84113679573977|14|10.313042338889323|-85.84113679573977\",\"regionLeatherbackTotal\":\"8\",\"regionOliveridleyTotal\":\"0\",\"regionGreenTotal\":\"0\"}}},\"107\":{\"date\":\"8\\/10\\/2014\",\"time\":\"11:00 PM\"},\"109\":\"Nests at Las Baulas National Park\",\"65\":\"<p>Page intro here Lorem ipsum ante a suspendisse nunc et morbi hac. Lectus massa nullam ultrices hymenaeos scelerisque pede velit curabitur ut praesent donec. Praesent curabitur lacus nulla arcu ultrices cras libero purus condimentum nulla vivamus. Elit tempor tempor in amet conubia hymenaeos facilisis. Mollis sed felis enim id integer eu. Id condimentum turpis. Nec.<\\/p>\",\"118\":\"1\",\"106\":\"1\",\"108\":\"1\"}}','2014-08-12 16:00:11','2014-08-12 16:00:11','eec72d26-72d6-465e-a9c4-dba0cf75a703'),
	(334,160,16,1,'en_us',18,'','{\"typeId\":\"23\",\"authorId\":\"1\",\"title\":\"Las Baulas National Park\",\"slug\":\"las-baulas\",\"postDate\":1407525360,\"expiryDate\":null,\"enabled\":1,\"fields\":{\"121\":{\"164\":{\"type\":\"bay\",\"enabled\":\"1\",\"fields\":{\"baySpecies\":\"leatherback\",\"bayEggs\":\"80\",\"bayHatchlings\":\"0\"}},\"165\":{\"type\":\"bay\",\"enabled\":\"1\",\"fields\":{\"baySpecies\":\"leatherback\",\"bayEggs\":\"36\",\"bayHatchlings\":\"28\"}},\"166\":{\"type\":\"bay\",\"enabled\":\"1\",\"fields\":{\"baySpecies\":\"none\",\"bayEggs\":\"0\",\"bayHatchlings\":\"0\"}},\"167\":{\"type\":\"bay\",\"enabled\":\"1\",\"fields\":{\"baySpecies\":\"oliveridley\",\"bayEggs\":\"78\",\"bayHatchlings\":\"10\"}},\"168\":{\"type\":\"bay\",\"enabled\":\"1\",\"fields\":{\"baySpecies\":\"green\",\"bayEggs\":\"60\",\"bayHatchlings\":\"22\"}},\"169\":{\"type\":\"bay\",\"enabled\":\"1\",\"fields\":{\"baySpecies\":\"leatherback\",\"bayEggs\":\"99\",\"bayHatchlings\":\"0\"}},\"170\":{\"type\":\"bay\",\"enabled\":\"1\",\"fields\":{\"baySpecies\":\"oliveridley\",\"bayEggs\":\"99\",\"bayHatchlings\":\"0\"}},\"171\":{\"type\":\"bay\",\"enabled\":\"1\",\"fields\":{\"baySpecies\":\"green\",\"bayEggs\":\"99\",\"bayHatchlings\":\"0\"}},\"172\":{\"type\":\"bay\",\"enabled\":\"1\",\"fields\":{\"baySpecies\":\"leatherback\",\"bayEggs\":\"0\",\"bayHatchlings\":\"99\"}},\"173\":{\"type\":\"bay\",\"enabled\":\"1\",\"fields\":{\"baySpecies\":\"oliveridley\",\"bayEggs\":\"0\",\"bayHatchlings\":\"99\"}},\"174\":{\"type\":\"bay\",\"enabled\":\"1\",\"fields\":{\"baySpecies\":\"green\",\"bayEggs\":\"0\",\"bayHatchlings\":\"99\"}}},\"120\":\"<p>Description here explaining graphic below lorem ipsum dolor sit amet consecutat velorem dolor. Adipiscing elit ventorum est caricula verti optum.<\\/p>\",\"117\":{\"date\":\"8\\/10\\/2014\",\"time\":\"11:30 AM\"},\"119\":\"In the Las Baulas Hatchery\",\"103\":[{\"col1\":\"1988\",\"col2\":\"100\",\"col3\":\"50\",\"col4\":\"40\"},{\"col1\":\"1989\",\"col2\":\"90\",\"col3\":\"45\",\"col4\":\"35\"},{\"col1\":\"1990\",\"col2\":\"80\",\"col3\":\"40\",\"col4\":\"30\"},{\"col1\":\"1991\",\"col2\":\"70\",\"col3\":\"35\",\"col4\":\"25\"}],\"102\":[{\"col1\":\"1988\",\"col2\":\"1230\",\"col3\":\"600\",\"col4\":\"1100\"},{\"col1\":\"1989\",\"col2\":\"1480\",\"col3\":\"500\",\"col4\":\"1000\"},{\"col1\":\"1990\",\"col2\":\"720\",\"col3\":\"400\",\"col4\":\"1200\"},{\"col1\":\"1991\",\"col2\":\"800\",\"col3\":\"700\",\"col4\":\"850\"}],\"105\":\"<p>Description here explaining graphic below lorem ipsum dolor sit amet consecutat velorem dolor. Adipiscing elit ventorum est caricula verti optum (english)<\\/p>\",\"104\":\"Turtles & nests in decline (title)\",\"110\":\"<p>Description here explaining graphic below lorem ipsum dolor sit amet consecutat velorem dolor. Adipiscing elit ventorum est caricula verti optum.<\\/p>\",\"125\":\"10.321940069258403|-85.88086715473634|13|10.320589000000007|-85.84910980000001\",\"111\":{\"161\":{\"type\":\"region\",\"enabled\":\"1\",\"fields\":{\"regionName\":\"Playas Ventanas\",\"regionLocation\":\"10.342849670809642|-85.8567579810425|15|10.342849670809642|-85.8567579810425\",\"regionLeatherbackTotal\":\"4\",\"regionOliveridleyTotal\":\"4\",\"regionGreenTotal\":\"5\"}},\"162\":{\"type\":\"region\",\"enabled\":\"1\",\"fields\":{\"regionName\":\"Playa Grande\",\"regionLocation\":\"10.329972912386165|-85.84738097832644|14|10.329972912386165|-85.84738097832644\",\"regionLeatherbackTotal\":\"8\",\"regionOliveridleyTotal\":\"3\",\"regionGreenTotal\":\"5\"}},\"163\":{\"type\":\"region\",\"enabled\":\"1\",\"fields\":{\"regionName\":\"Playa Grande South\",\"regionLocation\":\"10.313042338889323|-85.84113679573977|14|10.313042338889323|-85.84113679573977\",\"regionLeatherbackTotal\":\"8\",\"regionOliveridleyTotal\":\"0\",\"regionGreenTotal\":\"0\"}}},\"107\":{\"date\":\"8\\/10\\/2014\",\"time\":\"11:00 PM\"},\"109\":\"Nests at Las Baulas National Park\",\"65\":\"<p>Page intro here Lorem ipsum ante a suspendisse nunc et morbi hac. Lectus massa nullam ultrices hymenaeos scelerisque pede velit curabitur ut praesent donec. Praesent curabitur lacus nulla arcu ultrices cras libero purus condimentum nulla vivamus. Elit tempor tempor in amet conubia hymenaeos facilisis. Mollis sed felis enim id integer eu. Id condimentum turpis. Nec.<\\/p>\",\"118\":\"1\",\"106\":\"1\",\"108\":\"1\"}}','2014-08-12 16:00:35','2014-08-12 16:00:35','69be9901-34be-4a0f-8210-1268f24f35d6'),
	(335,160,16,1,'en_us',19,'','{\"typeId\":\"23\",\"authorId\":\"1\",\"title\":\"Las Baulas National Park\",\"slug\":\"las-baulas\",\"postDate\":1407525360,\"expiryDate\":null,\"enabled\":1,\"fields\":{\"121\":{\"164\":{\"type\":\"bay\",\"enabled\":\"1\",\"fields\":{\"baySpecies\":\"leatherback\",\"bayEggs\":\"80\",\"bayHatchlings\":\"0\"}},\"165\":{\"type\":\"bay\",\"enabled\":\"1\",\"fields\":{\"baySpecies\":\"leatherback\",\"bayEggs\":\"36\",\"bayHatchlings\":\"28\"}},\"166\":{\"type\":\"bay\",\"enabled\":\"1\",\"fields\":{\"baySpecies\":\"none\",\"bayEggs\":\"0\",\"bayHatchlings\":\"0\"}},\"167\":{\"type\":\"bay\",\"enabled\":\"1\",\"fields\":{\"baySpecies\":\"oliveridley\",\"bayEggs\":\"78\",\"bayHatchlings\":\"10\"}},\"168\":{\"type\":\"bay\",\"enabled\":\"1\",\"fields\":{\"baySpecies\":\"green\",\"bayEggs\":\"60\",\"bayHatchlings\":\"22\"}},\"169\":{\"type\":\"bay\",\"enabled\":\"1\",\"fields\":{\"baySpecies\":\"leatherback\",\"bayEggs\":\"99\",\"bayHatchlings\":\"0\"}},\"170\":{\"type\":\"bay\",\"enabled\":\"1\",\"fields\":{\"baySpecies\":\"oliveridley\",\"bayEggs\":\"99\",\"bayHatchlings\":\"0\"}},\"171\":{\"type\":\"bay\",\"enabled\":\"1\",\"fields\":{\"baySpecies\":\"green\",\"bayEggs\":\"99\",\"bayHatchlings\":\"0\"}},\"172\":{\"type\":\"bay\",\"enabled\":\"1\",\"fields\":{\"baySpecies\":\"leatherback\",\"bayEggs\":\"0\",\"bayHatchlings\":\"99\"}},\"173\":{\"type\":\"bay\",\"enabled\":\"1\",\"fields\":{\"baySpecies\":\"oliveridley\",\"bayEggs\":\"0\",\"bayHatchlings\":\"99\"}},\"174\":{\"type\":\"bay\",\"enabled\":\"1\",\"fields\":{\"baySpecies\":\"green\",\"bayEggs\":\"0\",\"bayHatchlings\":\"99\"}}},\"120\":\"<p>Description here explaining graphic below lorem ipsum dolor sit amet consecutat velorem dolor. Adipiscing elit ventorum est caricula verti optum.<\\/p>\",\"117\":{\"date\":\"8\\/10\\/2014\",\"time\":\"11:30 AM\"},\"119\":\"In the Las Baulas Hatchery\",\"103\":[{\"col1\":\"1988\",\"col2\":\"100\",\"col3\":\"50\",\"col4\":\"40\"},{\"col1\":\"1989\",\"col2\":\"90\",\"col3\":\"45\",\"col4\":\"35\"},{\"col1\":\"1990\",\"col2\":\"80\",\"col3\":\"40\",\"col4\":\"30\"},{\"col1\":\"1991\",\"col2\":\"70\",\"col3\":\"35\",\"col4\":\"25\"}],\"102\":[{\"col1\":\"1988\",\"col2\":\"1230\",\"col3\":\"600\",\"col4\":\"1100\"},{\"col1\":\"1989\",\"col2\":\"1480\",\"col3\":\"500\",\"col4\":\"1000\"},{\"col1\":\"1990\",\"col2\":\"720\",\"col3\":\"400\",\"col4\":\"1200\"},{\"col1\":\"1991\",\"col2\":\"800\",\"col3\":\"700\",\"col4\":\"850\"}],\"105\":\"<p>Description here explaining graphic below lorem ipsum dolor sit amet consecutat velorem dolor. Adipiscing elit ventorum est caricula verti optum (english)<\\/p>\",\"104\":\"Turtles & nests in decline (title)\",\"110\":\"<p>Description here explaining graphic below lorem ipsum dolor sit amet consecutat velorem dolor. Adipiscing elit ventorum est caricula verti optum.<\\/p>\",\"125\":\"10.322784484598508|-85.97116103901367|13|10.320589000000007|-85.84910980000001\",\"111\":{\"161\":{\"type\":\"region\",\"enabled\":\"1\",\"fields\":{\"regionName\":\"Playas Ventanas\",\"regionLocation\":\"10.342849670809642|-85.8567579810425|15|10.342849670809642|-85.8567579810425\",\"regionLeatherbackTotal\":\"4\",\"regionOliveridleyTotal\":\"4\",\"regionGreenTotal\":\"5\"}},\"162\":{\"type\":\"region\",\"enabled\":\"1\",\"fields\":{\"regionName\":\"Playa Grande\",\"regionLocation\":\"10.329972912386165|-85.84738097832644|14|10.329972912386165|-85.84738097832644\",\"regionLeatherbackTotal\":\"8\",\"regionOliveridleyTotal\":\"3\",\"regionGreenTotal\":\"5\"}},\"163\":{\"type\":\"region\",\"enabled\":\"1\",\"fields\":{\"regionName\":\"Playa Grande South\",\"regionLocation\":\"10.313042338889323|-85.84113679573977|14|10.313042338889323|-85.84113679573977\",\"regionLeatherbackTotal\":\"8\",\"regionOliveridleyTotal\":\"0\",\"regionGreenTotal\":\"0\"}}},\"107\":{\"date\":\"8\\/10\\/2014\",\"time\":\"11:00 PM\"},\"109\":\"Nests at Las Baulas National Park\",\"65\":\"<p>Page intro here Lorem ipsum ante a suspendisse nunc et morbi hac. Lectus massa nullam ultrices hymenaeos scelerisque pede velit curabitur ut praesent donec. Praesent curabitur lacus nulla arcu ultrices cras libero purus condimentum nulla vivamus. Elit tempor tempor in amet conubia hymenaeos facilisis. Mollis sed felis enim id integer eu. Id condimentum turpis. Nec.<\\/p>\",\"118\":\"1\",\"106\":\"1\",\"108\":\"1\"}}','2014-08-12 16:01:20','2014-08-12 16:01:20','0db3f3bf-9e64-452a-b173-a88e15304b3e'),
	(336,160,16,1,'en_us',20,'','{\"typeId\":\"23\",\"authorId\":\"1\",\"title\":\"Las Baulas National Park\",\"slug\":\"las-baulas\",\"postDate\":1407525360,\"expiryDate\":null,\"enabled\":1,\"fields\":{\"121\":{\"164\":{\"type\":\"bay\",\"enabled\":\"1\",\"fields\":{\"baySpecies\":\"leatherback\",\"bayEggs\":\"80\",\"bayHatchlings\":\"0\"}},\"165\":{\"type\":\"bay\",\"enabled\":\"1\",\"fields\":{\"baySpecies\":\"leatherback\",\"bayEggs\":\"36\",\"bayHatchlings\":\"28\"}},\"166\":{\"type\":\"bay\",\"enabled\":\"1\",\"fields\":{\"baySpecies\":\"none\",\"bayEggs\":\"0\",\"bayHatchlings\":\"0\"}},\"167\":{\"type\":\"bay\",\"enabled\":\"1\",\"fields\":{\"baySpecies\":\"oliveridley\",\"bayEggs\":\"78\",\"bayHatchlings\":\"10\"}},\"168\":{\"type\":\"bay\",\"enabled\":\"1\",\"fields\":{\"baySpecies\":\"green\",\"bayEggs\":\"60\",\"bayHatchlings\":\"22\"}},\"169\":{\"type\":\"bay\",\"enabled\":\"1\",\"fields\":{\"baySpecies\":\"leatherback\",\"bayEggs\":\"99\",\"bayHatchlings\":\"0\"}},\"170\":{\"type\":\"bay\",\"enabled\":\"1\",\"fields\":{\"baySpecies\":\"oliveridley\",\"bayEggs\":\"99\",\"bayHatchlings\":\"0\"}},\"171\":{\"type\":\"bay\",\"enabled\":\"1\",\"fields\":{\"baySpecies\":\"green\",\"bayEggs\":\"99\",\"bayHatchlings\":\"0\"}},\"172\":{\"type\":\"bay\",\"enabled\":\"1\",\"fields\":{\"baySpecies\":\"leatherback\",\"bayEggs\":\"0\",\"bayHatchlings\":\"99\"}},\"173\":{\"type\":\"bay\",\"enabled\":\"1\",\"fields\":{\"baySpecies\":\"oliveridley\",\"bayEggs\":\"0\",\"bayHatchlings\":\"99\"}},\"174\":{\"type\":\"bay\",\"enabled\":\"1\",\"fields\":{\"baySpecies\":\"green\",\"bayEggs\":\"0\",\"bayHatchlings\":\"99\"}}},\"120\":\"<p>Description here explaining graphic below lorem ipsum dolor sit amet consecutat velorem dolor. Adipiscing elit ventorum est caricula verti optum.<\\/p>\",\"117\":{\"date\":\"8\\/10\\/2014\",\"time\":\"11:30 AM\"},\"119\":\"In the Las Baulas Hatchery\",\"103\":[{\"col1\":\"1988\",\"col2\":\"100\",\"col3\":\"50\",\"col4\":\"40\"},{\"col1\":\"1989\",\"col2\":\"90\",\"col3\":\"45\",\"col4\":\"35\"},{\"col1\":\"1990\",\"col2\":\"80\",\"col3\":\"40\",\"col4\":\"30\"},{\"col1\":\"1991\",\"col2\":\"70\",\"col3\":\"35\",\"col4\":\"25\"}],\"102\":[{\"col1\":\"1988\",\"col2\":\"1230\",\"col3\":\"600\",\"col4\":\"1100\"},{\"col1\":\"1989\",\"col2\":\"1480\",\"col3\":\"500\",\"col4\":\"1000\"},{\"col1\":\"1990\",\"col2\":\"720\",\"col3\":\"400\",\"col4\":\"1200\"},{\"col1\":\"1991\",\"col2\":\"800\",\"col3\":\"700\",\"col4\":\"850\"}],\"105\":\"<p>Description here explaining graphic below lorem ipsum dolor sit amet consecutat velorem dolor. Adipiscing elit ventorum est caricula verti optum (english)<\\/p>\",\"104\":\"Turtles & nests in decline (title)\",\"110\":\"<p>Description here explaining graphic below lorem ipsum dolor sit amet consecutat velorem dolor. Adipiscing elit ventorum est caricula verti optum.<\\/p>\",\"125\":\"10.323797780014518|-85.8468782020996|13|10.320589000000007|-85.84910980000001\",\"111\":{\"161\":{\"type\":\"region\",\"enabled\":\"1\",\"fields\":{\"regionName\":\"Playas Ventanas\",\"regionLocation\":\"10.342849670809642|-85.8567579810425|15|10.342849670809642|-85.8567579810425\",\"regionLeatherbackTotal\":\"4\",\"regionOliveridleyTotal\":\"4\",\"regionGreenTotal\":\"5\"}},\"162\":{\"type\":\"region\",\"enabled\":\"1\",\"fields\":{\"regionName\":\"Playa Grande\",\"regionLocation\":\"10.329972912386165|-85.84738097832644|14|10.329972912386165|-85.84738097832644\",\"regionLeatherbackTotal\":\"8\",\"regionOliveridleyTotal\":\"3\",\"regionGreenTotal\":\"5\"}},\"163\":{\"type\":\"region\",\"enabled\":\"1\",\"fields\":{\"regionName\":\"Playa Grande South\",\"regionLocation\":\"10.313042338889323|-85.84113679573977|14|10.313042338889323|-85.84113679573977\",\"regionLeatherbackTotal\":\"8\",\"regionOliveridleyTotal\":\"0\",\"regionGreenTotal\":\"0\"}}},\"107\":{\"date\":\"8\\/10\\/2014\",\"time\":\"11:00 PM\"},\"109\":\"Nests at Las Baulas National Park\",\"65\":\"<p>Page intro here Lorem ipsum ante a suspendisse nunc et morbi hac. Lectus massa nullam ultrices hymenaeos scelerisque pede velit curabitur ut praesent donec. Praesent curabitur lacus nulla arcu ultrices cras libero purus condimentum nulla vivamus. Elit tempor tempor in amet conubia hymenaeos facilisis. Mollis sed felis enim id integer eu. Id condimentum turpis. Nec.<\\/p>\",\"118\":\"1\",\"106\":\"1\",\"108\":\"1\"}}','2014-08-12 16:02:35','2014-08-12 16:02:35','fef3a95b-8a7f-4e66-bcae-1b2193a9de41'),
	(337,160,16,1,'en_us',21,'','{\"typeId\":\"23\",\"authorId\":\"1\",\"title\":\"Las Baulas National Park\",\"slug\":\"las-baulas\",\"postDate\":1407525360,\"expiryDate\":null,\"enabled\":1,\"fields\":{\"121\":{\"164\":{\"type\":\"bay\",\"enabled\":\"1\",\"fields\":{\"baySpecies\":\"leatherback\",\"bayEggs\":\"80\",\"bayHatchlings\":\"0\"}},\"165\":{\"type\":\"bay\",\"enabled\":\"1\",\"fields\":{\"baySpecies\":\"leatherback\",\"bayEggs\":\"36\",\"bayHatchlings\":\"28\"}},\"166\":{\"type\":\"bay\",\"enabled\":\"1\",\"fields\":{\"baySpecies\":\"none\",\"bayEggs\":\"0\",\"bayHatchlings\":\"0\"}},\"167\":{\"type\":\"bay\",\"enabled\":\"1\",\"fields\":{\"baySpecies\":\"oliveridley\",\"bayEggs\":\"78\",\"bayHatchlings\":\"10\"}},\"168\":{\"type\":\"bay\",\"enabled\":\"1\",\"fields\":{\"baySpecies\":\"green\",\"bayEggs\":\"60\",\"bayHatchlings\":\"22\"}},\"169\":{\"type\":\"bay\",\"enabled\":\"1\",\"fields\":{\"baySpecies\":\"leatherback\",\"bayEggs\":\"99\",\"bayHatchlings\":\"0\"}},\"170\":{\"type\":\"bay\",\"enabled\":\"1\",\"fields\":{\"baySpecies\":\"oliveridley\",\"bayEggs\":\"99\",\"bayHatchlings\":\"0\"}},\"171\":{\"type\":\"bay\",\"enabled\":\"1\",\"fields\":{\"baySpecies\":\"green\",\"bayEggs\":\"99\",\"bayHatchlings\":\"0\"}},\"172\":{\"type\":\"bay\",\"enabled\":\"1\",\"fields\":{\"baySpecies\":\"leatherback\",\"bayEggs\":\"0\",\"bayHatchlings\":\"99\"}},\"173\":{\"type\":\"bay\",\"enabled\":\"1\",\"fields\":{\"baySpecies\":\"oliveridley\",\"bayEggs\":\"0\",\"bayHatchlings\":\"99\"}},\"174\":{\"type\":\"bay\",\"enabled\":\"1\",\"fields\":{\"baySpecies\":\"green\",\"bayEggs\":\"0\",\"bayHatchlings\":\"99\"}}},\"120\":\"<p>Description here explaining graphic below lorem ipsum dolor sit amet consecutat velorem dolor. Adipiscing elit ventorum est caricula verti optum.<\\/p>\",\"117\":{\"date\":\"8\\/10\\/2014\",\"time\":\"11:30 AM\"},\"119\":\"In the Las Baulas Hatchery\",\"103\":[{\"col1\":\"1988\",\"col2\":\"100\",\"col3\":\"50\",\"col4\":\"40\"},{\"col1\":\"1989\",\"col2\":\"90\",\"col3\":\"45\",\"col4\":\"35\"},{\"col1\":\"1990\",\"col2\":\"80\",\"col3\":\"40\",\"col4\":\"30\"},{\"col1\":\"1991\",\"col2\":\"70\",\"col3\":\"35\",\"col4\":\"25\"}],\"102\":[{\"col1\":\"1988\",\"col2\":\"1230\",\"col3\":\"600\",\"col4\":\"1100\"},{\"col1\":\"1989\",\"col2\":\"1480\",\"col3\":\"500\",\"col4\":\"1000\"},{\"col1\":\"1990\",\"col2\":\"720\",\"col3\":\"400\",\"col4\":\"1200\"},{\"col1\":\"1991\",\"col2\":\"800\",\"col3\":\"700\",\"col4\":\"850\"}],\"105\":\"<p>Description here explaining graphic below lorem ipsum dolor sit amet consecutat velorem dolor. Adipiscing elit ventorum est caricula verti optum (english)<\\/p>\",\"104\":\"Turtles & nests in decline (title)\",\"110\":\"<p>Description here explaining graphic below lorem ipsum dolor sit amet consecutat velorem dolor. Adipiscing elit ventorum est caricula verti optum.<\\/p>\",\"125\":\"10.323797780014518|-85.84687820209962|13|10.320589000000007|-85.84910980000001\",\"111\":{\"161\":{\"type\":\"region\",\"enabled\":\"1\",\"fields\":{\"regionName\":\"Playas Ventanas\",\"regionLocation\":\"10.342849670809642|-85.8567579810425|15|10.342849670809642|-85.8567579810425\",\"regionLeatherbackTotal\":\"4\",\"regionOliveridleyTotal\":\"4\",\"regionGreenTotal\":\"5\"}},\"162\":{\"type\":\"region\",\"enabled\":\"1\",\"fields\":{\"regionName\":\"Playa Grande\",\"regionLocation\":\"10.329972912386165|-85.84738097832644|14|10.329972912386165|-85.84738097832644\",\"regionLeatherbackTotal\":\"8\",\"regionOliveridleyTotal\":\"3\",\"regionGreenTotal\":\"5\"}},\"163\":{\"type\":\"region\",\"enabled\":\"1\",\"fields\":{\"regionName\":\"Playa Grande South\",\"regionLocation\":\"10.313042338889323|-85.84113679573977|14|10.313042338889323|-85.84113679573977\",\"regionLeatherbackTotal\":\"8\",\"regionOliveridleyTotal\":\"0\",\"regionGreenTotal\":\"0\"}}},\"107\":{\"date\":\"8\\/10\\/2014\",\"time\":\"11:00 PM\"},\"109\":\"Nests at Las Baulas National Park\",\"65\":\"<p>Page intro here Lorem ipsum ante a suspendisse nunc et morbi hac. Lectus massa nullam ultrices hymenaeos scelerisque pede velit curabitur ut praesent donec. Praesent curabitur lacus nulla arcu ultrices cras libero purus condimentum nulla vivamus. Elit tempor tempor in amet conubia hymenaeos facilisis. Mollis sed felis enim id integer eu. Id condimentum turpis. Nec.<\\/p>\",\"118\":\"1\",\"106\":\"1\",\"108\":\"1\"}}','2014-08-12 16:13:44','2014-08-12 16:13:44','abef92ce-2970-472b-bccf-f8997e80085e'),
	(338,160,16,1,'en_us',22,'','{\"typeId\":\"23\",\"authorId\":\"1\",\"title\":\"Las Baulas National Park\",\"slug\":\"las-baulas\",\"postDate\":1407525360,\"expiryDate\":null,\"enabled\":1,\"fields\":{\"121\":{\"164\":{\"type\":\"bay\",\"enabled\":\"1\",\"fields\":{\"baySpecies\":\"leatherback\",\"bayEggs\":\"100\",\"bayHatchlings\":\"99\"}},\"165\":{\"type\":\"bay\",\"enabled\":\"1\",\"fields\":{\"baySpecies\":\"oliveridley\",\"bayEggs\":\"99\",\"bayHatchlings\":\"99\"}},\"166\":{\"type\":\"bay\",\"enabled\":\"1\",\"fields\":{\"baySpecies\":\"green\",\"bayEggs\":\"99\",\"bayHatchlings\":\"99\"}},\"new1\":{\"type\":\"bay\",\"enabled\":\"1\",\"fields\":{\"baySpecies\":\"none\",\"bayEggs\":\"0\",\"bayHatchlings\":\"0\"}},\"167\":{\"type\":\"bay\",\"enabled\":\"1\",\"fields\":{\"baySpecies\":\"leatherback\",\"bayEggs\":\"99\",\"bayHatchlings\":\"0\"}},\"168\":{\"type\":\"bay\",\"enabled\":\"1\",\"fields\":{\"baySpecies\":\"oliveridley\",\"bayEggs\":\"99\",\"bayHatchlings\":\"0\"}},\"169\":{\"type\":\"bay\",\"enabled\":\"1\",\"fields\":{\"baySpecies\":\"green\",\"bayEggs\":\"99\",\"bayHatchlings\":\"0\"}},\"170\":{\"type\":\"bay\",\"enabled\":\"1\",\"fields\":{\"baySpecies\":\"none\",\"bayEggs\":\"99\",\"bayHatchlings\":\"0\"}},\"171\":{\"type\":\"bay\",\"enabled\":\"1\",\"fields\":{\"baySpecies\":\"leatherback\",\"bayEggs\":\"0\",\"bayHatchlings\":\"99\"}},\"172\":{\"type\":\"bay\",\"enabled\":\"1\",\"fields\":{\"baySpecies\":\"oliveridley\",\"bayEggs\":\"0\",\"bayHatchlings\":\"99\"}},\"173\":{\"type\":\"bay\",\"enabled\":\"1\",\"fields\":{\"baySpecies\":\"green\",\"bayEggs\":\"0\",\"bayHatchlings\":\"99\"}}},\"120\":\"<p>Description here explaining graphic below lorem ipsum dolor sit amet consecutat velorem dolor. Adipiscing elit ventorum est caricula verti optum.<\\/p>\",\"117\":{\"date\":\"8\\/10\\/2014\",\"time\":\"11:30 AM\"},\"119\":\"In the Las Baulas Hatchery\",\"103\":[{\"col1\":\"1988\",\"col2\":\"100\",\"col3\":\"50\",\"col4\":\"40\"},{\"col1\":\"1989\",\"col2\":\"90\",\"col3\":\"45\",\"col4\":\"35\"},{\"col1\":\"1990\",\"col2\":\"80\",\"col3\":\"40\",\"col4\":\"30\"},{\"col1\":\"1991\",\"col2\":\"70\",\"col3\":\"35\",\"col4\":\"25\"}],\"102\":[{\"col1\":\"1988\",\"col2\":\"1230\",\"col3\":\"600\",\"col4\":\"1100\"},{\"col1\":\"1989\",\"col2\":\"1480\",\"col3\":\"500\",\"col4\":\"1000\"},{\"col1\":\"1990\",\"col2\":\"720\",\"col3\":\"400\",\"col4\":\"1200\"},{\"col1\":\"1991\",\"col2\":\"800\",\"col3\":\"700\",\"col4\":\"850\"}],\"105\":\"<p>Description here explaining graphic below lorem ipsum dolor sit amet consecutat velorem dolor. Adipiscing elit ventorum est caricula verti optum (english)<\\/p>\",\"104\":\"Turtles & nests in decline (title)\",\"110\":\"<p>Description here explaining graphic below lorem ipsum dolor sit amet consecutat velorem dolor. Adipiscing elit ventorum est caricula verti optum.<\\/p>\",\"125\":\"10.323797780014518|-85.84687820209962|13|10.320589000000007|-85.84910980000001\",\"111\":{\"161\":{\"type\":\"region\",\"enabled\":\"1\",\"fields\":{\"regionName\":\"Playas Ventanas\",\"regionLocation\":\"10.342849670809642|-85.8567579810425|15|10.342849670809642|-85.8567579810425\",\"regionLeatherbackTotal\":\"4\",\"regionOliveridleyTotal\":\"4\",\"regionGreenTotal\":\"5\"}},\"162\":{\"type\":\"region\",\"enabled\":\"1\",\"fields\":{\"regionName\":\"Playa Grande\",\"regionLocation\":\"10.329972912386165|-85.84738097832644|14|10.329972912386165|-85.84738097832644\",\"regionLeatherbackTotal\":\"8\",\"regionOliveridleyTotal\":\"3\",\"regionGreenTotal\":\"5\"}},\"163\":{\"type\":\"region\",\"enabled\":\"1\",\"fields\":{\"regionName\":\"Playa Grande South\",\"regionLocation\":\"10.313042338889323|-85.84113679573977|14|10.313042338889323|-85.84113679573977\",\"regionLeatherbackTotal\":\"8\",\"regionOliveridleyTotal\":\"0\",\"regionGreenTotal\":\"0\"}}},\"107\":{\"date\":\"8\\/10\\/2014\",\"time\":\"11:00 PM\"},\"109\":\"Nests at Las Baulas National Park\",\"65\":\"<p>Page intro here Lorem ipsum ante a suspendisse nunc et morbi hac. Lectus massa nullam ultrices hymenaeos scelerisque pede velit curabitur ut praesent donec. Praesent curabitur lacus nulla arcu ultrices cras libero purus condimentum nulla vivamus. Elit tempor tempor in amet conubia hymenaeos facilisis. Mollis sed felis enim id integer eu. Id condimentum turpis. Nec.<\\/p>\",\"118\":\"1\",\"106\":\"1\",\"108\":\"1\"}}','2014-08-12 16:22:16','2014-08-12 16:22:16','61eb5a40-5c55-4938-9066-ddb3c817e1ee'),
	(339,160,16,1,'en_us',23,'','{\"typeId\":\"23\",\"authorId\":\"1\",\"title\":\"Las Baulas National Park\",\"slug\":\"las-baulas\",\"postDate\":1407525360,\"expiryDate\":null,\"enabled\":1,\"fields\":{\"121\":{\"164\":{\"type\":\"bay\",\"enabled\":\"1\",\"fields\":{\"baySpecies\":\"leatherback\",\"bayEggs\":\"99\",\"bayHatchlings\":\"99\"}},\"165\":{\"type\":\"bay\",\"enabled\":\"1\",\"fields\":{\"baySpecies\":\"oliveridley\",\"bayEggs\":\"99\",\"bayHatchlings\":\"99\"}},\"166\":{\"type\":\"bay\",\"enabled\":\"1\",\"fields\":{\"baySpecies\":\"green\",\"bayEggs\":\"99\",\"bayHatchlings\":\"99\"}},\"175\":{\"type\":\"bay\",\"enabled\":\"1\",\"fields\":{\"baySpecies\":\"none\",\"bayEggs\":\"0\",\"bayHatchlings\":\"0\"}},\"167\":{\"type\":\"bay\",\"enabled\":\"1\",\"fields\":{\"baySpecies\":\"leatherback\",\"bayEggs\":\"99\",\"bayHatchlings\":\"0\"}},\"168\":{\"type\":\"bay\",\"enabled\":\"1\",\"fields\":{\"baySpecies\":\"oliveridley\",\"bayEggs\":\"99\",\"bayHatchlings\":\"0\"}},\"169\":{\"type\":\"bay\",\"enabled\":\"1\",\"fields\":{\"baySpecies\":\"green\",\"bayEggs\":\"99\",\"bayHatchlings\":\"0\"}},\"170\":{\"type\":\"bay\",\"enabled\":\"1\",\"fields\":{\"baySpecies\":\"none\",\"bayEggs\":\"99\",\"bayHatchlings\":\"0\"}},\"171\":{\"type\":\"bay\",\"enabled\":\"1\",\"fields\":{\"baySpecies\":\"leatherback\",\"bayEggs\":\"0\",\"bayHatchlings\":\"99\"}},\"172\":{\"type\":\"bay\",\"enabled\":\"1\",\"fields\":{\"baySpecies\":\"oliveridley\",\"bayEggs\":\"0\",\"bayHatchlings\":\"99\"}},\"173\":{\"type\":\"bay\",\"enabled\":\"1\",\"fields\":{\"baySpecies\":\"green\",\"bayEggs\":\"0\",\"bayHatchlings\":\"99\"}}},\"120\":\"<p>Description here explaining graphic below lorem ipsum dolor sit amet consecutat velorem dolor. Adipiscing elit ventorum est caricula verti optum.<\\/p>\",\"117\":{\"date\":\"8\\/10\\/2014\",\"time\":\"11:30 AM\"},\"119\":\"In the Las Baulas Hatchery\",\"103\":[{\"col1\":\"1988\",\"col2\":\"100\",\"col3\":\"50\",\"col4\":\"40\"},{\"col1\":\"1989\",\"col2\":\"90\",\"col3\":\"45\",\"col4\":\"35\"},{\"col1\":\"1990\",\"col2\":\"80\",\"col3\":\"40\",\"col4\":\"30\"},{\"col1\":\"1991\",\"col2\":\"70\",\"col3\":\"35\",\"col4\":\"25\"}],\"102\":[{\"col1\":\"1988\",\"col2\":\"1230\",\"col3\":\"600\",\"col4\":\"1100\"},{\"col1\":\"1989\",\"col2\":\"1480\",\"col3\":\"500\",\"col4\":\"1000\"},{\"col1\":\"1990\",\"col2\":\"720\",\"col3\":\"400\",\"col4\":\"1200\"},{\"col1\":\"1991\",\"col2\":\"800\",\"col3\":\"700\",\"col4\":\"850\"}],\"105\":\"<p>Description here explaining graphic below lorem ipsum dolor sit amet consecutat velorem dolor. Adipiscing elit ventorum est caricula verti optum (english)<\\/p>\",\"104\":\"Turtles & nests in decline (title)\",\"110\":\"<p>Description here explaining graphic below lorem ipsum dolor sit amet consecutat velorem dolor. Adipiscing elit ventorum est caricula verti optum.<\\/p>\",\"125\":\"10.323797780014518|-85.84687820209962|13|10.320589000000007|-85.84910980000001\",\"111\":{\"161\":{\"type\":\"region\",\"enabled\":\"1\",\"fields\":{\"regionName\":\"Playas Ventanas\",\"regionLocation\":\"10.342849670809642|-85.8567579810425|15|10.342849670809642|-85.8567579810425\",\"regionLeatherbackTotal\":\"4\",\"regionOliveridleyTotal\":\"4\",\"regionGreenTotal\":\"5\"}},\"162\":{\"type\":\"region\",\"enabled\":\"1\",\"fields\":{\"regionName\":\"Playa Grande\",\"regionLocation\":\"10.329972912386165|-85.84738097832644|14|10.329972912386165|-85.84738097832644\",\"regionLeatherbackTotal\":\"8\",\"regionOliveridleyTotal\":\"3\",\"regionGreenTotal\":\"5\"}},\"163\":{\"type\":\"region\",\"enabled\":\"1\",\"fields\":{\"regionName\":\"Playa Grande South\",\"regionLocation\":\"10.313042338889323|-85.84113679573977|14|10.313042338889323|-85.84113679573977\",\"regionLeatherbackTotal\":\"8\",\"regionOliveridleyTotal\":\"0\",\"regionGreenTotal\":\"0\"}}},\"107\":{\"date\":\"8\\/10\\/2014\",\"time\":\"11:00 PM\"},\"109\":\"Nests at Las Baulas National Park\",\"65\":\"<p>Page intro here Lorem ipsum ante a suspendisse nunc et morbi hac. Lectus massa nullam ultrices hymenaeos scelerisque pede velit curabitur ut praesent donec. Praesent curabitur lacus nulla arcu ultrices cras libero purus condimentum nulla vivamus. Elit tempor tempor in amet conubia hymenaeos facilisis. Mollis sed felis enim id integer eu. Id condimentum turpis. Nec.<\\/p>\",\"118\":\"1\",\"106\":\"1\",\"108\":\"1\"}}','2014-08-12 16:26:43','2014-08-12 16:26:43','cf3275e5-a542-4b2d-843f-04334d5cd556'),
	(340,160,16,1,'en_us',24,'','{\"typeId\":\"23\",\"authorId\":\"1\",\"title\":\"Las Baulas National Park\",\"slug\":\"las-baulas\",\"postDate\":1407525360,\"expiryDate\":null,\"enabled\":1,\"fields\":{\"129\":[\"51\"],\"127\":\"<p>Integer pellentesque et lectus vitae ultrices. Morbi rhoncus lorem ipsum, eu accumsan augue scelerisque vel. Duis vitae pulvinar justo, rutrum congue ipsum. Curabitur dictum vulputate dignissim. Quisque condimentum est mi, pretium rhoncus arcu tempus dapibus. Curabitur posuere odio eu est pretium dignissim.<\\/p><p>Integer pellentesque et lectus vitae ultrices. Morbi rhoncus lorem ipsum, eu accumsan augue scelerisque vel. Duis vitae pulvinar justo, rutrum congue ipsum. Curabitur dictum vulputate dignissim.<\\/p>\",\"126\":\"Comparing turtles and people\",\"121\":{\"164\":{\"type\":\"bay\",\"enabled\":\"1\",\"fields\":{\"baySpecies\":\"leatherback\",\"bayEggs\":\"99\",\"bayHatchlings\":\"99\"}},\"165\":{\"type\":\"bay\",\"enabled\":\"1\",\"fields\":{\"baySpecies\":\"oliveridley\",\"bayEggs\":\"99\",\"bayHatchlings\":\"99\"}},\"166\":{\"type\":\"bay\",\"enabled\":\"1\",\"fields\":{\"baySpecies\":\"green\",\"bayEggs\":\"99\",\"bayHatchlings\":\"99\"}},\"175\":{\"type\":\"bay\",\"enabled\":\"1\",\"fields\":{\"baySpecies\":\"none\",\"bayEggs\":\"0\",\"bayHatchlings\":\"0\"}},\"167\":{\"type\":\"bay\",\"enabled\":\"1\",\"fields\":{\"baySpecies\":\"leatherback\",\"bayEggs\":\"99\",\"bayHatchlings\":\"0\"}},\"168\":{\"type\":\"bay\",\"enabled\":\"1\",\"fields\":{\"baySpecies\":\"oliveridley\",\"bayEggs\":\"99\",\"bayHatchlings\":\"0\"}},\"169\":{\"type\":\"bay\",\"enabled\":\"1\",\"fields\":{\"baySpecies\":\"green\",\"bayEggs\":\"99\",\"bayHatchlings\":\"0\"}},\"170\":{\"type\":\"bay\",\"enabled\":\"1\",\"fields\":{\"baySpecies\":\"none\",\"bayEggs\":\"99\",\"bayHatchlings\":\"0\"}},\"171\":{\"type\":\"bay\",\"enabled\":\"1\",\"fields\":{\"baySpecies\":\"leatherback\",\"bayEggs\":\"0\",\"bayHatchlings\":\"99\"}},\"172\":{\"type\":\"bay\",\"enabled\":\"1\",\"fields\":{\"baySpecies\":\"oliveridley\",\"bayEggs\":\"0\",\"bayHatchlings\":\"99\"}},\"173\":{\"type\":\"bay\",\"enabled\":\"1\",\"fields\":{\"baySpecies\":\"green\",\"bayEggs\":\"0\",\"bayHatchlings\":\"99\"}}},\"120\":\"<p>Description here explaining graphic below lorem ipsum dolor sit amet consecutat velorem dolor. Adipiscing elit ventorum est caricula verti optum.<\\/p>\",\"117\":{\"date\":\"8\\/10\\/2014\",\"time\":\"11:30 AM\"},\"119\":\"In the Las Baulas Hatchery\",\"103\":[{\"col1\":\"1988\",\"col2\":\"100\",\"col3\":\"50\",\"col4\":\"40\"},{\"col1\":\"1989\",\"col2\":\"90\",\"col3\":\"45\",\"col4\":\"35\"},{\"col1\":\"1990\",\"col2\":\"80\",\"col3\":\"40\",\"col4\":\"30\"},{\"col1\":\"1991\",\"col2\":\"70\",\"col3\":\"35\",\"col4\":\"25\"}],\"102\":[{\"col1\":\"1988\",\"col2\":\"1230\",\"col3\":\"600\",\"col4\":\"1100\"},{\"col1\":\"1989\",\"col2\":\"1480\",\"col3\":\"500\",\"col4\":\"1000\"},{\"col1\":\"1990\",\"col2\":\"720\",\"col3\":\"400\",\"col4\":\"1200\"},{\"col1\":\"1991\",\"col2\":\"800\",\"col3\":\"700\",\"col4\":\"850\"}],\"105\":\"<p>Description here explaining graphic below lorem ipsum dolor sit amet consecutat velorem dolor. Adipiscing elit ventorum est caricula verti optum (english)<\\/p>\",\"104\":\"Turtles & nests in decline (title)\",\"110\":\"<p>Description here explaining graphic below lorem ipsum dolor sit amet consecutat velorem dolor. Adipiscing elit ventorum est caricula verti optum.<\\/p>\",\"125\":\"10.323797780014518|-85.84687820209962|13|10.320589000000007|-85.84910980000001\",\"111\":{\"161\":{\"type\":\"region\",\"enabled\":\"1\",\"fields\":{\"regionName\":\"Playas Ventanas\",\"regionLocation\":\"10.342849670809642|-85.8567579810425|15|10.342849670809642|-85.8567579810425\",\"regionLeatherbackTotal\":\"4\",\"regionOliveridleyTotal\":\"4\",\"regionGreenTotal\":\"5\"}},\"162\":{\"type\":\"region\",\"enabled\":\"1\",\"fields\":{\"regionName\":\"Playa Grande\",\"regionLocation\":\"10.329972912386165|-85.84738097832644|14|10.329972912386165|-85.84738097832644\",\"regionLeatherbackTotal\":\"8\",\"regionOliveridleyTotal\":\"3\",\"regionGreenTotal\":\"5\"}},\"163\":{\"type\":\"region\",\"enabled\":\"1\",\"fields\":{\"regionName\":\"Playa Grande South\",\"regionLocation\":\"10.313042338889323|-85.84113679573977|14|10.313042338889323|-85.84113679573977\",\"regionLeatherbackTotal\":\"8\",\"regionOliveridleyTotal\":\"0\",\"regionGreenTotal\":\"0\"}}},\"107\":{\"date\":\"8\\/10\\/2014\",\"time\":\"11:00 PM\"},\"109\":\"Nests at Las Baulas National Park\",\"65\":\"<p>Page intro here Lorem ipsum ante a suspendisse nunc et morbi hac. Lectus massa nullam ultrices hymenaeos scelerisque pede velit curabitur ut praesent donec. Praesent curabitur lacus nulla arcu ultrices cras libero purus condimentum nulla vivamus. Elit tempor tempor in amet conubia hymenaeos facilisis. Mollis sed felis enim id integer eu. Id condimentum turpis. Nec.<\\/p>\",\"128\":\"1\",\"118\":\"1\",\"106\":\"1\",\"108\":\"1\"}}','2014-08-12 16:38:06','2014-08-12 16:38:06','c4d6beeb-27fc-4c28-b1db-40bfb3b397af'),
	(341,160,16,1,'en_us',25,'','{\"typeId\":\"23\",\"authorId\":\"1\",\"title\":\"Las Baulas National Park\",\"slug\":\"las-baulas\",\"postDate\":1407525360,\"expiryDate\":null,\"enabled\":1,\"fields\":{\"129\":[\"51\"],\"127\":\"<p>Integer pellentesque et lectus vitae ultrices. Morbi rhoncus lorem ipsum, eu accumsan augue scelerisque vel. Duis vitae pulvinar justo, rutrum congue ipsum. Curabitur dictum vulputate dignissim. Quisque condimentum est mi, pretium rhoncus arcu tempus dapibus. Curabitur posuere odio eu est pretium dignissim.<\\/p><p>Integer pellentesque et lectus vitae ultrices. Morbi rhoncus lorem ipsum, eu accumsan augue scelerisque vel. Duis vitae pulvinar justo, rutrum congue ipsum. Curabitur dictum vulputate dignissim.<\\/p>\",\"126\":\"Comparing turtles and people\",\"121\":{\"164\":{\"type\":\"bay\",\"enabled\":\"1\",\"fields\":{\"baySpecies\":\"leatherback\",\"bayEggs\":\"99\",\"bayHatchlings\":\"99\"}},\"165\":{\"type\":\"bay\",\"enabled\":\"1\",\"fields\":{\"baySpecies\":\"oliveridley\",\"bayEggs\":\"99\",\"bayHatchlings\":\"99\"}},\"166\":{\"type\":\"bay\",\"enabled\":\"1\",\"fields\":{\"baySpecies\":\"green\",\"bayEggs\":\"99\",\"bayHatchlings\":\"99\"}},\"175\":{\"type\":\"bay\",\"enabled\":\"1\",\"fields\":{\"baySpecies\":\"none\",\"bayEggs\":\"0\",\"bayHatchlings\":\"0\"}},\"167\":{\"type\":\"bay\",\"enabled\":\"1\",\"fields\":{\"baySpecies\":\"leatherback\",\"bayEggs\":\"99\",\"bayHatchlings\":\"0\"}},\"168\":{\"type\":\"bay\",\"enabled\":\"1\",\"fields\":{\"baySpecies\":\"oliveridley\",\"bayEggs\":\"99\",\"bayHatchlings\":\"0\"}},\"169\":{\"type\":\"bay\",\"enabled\":\"1\",\"fields\":{\"baySpecies\":\"green\",\"bayEggs\":\"99\",\"bayHatchlings\":\"0\"}},\"170\":{\"type\":\"bay\",\"enabled\":\"1\",\"fields\":{\"baySpecies\":\"none\",\"bayEggs\":\"99\",\"bayHatchlings\":\"0\"}},\"171\":{\"type\":\"bay\",\"enabled\":\"1\",\"fields\":{\"baySpecies\":\"leatherback\",\"bayEggs\":\"0\",\"bayHatchlings\":\"99\"}},\"172\":{\"type\":\"bay\",\"enabled\":\"1\",\"fields\":{\"baySpecies\":\"oliveridley\",\"bayEggs\":\"0\",\"bayHatchlings\":\"99\"}},\"173\":{\"type\":\"bay\",\"enabled\":\"1\",\"fields\":{\"baySpecies\":\"green\",\"bayEggs\":\"0\",\"bayHatchlings\":\"99\"}}},\"120\":\"<p>Description here explaining graphic below lorem ipsum dolor sit amet consecutat velorem dolor. Adipiscing elit ventorum est caricula verti optum.<\\/p>\",\"117\":{\"date\":\"8\\/10\\/2014\",\"time\":\"11:30 AM\"},\"119\":\"In the Las Baulas Hatchery\",\"103\":[{\"col1\":\"1988\",\"col2\":\"100\",\"col3\":\"50\",\"col4\":\"40\"},{\"col1\":\"1989\",\"col2\":\"90\",\"col3\":\"45\",\"col4\":\"35\"},{\"col1\":\"1990\",\"col2\":\"80\",\"col3\":\"40\",\"col4\":\"30\"},{\"col1\":\"1991\",\"col2\":\"70\",\"col3\":\"35\",\"col4\":\"25\"}],\"102\":[{\"col1\":\"1988\",\"col2\":\"1230\",\"col3\":\"600\",\"col4\":\"1100\"},{\"col1\":\"1989\",\"col2\":\"1480\",\"col3\":\"500\",\"col4\":\"1000\"},{\"col1\":\"1990\",\"col2\":\"720\",\"col3\":\"400\",\"col4\":\"1200\"},{\"col1\":\"1991\",\"col2\":\"800\",\"col3\":\"700\",\"col4\":\"850\"}],\"105\":\"<p>Description here explaining graphic below lorem ipsum dolor sit amet consecutat velorem dolor. Adipiscing elit ventorum est caricula verti optum (english)<\\/p>\",\"104\":\"Turtles & nests in decline (title)\",\"110\":\"<p>Description here explaining graphic below lorem ipsum dolor sit amet consecutat velorem dolor. Adipiscing elit ventorum est caricula verti optum.<\\/p>\",\"125\":\"10.323797780014518|-85.84687820209962|13|10.320589000000007|-85.84910980000001\",\"111\":{\"161\":{\"type\":\"region\",\"enabled\":\"1\",\"fields\":{\"regionName\":\"Playas Ventanas\",\"regionLocation\":\"10.342849670809642|-85.8567579810425|15|10.342849670809642|-85.8567579810425\",\"regionLeatherbackTotal\":\"4\",\"regionOliveridleyTotal\":\"4\",\"regionGreenTotal\":\"5\"}},\"162\":{\"type\":\"region\",\"enabled\":\"1\",\"fields\":{\"regionName\":\"Playa Grande\",\"regionLocation\":\"10.329972912386165|-85.84738097832644|14|10.329972912386165|-85.84738097832644\",\"regionLeatherbackTotal\":\"8\",\"regionOliveridleyTotal\":\"3\",\"regionGreenTotal\":\"5\"}},\"163\":{\"type\":\"region\",\"enabled\":\"1\",\"fields\":{\"regionName\":\"Playa Grande South\",\"regionLocation\":\"10.313042338889323|-85.84113679573977|14|10.313042338889323|-85.84113679573977\",\"regionLeatherbackTotal\":\"8\",\"regionOliveridleyTotal\":\"0\",\"regionGreenTotal\":\"0\"}}},\"107\":{\"date\":\"8\\/10\\/2014\",\"time\":\"11:00 PM\"},\"109\":\"Nests at Las Baulas National Park\",\"65\":\"<p>Page intro here Lorem ipsum ante a suspendisse nunc et morbi hac. Lectus massa nullam ultrices hymenaeos scelerisque pede velit curabitur ut praesent donec. Praesent curabitur lacus nulla arcu ultrices cras libero purus condimentum nulla vivamus. Elit tempor tempor in amet conubia hymenaeos facilisis. Mollis sed felis enim id integer eu. Id condimentum turpis. Nec.<\\/p>\",\"128\":\"\",\"118\":\"1\",\"106\":\"1\",\"108\":\"1\"}}','2014-08-12 16:48:12','2014-08-12 16:48:12','3dd0d52c-8307-41b9-8584-bb699695d4b4'),
	(342,160,16,1,'en_us',26,'','{\"typeId\":\"23\",\"authorId\":\"1\",\"title\":\"Las Baulas National Park\",\"slug\":\"las-baulas\",\"postDate\":1407525360,\"expiryDate\":null,\"enabled\":1,\"fields\":{\"129\":[\"51\"],\"127\":\"<p>Integer pellentesque et lectus vitae ultrices. Morbi rhoncus lorem ipsum, eu accumsan augue scelerisque vel. Duis vitae pulvinar justo, rutrum congue ipsum. Curabitur dictum vulputate dignissim. Quisque condimentum est mi, pretium rhoncus arcu tempus dapibus. Curabitur posuere odio eu est pretium dignissim.<\\/p><p>Integer pellentesque et lectus vitae ultrices. Morbi rhoncus lorem ipsum, eu accumsan augue scelerisque vel. Duis vitae pulvinar justo, rutrum congue ipsum. Curabitur dictum vulputate dignissim.<\\/p>\",\"126\":\"Comparing turtles and people\",\"121\":{\"164\":{\"type\":\"bay\",\"enabled\":\"1\",\"fields\":{\"baySpecies\":\"leatherback\",\"bayEggs\":\"99\",\"bayHatchlings\":\"99\"}},\"165\":{\"type\":\"bay\",\"enabled\":\"1\",\"fields\":{\"baySpecies\":\"oliveridley\",\"bayEggs\":\"99\",\"bayHatchlings\":\"99\"}},\"166\":{\"type\":\"bay\",\"enabled\":\"1\",\"fields\":{\"baySpecies\":\"green\",\"bayEggs\":\"99\",\"bayHatchlings\":\"99\"}},\"175\":{\"type\":\"bay\",\"enabled\":\"1\",\"fields\":{\"baySpecies\":\"none\",\"bayEggs\":\"0\",\"bayHatchlings\":\"0\"}},\"167\":{\"type\":\"bay\",\"enabled\":\"1\",\"fields\":{\"baySpecies\":\"leatherback\",\"bayEggs\":\"99\",\"bayHatchlings\":\"0\"}},\"168\":{\"type\":\"bay\",\"enabled\":\"1\",\"fields\":{\"baySpecies\":\"oliveridley\",\"bayEggs\":\"99\",\"bayHatchlings\":\"0\"}},\"169\":{\"type\":\"bay\",\"enabled\":\"1\",\"fields\":{\"baySpecies\":\"green\",\"bayEggs\":\"99\",\"bayHatchlings\":\"0\"}},\"170\":{\"type\":\"bay\",\"enabled\":\"1\",\"fields\":{\"baySpecies\":\"none\",\"bayEggs\":\"99\",\"bayHatchlings\":\"0\"}},\"171\":{\"type\":\"bay\",\"enabled\":\"1\",\"fields\":{\"baySpecies\":\"leatherback\",\"bayEggs\":\"0\",\"bayHatchlings\":\"99\"}},\"172\":{\"type\":\"bay\",\"enabled\":\"1\",\"fields\":{\"baySpecies\":\"oliveridley\",\"bayEggs\":\"0\",\"bayHatchlings\":\"99\"}},\"173\":{\"type\":\"bay\",\"enabled\":\"1\",\"fields\":{\"baySpecies\":\"green\",\"bayEggs\":\"0\",\"bayHatchlings\":\"99\"}}},\"120\":\"<p>Description here explaining graphic below lorem ipsum dolor sit amet consecutat velorem dolor. Adipiscing elit ventorum est caricula verti optum.<\\/p>\",\"117\":{\"date\":\"8\\/10\\/2014\",\"time\":\"11:30 AM\"},\"119\":\"In the Las Baulas Hatchery\",\"103\":[{\"col1\":\"1988\",\"col2\":\"100\",\"col3\":\"50\",\"col4\":\"40\"},{\"col1\":\"1989\",\"col2\":\"90\",\"col3\":\"45\",\"col4\":\"35\"},{\"col1\":\"1990\",\"col2\":\"80\",\"col3\":\"40\",\"col4\":\"30\"},{\"col1\":\"1991\",\"col2\":\"70\",\"col3\":\"35\",\"col4\":\"25\"}],\"102\":[{\"col1\":\"1988\",\"col2\":\"1230\",\"col3\":\"600\",\"col4\":\"1100\"},{\"col1\":\"1989\",\"col2\":\"1480\",\"col3\":\"500\",\"col4\":\"1000\"},{\"col1\":\"1990\",\"col2\":\"720\",\"col3\":\"400\",\"col4\":\"1200\"},{\"col1\":\"1991\",\"col2\":\"800\",\"col3\":\"700\",\"col4\":\"850\"}],\"105\":\"<p>Description here explaining graphic below lorem ipsum dolor sit amet consecutat velorem dolor. Adipiscing elit ventorum est caricula verti optum (english)<\\/p>\",\"104\":\"Turtles & nests in decline (title)\",\"110\":\"<p>Description here explaining graphic below lorem ipsum dolor sit amet consecutat velorem dolor. Adipiscing elit ventorum est caricula verti optum.<\\/p>\",\"125\":\"10.323797780014518|-85.84687820209962|13|10.320589000000007|-85.84910980000001\",\"111\":{\"161\":{\"type\":\"region\",\"enabled\":\"1\",\"fields\":{\"regionName\":\"Playas Ventanas\",\"regionLocation\":\"10.342849670809642|-85.8567579810425|15|10.342849670809642|-85.8567579810425\",\"regionLeatherbackTotal\":\"4\",\"regionOliveridleyTotal\":\"4\",\"regionGreenTotal\":\"5\"}},\"162\":{\"type\":\"region\",\"enabled\":\"1\",\"fields\":{\"regionName\":\"Playa Grande\",\"regionLocation\":\"10.329972912386165|-85.84738097832644|14|10.329972912386165|-85.84738097832644\",\"regionLeatherbackTotal\":\"8\",\"regionOliveridleyTotal\":\"3\",\"regionGreenTotal\":\"5\"}},\"163\":{\"type\":\"region\",\"enabled\":\"1\",\"fields\":{\"regionName\":\"Playa Grande South\",\"regionLocation\":\"10.313042338889323|-85.84113679573977|14|10.313042338889323|-85.84113679573977\",\"regionLeatherbackTotal\":\"8\",\"regionOliveridleyTotal\":\"0\",\"regionGreenTotal\":\"0\"}}},\"107\":{\"date\":\"8\\/10\\/2014\",\"time\":\"11:00 PM\"},\"109\":\"Nests at Las Baulas National Park\",\"65\":\"<p>Page intro here Lorem ipsum ante a suspendisse nunc et morbi hac. Lectus massa nullam ultrices hymenaeos scelerisque pede velit curabitur ut praesent donec. Praesent curabitur lacus nulla arcu ultrices cras libero purus condimentum nulla vivamus. Elit tempor tempor in amet conubia hymenaeos facilisis. Mollis sed felis enim id integer eu. Id condimentum turpis. Nec.<\\/p>\",\"128\":\"1\",\"118\":\"\",\"106\":\"\",\"108\":\"\"}}','2014-08-12 16:48:36','2014-08-12 16:48:36','09be6c16-e70c-4b9d-87b7-0891c31b2c94'),
	(343,160,16,1,'en_us',27,'','{\"typeId\":\"23\",\"authorId\":\"1\",\"title\":\"Las Baulas National Park\",\"slug\":\"las-baulas\",\"postDate\":1407525360,\"expiryDate\":null,\"enabled\":1,\"fields\":{\"129\":[\"51\"],\"127\":\"<p>Integer pellentesque et lectus vitae ultrices. Morbi rhoncus lorem ipsum, eu accumsan augue scelerisque vel. Duis vitae pulvinar justo, rutrum congue ipsum. Curabitur dictum vulputate dignissim. Quisque condimentum est mi, pretium rhoncus arcu tempus dapibus. Curabitur posuere odio eu est pretium dignissim.<\\/p><p>Integer pellentesque et lectus vitae ultrices. Morbi rhoncus lorem ipsum, eu accumsan augue scelerisque vel. Duis vitae pulvinar justo, rutrum congue ipsum. Curabitur dictum vulputate dignissim.<\\/p>\",\"126\":\"Comparing turtles and people\",\"121\":{\"164\":{\"type\":\"bay\",\"enabled\":\"1\",\"fields\":{\"baySpecies\":\"leatherback\",\"bayEggs\":\"99\",\"bayHatchlings\":\"99\"}},\"165\":{\"type\":\"bay\",\"enabled\":\"1\",\"fields\":{\"baySpecies\":\"oliveridley\",\"bayEggs\":\"99\",\"bayHatchlings\":\"99\"}},\"166\":{\"type\":\"bay\",\"enabled\":\"1\",\"fields\":{\"baySpecies\":\"green\",\"bayEggs\":\"99\",\"bayHatchlings\":\"99\"}},\"175\":{\"type\":\"bay\",\"enabled\":\"1\",\"fields\":{\"baySpecies\":\"none\",\"bayEggs\":\"0\",\"bayHatchlings\":\"0\"}},\"167\":{\"type\":\"bay\",\"enabled\":\"1\",\"fields\":{\"baySpecies\":\"leatherback\",\"bayEggs\":\"99\",\"bayHatchlings\":\"0\"}},\"168\":{\"type\":\"bay\",\"enabled\":\"1\",\"fields\":{\"baySpecies\":\"oliveridley\",\"bayEggs\":\"99\",\"bayHatchlings\":\"0\"}},\"169\":{\"type\":\"bay\",\"enabled\":\"1\",\"fields\":{\"baySpecies\":\"green\",\"bayEggs\":\"99\",\"bayHatchlings\":\"0\"}},\"170\":{\"type\":\"bay\",\"enabled\":\"1\",\"fields\":{\"baySpecies\":\"none\",\"bayEggs\":\"99\",\"bayHatchlings\":\"0\"}},\"171\":{\"type\":\"bay\",\"enabled\":\"1\",\"fields\":{\"baySpecies\":\"leatherback\",\"bayEggs\":\"0\",\"bayHatchlings\":\"99\"}},\"172\":{\"type\":\"bay\",\"enabled\":\"1\",\"fields\":{\"baySpecies\":\"oliveridley\",\"bayEggs\":\"0\",\"bayHatchlings\":\"99\"}},\"173\":{\"type\":\"bay\",\"enabled\":\"1\",\"fields\":{\"baySpecies\":\"green\",\"bayEggs\":\"0\",\"bayHatchlings\":\"99\"}}},\"120\":\"<p>Description here explaining graphic below lorem ipsum dolor sit amet consecutat velorem dolor. Adipiscing elit ventorum est caricula verti optum.<\\/p>\",\"117\":{\"date\":\"8\\/10\\/2014\",\"time\":\"11:30 AM\"},\"119\":\"In the Las Baulas Hatchery\",\"103\":[{\"col1\":\"1988\",\"col2\":\"100\",\"col3\":\"50\",\"col4\":\"40\"},{\"col1\":\"1989\",\"col2\":\"90\",\"col3\":\"45\",\"col4\":\"35\"},{\"col1\":\"1990\",\"col2\":\"80\",\"col3\":\"40\",\"col4\":\"30\"},{\"col1\":\"1991\",\"col2\":\"70\",\"col3\":\"35\",\"col4\":\"25\"}],\"102\":[{\"col1\":\"1988\",\"col2\":\"1230\",\"col3\":\"600\",\"col4\":\"1100\"},{\"col1\":\"1989\",\"col2\":\"1480\",\"col3\":\"500\",\"col4\":\"1000\"},{\"col1\":\"1990\",\"col2\":\"720\",\"col3\":\"400\",\"col4\":\"1200\"},{\"col1\":\"1991\",\"col2\":\"800\",\"col3\":\"700\",\"col4\":\"850\"}],\"105\":\"<p>Description here explaining graphic below lorem ipsum dolor sit amet consecutat velorem dolor. Adipiscing elit ventorum est caricula verti optum (english)<\\/p>\",\"104\":\"Turtles & nests in decline (title)\",\"110\":\"<p>Description here explaining graphic below lorem ipsum dolor sit amet consecutat velorem dolor. Adipiscing elit ventorum est caricula verti optum.<\\/p>\",\"125\":\"10.323797780014518|-85.84687820209962|13|10.320589000000007|-85.84910980000001\",\"111\":{\"161\":{\"type\":\"region\",\"enabled\":\"1\",\"fields\":{\"regionName\":\"Playas Ventanas\",\"regionLocation\":\"10.342849670809642|-85.8567579810425|15|10.342849670809642|-85.8567579810425\",\"regionLeatherbackTotal\":\"4\",\"regionOliveridleyTotal\":\"4\",\"regionGreenTotal\":\"5\"}},\"162\":{\"type\":\"region\",\"enabled\":\"1\",\"fields\":{\"regionName\":\"Playa Grande\",\"regionLocation\":\"10.329972912386165|-85.84738097832644|14|10.329972912386165|-85.84738097832644\",\"regionLeatherbackTotal\":\"8\",\"regionOliveridleyTotal\":\"3\",\"regionGreenTotal\":\"5\"}},\"163\":{\"type\":\"region\",\"enabled\":\"1\",\"fields\":{\"regionName\":\"Playa Grande South\",\"regionLocation\":\"10.313042338889323|-85.84113679573977|14|10.313042338889323|-85.84113679573977\",\"regionLeatherbackTotal\":\"8\",\"regionOliveridleyTotal\":\"0\",\"regionGreenTotal\":\"0\"}}},\"107\":{\"date\":\"8\\/10\\/2014\",\"time\":\"11:00 PM\"},\"109\":\"Nests at Las Baulas National Park\",\"65\":\"<p>Page intro here Lorem ipsum ante a suspendisse nunc et morbi hac. Lectus massa nullam ultrices hymenaeos scelerisque pede velit curabitur ut praesent donec. Praesent curabitur lacus nulla arcu ultrices cras libero purus condimentum nulla vivamus. Elit tempor tempor in amet conubia hymenaeos facilisis. Mollis sed felis enim id integer eu. Id condimentum turpis. Nec.<\\/p>\",\"128\":\"1\",\"118\":\"1\",\"106\":\"1\",\"108\":\"1\"}}','2014-08-12 16:48:54','2014-08-12 16:48:54','d4cb0d57-8990-4ef6-9f2b-784b6ea3f542'),
	(344,160,16,1,'es',3,'','{\"typeId\":\"23\",\"authorId\":\"1\",\"title\":\"Parcas Nationales Las Baulas\",\"slug\":\"las-baulas\",\"postDate\":1407525360,\"expiryDate\":null,\"enabled\":1,\"fields\":{\"129\":[\"51\"],\"127\":\"<p>Comparison spanish intro here<\\/p>\",\"126\":\"Comparing turtles(es)\",\"121\":{\"164\":{\"type\":\"bay\",\"enabled\":\"1\",\"fields\":{\"baySpecies\":\"leatherback\",\"bayEggs\":\"99\",\"bayHatchlings\":\"99\"}},\"165\":{\"type\":\"bay\",\"enabled\":\"1\",\"fields\":{\"baySpecies\":\"oliveridley\",\"bayEggs\":\"99\",\"bayHatchlings\":\"99\"}},\"166\":{\"type\":\"bay\",\"enabled\":\"1\",\"fields\":{\"baySpecies\":\"green\",\"bayEggs\":\"99\",\"bayHatchlings\":\"99\"}},\"175\":{\"type\":\"bay\",\"enabled\":\"1\",\"fields\":{\"baySpecies\":\"none\",\"bayEggs\":\"0\",\"bayHatchlings\":\"0\"}},\"167\":{\"type\":\"bay\",\"enabled\":\"1\",\"fields\":{\"baySpecies\":\"leatherback\",\"bayEggs\":\"99\",\"bayHatchlings\":\"0\"}},\"168\":{\"type\":\"bay\",\"enabled\":\"1\",\"fields\":{\"baySpecies\":\"oliveridley\",\"bayEggs\":\"99\",\"bayHatchlings\":\"0\"}},\"169\":{\"type\":\"bay\",\"enabled\":\"1\",\"fields\":{\"baySpecies\":\"green\",\"bayEggs\":\"99\",\"bayHatchlings\":\"0\"}},\"170\":{\"type\":\"bay\",\"enabled\":\"1\",\"fields\":{\"baySpecies\":\"none\",\"bayEggs\":\"99\",\"bayHatchlings\":\"0\"}},\"171\":{\"type\":\"bay\",\"enabled\":\"1\",\"fields\":{\"baySpecies\":\"leatherback\",\"bayEggs\":\"0\",\"bayHatchlings\":\"99\"}},\"172\":{\"type\":\"bay\",\"enabled\":\"1\",\"fields\":{\"baySpecies\":\"oliveridley\",\"bayEggs\":\"0\",\"bayHatchlings\":\"99\"}},\"173\":{\"type\":\"bay\",\"enabled\":\"1\",\"fields\":{\"baySpecies\":\"green\",\"bayEggs\":\"0\",\"bayHatchlings\":\"99\"}}},\"120\":\"<p>Hatchery spanish intro here<\\/p>\",\"117\":{\"date\":\"8\\/10\\/2014\",\"time\":\"11:30 AM\"},\"119\":\"Hatchery exhibit title (es)\",\"103\":[{\"col1\":\"1988\",\"col2\":\"100\",\"col3\":\"50\",\"col4\":\"40\"},{\"col1\":\"1989\",\"col2\":\"90\",\"col3\":\"45\",\"col4\":\"35\"},{\"col1\":\"1990\",\"col2\":\"80\",\"col3\":\"40\",\"col4\":\"30\"},{\"col1\":\"1991\",\"col2\":\"70\",\"col3\":\"35\",\"col4\":\"25\"}],\"102\":[{\"col1\":\"1988\",\"col2\":\"1230\",\"col3\":\"600\",\"col4\":\"1100\"},{\"col1\":\"1989\",\"col2\":\"1480\",\"col3\":\"500\",\"col4\":\"1000\"},{\"col1\":\"1990\",\"col2\":\"720\",\"col3\":\"400\",\"col4\":\"1200\"},{\"col1\":\"1991\",\"col2\":\"800\",\"col3\":\"700\",\"col4\":\"850\"}],\"105\":\"<p>History spanish intro here<\\/p>\",\"104\":\"Turtles and nests in decline (es)\",\"110\":\"<p>Nesting spanish intro here.<\\/p>\",\"125\":\"10.323797780014518|-85.84687820209962|13|10.320589000000007|-85.84910980000001\",\"111\":{\"161\":{\"type\":\"region\",\"enabled\":\"1\",\"fields\":{\"regionName\":\"Playas Ventanas\",\"regionLocation\":\"10.342849670809642|-85.8567579810425|15|10.342849670809642|-85.8567579810425\",\"regionLeatherbackTotal\":\"4\",\"regionOliveridleyTotal\":\"4\",\"regionGreenTotal\":\"5\"}},\"162\":{\"type\":\"region\",\"enabled\":\"1\",\"fields\":{\"regionName\":\"Playa Grande\",\"regionLocation\":\"10.329972912386165|-85.84738097832644|14|10.329972912386165|-85.84738097832644\",\"regionLeatherbackTotal\":\"8\",\"regionOliveridleyTotal\":\"3\",\"regionGreenTotal\":\"5\"}},\"163\":{\"type\":\"region\",\"enabled\":\"1\",\"fields\":{\"regionName\":\"Playa Grande South\",\"regionLocation\":\"10.313042338889323|-85.84113679573977|14|10.313042338889323|-85.84113679573977\",\"regionLeatherbackTotal\":\"8\",\"regionOliveridleyTotal\":\"0\",\"regionGreenTotal\":\"0\"}}},\"107\":{\"date\":\"8\\/10\\/2014\",\"time\":\"11:00 PM\"},\"109\":\"Nesting exhibit title (es)\",\"65\":\"<p>Spanish page intro here.<\\/p>\",\"128\":\"1\",\"118\":\"1\",\"106\":\"1\",\"108\":\"1\"}}','2014-08-12 16:50:29','2014-08-12 16:50:29','9594d5a0-ed3e-446a-a6ee-f826cb0a061a'),
	(345,143,15,1,'en_us',23,'','{\"typeId\":\"22\",\"authorId\":\"1\",\"title\":\"Habits and Habitats\",\"slug\":\"habits-habitats\",\"postDate\":1407426180,\"expiryDate\":null,\"enabled\":1,\"fields\":{\"23\":\"\",\"22\":\"\",\"20\":\"\",\"82\":[\"160\",\"71\",\"99\"],\"26\":\"Habits and Habitats\",\"36\":{\"144\":{\"type\":\"textBlock\",\"enabled\":\"1\",\"fields\":{\"text\":\"<p>There are seven species of sea turtle. All sea turtles share common life history characteristics, and face common threats throughout their lifetimes from nest disturbance, development, fishing, pollution and climate change. As the largest, deepest-diving and farthest ranging sea turtles, leatherbacks serve as a flagship species for the other six species of sea turtles negatively affected by climate change, beachfront lighting or unleashed pets disturbing nest sites. Charismatic leatherbacks can also raise awareness for other animals like albatross, which are also killed by plastic pollution, gillnets and longlines.<\\/p>\"}},\"156\":{\"type\":\"mapBlock\",\"enabled\":\"1\",\"fields\":{\"mapLocation\":\"40.71278369999998|-74.00594130000002|12|40.7127837|-74.00594130000002\",\"mapShowMarker\":\"1\",\"mapLayout\":\"standard\",\"mapAspect\":\"aspect-16-9\",\"captionTitle\":\"\",\"caption\":\"\"}}},\"27\":\"<p>Here\'s a teaser for the habits and habitats page<\\/p>\",\"29\":[\"146\"]}}','2014-08-12 16:58:51','2014-08-12 16:58:51','64b34891-a803-4084-82fb-1834f3925c41'),
	(346,160,16,1,'en_us',28,'','{\"typeId\":\"23\",\"authorId\":\"1\",\"title\":\"Las Baulas National Park\",\"slug\":\"las-baulas\",\"postDate\":1407525360,\"expiryDate\":null,\"enabled\":1,\"fields\":{\"129\":[\"51\"],\"127\":\"<p>Integer pellentesque et lectus vitae ultrices. Morbi rhoncus lorem ipsum, eu accumsan augue scelerisque vel. Duis vitae pulvinar justo, rutrum congue ipsum. Curabitur dictum vulputate dignissim. Quisque condimentum est mi, pretium rhoncus arcu tempus dapibus. Curabitur posuere odio eu est pretium dignissim.<\\/p><p>Integer pellentesque et lectus vitae ultrices. Morbi rhoncus lorem ipsum, eu accumsan augue scelerisque vel. Duis vitae pulvinar justo, rutrum congue ipsum. Curabitur dictum vulputate dignissim.<\\/p>\",\"126\":\"Comparing turtles and people\",\"121\":{\"164\":{\"type\":\"bay\",\"enabled\":\"1\",\"fields\":{\"baySpecies\":\"leatherback\",\"bayEggs\":\"99\",\"bayHatchlings\":\"99\"}},\"165\":{\"type\":\"bay\",\"enabled\":\"1\",\"fields\":{\"baySpecies\":\"oliveridley\",\"bayEggs\":\"99\",\"bayHatchlings\":\"99\"}},\"166\":{\"type\":\"bay\",\"enabled\":\"1\",\"fields\":{\"baySpecies\":\"green\",\"bayEggs\":\"99\",\"bayHatchlings\":\"99\"}},\"175\":{\"type\":\"bay\",\"enabled\":\"1\",\"fields\":{\"baySpecies\":\"none\",\"bayEggs\":\"0\",\"bayHatchlings\":\"0\"}},\"167\":{\"type\":\"bay\",\"enabled\":\"1\",\"fields\":{\"baySpecies\":\"leatherback\",\"bayEggs\":\"99\",\"bayHatchlings\":\"0\"}},\"168\":{\"type\":\"bay\",\"enabled\":\"1\",\"fields\":{\"baySpecies\":\"oliveridley\",\"bayEggs\":\"99\",\"bayHatchlings\":\"0\"}},\"169\":{\"type\":\"bay\",\"enabled\":\"1\",\"fields\":{\"baySpecies\":\"green\",\"bayEggs\":\"99\",\"bayHatchlings\":\"0\"}},\"170\":{\"type\":\"bay\",\"enabled\":\"1\",\"fields\":{\"baySpecies\":\"none\",\"bayEggs\":\"99\",\"bayHatchlings\":\"0\"}},\"171\":{\"type\":\"bay\",\"enabled\":\"1\",\"fields\":{\"baySpecies\":\"leatherback\",\"bayEggs\":\"0\",\"bayHatchlings\":\"99\"}},\"172\":{\"type\":\"bay\",\"enabled\":\"1\",\"fields\":{\"baySpecies\":\"oliveridley\",\"bayEggs\":\"0\",\"bayHatchlings\":\"99\"}},\"173\":{\"type\":\"bay\",\"enabled\":\"1\",\"fields\":{\"baySpecies\":\"green\",\"bayEggs\":\"0\",\"bayHatchlings\":\"99\"}}},\"120\":\"<p>Description here explaining graphic below lorem ipsum dolor sit amet consecutat velorem dolor. Adipiscing elit ventorum est caricula verti optum.<\\/p>\",\"117\":{\"date\":\"8\\/10\\/2014\",\"time\":\"11:30 AM\"},\"119\":\"In the Las Baulas Hatchery\",\"103\":[{\"col1\":\"1988\",\"col2\":\"100\",\"col3\":\"50\",\"col4\":\"40\"},{\"col1\":\"1989\",\"col2\":\"90\",\"col3\":\"45\",\"col4\":\"35\"},{\"col1\":\"1990\",\"col2\":\"80\",\"col3\":\"40\",\"col4\":\"30\"},{\"col1\":\"1991\",\"col2\":\"70\",\"col3\":\"35\",\"col4\":\"25\"}],\"102\":[{\"col1\":\"1988\",\"col2\":\"1230\",\"col3\":\"600\",\"col4\":\"1100\"},{\"col1\":\"1989\",\"col2\":\"1480\",\"col3\":\"500\",\"col4\":\"1000\"},{\"col1\":\"1990\",\"col2\":\"720\",\"col3\":\"400\",\"col4\":\"1200\"},{\"col1\":\"1991\",\"col2\":\"800\",\"col3\":\"700\",\"col4\":\"850\"}],\"105\":\"<p>Description here explaining graphic below lorem ipsum dolor sit amet consecutat velorem dolor. Adipiscing elit ventorum est caricula verti optum (english)<\\/p>\",\"104\":\"Turtles & nests in decline (title)\",\"110\":\"<p>Description here explaining graphic below lorem ipsum dolor sit amet consecutat velorem dolor. Adipiscing elit ventorum est caricula verti optum.<\\/p>\",\"125\":\"10.323797780014518|-85.84687820209962|13|10.320589000000007|-85.84910980000001\",\"111\":{\"161\":{\"type\":\"region\",\"enabled\":\"1\",\"fields\":{\"regionName\":\"Playas Ventanas\",\"regionLocation\":\"10.342849670809642|-85.8567579810425|15|10.342849670809642|-85.8567579810425\",\"regionLeatherbackTotal\":\"4\",\"regionOliveridleyTotal\":\"4\",\"regionGreenTotal\":\"5\"}},\"162\":{\"type\":\"region\",\"enabled\":\"1\",\"fields\":{\"regionName\":\"Playa Grande\",\"regionLocation\":\"10.329972912386165|-85.84738097832644|14|10.329972912386165|-85.84738097832644\",\"regionLeatherbackTotal\":\"8\",\"regionOliveridleyTotal\":\"3\",\"regionGreenTotal\":\"5\"}},\"163\":{\"type\":\"region\",\"enabled\":\"1\",\"fields\":{\"regionName\":\"Playa Grande South\",\"regionLocation\":\"10.313042338889323|-85.84113679573977|14|10.313042338889323|-85.84113679573977\",\"regionLeatherbackTotal\":\"8\",\"regionOliveridleyTotal\":\"0\",\"regionGreenTotal\":\"0\"}}},\"107\":{\"date\":\"8\\/10\\/2014\",\"time\":\"11:00 PM\"},\"109\":\"Nests at Las Baulas National Park\",\"65\":\"<p>Page intro here Lorem ipsum ante a suspendisse nunc et morbi hac. Lectus massa nullam ultrices hymenaeos scelerisque pede velit curabitur ut praesent donec. Praesent curabitur lacus nulla arcu ultrices cras libero purus condimentum nulla vivamus. Elit tempor tempor in amet conubia hymenaeos facilisis. Mollis sed felis enim id integer eu. Id condimentum turpis. Nec.<\\/p>\",\"26\":\"Las Baulas National Park\",\"128\":\"1\",\"118\":\"1\",\"106\":\"1\",\"108\":\"1\",\"27\":\"<p>Here\'s a teaser for this graphic data page in English.<\\/p>\"}}','2014-08-12 17:02:07','2014-08-12 17:02:07','b9ee2c7c-e8c1-45e2-aa3e-9f132387663d'),
	(347,160,16,1,'es',4,'','{\"typeId\":\"23\",\"authorId\":\"1\",\"title\":\"Parcas Nationales Las Baulas\",\"slug\":\"las-baulas\",\"postDate\":1407525360,\"expiryDate\":null,\"enabled\":1,\"fields\":{\"129\":[\"51\"],\"127\":\"<p>Comparison spanish intro here<\\/p>\",\"126\":\"Comparing turtles(es)\",\"121\":{\"164\":{\"type\":\"bay\",\"enabled\":\"1\",\"fields\":{\"baySpecies\":\"leatherback\",\"bayEggs\":\"99\",\"bayHatchlings\":\"99\"}},\"165\":{\"type\":\"bay\",\"enabled\":\"1\",\"fields\":{\"baySpecies\":\"oliveridley\",\"bayEggs\":\"99\",\"bayHatchlings\":\"99\"}},\"166\":{\"type\":\"bay\",\"enabled\":\"1\",\"fields\":{\"baySpecies\":\"green\",\"bayEggs\":\"99\",\"bayHatchlings\":\"99\"}},\"175\":{\"type\":\"bay\",\"enabled\":\"1\",\"fields\":{\"baySpecies\":\"none\",\"bayEggs\":\"0\",\"bayHatchlings\":\"0\"}},\"167\":{\"type\":\"bay\",\"enabled\":\"1\",\"fields\":{\"baySpecies\":\"leatherback\",\"bayEggs\":\"99\",\"bayHatchlings\":\"0\"}},\"168\":{\"type\":\"bay\",\"enabled\":\"1\",\"fields\":{\"baySpecies\":\"oliveridley\",\"bayEggs\":\"99\",\"bayHatchlings\":\"0\"}},\"169\":{\"type\":\"bay\",\"enabled\":\"1\",\"fields\":{\"baySpecies\":\"green\",\"bayEggs\":\"99\",\"bayHatchlings\":\"0\"}},\"170\":{\"type\":\"bay\",\"enabled\":\"1\",\"fields\":{\"baySpecies\":\"none\",\"bayEggs\":\"99\",\"bayHatchlings\":\"0\"}},\"171\":{\"type\":\"bay\",\"enabled\":\"1\",\"fields\":{\"baySpecies\":\"leatherback\",\"bayEggs\":\"0\",\"bayHatchlings\":\"99\"}},\"172\":{\"type\":\"bay\",\"enabled\":\"1\",\"fields\":{\"baySpecies\":\"oliveridley\",\"bayEggs\":\"0\",\"bayHatchlings\":\"99\"}},\"173\":{\"type\":\"bay\",\"enabled\":\"1\",\"fields\":{\"baySpecies\":\"green\",\"bayEggs\":\"0\",\"bayHatchlings\":\"99\"}}},\"120\":\"<p>Hatchery spanish intro here<\\/p>\",\"117\":{\"date\":\"8\\/10\\/2014\",\"time\":\"11:30 AM\"},\"119\":\"Hatchery exhibit title (es)\",\"103\":[{\"col1\":\"1988\",\"col2\":\"100\",\"col3\":\"50\",\"col4\":\"40\"},{\"col1\":\"1989\",\"col2\":\"90\",\"col3\":\"45\",\"col4\":\"35\"},{\"col1\":\"1990\",\"col2\":\"80\",\"col3\":\"40\",\"col4\":\"30\"},{\"col1\":\"1991\",\"col2\":\"70\",\"col3\":\"35\",\"col4\":\"25\"}],\"102\":[{\"col1\":\"1988\",\"col2\":\"1230\",\"col3\":\"600\",\"col4\":\"1100\"},{\"col1\":\"1989\",\"col2\":\"1480\",\"col3\":\"500\",\"col4\":\"1000\"},{\"col1\":\"1990\",\"col2\":\"720\",\"col3\":\"400\",\"col4\":\"1200\"},{\"col1\":\"1991\",\"col2\":\"800\",\"col3\":\"700\",\"col4\":\"850\"}],\"105\":\"<p>History spanish intro here<\\/p>\",\"104\":\"Turtles and nests in decline (es)\",\"110\":\"<p>Nesting spanish intro here.<\\/p>\",\"125\":\"10.323797780014518|-85.84687820209962|13|10.320589000000007|-85.84910980000001\",\"111\":{\"161\":{\"type\":\"region\",\"enabled\":\"1\",\"fields\":{\"regionName\":\"Playas Ventanas\",\"regionLocation\":\"10.342849670809642|-85.8567579810425|15|10.342849670809642|-85.8567579810425\",\"regionLeatherbackTotal\":\"4\",\"regionOliveridleyTotal\":\"4\",\"regionGreenTotal\":\"5\"}},\"162\":{\"type\":\"region\",\"enabled\":\"1\",\"fields\":{\"regionName\":\"Playa Grande\",\"regionLocation\":\"10.329972912386165|-85.84738097832644|14|10.329972912386165|-85.84738097832644\",\"regionLeatherbackTotal\":\"8\",\"regionOliveridleyTotal\":\"3\",\"regionGreenTotal\":\"5\"}},\"163\":{\"type\":\"region\",\"enabled\":\"1\",\"fields\":{\"regionName\":\"Playa Grande South\",\"regionLocation\":\"10.313042338889323|-85.84113679573977|14|10.313042338889323|-85.84113679573977\",\"regionLeatherbackTotal\":\"8\",\"regionOliveridleyTotal\":\"0\",\"regionGreenTotal\":\"0\"}}},\"107\":{\"date\":\"8\\/10\\/2014\",\"time\":\"11:00 PM\"},\"109\":\"Nesting exhibit title (es)\",\"65\":\"<p>Spanish page intro here.<\\/p>\",\"26\":\"Parcas Nationales Las Baulas\",\"128\":\"1\",\"118\":\"1\",\"106\":\"1\",\"108\":\"1\",\"27\":\"<p>Here\'s a teaser for this graphic data page in Spanish.<\\/p>\"}}','2014-08-12 17:02:29','2014-08-12 17:02:29','77102db8-f7f7-4a06-9aa1-2e238ed71daf'),
	(348,143,15,1,'en_us',24,'','{\"typeId\":\"22\",\"authorId\":\"1\",\"title\":\"Habits and Habitats\",\"slug\":\"habits-habitats\",\"postDate\":1407426180,\"expiryDate\":null,\"enabled\":1,\"fields\":{\"23\":\"\",\"22\":\"\",\"20\":\"\",\"82\":[\"160\",\"11\",\"99\"],\"26\":\"Habits and Habitats\",\"36\":{\"144\":{\"type\":\"textBlock\",\"enabled\":\"1\",\"fields\":{\"text\":\"<p>There are seven species of sea turtle. All sea turtles share common life history characteristics, and face common threats throughout their lifetimes from nest disturbance, development, fishing, pollution and climate change. As the largest, deepest-diving and farthest ranging sea turtles, leatherbacks serve as a flagship species for the other six species of sea turtles negatively affected by climate change, beachfront lighting or unleashed pets disturbing nest sites. Charismatic leatherbacks can also raise awareness for other animals like albatross, which are also killed by plastic pollution, gillnets and longlines.<\\/p>\"}},\"156\":{\"type\":\"mapBlock\",\"enabled\":\"1\",\"fields\":{\"mapLocation\":\"40.71278369999998|-74.00594130000002|12|40.7127837|-74.00594130000002\",\"mapShowMarker\":\"1\",\"mapLayout\":\"standard\",\"mapAspect\":\"aspect-16-9\",\"captionTitle\":\"\",\"caption\":\"\"}}},\"27\":\"<p>Here\'s a teaser for the habits and habitats page<\\/p>\",\"29\":[\"146\"]}}','2014-08-12 17:10:57','2014-08-12 17:10:57','f58f6ebe-8de7-4b2a-93bf-291afea22bb2'),
	(349,143,15,1,'en_us',25,'','{\"typeId\":\"22\",\"authorId\":\"1\",\"title\":\"Habits and Habitats\",\"slug\":\"habits-habitats\",\"postDate\":1407426180,\"expiryDate\":null,\"enabled\":1,\"fields\":{\"23\":\"\",\"22\":\"\",\"20\":\"\",\"82\":[\"160\",\"99\"],\"26\":\"Habits and Habitats\",\"36\":{\"144\":{\"type\":\"textBlock\",\"enabled\":\"1\",\"fields\":{\"text\":\"<p>There are seven species of sea turtle. All sea turtles share common life history characteristics, and face common threats throughout their lifetimes from nest disturbance, development, fishing, pollution and climate change. As the largest, deepest-diving and farthest ranging sea turtles, leatherbacks serve as a flagship species for the other six species of sea turtles negatively affected by climate change, beachfront lighting or unleashed pets disturbing nest sites. Charismatic leatherbacks can also raise awareness for other animals like albatross, which are also killed by plastic pollution, gillnets and longlines.<\\/p>\"}},\"156\":{\"type\":\"mapBlock\",\"enabled\":\"1\",\"fields\":{\"mapLocation\":\"40.71278369999998|-74.00594130000002|12|40.7127837|-74.00594130000002\",\"mapShowMarker\":\"1\",\"mapLayout\":\"standard\",\"mapAspect\":\"aspect-16-9\",\"captionTitle\":\"\",\"caption\":\"\"}}},\"27\":\"<p>Here\'s a teaser for the habits and habitats page<\\/p>\",\"29\":[\"146\"]}}','2014-08-12 17:14:48','2014-08-12 17:14:48','15546bd7-3521-4c16-b1cb-7457b7d29e5e'),
	(350,143,15,1,'en_us',26,'','{\"typeId\":\"22\",\"authorId\":\"1\",\"title\":\"Habits and Habitats\",\"slug\":\"habits-habitats\",\"postDate\":1407426180,\"expiryDate\":null,\"enabled\":1,\"fields\":{\"23\":\"\",\"22\":\"\",\"20\":\"\",\"82\":[\"160\",\"99\",\"142\"],\"26\":\"Habits and Habitats\",\"36\":{\"144\":{\"type\":\"textBlock\",\"enabled\":\"1\",\"fields\":{\"text\":\"<p>There are seven species of sea turtle. All sea turtles share common life history characteristics, and face common threats throughout their lifetimes from nest disturbance, development, fishing, pollution and climate change. As the largest, deepest-diving and farthest ranging sea turtles, leatherbacks serve as a flagship species for the other six species of sea turtles negatively affected by climate change, beachfront lighting or unleashed pets disturbing nest sites. Charismatic leatherbacks can also raise awareness for other animals like albatross, which are also killed by plastic pollution, gillnets and longlines.<\\/p>\"}},\"156\":{\"type\":\"mapBlock\",\"enabled\":\"1\",\"fields\":{\"mapLocation\":\"40.71278369999998|-74.00594130000002|12|40.7127837|-74.00594130000002\",\"mapShowMarker\":\"1\",\"mapLayout\":\"standard\",\"mapAspect\":\"aspect-16-9\",\"captionTitle\":\"\",\"caption\":\"\"}}},\"27\":\"<p>Here\'s a teaser for the habits and habitats page<\\/p>\",\"29\":[\"146\"]}}','2014-08-12 17:16:33','2014-08-12 17:16:33','49d9af35-5c87-4d75-81db-4f587509facc'),
	(351,143,15,1,'en_us',27,'','{\"typeId\":\"22\",\"authorId\":\"1\",\"title\":\"Habits and Habitats\",\"slug\":\"habits-habitats\",\"postDate\":1407426180,\"expiryDate\":null,\"enabled\":1,\"fields\":{\"23\":\"\",\"22\":\"\",\"20\":\"\",\"82\":[\"160\",\"99\",\"136\"],\"26\":\"Habits and Habitats\",\"36\":{\"144\":{\"type\":\"textBlock\",\"enabled\":\"1\",\"fields\":{\"text\":\"<p>There are seven species of sea turtle. All sea turtles share common life history characteristics, and face common threats throughout their lifetimes from nest disturbance, development, fishing, pollution and climate change. As the largest, deepest-diving and farthest ranging sea turtles, leatherbacks serve as a flagship species for the other six species of sea turtles negatively affected by climate change, beachfront lighting or unleashed pets disturbing nest sites. Charismatic leatherbacks can also raise awareness for other animals like albatross, which are also killed by plastic pollution, gillnets and longlines.<\\/p>\"}},\"156\":{\"type\":\"mapBlock\",\"enabled\":\"1\",\"fields\":{\"mapLocation\":\"40.71278369999998|-74.00594130000002|12|40.7127837|-74.00594130000002\",\"mapShowMarker\":\"1\",\"mapLayout\":\"standard\",\"mapAspect\":\"aspect-16-9\",\"captionTitle\":\"\",\"caption\":\"\"}}},\"27\":\"<p>Here\'s a teaser for the habits and habitats page<\\/p>\",\"29\":[\"146\"]}}','2014-08-12 21:08:00','2014-08-12 21:08:00','f811af70-49e6-4571-ba84-c43fa94fe662'),
	(352,143,15,1,'en_us',28,'','{\"typeId\":\"22\",\"authorId\":\"1\",\"title\":\"Habits and Habitats\",\"slug\":\"habits-habitats\",\"postDate\":1407426180,\"expiryDate\":null,\"enabled\":1,\"fields\":{\"23\":\"\",\"22\":\"\",\"20\":\"\",\"82\":[\"160\",\"99\",\"134\"],\"26\":\"Habits and Habitats\",\"36\":{\"144\":{\"type\":\"textBlock\",\"enabled\":\"1\",\"fields\":{\"text\":\"<p>There are seven species of sea turtle. All sea turtles share common life history characteristics, and face common threats throughout their lifetimes from nest disturbance, development, fishing, pollution and climate change. As the largest, deepest-diving and farthest ranging sea turtles, leatherbacks serve as a flagship species for the other six species of sea turtles negatively affected by climate change, beachfront lighting or unleashed pets disturbing nest sites. Charismatic leatherbacks can also raise awareness for other animals like albatross, which are also killed by plastic pollution, gillnets and longlines.<\\/p>\"}},\"156\":{\"type\":\"mapBlock\",\"enabled\":\"1\",\"fields\":{\"mapLocation\":\"40.71278369999998|-74.00594130000002|12|40.7127837|-74.00594130000002\",\"mapShowMarker\":\"1\",\"mapLayout\":\"standard\",\"mapAspect\":\"aspect-16-9\",\"captionTitle\":\"\",\"caption\":\"\"}}},\"27\":\"<p>Here\'s a teaser for the habits and habitats page<\\/p>\",\"29\":[\"146\"]}}','2014-08-12 21:09:08','2014-08-12 21:09:08','a0a64c51-c508-4443-a089-6e2aec2b3358'),
	(353,131,11,1,'en_us',4,'','{\"typeId\":\"15\",\"authorId\":null,\"title\":\"About section front\",\"slug\":\"aboutfront\",\"postDate\":1407423617,\"expiryDate\":null,\"enabled\":1,\"fields\":{\"65\":\"<p>The Leatherback Trust (TLT) is an international non-profit conservation organization devoted to preserving endangered leatherback turtles and other sea turtle species. In 2000, turtle biologists Jim Spotila and Frank Paladino founded TLT to engage local communities in protection of nesting beaches critical to saving leatherback turtles. While we continue to safeguard nesting beaches, we are now extending our focus beyond beaches to combat threats and protect sea turtles in the oceans. TLT\\u2019s reputation for integrity is grounded in data-driven scientific research and community action programs delivering measurable results.<\\/p>\",\"26\":\"About\",\"36\":{\"132\":{\"type\":\"textBlock\",\"enabled\":\"1\",\"fields\":{\"text\":\"<p>Here\'s the story content for the about section<\\/p>\"}}},\"27\":\"<p>Here\'s the teaser for the about section.<\\/p>\"}}','2014-08-12 21:30:59','2014-08-12 21:30:59','6d2e3e66-3b91-4ed0-9c46-829eac9bee01'),
	(354,131,11,1,'es',1,'','{\"typeId\":\"15\",\"authorId\":null,\"title\":\"About section front\",\"slug\":\"aboutfront\",\"postDate\":1407423617,\"expiryDate\":null,\"enabled\":1,\"fields\":{\"65\":\"<p>(Spanish)&nbsp;The Leatherback Trust (TLT) is an international non-profit conservation organization devoted to preserving endangered leatherback turtles and other sea turtle species. In 2000, turtle biologists Jim Spotila and Frank Paladino founded TLT to engage local communities in protection of nesting beaches critical to saving leatherback turtles. While we continue to safeguard nesting beaches, we are now extending our focus beyond beaches to combat threats and protect sea turtles in the oceans. TLT\\u2019s reputation for integrity is grounded in data-driven scientific research and community action programs delivering measurable results.<\\/p>\",\"26\":\"Acerca\",\"36\":{\"new1\":{\"type\":\"textBlock\",\"enabled\":\"1\",\"fields\":{\"text\":\"<p>Spanish story blocks here<\\/p>\"}}},\"27\":\"<p>Here\'s the spanish teaser for the about section<\\/p>\"}}','2014-08-12 21:32:01','2014-08-12 21:32:01','66a8136a-3f80-4bd0-9f82-5f89ae52c71c'),
	(355,131,11,1,'en_us',5,'','{\"typeId\":\"15\",\"authorId\":null,\"title\":\"About section front\",\"slug\":\"aboutfront\",\"postDate\":1407423617,\"expiryDate\":null,\"enabled\":1,\"fields\":{\"65\":\"<p>The Leatherback Trust (TLT) is an international non-profit conservation organization devoted to preserving endangered leatherback turtles and other sea turtle species. In 2000, turtle biologists Jim Spotila and Frank Paladino founded TLT to engage local communities in protection of nesting beaches critical to saving leatherback turtles. While we continue to safeguard nesting beaches, we are now extending our focus beyond beaches to combat threats and protect sea turtles in the oceans. TLT\\u2019s reputation for integrity is grounded in data-driven scientific research and community action programs delivering measurable results.<\\/p>\",\"26\":\"About\",\"36\":\"\",\"27\":\"<p>Here\'s the teaser for the about section.<\\/p>\"}}','2014-08-12 21:32:34','2014-08-12 21:32:34','9d529bbe-ac34-416e-88a2-06865f842a5b'),
	(356,131,11,1,'es',2,'','{\"typeId\":\"15\",\"authorId\":null,\"title\":\"About section front\",\"slug\":\"aboutfront\",\"postDate\":1407423617,\"expiryDate\":null,\"enabled\":1,\"fields\":{\"65\":\"<p>(Spanish)&nbsp;The Leatherback Trust (TLT) is an international non-profit conservation organization devoted to preserving endangered leatherback turtles and other sea turtle species. In 2000, turtle biologists Jim Spotila and Frank Paladino founded TLT to engage local communities in protection of nesting beaches critical to saving leatherback turtles. While we continue to safeguard nesting beaches, we are now extending our focus beyond beaches to combat threats and protect sea turtles in the oceans. TLT\\u2019s reputation for integrity is grounded in data-driven scientific research and community action programs delivering measurable results.<\\/p>\",\"26\":\"Acerca\",\"36\":\"\",\"27\":\"<p>Here\'s the spanish teaser for the about section<\\/p>\"}}','2014-08-12 21:32:43','2014-08-12 21:32:43','3509ac22-9071-424c-b10a-2f77d1ada9b2'),
	(357,142,14,1,'en_us',2,'','{\"typeId\":\"21\",\"authorId\":null,\"title\":\"Why Leatherbacks section front\",\"slug\":\"whyleatherbacksfront\",\"postDate\":1407421424,\"expiryDate\":null,\"enabled\":1,\"fields\":{\"65\":\"<p>Sea turtles swam the oceans when dinosaurs roamed the earth. Early ocean explorers marveled at the abundance of sea turtles. [Add quote?] [Numbers afforded&hellip; Explorers \\/ subsistence hunters collected eggs\\/ ate meat &hellip; human populations grew, sea turtle populations dwindled]. Now these ancient reptiles confront new threats, like pollution, industrial fishing, climate change, and large-scale coastal development.<\\/p>\",\"26\":\"Why Leatherbacks\",\"27\":\"<p>Teaser for the why leatherbacks section here.<\\/p>\"}}','2014-08-12 21:33:15','2014-08-12 21:33:15','921a6c38-3df0-4709-9c0d-bc26e88d1bbf'),
	(358,142,14,1,'es',2,'','{\"typeId\":\"21\",\"authorId\":null,\"title\":\"Why Leatherbacks section front\",\"slug\":\"whyleatherbacksfront\",\"postDate\":1407421424,\"expiryDate\":null,\"enabled\":1,\"fields\":{\"65\":\"<p>(Spanish intro)&nbsp;Sea turtles swam the oceans when dinosaurs roamed the earth. Early ocean explorers marveled at the abundance of sea turtles. [Add quote?] [Numbers afforded&hellip; Explorers \\/ subsistence hunters collected eggs\\/ ate meat &hellip; human populations grew, sea turtle populations dwindled]. Now these ancient reptiles confront new threats, like pollution, industrial fishing, climate change, and large-scale coastal development.<\\/p>\",\"26\":\"Porque Leatherbacks\",\"27\":\"<p>Spanish teaser for this section front here.<\\/p>\"}}','2014-08-12 21:33:37','2014-08-12 21:33:37','815ef1e2-ce25-4a96-a99b-064d8559e3cd'),
	(359,149,15,1,'en_us',7,'','{\"typeId\":\"22\",\"authorId\":\"1\",\"title\":\"Ancient Animals\",\"slug\":\"ancient-animals\",\"postDate\":1407428040,\"expiryDate\":null,\"enabled\":1,\"fields\":{\"23\":\"\",\"22\":\"\",\"20\":\"\",\"82\":\"\",\"26\":\"Ancient Animals\",\"36\":{\"150\":{\"type\":\"textBlock\",\"enabled\":\"1\",\"fields\":{\"text\":\"<p>Sea turtles swam the oceans when dinosaurs roamed the earth. Early ocean explorers marveled at the abundance of sea turtles. [Add quote?] [Numbers afforded&hellip; Explorers \\/ subsistence hunters collected eggs\\/ ate meat &hellip; human populations grew, sea turtle populations dwindled]. Now these ancient reptiles confront new threats, like pollution, industrial fishing, climate change, and large-scale coastal development.<\\/p>\"}},\"152\":{\"type\":\"imageBlock\",\"enabled\":\"1\",\"fields\":{\"image\":[\"148\"],\"imageLayout\":\"jumbo\",\"captionTitle\":\"\",\"caption\":\"<p>Historical engravings of leatherbacks leave something to be desired as to the accuracy of the representation. However, they teach us that humans have been observing leatherbacks for hundreds of years.<\\/p>\"}},\"153\":{\"type\":\"textBlock\",\"enabled\":\"1\",\"fields\":{\"text\":\"<p>Lorem ipsum dolor sit amet, consectetur adipiscing elit. Aenean iaculis semper sodales. Sed tempor auctor venenatis. Integer pretium, velit vitae dictum varius, mauris tellus porta nibh, sed ornare purus nibh semper libero. Curabitur enim dui, aliquam vel convallis at, posuere a augue. In nec mi fermentum, placerat sapien eget, vehicula nisl. Pellentesque viverra neque ac massa scelerisque, et euismod neque pretium. Interdum et malesuada fames ac ante ipsum primis in faucibus. Suspendisse quis commodo erat. Mauris nec interdum mi. Aliquam ac cursus quam. Vivamus ullamcorper lectus vel nisi lacinia, vitae luctus lectus eleifend. Donec elit dui, rhoncus a scelerisque non, dignissim eget nulla.<\\/p><p>Vivamus sit amet felis odio. Quisque volutpat nulla sit amet quam auctor tempor. Vivamus consectetur eros nec dignissim aliquam. Sed eu nulla vel massa vehicula ultrices at nec turpis. Interdum et malesuada fames ac ante ipsum primis in faucibus. Curabitur eget porta felis. Curabitur non diam bibendum, fringilla nisi et, commodo tellus. In pharetra dignissim eros, malesuada scelerisque mauris fermentum ut. Morbi vitae tincidunt urna. Integer purus orci, porta ac ullamcorper nec, eleifend lobortis lacus. Suspendisse vitae eros in sapien feugiat congue vitae at risus. Nullam luctus scelerisque nibh, eget cursus nisi faucibus sit amet.<\\/p>\"}},\"154\":{\"type\":\"dividerBlock\",\"enabled\":\"1\",\"fields\":{\"dividerType\":\"standard-divider\"}},\"155\":{\"type\":\"textBlock\",\"enabled\":\"1\",\"fields\":{\"text\":\"<p>Vivamus sit amet felis odio. Quisque volutpat nulla sit amet quam auctor tempor. Vivamus consectetur eros nec dignissim aliquam. Sed eu nulla vel massa vehicula ultrices at nec turpis. Interdum et malesuada fames ac ante ipsum primis in faucibus. Curabitur eget porta felis. Curabitur non diam bibendum, fringilla nisi et, commodo tellus. In pharetra dignissim eros, malesuada scelerisque mauris fermentum ut. Morbi vitae tincidunt urna. Integer purus orci, porta ac ullamcorper nec, eleifend lobortis lacus. Suspendisse vitae eros in sapien feugiat congue vitae at risus. Nullam luctus scelerisque nibh, eget cursus nisi faucibus sit amet.<\\/p>\"}}},\"27\":\"<p>Here\'s a teaser to my ancient animals page. Lorem ipsum dolor sit amet consecutat velorem dolor. Adipiscing elite ventorum.<\\/p>\",\"29\":[\"177\"]}}','2014-08-12 21:40:29','2014-08-12 21:40:29','704bf672-95c6-4739-b543-acae76c3ae75'),
	(360,34,3,1,'en_us',24,'','{\"typeId\":\"4\",\"authorId\":\"1\",\"title\":\"Event long title name here\",\"slug\":\"event-name-here\",\"postDate\":1406586960,\"expiryDate\":null,\"enabled\":1,\"fields\":{\"32\":\"\",\"31\":{\"date\":\"8\\/9\\/2014\",\"time\":\"6:00 PM\"},\"30\":{\"date\":\"8\\/6\\/2014\",\"time\":\"1:30 PM\"},\"23\":\"\",\"22\":\"\",\"20\":\"\",\"69\":\"Jackson Heights\",\"72\":\"\",\"66\":\"My apartment\",\"71\":\"11372\",\"70\":\"NY\",\"67\":\"3420 79th Street\",\"68\":\"No. 6D\",\"3\":[\"77\"],\"34\":\"mailto:snetman@gmail.com\",\"35\":\"RSVP\",\"26\":\"Event short title here\",\"33\":\"1\",\"36\":{\"35\":{\"type\":\"textBlock\",\"enabled\":\"1\",\"fields\":{\"text\":\"<p>Here\'s a text block<\\/p>\"}}},\"27\":\"<p>Here\'s my event teaser<\\/p>\",\"29\":[\"21\"]}}','2014-08-12 21:46:31','2014-08-12 21:46:31','9c49a21f-865b-4d1d-b6f1-0c189081eb06');

/*!40000 ALTER TABLE `craft_entryversions` ENABLE KEYS */;
UNLOCK TABLES;


# Dump of table craft_fieldgroups
# ------------------------------------------------------------

DROP TABLE IF EXISTS `craft_fieldgroups`;

CREATE TABLE `craft_fieldgroups` (
  `id` int(11) NOT NULL AUTO_INCREMENT,
  `name` varchar(255) COLLATE utf8_unicode_ci NOT NULL,
  `dateCreated` datetime NOT NULL,
  `dateUpdated` datetime NOT NULL,
  `uid` char(36) COLLATE utf8_unicode_ci NOT NULL DEFAULT '0',
  PRIMARY KEY (`id`),
  UNIQUE KEY `craft_fieldgroups_name_unq_idx` (`name`)
) ENGINE=InnoDB DEFAULT CHARSET=utf8 COLLATE=utf8_unicode_ci;

LOCK TABLES `craft_fieldgroups` WRITE;
/*!40000 ALTER TABLE `craft_fieldgroups` DISABLE KEYS */;

INSERT INTO `craft_fieldgroups` (`id`, `name`, `dateCreated`, `dateUpdated`, `uid`)
VALUES
	(1,'Default','2014-07-16 22:01:00','2014-07-16 22:01:00','b7568179-de2a-4810-a821-4fc5b087e340'),
	(3,'Social Profiles','2014-07-17 14:31:08','2014-07-17 14:31:08','18edfdd6-aac8-414a-8595-23fa540b5a03'),
	(4,'SEO','2014-07-17 14:37:29','2014-07-17 14:37:29','e3a5f22b-90ce-49b3-8a38-172cd292872a'),
	(5,'Sharing','2014-07-17 14:40:57','2014-07-17 14:44:46','bddfeb52-b658-4525-a8b8-e67182c65d61'),
	(6,'Homepage','2014-07-17 14:49:39','2014-07-17 14:49:39','60102fcf-dfb7-4ac9-9ac2-32553a5e7416'),
	(7,'News & Events','2014-07-21 13:50:33','2014-07-21 13:50:33','24bd0161-ad01-475e-bf78-c3c0e4ec9f60'),
	(8,'People, Partners & Sponsors','2014-07-22 13:58:12','2014-08-05 13:13:26','1f50ae29-f49b-420d-8892-ddc4c835d89d'),
	(11,'Threats','2014-07-27 20:41:27','2014-07-27 20:41:27','ed48bca5-0119-49cf-8549-071f524e6220'),
	(12,'Unused','2014-07-30 15:44:38','2014-07-30 15:44:38','aeaf22f9-c52d-4818-9926-562cb6e39204'),
	(13,'History','2014-08-05 13:25:29','2014-08-05 13:25:29','c82fa0bd-919f-4185-9fb5-df4089e21339'),
	(14,'Hero Image','2014-08-05 15:26:53','2014-08-05 15:26:53','3fc54e99-56b9-4e2a-9bb9-ec7f4ba4334b'),
	(15,'Graphic data','2014-08-11 18:56:19','2014-08-11 18:56:19','48106f04-9c26-4504-b783-6ae74c57a009');

/*!40000 ALTER TABLE `craft_fieldgroups` ENABLE KEYS */;
UNLOCK TABLES;


# Dump of table craft_fieldlayoutfields
# ------------------------------------------------------------

DROP TABLE IF EXISTS `craft_fieldlayoutfields`;

CREATE TABLE `craft_fieldlayoutfields` (
  `id` int(11) NOT NULL AUTO_INCREMENT,
  `layoutId` int(11) NOT NULL,
  `tabId` int(11) DEFAULT NULL,
  `fieldId` int(11) NOT NULL,
  `required` tinyint(1) unsigned NOT NULL DEFAULT '0',
  `sortOrder` tinyint(4) DEFAULT NULL,
  `dateCreated` datetime NOT NULL,
  `dateUpdated` datetime NOT NULL,
  `uid` char(36) COLLATE utf8_unicode_ci NOT NULL DEFAULT '0',
  PRIMARY KEY (`id`),
  UNIQUE KEY `craft_fieldlayoutfields_layoutId_fieldId_unq_idx` (`layoutId`,`fieldId`),
  KEY `craft_fieldlayoutfields_sortOrder_idx` (`sortOrder`),
  KEY `craft_fieldlayoutfields_tabId_fk` (`tabId`),
  KEY `craft_fieldlayoutfields_fieldId_fk` (`fieldId`),
  CONSTRAINT `craft_fieldlayoutfields_fieldId_fk` FOREIGN KEY (`fieldId`) REFERENCES `craft_fields` (`id`) ON DELETE CASCADE,
  CONSTRAINT `craft_fieldlayoutfields_layoutId_fk` FOREIGN KEY (`layoutId`) REFERENCES `craft_fieldlayouts` (`id`) ON DELETE CASCADE,
  CONSTRAINT `craft_fieldlayoutfields_tabId_fk` FOREIGN KEY (`tabId`) REFERENCES `craft_fieldlayouttabs` (`id`) ON DELETE CASCADE
) ENGINE=InnoDB DEFAULT CHARSET=utf8 COLLATE=utf8_unicode_ci;

LOCK TABLES `craft_fieldlayoutfields` WRITE;
/*!40000 ALTER TABLE `craft_fieldlayoutfields` DISABLE KEYS */;

INSERT INTO `craft_fieldlayoutfields` (`id`, `layoutId`, `tabId`, `fieldId`, `required`, `sortOrder`, `dateCreated`, `dateUpdated`, `uid`)
VALUES
	(12,12,NULL,11,0,1,'2014-07-17 14:43:02','2014-07-17 14:43:02','f65ce588-fd84-431a-bded-4a00433d8425'),
	(13,12,NULL,12,0,2,'2014-07-17 14:43:02','2014-07-17 14:43:02','6b58ef31-aae9-4153-bf23-3ace869eb161'),
	(14,12,NULL,13,0,3,'2014-07-17 14:43:02','2014-07-17 14:43:02','bfacc01e-0615-43fa-bdac-d27603c9c883'),
	(16,14,NULL,14,0,1,'2014-07-17 14:44:28','2014-07-17 14:44:28','df05c7ba-d846-45f5-adac-ff5c6028f416'),
	(28,21,5,2,1,1,'2014-07-21 13:54:57','2014-07-21 13:54:57','39fae016-7caa-4a64-805d-d5c029bd417f'),
	(163,62,NULL,21,0,1,'2014-07-21 21:55:41','2014-07-21 21:55:41','40203658-447e-4ec3-911b-bbfb22fc8cd9'),
	(164,62,NULL,55,0,2,'2014-07-21 21:55:41','2014-07-21 21:55:41','86f0667e-a071-4507-a52c-7c73cf2e478e'),
	(187,67,NULL,9,0,1,'2014-07-22 14:21:30','2014-07-22 14:21:30','2f19e324-afea-4b03-9b41-95c061f33900'),
	(188,67,NULL,7,0,2,'2014-07-22 14:21:30','2014-07-22 14:21:30','7245e848-a55e-4b3d-ae5e-f3a257d00279'),
	(189,67,NULL,10,0,3,'2014-07-22 14:21:30','2014-07-22 14:21:30','807e1799-b2d3-49d3-8299-1eaab4b4800c'),
	(192,69,NULL,9,0,1,'2014-07-22 14:36:27','2014-07-22 14:36:27','f3111cc7-9584-4a9a-a442-e7dfb1f008ef'),
	(285,83,47,26,1,1,'2014-07-27 19:48:13','2014-07-27 19:48:13','2817b48d-4ae5-489f-9dbc-0753ce97fef0'),
	(286,83,47,27,1,2,'2014-07-27 19:48:13','2014-07-27 19:48:13','ebc76d05-1dc3-4176-83d2-a58beccb5a24'),
	(287,83,47,29,0,3,'2014-07-27 19:48:13','2014-07-27 19:48:13','3aedfc2d-ebb6-4d33-8418-33cc83480af1'),
	(288,83,47,36,1,4,'2014-07-27 19:48:13','2014-07-27 19:48:13','c873c6fe-9960-4460-a94c-9d003aee7d78'),
	(289,83,48,20,0,1,'2014-07-27 19:48:13','2014-07-27 19:48:13','16c8902b-6896-4b67-bfe5-ff2a56f6340a'),
	(290,83,48,22,0,2,'2014-07-27 19:48:13','2014-07-27 19:48:13','15c08163-0849-408a-a33f-281eb15da906'),
	(291,83,48,23,0,3,'2014-07-27 19:48:13','2014-07-27 19:48:13','c9d5d929-3e64-4c9f-a083-fb64b7bab601'),
	(292,83,49,28,0,1,'2014-07-27 19:48:13','2014-07-27 19:48:13','232145c8-2ccc-40b9-bac1-554bd18326f6'),
	(293,83,49,3,0,2,'2014-07-27 19:48:13','2014-07-27 19:48:13','2023da70-95fc-41dc-b987-b71a2b2cf513'),
	(305,85,NULL,21,0,1,'2014-07-27 20:44:16','2014-07-27 20:44:16','7b9ed383-934e-4115-9e1f-228badde19ad'),
	(306,85,NULL,55,0,2,'2014-07-27 20:44:16','2014-07-27 20:44:16','59a4586b-12aa-4e50-9375-1539ac9cd9d1'),
	(307,86,NULL,21,0,1,'2014-07-27 20:44:56','2014-07-27 20:44:56','a97c1b03-a65a-48eb-8339-25f64fcd3ff0'),
	(589,163,67,30,1,1,'2014-07-30 15:43:55','2014-07-30 15:43:55','00a3993e-11d5-428d-b660-5e87cc0b6b5d'),
	(590,163,67,31,0,2,'2014-07-30 15:43:55','2014-07-30 15:43:55','17c8120e-481b-4475-a1c3-fd2c642cd289'),
	(591,163,67,32,0,3,'2014-07-30 15:43:55','2014-07-30 15:43:55','56091db9-4615-4b81-ab5b-ed0ff453f272'),
	(592,163,67,33,0,4,'2014-07-30 15:43:55','2014-07-30 15:43:55','e50567bb-1112-4c91-9685-c7c4011ca085'),
	(593,163,67,66,0,5,'2014-07-30 15:43:55','2014-07-30 15:43:55','faca2956-c668-4ecc-b47c-18e98285ebef'),
	(594,163,67,67,0,6,'2014-07-30 15:43:55','2014-07-30 15:43:55','2536ea5d-77e0-4820-af4c-0d30d4c126d7'),
	(595,163,67,68,0,7,'2014-07-30 15:43:55','2014-07-30 15:43:55','8054f3bd-39cb-4d7b-90c5-6f00bb4a6b7d'),
	(596,163,67,69,0,8,'2014-07-30 15:43:55','2014-07-30 15:43:55','53db9cd3-20c4-462d-8186-221a29bfaac4'),
	(597,163,67,70,0,9,'2014-07-30 15:43:55','2014-07-30 15:43:55','201c9c55-56dd-4e08-a552-e6fdb8843cd9'),
	(598,163,67,71,0,10,'2014-07-30 15:43:55','2014-07-30 15:43:55','d36088b7-4e00-4594-845a-c4ce81fbd701'),
	(599,163,67,72,0,11,'2014-07-30 15:43:55','2014-07-30 15:43:55','884d1278-8609-4def-9360-b79b947e7b87'),
	(600,163,67,34,0,12,'2014-07-30 15:43:55','2014-07-30 15:43:55','83b0111b-09db-4b3c-91a2-6ab81ae0c643'),
	(601,163,67,35,0,13,'2014-07-30 15:43:55','2014-07-30 15:43:55','47234494-6a6e-41e5-8075-3649d4cdc4b9'),
	(602,163,68,26,1,1,'2014-07-30 15:43:55','2014-07-30 15:43:55','f60e9e1f-ee38-49c5-b031-93f218078bd7'),
	(603,163,68,27,1,2,'2014-07-30 15:43:55','2014-07-30 15:43:55','948801f4-e6f3-481b-89f4-6297fe0b8b1d'),
	(604,163,68,29,0,3,'2014-07-30 15:43:55','2014-07-30 15:43:55','e64fa7b3-1090-4dbe-9a95-73ce38de3d12'),
	(605,163,68,36,1,4,'2014-07-30 15:43:55','2014-07-30 15:43:55','3107ccf8-27c5-4c4f-980d-302239a25bb8'),
	(606,163,69,20,0,1,'2014-07-30 15:43:55','2014-07-30 15:43:55','8e49ada6-d9e4-40d0-93fd-daa1c0398983'),
	(607,163,69,22,0,2,'2014-07-30 15:43:55','2014-07-30 15:43:55','46a751cd-9f8a-47fe-a89c-f445cab79433'),
	(608,163,69,23,0,3,'2014-07-30 15:43:55','2014-07-30 15:43:55','71d83533-d732-4cf4-a28c-5db1f602576d'),
	(609,163,70,3,0,1,'2014-07-30 15:43:55','2014-07-30 15:43:55','98317882-74a6-4c12-833e-e527a4ca81d0'),
	(614,165,72,26,1,1,'2014-07-31 12:52:55','2014-07-31 12:52:55','50fa2e4a-6c81-408a-9a8f-fdac2589557e'),
	(615,165,72,64,1,2,'2014-07-31 12:52:55','2014-07-31 12:52:55','8ad3ecd3-c32e-493b-b7b0-41df25fee2b0'),
	(616,165,72,27,1,3,'2014-07-31 12:52:55','2014-07-31 12:52:55','d92c1f55-88af-4a43-9c0a-3c69d94d2ac5'),
	(617,165,72,36,1,4,'2014-07-31 12:52:55','2014-07-31 12:52:55','27b70618-a95f-4131-85e2-1ec0262a775f'),
	(618,165,73,82,0,1,'2014-07-31 12:52:55','2014-07-31 12:52:55','feadf94d-688d-4100-a6a0-289d7705507a'),
	(706,189,90,84,1,1,'2014-08-05 14:40:41','2014-08-05 14:40:41','34db241a-9317-4ab8-a406-2073ee86bc51'),
	(707,189,90,85,0,2,'2014-08-05 14:40:41','2014-08-05 14:40:41','46a23fb5-1251-4f38-bc42-4d0b736a9a76'),
	(708,189,90,86,0,3,'2014-08-05 14:40:41','2014-08-05 14:40:41','1397c7bc-6fbd-40cc-b1e5-f4d1f4d3433b'),
	(709,189,90,87,1,4,'2014-08-05 14:40:41','2014-08-05 14:40:41','914f9be7-c39e-4555-a288-26aa58285bdb'),
	(710,190,91,90,1,1,'2014-08-05 14:41:19','2014-08-05 14:41:19','eba1c1e8-33a8-4e75-a0bf-74be0c86ce86'),
	(711,190,91,91,1,2,'2014-08-05 14:41:19','2014-08-05 14:41:19','0658080b-d4e9-40b3-9dcb-aad55f6dabef'),
	(712,190,91,93,0,3,'2014-08-05 14:41:19','2014-08-05 14:41:19','5cc4d3a4-a29b-4685-bd82-4598785e1561'),
	(713,190,91,56,0,4,'2014-08-05 14:41:19','2014-08-05 14:41:19','42273f31-0ded-412b-83f6-0421993144b2'),
	(714,190,91,87,1,5,'2014-08-05 14:41:19','2014-08-05 14:41:19','0fff0b2c-00a6-4240-9231-6504cb99db69'),
	(715,191,92,84,1,1,'2014-08-05 14:42:00','2014-08-05 14:42:00','519ff670-900c-4441-9fc4-22d44a87043d'),
	(716,191,92,85,0,2,'2014-08-05 14:42:00','2014-08-05 14:42:00','10568d6c-5115-4ecd-9335-4cdb52e4d5df'),
	(717,191,92,86,0,3,'2014-08-05 14:42:00','2014-08-05 14:42:00','1f2c6ed9-dbd5-4957-b3db-678dcc33200d'),
	(718,191,92,83,1,4,'2014-08-05 14:42:00','2014-08-05 14:42:00','63970533-7e53-4c14-8f54-e2140c5018d5'),
	(727,194,94,88,1,1,'2014-08-05 14:45:38','2014-08-05 14:45:38','5a2f3690-7ee5-432e-b583-e7c864eb3469'),
	(728,194,94,89,0,2,'2014-08-05 14:45:38','2014-08-05 14:45:38','6067a767-ccf0-4188-812e-2823a2413da1'),
	(729,195,95,90,1,1,'2014-08-05 14:52:17','2014-08-05 14:52:17','ad2bda57-2acf-4c22-ad2a-4ba64c686c3a'),
	(730,195,95,91,1,2,'2014-08-05 14:52:17','2014-08-05 14:52:17','7a67813a-ba3c-498e-bea4-b445cfe0bdf3'),
	(731,195,95,93,0,3,'2014-08-05 14:52:17','2014-08-05 14:52:17','fecfdc61-4fdb-4f90-9325-ff7affa14603'),
	(732,195,95,56,1,4,'2014-08-05 14:52:17','2014-08-05 14:52:17','755620a6-4bbf-4e6d-b75a-62e50a38cc68'),
	(733,195,95,60,1,5,'2014-08-05 14:52:17','2014-08-05 14:52:17','1a145437-e84e-4d1c-96aa-15d6e648e418'),
	(734,195,96,57,0,1,'2014-08-05 14:52:17','2014-08-05 14:52:17','a4413443-c381-4f72-85f0-190ffd0e20bf'),
	(735,195,97,58,0,1,'2014-08-05 14:52:17','2014-08-05 14:52:17','6593a426-d32d-4143-a8b3-e7dcf6d426c8'),
	(736,195,98,59,0,1,'2014-08-05 14:52:17','2014-08-05 14:52:17','2ec6d0ef-2f61-453e-a1ed-5e57a0d9e91b'),
	(759,204,107,26,1,1,'2014-08-05 15:45:37','2014-08-05 15:45:37','6135bff1-881c-48cf-8636-059fa5759819'),
	(760,204,107,27,1,2,'2014-08-05 15:45:37','2014-08-05 15:45:37','52ae148c-4166-437b-b49a-d3dbf6b03d32'),
	(761,204,107,65,1,3,'2014-08-05 15:45:37','2014-08-05 15:45:37','df5ae8c7-36c4-4ef3-a3d7-2297db13f201'),
	(765,206,109,26,1,1,'2014-08-05 15:47:43','2014-08-05 15:47:43','052348aa-4bde-4b51-93d5-2e0d7d4a4fe8'),
	(766,206,109,27,1,2,'2014-08-05 15:47:43','2014-08-05 15:47:43','de215101-7375-4568-9b63-0fca8f1587fb'),
	(767,206,109,62,0,3,'2014-08-05 15:47:43','2014-08-05 15:47:43','d76c51ce-583d-4af4-8dd0-654c324bb5b4'),
	(768,208,110,26,1,1,'2014-08-05 16:05:16','2014-08-05 16:05:16','7e4cd1d1-6efd-47f8-8ee3-33e7997a3b19'),
	(769,208,110,27,1,2,'2014-08-05 16:05:16','2014-08-05 16:05:16','c09b0392-ebc7-45e8-9a38-913c8894df9d'),
	(770,208,110,29,0,3,'2014-08-05 16:05:16','2014-08-05 16:05:16','e91c7e2c-4353-44a4-aceb-1d273cb2660c'),
	(771,208,110,36,1,4,'2014-08-05 16:05:16','2014-08-05 16:05:16','e0dd9558-9402-4609-a5ce-a492a9f9f8bc'),
	(772,208,111,23,0,1,'2014-08-05 16:05:16','2014-08-05 16:05:16','b064c94a-b8de-47f3-b69d-9938d83b2e59'),
	(773,208,111,22,0,2,'2014-08-05 16:05:16','2014-08-05 16:05:16','22cb6c51-eb24-4226-b38c-a1fa0d908967'),
	(774,208,111,20,0,3,'2014-08-05 16:05:16','2014-08-05 16:05:16','7b1da5b4-4704-43d6-b350-e51f830a5ffb'),
	(775,208,112,82,0,1,'2014-08-05 16:05:16','2014-08-05 16:05:16','954a6e2b-f400-47e2-b9b6-1e23a7d90711'),
	(779,210,114,26,1,1,'2014-08-05 16:07:56','2014-08-05 16:07:56','17a6a668-3e75-413e-a4cf-2b83f06813fe'),
	(780,210,114,27,1,2,'2014-08-05 16:07:56','2014-08-05 16:07:56','86a30d5a-7353-4d42-b163-68b7a81818a9'),
	(781,210,114,29,0,3,'2014-08-05 16:07:56','2014-08-05 16:07:56','c5feb6e3-ada5-49d4-82cb-0e1d6efabbaf'),
	(782,210,114,65,0,4,'2014-08-05 16:07:56','2014-08-05 16:07:56','bc7e220e-ae90-446b-aeb2-5d09ca11b894'),
	(787,212,116,26,1,1,'2014-08-05 17:20:14','2014-08-05 17:20:14','ada9ac75-571b-47d7-a771-eaf133fd1d8e'),
	(788,212,116,27,1,2,'2014-08-05 17:20:14','2014-08-05 17:20:14','20f62186-044c-4abd-9af7-4d0ad94307fd'),
	(789,212,116,29,0,3,'2014-08-05 17:20:14','2014-08-05 17:20:14','7aa37648-3764-4ae2-82c8-f96f2abaf205'),
	(790,212,116,65,0,4,'2014-08-05 17:20:14','2014-08-05 17:20:14','e558a1b9-eb43-4548-a049-bf4fcee46658'),
	(791,213,117,26,1,1,'2014-08-05 17:33:17','2014-08-05 17:33:17','ff9cb647-71d6-4555-9087-84058e1c9ad0'),
	(792,213,117,27,1,2,'2014-08-05 17:33:17','2014-08-05 17:33:17','6a5a2763-c89b-4d3d-b325-39e57e4012af'),
	(793,213,117,29,0,3,'2014-08-05 17:33:17','2014-08-05 17:33:17','a996ee77-6543-463a-aa28-06f00e87ef6b'),
	(794,213,117,65,0,4,'2014-08-05 17:33:17','2014-08-05 17:33:17','a03b77aa-bef1-4b23-82bc-95d651e5d7ae'),
	(795,214,118,20,1,1,'2014-08-05 22:31:40','2014-08-05 22:31:40','fb84da30-ce38-4489-b7f7-50d9516cdd6b'),
	(796,214,118,22,0,2,'2014-08-05 22:31:40','2014-08-05 22:31:40','f01ae9ec-18ab-4c29-9f58-a1cc45eac27b'),
	(797,214,118,23,0,3,'2014-08-05 22:31:40','2014-08-05 22:31:40','4cf604ef-c03e-4e40-86da-218fd5acc59c'),
	(798,214,118,24,1,4,'2014-08-05 22:31:40','2014-08-05 22:31:40','c4b0e1f5-5fe9-4c55-981f-bd7c14161c46'),
	(799,214,118,25,1,5,'2014-08-05 22:31:40','2014-08-05 22:31:40','142506eb-2ea0-4912-b1b6-403fc4116579'),
	(800,214,118,95,0,6,'2014-08-05 22:31:40','2014-08-05 22:31:40','cdf565a9-245e-4eb3-9d92-0531c464ddaf'),
	(801,214,119,15,0,1,'2014-08-05 22:31:40','2014-08-05 22:31:40','39d4154b-5da4-49b1-beb9-bf3b55aaa4f3'),
	(802,214,119,16,0,2,'2014-08-05 22:31:40','2014-08-05 22:31:40','ae918fd6-265c-4598-abd9-932cfca8f656'),
	(803,214,119,17,0,3,'2014-08-05 22:31:40','2014-08-05 22:31:40','e6fb8ec1-3aae-4605-a28e-94a741ce5d65'),
	(804,214,119,18,0,4,'2014-08-05 22:31:40','2014-08-05 22:31:40','c12f72d7-32de-4671-bea8-4e00963ee0b4'),
	(805,214,119,19,0,5,'2014-08-05 22:31:40','2014-08-05 22:31:40','5e7be056-b9d8-4510-b602-b9fe3b9157e9'),
	(809,218,122,36,1,1,'2014-08-07 14:00:40','2014-08-07 14:00:40','8977109f-f8ee-4664-b381-be4735cf300c'),
	(811,222,124,26,1,1,'2014-08-07 14:29:41','2014-08-07 14:29:41','2841e363-bbf5-4bd4-b4a3-7da706e1674b'),
	(812,222,124,27,1,2,'2014-08-07 14:29:41','2014-08-07 14:29:41','4c5333e6-ac4e-4771-9be9-72253c1e7a1d'),
	(813,222,124,29,0,3,'2014-08-07 14:29:41','2014-08-07 14:29:41','0a680e47-be12-4477-9ffb-c0e8e239c46a'),
	(814,222,124,36,1,4,'2014-08-07 14:29:41','2014-08-07 14:29:41','937cca73-bd2f-4dea-86c1-4c579997d2e5'),
	(815,222,125,23,0,1,'2014-08-07 14:29:41','2014-08-07 14:29:41','55ec4cd0-b3cf-4dd6-9ef9-b5a62f4451ab'),
	(816,222,125,22,0,2,'2014-08-07 14:29:41','2014-08-07 14:29:41','0e7edf5c-0576-47f9-be51-f4adcd0c7eb5'),
	(817,222,125,20,0,3,'2014-08-07 14:29:41','2014-08-07 14:29:41','db5baefd-b9af-42fe-a443-423871dc7278'),
	(818,222,126,82,0,1,'2014-08-07 14:29:41','2014-08-07 14:29:41','4d421fcc-69df-45f8-aa52-a308e6f3f982'),
	(1014,283,NULL,37,0,1,'2014-08-08 16:19:43','2014-08-08 16:19:43','4f549090-4d58-4b56-af9b-008c2cdff267'),
	(1015,284,NULL,38,1,1,'2014-08-08 16:19:43','2014-08-08 16:19:43','1ccf1219-2c77-4133-b6af-593d05d50411'),
	(1016,284,NULL,39,1,2,'2014-08-08 16:19:43','2014-08-08 16:19:43','a2572d7b-c5b6-4e69-95dd-5a2e021342c4'),
	(1017,284,NULL,40,0,3,'2014-08-08 16:19:43','2014-08-08 16:19:43','71a440ca-2350-4511-9d7c-4438e7fcb6fd'),
	(1018,284,NULL,41,0,4,'2014-08-08 16:19:43','2014-08-08 16:19:43','557c841d-b691-4ec8-a2ed-051bd4f34c89'),
	(1019,285,NULL,43,1,1,'2014-08-08 16:19:43','2014-08-08 16:19:43','dcdcaf24-b121-4924-b16e-a1ad79b4af4e'),
	(1020,286,NULL,44,1,1,'2014-08-08 16:19:43','2014-08-08 16:19:43','940d2865-3191-4b8c-9524-291846e53b99'),
	(1021,286,NULL,45,1,2,'2014-08-08 16:19:43','2014-08-08 16:19:43','4d4e3aa2-ce5f-474d-907a-1a6ca85ed576'),
	(1022,286,NULL,46,0,3,'2014-08-08 16:19:43','2014-08-08 16:19:43','532b9522-3bb6-4777-9089-0b820e26a0b2'),
	(1023,287,NULL,47,1,1,'2014-08-08 16:19:43','2014-08-08 16:19:43','8ae86a11-b4a3-4421-bbba-b60e1a9fc536'),
	(1024,287,NULL,48,1,2,'2014-08-08 16:19:43','2014-08-08 16:19:43','de3ed96e-5ff9-47c0-9c27-da884e5b2685'),
	(1025,287,NULL,49,0,3,'2014-08-08 16:19:43','2014-08-08 16:19:43','0bb9c827-ec5d-4005-bc90-494dbffcb41b'),
	(1026,288,NULL,50,1,1,'2014-08-08 16:19:44','2014-08-08 16:19:44','bd42bac9-a839-467a-b9bc-d9a97b143b64'),
	(1027,288,NULL,51,1,2,'2014-08-08 16:19:44','2014-08-08 16:19:44','86628b1e-745a-48a3-8158-ab83e4518efa'),
	(1028,288,NULL,53,0,3,'2014-08-08 16:19:44','2014-08-08 16:19:44','fb863d71-d4ca-4afc-a2e1-c094d84ee9b5'),
	(1029,288,NULL,52,0,4,'2014-08-08 16:19:44','2014-08-08 16:19:44','e7892e73-0d93-4b64-a026-bb1246e4f295'),
	(1030,289,NULL,96,1,1,'2014-08-08 16:19:44','2014-08-08 16:19:44','a0d1902d-cdc3-45d9-8c0c-da518beda251'),
	(1031,289,NULL,97,0,2,'2014-08-08 16:19:44','2014-08-08 16:19:44','b05cbc34-1538-447d-a9f5-ef236d5fb820'),
	(1032,289,NULL,98,1,3,'2014-08-08 16:19:44','2014-08-08 16:19:44','5e0c6ed8-5fa5-4029-b350-8bf832c8f305'),
	(1033,289,NULL,99,1,4,'2014-08-08 16:19:44','2014-08-08 16:19:44','0fba87ec-7022-48c0-8c8c-b47d563531ef'),
	(1034,289,NULL,100,0,5,'2014-08-08 16:19:44','2014-08-08 16:19:44','d671ee47-ce97-4205-a18a-d639d61e5c30'),
	(1035,289,NULL,101,0,6,'2014-08-08 16:19:44','2014-08-08 16:19:44','e089d6f5-e853-4db5-934b-168d26e50753'),
	(1075,295,NULL,112,1,1,'2014-08-12 15:52:59','2014-08-12 15:52:59','cad5b435-cf0d-4f34-bb57-5a60227c5a5d'),
	(1076,295,NULL,113,1,2,'2014-08-12 15:52:59','2014-08-12 15:52:59','2735617f-9326-4ea7-a007-6d891a712968'),
	(1077,295,NULL,114,1,3,'2014-08-12 15:52:59','2014-08-12 15:52:59','d5a8201b-b000-45af-af10-de56bf574e0e'),
	(1078,295,NULL,115,1,4,'2014-08-12 15:52:59','2014-08-12 15:52:59','f301787d-448d-4c71-be2b-8a9252c78a3c'),
	(1079,295,NULL,116,1,5,'2014-08-12 15:52:59','2014-08-12 15:52:59','ea4210b7-bce2-4d86-8bd7-d325fd3c39fb'),
	(1097,297,NULL,122,1,1,'2014-08-12 16:13:26','2014-08-12 16:13:26','b084a994-04ec-4b6d-aaed-0566dafbe212'),
	(1098,297,NULL,123,0,2,'2014-08-12 16:13:26','2014-08-12 16:13:26','dac9e830-4aa1-4a30-bd68-66c459b445d5'),
	(1099,297,NULL,124,0,3,'2014-08-12 16:13:26','2014-08-12 16:13:26','25d50cc2-2aa2-4e69-8fd2-31f77de4ce9b'),
	(1121,299,143,26,1,1,'2014-08-12 17:01:35','2014-08-12 17:01:35','c56efad0-9f19-46bb-aeaa-36192e58e5e0'),
	(1122,299,143,27,1,2,'2014-08-12 17:01:35','2014-08-12 17:01:35','283510b1-6809-4148-bdd5-71e50c15bf59'),
	(1123,299,143,65,0,3,'2014-08-12 17:01:35','2014-08-12 17:01:35','681baae5-8131-4bd6-8856-49516d808ba0'),
	(1124,299,144,128,0,1,'2014-08-12 17:01:35','2014-08-12 17:01:35','81b7d2c3-f0c0-4fe7-87c4-fa4d06faead9'),
	(1125,299,144,126,0,2,'2014-08-12 17:01:35','2014-08-12 17:01:35','bceadccb-1805-4d47-8617-ceec3b91319a'),
	(1126,299,144,127,0,3,'2014-08-12 17:01:35','2014-08-12 17:01:35','81c5d914-025d-4a74-9d9a-77425a6be9cc'),
	(1127,299,144,129,0,4,'2014-08-12 17:01:35','2014-08-12 17:01:35','c7ddd333-f679-4bda-b2b1-15c2d6c18a55'),
	(1128,299,145,106,0,1,'2014-08-12 17:01:35','2014-08-12 17:01:35','580eb658-9fbc-4fe4-b6f9-775a0131cbc8'),
	(1129,299,145,104,0,2,'2014-08-12 17:01:35','2014-08-12 17:01:35','037150d5-447b-4e11-b9c8-1d2e3f436a43'),
	(1130,299,145,105,0,3,'2014-08-12 17:01:35','2014-08-12 17:01:35','58aa018d-9eb5-415f-8b37-5742534c5a71'),
	(1131,299,145,102,0,4,'2014-08-12 17:01:35','2014-08-12 17:01:35','12b3438c-4089-446a-96d4-8a87660563e6'),
	(1132,299,145,103,0,5,'2014-08-12 17:01:35','2014-08-12 17:01:35','323dcd48-8532-46c7-93ae-d14b4f1a67b1'),
	(1133,299,146,108,0,1,'2014-08-12 17:01:35','2014-08-12 17:01:35','5b5b0ee7-9990-425d-b349-71bfbb390506'),
	(1134,299,146,109,0,2,'2014-08-12 17:01:35','2014-08-12 17:01:35','4a843d86-b392-49e9-a1e0-870348c0b705'),
	(1135,299,146,110,0,3,'2014-08-12 17:01:35','2014-08-12 17:01:35','21025150-73d1-417a-9264-64bbf8bdaf0d'),
	(1136,299,146,107,0,4,'2014-08-12 17:01:35','2014-08-12 17:01:35','3b197fda-af86-4028-a028-07ace38516a8'),
	(1137,299,146,125,0,5,'2014-08-12 17:01:35','2014-08-12 17:01:35','9baa552b-e3c2-4dc3-a6fb-42df757258b3'),
	(1138,299,146,111,0,6,'2014-08-12 17:01:35','2014-08-12 17:01:35','9bfc2094-4406-43f3-986d-69819d5ba126'),
	(1139,299,147,118,0,1,'2014-08-12 17:01:35','2014-08-12 17:01:35','3c849ede-884e-4dbf-9594-8ca0e126c2d4'),
	(1140,299,147,119,0,2,'2014-08-12 17:01:35','2014-08-12 17:01:35','ef3511b3-cec4-4136-a365-5bebbc5b1ed1'),
	(1141,299,147,120,0,3,'2014-08-12 17:01:35','2014-08-12 17:01:35','ef6105b7-31f5-46a4-8a6b-ebb4c1173f23'),
	(1142,299,147,117,0,4,'2014-08-12 17:01:35','2014-08-12 17:01:35','6c125396-6dfe-4c30-824b-e7e068b8aedd'),
	(1143,299,147,121,0,5,'2014-08-12 17:01:35','2014-08-12 17:01:35','143906b9-543a-4a5a-99f4-adacbcd2a9a4'),
	(1144,300,148,26,1,1,'2014-08-12 21:30:13','2014-08-12 21:30:13','6b60c14d-ad5e-472f-ae89-6ad9353003b1'),
	(1145,300,148,27,1,2,'2014-08-12 21:30:13','2014-08-12 21:30:13','216cb981-58cd-4e87-b7b1-fe59d0534504'),
	(1146,300,148,65,1,3,'2014-08-12 21:30:13','2014-08-12 21:30:13','66e822b7-34ad-4fc2-8882-0664b00709f1'),
	(1155,303,151,26,1,1,'2014-08-12 21:33:54','2014-08-12 21:33:54','b3799434-0ea8-4286-9868-0ef45f58a7b6'),
	(1156,303,151,27,1,2,'2014-08-12 21:33:54','2014-08-12 21:33:54','5c345bc9-60c8-4395-8668-55d06fc04ec6'),
	(1157,303,151,65,1,3,'2014-08-12 21:33:54','2014-08-12 21:33:54','ed816d68-9145-4126-ad30-f5dda8de28a0');

/*!40000 ALTER TABLE `craft_fieldlayoutfields` ENABLE KEYS */;
UNLOCK TABLES;


# Dump of table craft_fieldlayouts
# ------------------------------------------------------------

DROP TABLE IF EXISTS `craft_fieldlayouts`;

CREATE TABLE `craft_fieldlayouts` (
  `id` int(11) NOT NULL AUTO_INCREMENT,
  `type` varchar(150) COLLATE utf8_unicode_ci NOT NULL,
  `dateCreated` datetime NOT NULL,
  `dateUpdated` datetime NOT NULL,
  `uid` char(36) COLLATE utf8_unicode_ci NOT NULL DEFAULT '0',
  PRIMARY KEY (`id`),
  KEY `craft_fieldlayouts_type_idx` (`type`)
) ENGINE=InnoDB DEFAULT CHARSET=utf8 COLLATE=utf8_unicode_ci;

LOCK TABLES `craft_fieldlayouts` WRITE;
/*!40000 ALTER TABLE `craft_fieldlayouts` DISABLE KEYS */;

INSERT INTO `craft_fieldlayouts` (`id`, `type`, `dateCreated`, `dateUpdated`, `uid`)
VALUES
	(12,'GlobalSet','2014-07-17 14:43:02','2014-07-17 14:43:02','3f8b2a8d-f9b0-439d-9fc4-1f17bab66e58'),
	(14,'GlobalSet','2014-07-17 14:44:28','2014-07-17 14:44:28','8125c6b4-a5d8-4e4b-b1ce-172ee1d5177a'),
	(21,'Entry','2014-07-21 13:54:57','2014-07-21 13:54:57','bb100af0-5c22-4e6a-ae34-14409510728c'),
	(62,'Asset','2014-07-21 21:55:41','2014-07-21 21:55:41','0c6aa86f-0ff8-4309-a7fb-b9b8600a1f5c'),
	(67,'GlobalSet','2014-07-22 14:21:30','2014-07-22 14:21:30','0ab01b75-0b4f-4817-987c-3d9aaba868f1'),
	(69,'User','2014-07-22 14:36:27','2014-07-22 14:36:27','731116c7-8cbe-46d8-abc7-3dcad1b2bb91'),
	(82,'Tag','2014-07-27 19:45:04','2014-07-27 19:45:04','7f338833-fe85-4f8e-955a-e1d7a5cf6364'),
	(83,'Entry','2014-07-27 19:48:13','2014-07-27 19:48:13','1daf3f5e-9024-4979-a419-fbfc184bc551'),
	(85,'Asset','2014-07-27 20:44:16','2014-07-27 20:44:16','824883bc-b535-48a0-8702-89057f0d14c4'),
	(86,'Asset','2014-07-27 20:44:56','2014-07-27 20:44:56','296bdec0-39d6-40a0-9c28-df18cbb0f8eb'),
	(163,'Entry','2014-07-30 15:43:55','2014-07-30 15:43:55','ae49a8ad-6dfb-49b6-86f6-d47e9ff3b38a'),
	(165,'Entry','2014-07-31 12:52:55','2014-07-31 12:52:55','3967b098-e05f-429c-aecc-f8f95c4e2c17'),
	(167,'Category','2014-08-05 13:17:29','2014-08-05 13:17:29','041be979-e856-42cb-a714-f2d16be93c1a'),
	(168,'Category','2014-08-05 13:17:59','2014-08-05 13:17:59','0e94ddc5-222f-45d1-8edb-4342275fe78b'),
	(169,'Category','2014-08-05 13:18:17','2014-08-05 13:18:17','fec03755-e552-4c87-87bb-e97e89b37a4b'),
	(189,'Entry','2014-08-05 14:40:41','2014-08-05 14:40:41','1deec01b-df46-4212-80c8-3d93b036ac0a'),
	(190,'Entry','2014-08-05 14:41:19','2014-08-05 14:41:19','a4f4613b-30ea-4a64-9542-27b0862593eb'),
	(191,'Entry','2014-08-05 14:42:00','2014-08-05 14:42:00','028b4bf4-995f-443b-bd72-fc682c32dea7'),
	(194,'Entry','2014-08-05 14:45:38','2014-08-05 14:45:38','eb96533b-966f-489c-9698-1b008f31d101'),
	(195,'Entry','2014-08-05 14:52:17','2014-08-05 14:52:17','5ad7aade-fe97-4d65-a784-b63bf031d1e7'),
	(204,'Entry','2014-08-05 15:45:37','2014-08-05 15:45:37','bff8997d-670a-42f0-b162-14c66592d265'),
	(206,'Entry','2014-08-05 15:47:43','2014-08-05 15:47:43','66619b68-81c5-49da-a949-bb227a74832f'),
	(208,'Entry','2014-08-05 16:05:16','2014-08-05 16:05:16','7a503bf8-3856-43a2-a7e1-63636f64ffb8'),
	(210,'Entry','2014-08-05 16:07:56','2014-08-05 16:07:56','bf48ad97-c8fe-4bdf-84b7-c0e124c5cafb'),
	(212,'Entry','2014-08-05 17:20:14','2014-08-05 17:20:14','cdf267f2-4fc4-4ea1-9707-ab9564d15df5'),
	(213,'Entry','2014-08-05 17:33:17','2014-08-05 17:33:17','557570dc-210b-490b-a962-72e0a4634527'),
	(214,'Entry','2014-08-05 22:31:40','2014-08-05 22:31:40','b2fa3931-ac83-4402-ab5e-2c79ab4c1dbc'),
	(218,'Entry','2014-08-07 14:00:40','2014-08-07 14:00:40','96b9d060-4737-4ed8-aa54-29db3a59686b'),
	(222,'Entry','2014-08-07 14:29:41','2014-08-07 14:29:41','34186efe-485c-4e0a-b4c3-6240817aef35'),
	(283,'MatrixBlock','2014-08-08 16:19:43','2014-08-08 16:19:43','ef186022-3403-41da-8642-640b13e50af5'),
	(284,'MatrixBlock','2014-08-08 16:19:43','2014-08-08 16:19:43','7c6ffa49-b6d7-48bd-a407-bed6a8bf2f86'),
	(285,'MatrixBlock','2014-08-08 16:19:43','2014-08-08 16:19:43','44dafaec-654d-467e-951c-d2c3d1f8ba23'),
	(286,'MatrixBlock','2014-08-08 16:19:43','2014-08-08 16:19:43','c5e6b395-0f4d-4dd7-938b-957860bb05d4'),
	(287,'MatrixBlock','2014-08-08 16:19:43','2014-08-08 16:19:43','793763dd-1e2f-4142-abd4-13a343dd9834'),
	(288,'MatrixBlock','2014-08-08 16:19:44','2014-08-08 16:19:44','37bc41ea-b732-4ec0-a2bb-5f7cd51ad503'),
	(289,'MatrixBlock','2014-08-08 16:19:44','2014-08-08 16:19:44','79946c60-8694-4ca5-9a4c-fbf90a88be22'),
	(295,'MatrixBlock','2014-08-12 15:52:59','2014-08-12 15:52:59','d1f6c17f-4d02-45ab-a9da-aeb10f6c427c'),
	(297,'MatrixBlock','2014-08-12 16:13:26','2014-08-12 16:13:26','a43b83b3-fe09-4b35-a6a3-e9e403241d10'),
	(299,'Entry','2014-08-12 17:01:35','2014-08-12 17:01:35','198bec07-6842-49ee-97ae-580b682962e4'),
	(300,'Entry','2014-08-12 21:30:13','2014-08-12 21:30:13','70d610e1-5a59-40de-897f-5bf58776241a'),
	(303,'Entry','2014-08-12 21:33:54','2014-08-12 21:33:54','1dcb4b4e-8f83-41a8-8b84-ba78c936482f');

/*!40000 ALTER TABLE `craft_fieldlayouts` ENABLE KEYS */;
UNLOCK TABLES;


# Dump of table craft_fieldlayouttabs
# ------------------------------------------------------------

DROP TABLE IF EXISTS `craft_fieldlayouttabs`;

CREATE TABLE `craft_fieldlayouttabs` (
  `id` int(11) NOT NULL AUTO_INCREMENT,
  `layoutId` int(11) NOT NULL,
  `name` varchar(255) COLLATE utf8_unicode_ci NOT NULL,
  `sortOrder` tinyint(4) DEFAULT NULL,
  `dateCreated` datetime NOT NULL,
  `dateUpdated` datetime NOT NULL,
  `uid` char(36) COLLATE utf8_unicode_ci NOT NULL DEFAULT '0',
  PRIMARY KEY (`id`),
  KEY `craft_fieldlayouttabs_sortOrder_idx` (`sortOrder`),
  KEY `craft_fieldlayouttabs_layoutId_fk` (`layoutId`),
  CONSTRAINT `craft_fieldlayouttabs_layoutId_fk` FOREIGN KEY (`layoutId`) REFERENCES `craft_fieldlayouts` (`id`) ON DELETE CASCADE
) ENGINE=InnoDB DEFAULT CHARSET=utf8 COLLATE=utf8_unicode_ci;

LOCK TABLES `craft_fieldlayouttabs` WRITE;
/*!40000 ALTER TABLE `craft_fieldlayouttabs` DISABLE KEYS */;

INSERT INTO `craft_fieldlayouttabs` (`id`, `layoutId`, `name`, `sortOrder`, `dateCreated`, `dateUpdated`, `uid`)
VALUES
	(5,21,'Content',1,'2014-07-21 13:54:57','2014-07-21 13:54:57','d972f4e6-dd18-47f5-8bf4-9a9c9ba037d1'),
	(47,83,'Content',1,'2014-07-27 19:48:13','2014-07-27 19:48:13','43288e6d-8aed-490e-9a4d-565c95e0d34e'),
	(48,83,'Hero image',2,'2014-07-27 19:48:13','2014-07-27 19:48:13','be197e4e-8a45-442f-8182-e87a4577eb4a'),
	(49,83,'Metadata',3,'2014-07-27 19:48:13','2014-07-27 19:48:13','4d84a7c8-00aa-4ecc-ab90-5da54048fe8f'),
	(67,163,'Details',1,'2014-07-30 15:43:55','2014-07-30 15:43:55','4b8ea768-9ec3-4ee6-bb2e-ab9d5997e1ad'),
	(68,163,'Description',2,'2014-07-30 15:43:55','2014-07-30 15:43:55','e2cb17c7-ea39-4ab1-9b7b-39d4434a2c32'),
	(69,163,'Hero image',3,'2014-07-30 15:43:55','2014-07-30 15:43:55','04b75b79-c1f7-47eb-bc6c-a697e98d159b'),
	(70,163,'Metadata',4,'2014-07-30 15:43:55','2014-07-30 15:43:55','1ddd2458-b5c2-444f-bac6-3eb5311435bb'),
	(72,165,'Content',1,'2014-07-31 12:52:55','2014-07-31 12:52:55','f152f242-27ee-4958-b1f2-c0f1e3a60866'),
	(73,165,'Related',2,'2014-07-31 12:52:55','2014-07-31 12:52:55','e327877c-2e0d-4098-a2c8-aaa0b14df98f'),
	(90,189,'Details',1,'2014-08-05 14:40:41','2014-08-05 14:40:41','1a08d58f-7b17-4306-a051-b2f6e9666b79'),
	(91,190,'Details',1,'2014-08-05 14:41:19','2014-08-05 14:41:19','1634f51e-183f-406b-a86a-7b536fc5c13d'),
	(92,191,'Details',1,'2014-08-05 14:42:00','2014-08-05 14:42:00','fffc4a9c-f381-4d9c-8e04-f8036772add4'),
	(94,194,'Event details',1,'2014-08-05 14:45:38','2014-08-05 14:45:38','ee9f7471-9cb9-410b-9b68-330f642dfd8d'),
	(95,195,'Details',1,'2014-08-05 14:52:17','2014-08-05 14:52:17','509b1b4e-7bb8-426e-a95c-a1e103d151a0'),
	(96,195,'For staff',2,'2014-08-05 14:52:17','2014-08-05 14:52:17','dda9d593-a03f-4c87-9077-2ce02e5872d0'),
	(97,195,'For board members',3,'2014-08-05 14:52:17','2014-08-05 14:52:17','3dc4e4db-08c5-43ef-8a76-66aa48ab52fb'),
	(98,195,'For advisors & scientists',4,'2014-08-05 14:52:17','2014-08-05 14:52:17','d8271250-93fd-49de-a2a0-b4a7a6be5768'),
	(107,204,'Content',1,'2014-08-05 15:45:37','2014-08-05 15:45:37','58d16e91-901e-45ab-b631-a3297b41abac'),
	(109,206,'Content',1,'2014-08-05 15:47:43','2014-08-05 15:47:43','7e1bf0cd-4a86-4c47-8e47-a29d427ed5dd'),
	(110,208,'Content',1,'2014-08-05 16:05:16','2014-08-05 16:05:16','04084555-fa9d-4779-8887-b33e111830c1'),
	(111,208,'Hero Image',2,'2014-08-05 16:05:16','2014-08-05 16:05:16','8fce6c70-eb60-49c6-8ca0-1fc8730f31c6'),
	(112,208,'Related',3,'2014-08-05 16:05:16','2014-08-05 16:05:16','b1cead74-5b96-4fe8-8a8f-5eec27767adf'),
	(114,210,'Content',1,'2014-08-05 16:07:56','2014-08-05 16:07:56','8d9c1edb-ad60-49ab-9178-1a208831ce31'),
	(116,212,'Content',1,'2014-08-05 17:20:14','2014-08-05 17:20:14','b028e3e5-577b-40c4-b402-47294ed6336f'),
	(117,213,'Content',1,'2014-08-05 17:33:17','2014-08-05 17:33:17','fb2cd27e-5162-4974-a2e5-d0d4575fb4a5'),
	(118,214,'Content',1,'2014-08-05 22:31:40','2014-08-05 22:31:40','320760f9-04ee-45ed-9503-c84f50829bf6'),
	(119,214,'Alert',2,'2014-08-05 22:31:40','2014-08-05 22:31:40','d623bab9-119c-4959-b1b1-63caf6722a5a'),
	(122,218,'Content',1,'2014-08-07 14:00:40','2014-08-07 14:00:40','13ae0f7a-85b0-4465-8d2b-267c04964480'),
	(124,222,'Content',1,'2014-08-07 14:29:41','2014-08-07 14:29:41','da8b7745-c59c-4c66-a96d-12e77776940c'),
	(125,222,'Hero Image',2,'2014-08-07 14:29:41','2014-08-07 14:29:41','89cab321-3302-484e-8ab3-23d7431d791d'),
	(126,222,'Related',3,'2014-08-07 14:29:41','2014-08-07 14:29:41','73d121dd-c74b-4d8b-ad76-2a83c80cb929'),
	(143,299,'Content',1,'2014-08-12 17:01:35','2014-08-12 17:01:35','49804a53-d946-41ed-95e9-07fce15d55a3'),
	(144,299,'Comparison exhibit',2,'2014-08-12 17:01:35','2014-08-12 17:01:35','ffadc3b9-6c71-4931-a77d-684fadd4537b'),
	(145,299,'Historical exhibit',3,'2014-08-12 17:01:35','2014-08-12 17:01:35','c0cb2cd2-9340-4bb7-81f7-acdcc065224c'),
	(146,299,'Nesting exhibit',4,'2014-08-12 17:01:35','2014-08-12 17:01:35','d79ca581-f217-4140-87e8-3da61d0fab3b'),
	(147,299,'Hatchery exhibit',5,'2014-08-12 17:01:35','2014-08-12 17:01:35','c3440dee-de49-4ae0-8a4f-d079130cd14e'),
	(148,300,'Content',1,'2014-08-12 21:30:13','2014-08-12 21:30:13','0d46db9c-e647-4365-9b4a-e5845b865e71'),
	(151,303,'Content',1,'2014-08-12 21:33:54','2014-08-12 21:33:54','9596235b-605d-4155-a5e2-c4721b4dea61');

/*!40000 ALTER TABLE `craft_fieldlayouttabs` ENABLE KEYS */;
UNLOCK TABLES;


# Dump of table craft_fields
# ------------------------------------------------------------

DROP TABLE IF EXISTS `craft_fields`;

CREATE TABLE `craft_fields` (
  `id` int(11) NOT NULL AUTO_INCREMENT,
  `groupId` int(11) DEFAULT NULL,
  `name` varchar(255) COLLATE utf8_unicode_ci NOT NULL,
  `handle` varchar(58) COLLATE utf8_unicode_ci NOT NULL,
  `context` varchar(255) COLLATE utf8_unicode_ci NOT NULL DEFAULT 'global',
  `instructions` text COLLATE utf8_unicode_ci,
  `translatable` tinyint(1) unsigned NOT NULL DEFAULT '0',
  `type` varchar(150) COLLATE utf8_unicode_ci NOT NULL,
  `settings` text COLLATE utf8_unicode_ci,
  `dateCreated` datetime NOT NULL,
  `dateUpdated` datetime NOT NULL,
  `uid` char(36) COLLATE utf8_unicode_ci NOT NULL DEFAULT '0',
  PRIMARY KEY (`id`),
  UNIQUE KEY `craft_fields_handle_context_unq_idx` (`handle`,`context`),
  KEY `craft_fields_context_idx` (`context`),
  KEY `craft_fields_groupId_fk` (`groupId`),
  CONSTRAINT `craft_fields_groupId_fk` FOREIGN KEY (`groupId`) REFERENCES `craft_fieldgroups` (`id`) ON DELETE CASCADE
) ENGINE=InnoDB DEFAULT CHARSET=utf8 COLLATE=utf8_unicode_ci;

LOCK TABLES `craft_fields` WRITE;
/*!40000 ALTER TABLE `craft_fields` DISABLE KEYS */;

INSERT INTO `craft_fields` (`id`, `groupId`, `name`, `handle`, `context`, `instructions`, `translatable`, `type`, `settings`, `dateCreated`, `dateUpdated`, `uid`)
VALUES
	(1,1,'Heading','heading','global',NULL,1,'PlainText',NULL,'2014-07-16 22:01:00','2014-07-16 22:01:00','699e79d6-3bf9-47b0-acce-fba258e5a170'),
	(2,1,'Body','body','global',NULL,1,'RichText','{\"configFile\":\"Standard.json\"}','2014-07-16 22:01:00','2014-07-16 22:01:00','25303839-eb96-4771-af6e-0165f35c545c'),
	(3,7,'News Tags','newsTags','global','Assign tags to this news and events item. Assign separate tags for english and spanish versions.',1,'Tags','{\"source\":\"taggroup:2\",\"targetLocale\":\"\"}','2014-07-16 22:01:00','2014-07-27 19:47:21','30bf7d54-fd61-4c08-99e6-b8d42f9c6fc2'),
	(7,3,'Facebook URL','facebookUrl','global','Full url to facebook page',0,'PlainText','{\"placeholder\":\"\",\"maxLength\":\"\",\"multiline\":\"\",\"initialRows\":\"4\"}','2014-07-17 14:32:07','2014-07-17 14:32:07','9b399a49-81d2-41aa-8e77-9d3f56173242'),
	(9,3,'Twitter handle','twitterHandle','global','Don\'t forget the \'@\'',0,'PlainText','{\"placeholder\":\"\",\"maxLength\":\"\",\"multiline\":\"\",\"initialRows\":\"4\"}','2014-07-17 14:33:07','2014-07-22 14:20:04','8499c0ce-b92e-4ae8-ac8a-ffa11758c1b1'),
	(10,3,'YouTube URL','youtubeUrl','global','Full URL to YouTube profile',0,'PlainText','{\"placeholder\":\"\",\"maxLength\":\"\",\"multiline\":\"\",\"initialRows\":\"4\"}','2014-07-17 14:33:40','2014-07-17 14:33:40','f7687c6b-ca4f-4236-bc57-64dd940b0691'),
	(11,4,'Google analytics ID','googleAnalyticsId','global','UA-XX-XXXXXX',0,'PlainText','{\"placeholder\":\"\",\"maxLength\":\"\",\"multiline\":\"\",\"initialRows\":\"4\"}','2014-07-17 14:38:10','2014-07-17 20:04:18','8fdbb602-f982-4b06-ab0e-f2987f13b563'),
	(12,4,'Meta description','metaDescription','global','Meta description for the site for search engines',1,'PlainText','{\"placeholder\":\"\",\"maxLength\":\"\",\"multiline\":\"\",\"initialRows\":\"4\"}','2014-07-17 14:39:32','2014-07-17 20:12:32','e7063eb0-586f-4094-8500-b6068e762087'),
	(13,4,'Meta keywords','metaKeywords','global','A comma-separated list of keywords for search engines',1,'PlainText','{\"placeholder\":\"\",\"maxLength\":\"\",\"multiline\":\"\",\"initialRows\":\"4\"}','2014-07-17 14:40:27','2014-07-17 20:12:40','da865886-0089-4422-96fc-566b3aa674be'),
	(14,5,'Available methods','methods','global','Which sharing methods should be offered on pages, articles and content?',0,'Checkboxes','{\"options\":[{\"label\":\"Email\",\"value\":\"email\",\"default\":\"1\"},{\"label\":\"Twitter\",\"value\":\"twitter\",\"default\":\"1\"},{\"label\":\"Facebook\",\"value\":\"facebook\",\"default\":\"1\"}]}','2014-07-17 14:42:39','2014-07-17 20:04:59','c0991f51-db11-417a-beaf-af7f474d6939'),
	(15,6,'Show alert?','showAlert','global','If on, the alert will be visible on the homepage',1,'Lightswitch',NULL,'2014-07-17 14:50:39','2014-07-19 17:17:50','96510ef6-c9c0-4d77-8b34-6b406054bcf2'),
	(16,6,'Alert headline','alertHeadline','global','Optional headline for the alert',1,'RichText','{\"configFile\":\"Simple.json\",\"cleanupHtml\":\"1\"}','2014-07-17 14:53:00','2014-07-17 14:54:47','567ce305-6ab4-445a-b042-411a7ea764e5'),
	(17,6,'Alert body','alertBody','global','The body of the alert. One sentence max. Keep this short.',1,'RichText','{\"configFile\":\"Simple.json\",\"cleanupHtml\":\"1\"}','2014-07-17 14:53:45','2014-07-17 14:54:41','6b504164-6080-491c-b0d4-995740a80457'),
	(18,6,'Action link text','alertActionText','global','The text for the action link that appears at the end of the alert.',1,'PlainText','{\"placeholder\":\"\",\"maxLength\":\"20\",\"multiline\":\"\",\"initialRows\":\"4\"}','2014-07-17 14:54:35','2014-07-19 17:31:32','694c96c8-1bb0-4e40-93eb-05bf7fbdd784'),
	(19,6,'Action link URL','alertActionUrl','global','The full URL for the action link',1,'PlainText','{\"placeholder\":\"\",\"maxLength\":\"\",\"multiline\":\"\",\"initialRows\":\"4\"}','2014-07-17 14:55:51','2014-07-17 14:55:51','bb455032-20d5-4e83-86be-f881ae0747a6'),
	(20,14,'Hero image','heroImage','global','Minimum width: 1600 pixels',1,'Assets','{\"useSingleFolder\":\"\",\"sources\":[\"folder:1\"],\"defaultUploadLocationSource\":\"1\",\"defaultUploadLocationSubpath\":\"\",\"singleUploadLocationSource\":\"1\",\"singleUploadLocationSubpath\":\"\",\"restrictFiles\":\"1\",\"allowedKinds\":[\"image\"],\"targetLocale\":\"\",\"limit\":\"1\"}','2014-07-17 14:59:06','2014-08-05 15:27:09','1056b67c-4917-4f16-b930-2f7dd852fc08'),
	(21,1,'Alt text','altText','global','Enter alt text describing this image for accessibility',1,'PlainText','{\"placeholder\":\"\",\"maxLength\":\"\",\"multiline\":\"\",\"initialRows\":\"4\"}','2014-07-17 19:55:59','2014-07-17 19:55:59','83f952ee-2674-480a-a62b-0168d39a6264'),
	(22,14,'Hero caption title','heroCaptionTitle','global','Optional title for hero image caption',1,'PlainText','{\"placeholder\":\"\",\"maxLength\":\"\",\"multiline\":\"\",\"initialRows\":\"4\"}','2014-07-17 20:01:00','2014-08-05 15:27:21','c56e2bd4-3cd1-4880-9e2f-af62b5ddae4e'),
	(23,14,'Hero caption','heroCaption','global','Caption for the hero image. 1–2 sentences max.',1,'RichText','{\"configFile\":\"Caption.json\",\"cleanupHtml\":\"1\"}','2014-07-17 20:01:54','2014-08-05 15:27:32','788cb485-9949-4623-8935-4b72c29c83d3'),
	(24,6,'Mission statement intro','missionIntro','global','Always-visible portion of the mission statement',1,'PlainText','{\"placeholder\":\"\",\"maxLength\":\"\",\"multiline\":\"1\",\"initialRows\":\"2\"}','2014-07-17 20:02:46','2014-07-19 18:35:24','ec8d4eae-be8f-4781-8f91-46bc86926128'),
	(25,6,'Mission statement body','missionBody','global','Additional portion of the mission statement',1,'RichText','{\"configFile\":\"Caption.json\",\"cleanupHtml\":\"1\"}','2014-07-17 20:03:40','2014-07-17 20:03:40','2e595fa1-541b-4251-a095-90c90eee379d'),
	(26,7,'Short title','shortTitle','global','Create a short version of the title for lists and social media sharing. 60 characters max.',1,'PlainText','{\"placeholder\":\"\",\"maxLength\":\"60\",\"multiline\":\"\",\"initialRows\":\"4\"}','2014-07-21 13:52:05','2014-07-23 10:57:42','456d3663-473f-498c-ba5f-d88261867ac3'),
	(27,7,'Teaser','teaser','global','Short summary of this item. 60–120 characters.',1,'RichText','{\"configFile\":\"Simple.json\",\"cleanupHtml\":\"1\"}','2014-07-21 13:53:08','2014-07-31 12:25:16','231765b8-e5bd-41ab-9d5e-c1f70e1ac366'),
	(28,7,'Displayed author','displayAuthor','global','Who should be displayed as the author on this news item?',0,'Users','{\"sources\":\"*\",\"limit\":\"1\"}','2014-07-21 13:54:27','2014-07-22 15:05:58','9f70a023-a8d4-415e-b3fa-fc3bb0e1f75f'),
	(29,7,'Teaser image','teaserImage','global','Optional image to use for listing views and social media sharing.',0,'Assets','{\"useSingleFolder\":\"\",\"sources\":[\"folder:1\"],\"defaultUploadLocationSource\":\"1\",\"defaultUploadLocationSubpath\":\"\",\"singleUploadLocationSource\":\"1\",\"singleUploadLocationSubpath\":\"\",\"restrictFiles\":\"1\",\"allowedKinds\":[\"image\"],\"targetLocale\":\"\",\"limit\":\"1\"}','2014-07-21 14:02:16','2014-07-21 14:02:16','27aa719c-9162-4dde-a084-10064a5367a0'),
	(30,7,'Event start date','eventStart','global','When does this event start?',0,'Date','{\"showTime\":1,\"showDate\":1}','2014-07-21 14:04:02','2014-07-21 14:04:12','9126d87b-f120-44e6-884a-aab2073f1a8e'),
	(31,7,'Event end date','eventEnd','global','Optional',0,'Date','{\"showTime\":1,\"showDate\":1}','2014-07-21 14:05:08','2014-07-21 14:05:08','6d0fc193-3869-48d7-95e3-12152d48404f'),
	(32,7,'All day?','allDay','global','If this event is all day, start times won\'t be displayed.',0,'Lightswitch',NULL,'2014-07-21 14:06:33','2014-07-21 14:06:33','3aa6b375-6dd9-4bf2-8300-5847a6af9e33'),
	(33,7,'Show location?','showLocation','global','Show the address block for this event?',0,'Lightswitch',NULL,'2014-07-21 14:09:42','2014-07-29 21:46:43','db63132f-9960-4a89-a437-b784da6efe89'),
	(34,7,'RSVP button link','rsvpUrl','global','If filled, an RSVP button will be displayed. To link the button to web pages, enter the full url. For RSVPs via email, include \"mailto:\" before the email address like this: \"mailto:someone@gmail.com\"',0,'PlainText','{\"placeholder\":\"\",\"maxLength\":\"\",\"multiline\":\"\",\"initialRows\":\"4\"}','2014-07-21 14:13:53','2014-07-21 14:18:20','1ee44d0b-84a8-4819-8e80-d2a7f92bb104'),
	(35,7,'RSVP button text','rsvpButton','global','What should the button label say?',0,'RadioButtons','{\"options\":[{\"label\":\"RSVP\",\"value\":\"RSVP\",\"default\":\"1\"},{\"label\":\"Register\",\"value\":\"Register\",\"default\":\"\"}]}','2014-07-21 14:17:19','2014-07-30 15:38:50','b81b275e-224d-4b61-b747-1e251c1fc8fa'),
	(36,1,'Story blocks','storyBlocks','global','Choose the appropriate blocks to build a story.',1,'Matrix','{\"maxBlocks\":null}','2014-07-21 14:49:50','2014-08-08 16:19:43','e6a8aa43-35fe-479d-950e-d3f11794a151'),
	(37,NULL,'Text','text','matrixBlockType:1',NULL,1,'RichText','{\"configFile\":\"AllText.json\",\"cleanupHtml\":\"1\"}','2014-07-21 14:49:50','2014-08-08 16:19:43','e8d3802c-b29b-46c6-9f23-1bb154f10e8b'),
	(38,NULL,'Image','image','matrixBlockType:2',NULL,0,'Assets','{\"useSingleFolder\":\"\",\"sources\":\"*\",\"defaultUploadLocationSource\":\"1\",\"defaultUploadLocationSubpath\":\"\",\"singleUploadLocationSource\":\"1\",\"singleUploadLocationSubpath\":\"\",\"restrictFiles\":\"1\",\"allowedKinds\":[\"image\"],\"targetLocale\":\"\",\"limit\":\"1\"}','2014-07-21 14:49:50','2014-08-08 16:19:43','0f40d708-8dc3-4e67-b906-2e95e037d0eb'),
	(39,NULL,'Layout','imageLayout','matrixBlockType:2',NULL,0,'Dropdown','{\"options\":[{\"label\":\"Standard\",\"value\":\"standard-image\",\"default\":\"1\"},{\"label\":\"Inset right\",\"value\":\"inset-right\",\"default\":\"\"},{\"label\":\"Inset left\",\"value\":\"inset-left\",\"default\":\"\"},{\"label\":\"Jumbo (only on narrow, 1-column layouts)\",\"value\":\"jumbo\",\"default\":\"\"},{\"label\":\"Inset far right (only on narrow, 1-column layouts)\",\"value\":\"inset-far-right\",\"default\":\"\"},{\"label\":\"Inset far left (only on narrow, 1-column layouts)\",\"value\":\"inset-far-left\",\"default\":\"\"}]}','2014-07-21 14:49:50','2014-08-08 16:19:43','af30ec74-e68e-462d-a05c-5e9e1f517125'),
	(40,NULL,'Caption title','captionTitle','matrixBlockType:2',NULL,1,'PlainText','{\"placeholder\":\"Optional title here\",\"maxLength\":\"\",\"multiline\":\"\",\"initialRows\":\"4\"}','2014-07-21 14:49:50','2014-08-08 16:19:43','331bc961-b73e-4995-8fc5-23570ac280cc'),
	(41,NULL,'Caption','caption','matrixBlockType:2',NULL,1,'RichText','{\"configFile\":\"Caption.json\",\"cleanupHtml\":\"1\"}','2014-07-21 14:49:50','2014-08-08 16:19:43','2e038110-96d7-4733-8169-e3f8703ddeac'),
	(43,NULL,'Type','dividerType','matrixBlockType:3',NULL,0,'Dropdown','{\"options\":[{\"label\":\"Standard divider\",\"value\":\"standard-divider\",\"default\":\"1\"}]}','2014-07-21 14:49:50','2014-08-08 16:19:43','e4170b8b-8200-4709-9b5c-500f673338dc'),
	(44,NULL,'Quote','quote','matrixBlockType:4',NULL,1,'PlainText','{\"placeholder\":\"\",\"maxLength\":\"\",\"multiline\":\"1\",\"initialRows\":\"2\"}','2014-07-21 14:49:50','2014-08-08 16:19:43','4083d9af-0af9-4a01-a8db-8c4f94868e94'),
	(45,NULL,'Source name','sourceName','matrixBlockType:4',NULL,1,'PlainText','{\"placeholder\":\"\",\"maxLength\":\"\",\"multiline\":\"\",\"initialRows\":\"4\"}','2014-07-21 14:49:50','2014-08-08 16:19:43','c4b0fdd0-dbb8-484a-86fe-ed2cc5f2aa7e'),
	(46,NULL,'Source title','sourceTitle','matrixBlockType:4',NULL,1,'PlainText','{\"placeholder\":\"e.g., President of the United States\",\"maxLength\":\"\",\"multiline\":\"\",\"initialRows\":\"4\"}','2014-07-21 14:49:50','2014-08-08 16:19:43','534d7971-5810-4424-9122-13523c191997'),
	(47,NULL,'Number','number','matrixBlockType:5',NULL,1,'PlainText','{\"placeholder\":\"\",\"maxLength\":\"12\",\"multiline\":\"\",\"initialRows\":\"4\"}','2014-07-21 14:49:50','2014-08-08 16:19:43','e1e31208-df2d-42c4-95e3-ff36e2916729'),
	(48,NULL,'Description','description','matrixBlockType:5',NULL,1,'RichText','{\"configFile\":\"Caption.json\",\"cleanupHtml\":\"1\"}','2014-07-21 14:49:50','2014-08-08 16:19:43','3bd5135d-b910-4a85-8519-0cd9005fdb46'),
	(49,NULL,'Source','source','matrixBlockType:5',NULL,1,'RichText','{\"configFile\":\"LinkOnly.json\",\"cleanupHtml\":\"1\"}','2014-07-21 14:49:50','2014-08-08 16:19:43','b40d03a4-9a45-4410-be2b-a5ec7e4bb939'),
	(50,NULL,'Left image','imageLeft','matrixBlockType:6',NULL,0,'Assets','{\"useSingleFolder\":\"\",\"sources\":[\"folder:1\"],\"defaultUploadLocationSource\":\"1\",\"defaultUploadLocationSubpath\":\"\",\"singleUploadLocationSource\":\"1\",\"singleUploadLocationSubpath\":\"\",\"restrictFiles\":\"1\",\"allowedKinds\":[\"image\"],\"targetLocale\":\"\",\"limit\":\"1\"}','2014-07-21 14:49:50','2014-08-08 16:19:43','0d937e07-8cc5-4727-8030-5fe840a026cb'),
	(51,NULL,'Right image','imageRight','matrixBlockType:6',NULL,0,'Assets','{\"useSingleFolder\":\"\",\"sources\":[\"folder:1\"],\"defaultUploadLocationSource\":\"1\",\"defaultUploadLocationSubpath\":\"\",\"singleUploadLocationSource\":\"1\",\"singleUploadLocationSubpath\":\"\",\"restrictFiles\":\"1\",\"allowedKinds\":[\"image\"],\"targetLocale\":\"\",\"limit\":\"1\"}','2014-07-21 14:49:50','2014-08-08 16:19:43','e40f63d1-e2b7-4475-8677-3ccc0ade94cf'),
	(52,NULL,'Caption','caption','matrixBlockType:6',NULL,1,'RichText','{\"configFile\":\"Caption.json\",\"cleanupHtml\":\"1\"}','2014-07-21 14:49:50','2014-08-08 16:19:44','8e9ee117-7a96-4c86-9901-8f79f3edb372'),
	(53,NULL,'Caption title','captionTitle','matrixBlockType:6',NULL,1,'PlainText','{\"placeholder\":\"Optional title here\",\"maxLength\":\"\",\"multiline\":\"\",\"initialRows\":\"4\"}','2014-07-21 14:49:50','2014-08-08 16:19:43','331d76e8-e504-42cd-8227-ec7a4e930818'),
	(55,1,'Photo credit','photoCredit','global','Text for the credit for this photo.',0,'PlainText','{\"placeholder\":\"\",\"maxLength\":\"120\",\"multiline\":\"\",\"initialRows\":\"4\"}','2014-07-21 21:05:54','2014-07-22 15:47:25','8fb55a8f-420e-4784-b266-c8f51d67856d'),
	(56,8,'Headshot','headshot','global','Upload a headshot. 300 &times; 300 pixels minimum.',0,'Assets','{\"useSingleFolder\":\"1\",\"sources\":\"*\",\"defaultUploadLocationSource\":\"1\",\"defaultUploadLocationSubpath\":\"\",\"singleUploadLocationSource\":\"2\",\"singleUploadLocationSubpath\":\"\",\"restrictFiles\":\"1\",\"allowedKinds\":[\"image\"],\"targetLocale\":\"\",\"limit\":\"1\"}','2014-07-22 14:02:54','2014-07-22 14:02:54','99afa82b-d76d-4327-9d89-c875e2a57214'),
	(57,8,'Job title','jobTitle','global','What is their job title?',1,'PlainText','{\"placeholder\":\"\",\"maxLength\":\"\",\"multiline\":\"\",\"initialRows\":\"4\"}','2014-07-22 14:04:41','2014-08-05 14:10:45','98547110-8f71-45fe-84a4-592b42cbe1f4'),
	(58,8,'Board role','boardRole','global','For board members, their role on the board',1,'PlainText','{\"placeholder\":\"\",\"maxLength\":\"\",\"multiline\":\"\",\"initialRows\":\"4\"}','2014-07-22 14:11:22','2014-07-22 14:11:22','4606fe67-a94f-41f6-af5f-22ec88e7cff0'),
	(59,8,'Affiliation','affiliation','global','For scientists, their university or employer',1,'PlainText','{\"placeholder\":\"\",\"maxLength\":\"\",\"multiline\":\"\",\"initialRows\":\"4\"}','2014-07-22 14:11:53','2014-08-05 14:36:02','df352985-d273-41f7-923e-281e01d3b520'),
	(60,8,'Person type','personType','global','Select all that apply',0,'Categories','{\"source\":\"group:1\",\"targetLocale\":\"\",\"limit\":\"\"}','2014-07-22 14:16:08','2014-08-05 14:39:18','c5a38e75-c405-4112-9d0b-42f341881b94'),
	(61,12,'Is featured?','isFeatured','global','Show this as the landing page featured item? If so, make sure to include a teaser image above.',1,'Lightswitch',NULL,'2014-07-23 13:12:11','2014-08-05 17:22:24','d660d27a-0731-4602-847e-d1e5da0991d0'),
	(62,7,'Featured item','featuredItem','global','Select an entry to display as the featured item? Make sure the item you select has a teaser image.',1,'Entries','{\"sources\":[\"section:3\"],\"targetLocale\":\"\",\"limit\":\"1\"}','2014-07-23 13:55:14','2014-07-23 13:57:08','8e947e3f-7045-40ca-8fcc-9b98020372bc'),
	(63,12,'Display name','displayName','global','The name this tag is displayed as to visitors.',1,'PlainText','{\"placeholder\":\"\",\"maxLength\":\"\",\"multiline\":\"\",\"initialRows\":\"4\"}','2014-07-23 19:32:29','2014-08-05 15:26:29','7663b214-f9f7-4052-87c7-65c9455a7162'),
	(64,11,'Threat icon','threatIcon','global','Icon for this threat.',0,'Assets','{\"useSingleFolder\":\"1\",\"sources\":\"*\",\"defaultUploadLocationSource\":\"1\",\"defaultUploadLocationSubpath\":\"\",\"singleUploadLocationSource\":\"3\",\"singleUploadLocationSubpath\":\"\",\"restrictFiles\":\"1\",\"allowedKinds\":[\"image\"],\"targetLocale\":\"\",\"limit\":\"1\"}','2014-07-27 20:42:38','2014-07-27 20:45:18','9d51386f-e821-4c00-891a-79fa35d42f11'),
	(65,1,'Page intro','pageIntro','global','Enter text for the page intro. Avoid subheads if possible.',1,'RichText','{\"configFile\":\"AllText.json\",\"cleanupHtml\":\"1\"}','2014-07-27 20:45:55','2014-08-05 20:48:13','0de153d2-5f04-4dcd-80fc-664f78b90635'),
	(66,7,'Location name','locationName','global','Optional location name',1,'PlainText','{\"placeholder\":\"e.g., Museum of Modern Art\",\"maxLength\":\"\",\"multiline\":\"\",\"initialRows\":\"4\"}','2014-07-29 21:41:54','2014-07-30 15:45:31','e66fc88e-06c0-4f67-af1a-a1708719409e'),
	(67,7,'Location street address','locationStreetAddress','global','',1,'PlainText','{\"placeholder\":\"\",\"maxLength\":\"\",\"multiline\":\"\",\"initialRows\":\"4\"}','2014-07-29 21:42:13','2014-07-29 21:42:13','148b5532-bde3-4535-ab04-7f37eee2dba9'),
	(68,7,'Location street address 2','locationStreetAddress2','global','',1,'PlainText','{\"placeholder\":\"e.g., No. 6\",\"maxLength\":\"\",\"multiline\":\"\",\"initialRows\":\"4\"}','2014-07-29 21:42:31','2014-07-30 15:46:52','7fa16dfd-4028-4e7c-ae53-2b14b9315652'),
	(69,7,'Location city','locationCity','global','',1,'PlainText','{\"placeholder\":\"e.g., Miami\",\"maxLength\":\"\",\"multiline\":\"\",\"initialRows\":\"4\"}','2014-07-29 21:42:58','2014-07-30 15:45:51','b9f6ac18-a78b-4d9d-9340-484e1cf4dc7c'),
	(70,7,'Location state','locationState','global','',1,'PlainText','{\"placeholder\":\"e.g., FL\",\"maxLength\":\"\",\"multiline\":\"\",\"initialRows\":\"4\"}','2014-07-29 21:43:12','2014-07-30 15:46:03','f31ecdb1-1ad8-4edb-9d69-9ddd9f4adfa0'),
	(71,7,'Location postcode','locationPostcode','global','',0,'PlainText','{\"placeholder\":\"e.g., 33183\",\"maxLength\":\"\",\"multiline\":\"\",\"initialRows\":\"4\"}','2014-07-29 21:43:59','2014-07-30 15:46:25','9972e880-5c01-40e6-a6bd-a1e4bf60e308'),
	(72,7,'Location country','locationCountry','global','',1,'PlainText','{\"placeholder\":\"e.g., USA\",\"maxLength\":\"\",\"multiline\":\"\",\"initialRows\":\"4\"}','2014-07-29 21:44:30','2014-07-30 15:46:36','2273bc7e-740d-4cd1-94b2-fa2b828468e2'),
	(81,12,'Location test address (unused)','locationTestAddress','global','Enter the full address here. Use shift+return to break address elements onto separate lines',1,'RichText','{\"configFile\":\"Simple.json\",\"cleanupHtml\":\"1\"}','2014-07-30 15:41:27','2014-07-30 15:44:53','3349bc92-93c3-4e0e-a8db-a576b23b1e37'),
	(82,1,'Related content','related','global','Add up to three entries to appear as related content (optional)',0,'Entries','{\"sources\":[\"section:3\",\"section:12\",\"section:16\",\"section:6\",\"section:15\"],\"targetLocale\":\"\",\"limit\":\"3\"}','2014-07-31 12:51:39','2014-08-12 21:06:50','7c428e98-ca50-4e32-8a8e-d9ee881c72d6'),
	(83,8,'Partnership level','partnerLevel','global','Select one. Used for ordering but will not be displayed.',0,'Categories','{\"source\":\"group:3\",\"targetLocale\":\"\",\"limit\":\"1\"}','2014-08-05 13:15:23','2014-08-12 21:53:14','8f57bd5c-b70f-4a40-bc4b-2754f5a1a09b'),
	(84,8,'Logo','logo','global','Company twitter avatar or logo. Minimum 300 x 300 please.',0,'Assets','{\"useSingleFolder\":\"1\",\"sources\":\"*\",\"defaultUploadLocationSource\":\"1\",\"defaultUploadLocationSubpath\":\"\",\"singleUploadLocationSource\":\"2\",\"singleUploadLocationSubpath\":\"\",\"restrictFiles\":\"1\",\"allowedKinds\":[\"image\"],\"targetLocale\":\"\",\"limit\":\"1\"}','2014-08-05 13:21:11','2014-08-05 13:21:11','a6869ee3-61a3-4f31-92e1-57c4e539f412'),
	(85,8,'Website Url','websiteUrl','global','Full url to the website, including the \'http://\'',0,'PlainText','{\"placeholder\":\"http:\\/\\/www.somewhere.com\",\"maxLength\":\"\",\"multiline\":\"\",\"initialRows\":\"4\"}','2014-08-05 13:22:21','2014-08-05 13:22:21','00af9305-afd3-448b-a143-9842999eaf32'),
	(86,8,'Website pretty url','websitePrettyUrl','global','Prettier version of the website url for display, e.g., \"amazon.com\" instead of \"http://www.amazon.com\"',0,'PlainText','{\"placeholder\":\"\",\"maxLength\":\"\",\"multiline\":\"\",\"initialRows\":\"4\"}','2014-08-05 13:23:41','2014-08-05 13:32:10','e3343d01-e242-4158-802f-9228e8a6f8ef'),
	(87,8,'Sponsorship level','sponsorLevel','global','Select one. Used for ordering but will not be displayed.',0,'Categories','{\"source\":\"group:2\",\"targetLocale\":\"\",\"limit\":\"1\"}','2014-08-05 13:25:12','2014-08-12 21:53:02','8775b40c-ec7c-45e8-9562-91a8bb501eba'),
	(88,13,'Body','histBody','global','The description of this event',0,'RichText','{\"configFile\":\"Caption.json\",\"cleanupHtml\":\"1\"}','2014-08-05 13:26:10','2014-08-05 13:26:10','e85096b0-6fe7-41d7-a682-a709562b69bf'),
	(89,13,'Image','histImage','global','Optional image to illustrate this event. Minimum 800px wide please.',0,'Assets','{\"useSingleFolder\":\"\",\"sources\":[\"folder:1\"],\"defaultUploadLocationSource\":\"1\",\"defaultUploadLocationSubpath\":\"\",\"singleUploadLocationSource\":\"1\",\"singleUploadLocationSubpath\":\"\",\"restrictFiles\":\"1\",\"allowedKinds\":[\"image\"],\"targetLocale\":\"\",\"limit\":\"1\"}','2014-08-05 13:27:44','2014-08-05 15:06:46','40bd91c7-abeb-4bf5-96cc-255f0948d518'),
	(90,8,'First name','nameFirst','global','',0,'PlainText','{\"placeholder\":\"\",\"maxLength\":\"\",\"multiline\":\"\",\"initialRows\":\"4\"}','2014-08-05 14:05:44','2014-08-05 14:34:07','a999fdf8-8c4d-432b-9198-5413a9c8c0c1'),
	(91,8,'Last name','nameLast','global','',0,'PlainText','{\"placeholder\":\"\",\"maxLength\":\"\",\"multiline\":\"\",\"initialRows\":\"4\"}','2014-08-05 14:06:40','2014-08-05 14:34:18','ebe3032f-b51b-452d-9665-235fe7c38561'),
	(92,12,'Organization name','orgName','global','',0,'PlainText','{\"placeholder\":\"e.g., \\\"Stanford University\\\" or \\\"ASPCA\\\"\",\"maxLength\":\"\",\"multiline\":\"\",\"initialRows\":\"4\"}','2014-08-05 14:08:16','2014-08-05 14:34:52','cbafe006-5ea6-4a6d-a670-53c6a0e6132d'),
	(93,8,'Suffix','nameSuffix','global','Optional suffix, e.g. \"Ph.D.\"',1,'PlainText','{\"placeholder\":\"\",\"maxLength\":\"\",\"multiline\":\"\",\"initialRows\":\"4\"}','2014-08-05 14:12:00','2014-08-05 14:34:30','01ac7c33-3bb7-4175-94c6-b7259edcffab'),
	(94,12,'Section title','secTitle','global','',1,'PlainText','{\"placeholder\":\"\",\"maxLength\":\"\",\"multiline\":\"\",\"initialRows\":\"4\"}','2014-08-05 15:42:24','2014-08-05 17:21:41','d3ab527a-59a4-4254-b0c5-173e41bad188'),
	(95,6,'Sticky news item','stickyNewsItem','global','Add an entry here to make sure it displays first under \"News & Events,\" even if it\'s old',1,'Entries','{\"sources\":[\"section:3\"],\"targetLocale\":\"\",\"limit\":\"1\"}','2014-08-05 22:31:11','2014-08-05 22:31:11','a22c9638-b310-4615-bd55-25a02d0ebbad'),
	(96,NULL,'Location','mapLocation','matrixBlockType:8',NULL,0,'SquareBitMaps_Map','{\"mapLat\":\"10.320589000000007\",\"mapLng\":\"-85.8491098\",\"mapZoom\":\"8\",\"showHeight\":\"300\"}','2014-08-07 18:29:15','2014-08-08 16:19:44','97d6d971-abbc-4e5d-bb4c-a3e90a628501'),
	(97,NULL,'Show the pin?','mapShowMarker','matrixBlockType:8',NULL,0,'Lightswitch',NULL,'2014-08-07 18:57:16','2014-08-08 16:19:44','a9a4a6d7-4ca6-4530-a091-84a8a0071a4c'),
	(98,NULL,'Layout','mapLayout','matrixBlockType:8',NULL,0,'Dropdown','{\"options\":[{\"label\":\"Standard\",\"value\":\"standard\",\"default\":\"1\"},{\"label\":\"Inset right\",\"value\":\"inset-right\",\"default\":\"\"},{\"label\":\"Inset left\",\"value\":\"inset-left\",\"default\":\"\"},{\"label\":\"Inset far right (only on narrow, 1-column pages)\",\"value\":\"inset-far-right\",\"default\":\"\"},{\"label\":\"Inset far left (only on narrow, 1-column pages)\",\"value\":\"inset-far-left\",\"default\":\"\"},{\"label\":\"Jumbo (only on narrow, 1-column pages)\",\"value\":\"jumbo\",\"default\":\"\"}]}','2014-08-07 18:57:16','2014-08-08 16:19:44','8d43a0ca-9a0e-4876-801b-04b924e672d2'),
	(99,NULL,'Aspect ratio','mapAspect','matrixBlockType:8',NULL,0,'Dropdown','{\"options\":[{\"label\":\"1:1 (square)\",\"value\":\"aspect-1-1\",\"default\":\"\"},{\"label\":\"4:3 (screen)\",\"value\":\"aspect-4-3\",\"default\":\"\"},{\"label\":\"16:9 (widescreen)\",\"value\":\"aspect-16-9\",\"default\":\"1\"},{\"label\":\"2:1 (thin)\",\"value\":\"aspect-2-1\",\"default\":\"\"}]}','2014-08-07 18:57:16','2014-08-08 16:19:44','26d3f12b-b645-4b5b-8529-1d3d1cfc899b'),
	(100,NULL,'Caption title','captionTitle','matrixBlockType:8',NULL,1,'PlainText','{\"placeholder\":\"Optional title here\",\"maxLength\":\"\",\"multiline\":\"\",\"initialRows\":\"4\"}','2014-08-07 18:57:16','2014-08-08 16:19:44','582f6767-68f6-4221-a468-44aa8bc26f33'),
	(101,NULL,'Caption','caption','matrixBlockType:8',NULL,1,'RichText','{\"configFile\":\"Caption.json\",\"cleanupHtml\":\"1\"}','2014-08-07 18:57:16','2014-08-08 16:19:44','8634d02e-1cc6-433d-93a3-28489850e890'),
	(102,15,'History data: turtles','historyTurtles','global','Enter the data for each year',0,'Table','{\"columns\":{\"col1\":{\"heading\":\"Year\",\"handle\":\"year\",\"width\":\"\",\"type\":\"number\"},\"col2\":{\"heading\":\"Leatherbacks\",\"handle\":\"leatherbackTotal\",\"width\":\"\",\"type\":\"number\"},\"col3\":{\"heading\":\"Olive Ridley\",\"handle\":\"oliveridleyTotal\",\"width\":\"\",\"type\":\"number\"},\"col4\":{\"heading\":\"Green\",\"handle\":\"greenTotal\",\"width\":\"\",\"type\":\"number\"}},\"defaults\":{\"row1\":{\"col1\":\"\",\"col2\":\"\",\"col3\":\"\",\"col4\":\"\"}}}','2014-08-11 18:59:19','2014-08-11 18:59:19','b3d881ff-516b-4f8b-9e8b-1719a4016abe'),
	(103,15,'History data: nests','historyNests','global','Enter the totals for each year',0,'Table','{\"columns\":{\"col1\":{\"heading\":\"Year\",\"handle\":\"year\",\"width\":\"\",\"type\":\"number\"},\"col2\":{\"heading\":\"Leatherback\",\"handle\":\"leatherbackTotal\",\"width\":\"\",\"type\":\"number\"},\"col3\":{\"heading\":\"Olive Ridley\",\"handle\":\"oliveridleyTotal\",\"width\":\"\",\"type\":\"number\"},\"col4\":{\"heading\":\"Green\",\"handle\":\"greenTotal\",\"width\":\"\",\"type\":\"number\"}},\"defaults\":{\"row1\":{\"col1\":\"\",\"col2\":\"\",\"col3\":\"\",\"col4\":\"\"}}}','2014-08-11 19:01:43','2014-08-11 19:01:43','29813f1e-4df8-42b2-8755-030626c493c6'),
	(104,15,'History title','historyTitle','global','The title for this exhibit',1,'PlainText','{\"placeholder\":\"\",\"maxLength\":\"\",\"multiline\":\"\",\"initialRows\":\"4\"}','2014-08-11 19:02:27','2014-08-11 19:02:27','65a1fc5f-bbc8-4806-af4b-cef84be450cf'),
	(105,15,'History intro','historyIntro','global','Optional intro for this exhibit',1,'RichText','{\"configFile\":\"Caption.json\",\"cleanupHtml\":\"1\"}','2014-08-11 19:03:00','2014-08-11 19:03:00','7af6dc72-c560-4273-9499-e1b106dfae6b'),
	(106,15,'Show the history exhibit?','historyShow','global','',0,'Lightswitch',NULL,'2014-08-11 19:03:40','2014-08-11 19:03:40','336b22a4-cc3b-496f-b79d-d92536946beb'),
	(107,15,'Nesting snapshot time','nestingTime','global','',0,'Date','{\"showTime\":1,\"showDate\":1}','2014-08-11 19:04:26','2014-08-11 19:04:26','ed4faf5a-e221-44da-93af-9b9b5de9c84d'),
	(108,15,'Show the nesting exhibit?','nestingShow','global','',0,'Lightswitch',NULL,'2014-08-11 19:04:46','2014-08-11 19:04:46','8961c111-ddc8-46fa-ad56-b42993cfd365'),
	(109,15,'Nesting title','nestingTitle','global','Title for the nesting exhibit',1,'PlainText','{\"placeholder\":\"\",\"maxLength\":\"\",\"multiline\":\"\",\"initialRows\":\"4\"}','2014-08-11 19:05:17','2014-08-11 19:05:38','4ada4b32-403a-4332-946b-4fa9d95fd042'),
	(110,15,'Nesting intro','nestingIntro','global','Optional intro for this exhibit',1,'RichText','{\"configFile\":\"Caption.json\",\"cleanupHtml\":\"1\"}','2014-08-11 19:06:09','2014-08-11 19:06:09','43faad2b-8f3a-4ea7-b7c6-d00bb40a2a55'),
	(111,15,'Nesting regions','nestingRegions','global','',0,'Matrix','{\"maxBlocks\":\"10\"}','2014-08-11 19:18:19','2014-08-12 15:52:59','8c84e8ca-b813-4d7f-8832-369d00fd9930'),
	(112,NULL,'Region name','regionName','matrixBlockType:9',NULL,1,'PlainText','{\"placeholder\":\"e.g., Playa Grande North\",\"maxLength\":\"\",\"multiline\":\"\",\"initialRows\":\"4\"}','2014-08-11 19:18:20','2014-08-12 15:52:59','489663ff-9d2d-42bb-b93f-edb16b7c5a94'),
	(113,NULL,'Region location','regionLocation','matrixBlockType:9',NULL,0,'SquareBitMaps_Map','{\"mapLat\":\"10.358301083726312\",\"mapLng\":\"-85.86898885415042\",\"mapZoom\":\"13\",\"showHeight\":\"300\"}','2014-08-11 19:18:20','2014-08-12 15:52:59','c2eae847-ce0b-426a-9f65-2cce6e09ac4d'),
	(114,NULL,'Leatherback nest total','regionLeatherbackTotal','matrixBlockType:9',NULL,0,'Number','{\"min\":\"0\",\"max\":\"\",\"decimals\":\"0\"}','2014-08-11 19:18:20','2014-08-12 15:52:59','0ee2637a-1b8f-41ec-b68e-d5f1b005134c'),
	(115,NULL,'Olive Ridley nest total','regionOliveridleyTotal','matrixBlockType:9',NULL,0,'Number','{\"min\":\"0\",\"max\":\"\",\"decimals\":\"0\"}','2014-08-11 19:18:20','2014-08-12 15:52:59','8b096c2f-91f5-46f0-be4f-89efc2217bfb'),
	(116,NULL,'Green nest total','regionGreenTotal','matrixBlockType:9',NULL,0,'Number','{\"min\":\"0\",\"max\":\"\",\"decimals\":\"0\"}','2014-08-11 19:18:21','2014-08-12 15:52:59','f8305da1-fdcf-4376-ae03-8d236a4083ba'),
	(117,15,'Hatchery snapshot time','hatcheryTime','global','',0,'Date','{\"showTime\":1,\"showDate\":1}','2014-08-11 19:19:14','2014-08-11 19:19:14','a7bf5347-f5a9-4eed-bfe5-e2fe52756abc'),
	(118,15,'Show the hatchery exhibit?','hatcheryShow','global','',0,'Lightswitch',NULL,'2014-08-11 19:19:50','2014-08-11 19:19:50','3648b0b6-92ae-4f79-a8a4-da8590330dd2'),
	(119,15,'Hatchery title','hatcheryTitle','global','Title of this exhibit',1,'PlainText','{\"placeholder\":\"\",\"maxLength\":\"\",\"multiline\":\"\",\"initialRows\":\"4\"}','2014-08-11 19:20:12','2014-08-11 19:20:12','b26ac600-c2d6-4aa3-aed1-e2d611611c32'),
	(120,15,'Hatchery intro','hatcheryIntro','global','Optional intro for this exhibit',1,'RichText','{\"configFile\":\"Caption.json\",\"cleanupHtml\":\"1\"}','2014-08-11 19:20:45','2014-08-11 19:20:45','1b99f8b2-1ecc-4f73-ad17-6db5c6c45ba9'),
	(121,15,'Hatchery bays','hatcheryBays','global','Create a row for each bay in the hatchery',0,'Matrix','{\"maxBlocks\":null}','2014-08-11 19:27:34','2014-08-12 16:13:26','d98fb35f-a9cd-490a-8d20-052b043c368f'),
	(122,NULL,'Bay species','baySpecies','matrixBlockType:10',NULL,0,'Dropdown','{\"options\":[{\"label\":\"None (empty)\",\"value\":\"none\",\"default\":\"1\"},{\"label\":\"Leatherback\",\"value\":\"leatherback\",\"default\":\"\"},{\"label\":\"Olive Ridley\",\"value\":\"oliveridley\",\"default\":\"\"},{\"label\":\"Green\",\"value\":\"green\",\"default\":\"\"}]}','2014-08-11 19:27:34','2014-08-12 16:13:26','80b1ec75-cb8f-4227-bedf-7798fe94fad3'),
	(123,NULL,'Number of eggs','bayEggs','matrixBlockType:10',NULL,0,'Number','{\"min\":\"0\",\"max\":\"\",\"decimals\":\"0\"}','2014-08-11 19:27:34','2014-08-12 16:13:26','0dbc28b7-c324-4210-a00b-681dbe7597d6'),
	(124,NULL,'Number of hatchlings','bayHatchlings','matrixBlockType:10',NULL,0,'Number','{\"min\":\"0\",\"max\":\"\",\"decimals\":\"0\"}','2014-08-11 19:27:35','2014-08-12 16:13:26','f5b4312b-666b-4299-9a09-f7c7e754761d'),
	(125,15,'Nesting map','nestingMap','global','Set the location and zoom of the nesting map',0,'SquareBitMaps_Map','{\"mapLat\":\"10.320589000000007\",\"mapLng\":\"-85.84910980000001\",\"mapZoom\":\"13\",\"showHeight\":\"450\"}','2014-08-12 15:55:58','2014-08-12 15:57:54','88ff5f67-2e42-4a8f-8de0-72ca1368b16c'),
	(126,15,'Comparison title','comparisonTitle','global','',1,'PlainText','{\"placeholder\":\"\",\"maxLength\":\"\",\"multiline\":\"\",\"initialRows\":\"4\"}','2014-08-12 16:34:34','2014-08-12 16:34:34','f76cade7-2392-44a3-92fb-5e75684cc982'),
	(127,15,'Comparison intro','comparisonIntro','global','Optional intro for this exhibit',1,'RichText','{\"configFile\":\"Caption.json\",\"cleanupHtml\":\"1\"}','2014-08-12 16:35:04','2014-08-12 16:35:04','1a4712ff-dd90-404b-8044-e87a432e2703'),
	(128,15,'Show the comparison exhibit?','comparisonShow','global','',0,'Lightswitch',NULL,'2014-08-12 16:35:27','2014-08-12 16:35:27','f87892c5-f4bb-4d0b-8a26-25ceb66f6e4d'),
	(129,15,'Comparison image','comparisonImage','global','800px minimum please',0,'Assets','{\"useSingleFolder\":\"\",\"sources\":[\"folder:1\"],\"defaultUploadLocationSource\":\"1\",\"defaultUploadLocationSubpath\":\"\",\"singleUploadLocationSource\":\"1\",\"singleUploadLocationSubpath\":\"\",\"restrictFiles\":\"1\",\"allowedKinds\":[\"image\"],\"targetLocale\":\"\",\"limit\":\"1\"}','2014-08-12 16:36:16','2014-08-12 16:36:16','88b14546-f5b0-49af-bc45-aff60f94653a');

/*!40000 ALTER TABLE `craft_fields` ENABLE KEYS */;
UNLOCK TABLES;


# Dump of table craft_globalsets
# ------------------------------------------------------------

DROP TABLE IF EXISTS `craft_globalsets`;

CREATE TABLE `craft_globalsets` (
  `id` int(11) NOT NULL,
  `name` varchar(255) COLLATE utf8_unicode_ci NOT NULL,
  `handle` varchar(255) COLLATE utf8_unicode_ci NOT NULL,
  `fieldLayoutId` int(10) DEFAULT NULL,
  `dateCreated` datetime NOT NULL,
  `dateUpdated` datetime NOT NULL,
  `uid` char(36) COLLATE utf8_unicode_ci NOT NULL DEFAULT '0',
  PRIMARY KEY (`id`),
  UNIQUE KEY `craft_globalsets_name_unq_idx` (`name`),
  UNIQUE KEY `craft_globalsets_handle_unq_idx` (`handle`),
  KEY `craft_globalsets_fieldLayoutId_fk` (`fieldLayoutId`),
  CONSTRAINT `craft_globalsets_fieldLayoutId_fk` FOREIGN KEY (`fieldLayoutId`) REFERENCES `craft_fieldlayouts` (`id`) ON DELETE SET NULL,
  CONSTRAINT `craft_globalsets_id_fk` FOREIGN KEY (`id`) REFERENCES `craft_elements` (`id`) ON DELETE CASCADE
) ENGINE=InnoDB DEFAULT CHARSET=utf8 COLLATE=utf8_unicode_ci;

LOCK TABLES `craft_globalsets` WRITE;
/*!40000 ALTER TABLE `craft_globalsets` DISABLE KEYS */;

INSERT INTO `craft_globalsets` (`id`, `name`, `handle`, `fieldLayoutId`, `dateCreated`, `dateUpdated`, `uid`)
VALUES
	(5,'Social Profiles','socialProfiles',67,'2014-07-17 14:30:47','2014-07-22 14:21:30','8f8790cf-2ff7-4f47-af98-7add2fb2f782'),
	(6,'SEO','seo',12,'2014-07-17 14:36:44','2014-07-17 14:43:02','c8fdedcc-f5a1-4991-b4ab-cbcaf2b99cfc'),
	(7,'Sharing','sharing',14,'2014-07-17 14:43:51','2014-07-17 14:44:28','c3a437f2-464d-4635-be09-5fc5bb3315e9');

/*!40000 ALTER TABLE `craft_globalsets` ENABLE KEYS */;
UNLOCK TABLES;


# Dump of table craft_info
# ------------------------------------------------------------

DROP TABLE IF EXISTS `craft_info`;

CREATE TABLE `craft_info` (
  `id` int(11) NOT NULL AUTO_INCREMENT,
  `version` varchar(15) COLLATE utf8_unicode_ci NOT NULL,
  `build` int(11) unsigned NOT NULL,
  `schemaVersion` varchar(15) COLLATE utf8_unicode_ci NOT NULL,
  `releaseDate` datetime NOT NULL,
  `edition` tinyint(1) unsigned NOT NULL DEFAULT '0',
  `siteName` varchar(100) COLLATE utf8_unicode_ci NOT NULL,
  `siteUrl` varchar(255) COLLATE utf8_unicode_ci NOT NULL,
  `timezone` varchar(30) COLLATE utf8_unicode_ci DEFAULT NULL,
  `on` tinyint(1) unsigned NOT NULL DEFAULT '0',
  `maintenance` tinyint(1) unsigned NOT NULL DEFAULT '0',
  `track` varchar(40) COLLATE utf8_unicode_ci NOT NULL,
  `dateCreated` datetime NOT NULL,
  `dateUpdated` datetime NOT NULL,
  `uid` char(36) COLLATE utf8_unicode_ci NOT NULL DEFAULT '0',
  PRIMARY KEY (`id`)
) ENGINE=InnoDB DEFAULT CHARSET=utf8 COLLATE=utf8_unicode_ci;

LOCK TABLES `craft_info` WRITE;
/*!40000 ALTER TABLE `craft_info` DISABLE KEYS */;

INSERT INTO `craft_info` (`id`, `version`, `build`, `schemaVersion`, `releaseDate`, `edition`, `siteName`, `siteUrl`, `timezone`, `on`, `maintenance`, `track`, `dateCreated`, `dateUpdated`, `uid`)
VALUES
	(1,'2.1',2566,'2.1.1','2014-07-23 20:05:17',2,'The Leatherback Trust','{siteUrl}','America/New_York',1,0,'stable','2014-07-16 22:00:59','2014-07-27 19:42:41','015b0bcd-225a-444d-80d2-a62e67287566');

/*!40000 ALTER TABLE `craft_info` ENABLE KEYS */;
UNLOCK TABLES;


# Dump of table craft_locales
# ------------------------------------------------------------

DROP TABLE IF EXISTS `craft_locales`;

CREATE TABLE `craft_locales` (
  `locale` char(12) COLLATE utf8_unicode_ci NOT NULL,
  `sortOrder` tinyint(4) DEFAULT NULL,
  `dateCreated` datetime NOT NULL,
  `dateUpdated` datetime NOT NULL,
  `uid` char(36) COLLATE utf8_unicode_ci NOT NULL DEFAULT '0',
  PRIMARY KEY (`locale`),
  KEY `craft_locales_sortOrder_idx` (`sortOrder`)
) ENGINE=InnoDB DEFAULT CHARSET=utf8 COLLATE=utf8_unicode_ci;

LOCK TABLES `craft_locales` WRITE;
/*!40000 ALTER TABLE `craft_locales` DISABLE KEYS */;

INSERT INTO `craft_locales` (`locale`, `sortOrder`, `dateCreated`, `dateUpdated`, `uid`)
VALUES
	('en_us',1,'2014-07-16 22:00:59','2014-07-16 22:00:59','c9206ae0-f459-4c40-855a-ef3512c5d5a3'),
	('es',2,'2014-07-17 13:35:41','2014-07-17 13:35:41','165a8c45-faef-466d-b6c0-4fa1a29c026e');

/*!40000 ALTER TABLE `craft_locales` ENABLE KEYS */;
UNLOCK TABLES;


# Dump of table craft_matrixblocks
# ------------------------------------------------------------

DROP TABLE IF EXISTS `craft_matrixblocks`;

CREATE TABLE `craft_matrixblocks` (
  `id` int(11) NOT NULL,
  `ownerId` int(11) NOT NULL,
  `fieldId` int(11) NOT NULL,
  `typeId` int(11) DEFAULT NULL,
  `ownerLocale` char(12) COLLATE utf8_unicode_ci DEFAULT NULL,
  `sortOrder` tinyint(4) DEFAULT NULL,
  `dateCreated` datetime NOT NULL,
  `dateUpdated` datetime NOT NULL,
  `uid` char(36) COLLATE utf8_unicode_ci NOT NULL DEFAULT '0',
  PRIMARY KEY (`id`),
  KEY `craft_matrixblocks_ownerId_idx` (`ownerId`),
  KEY `craft_matrixblocks_fieldId_idx` (`fieldId`),
  KEY `craft_matrixblocks_typeId_idx` (`typeId`),
  KEY `craft_matrixblocks_sortOrder_idx` (`sortOrder`),
  KEY `craft_matrixblocks_ownerLocale_fk` (`ownerLocale`),
  CONSTRAINT `craft_matrixblocks_fieldId_fk` FOREIGN KEY (`fieldId`) REFERENCES `craft_fields` (`id`) ON DELETE CASCADE,
  CONSTRAINT `craft_matrixblocks_id_fk` FOREIGN KEY (`id`) REFERENCES `craft_elements` (`id`) ON DELETE CASCADE,
  CONSTRAINT `craft_matrixblocks_ownerId_fk` FOREIGN KEY (`ownerId`) REFERENCES `craft_elements` (`id`) ON DELETE CASCADE,
  CONSTRAINT `craft_matrixblocks_ownerLocale_fk` FOREIGN KEY (`ownerLocale`) REFERENCES `craft_locales` (`locale`) ON DELETE CASCADE ON UPDATE CASCADE,
  CONSTRAINT `craft_matrixblocks_typeId_fk` FOREIGN KEY (`typeId`) REFERENCES `craft_matrixblocktypes` (`id`) ON DELETE CASCADE
) ENGINE=InnoDB DEFAULT CHARSET=utf8 COLLATE=utf8_unicode_ci;

LOCK TABLES `craft_matrixblocks` WRITE;
/*!40000 ALTER TABLE `craft_matrixblocks` DISABLE KEYS */;

INSERT INTO `craft_matrixblocks` (`id`, `ownerId`, `fieldId`, `typeId`, `ownerLocale`, `sortOrder`, `dateCreated`, `dateUpdated`, `uid`)
VALUES
	(12,11,36,1,'en_us',2,'2014-07-21 15:39:20','2014-07-29 14:42:42','84d936a6-f5b9-4b3a-b46f-fdd920443fe7'),
	(13,11,36,2,'en_us',1,'2014-07-21 15:40:18','2014-07-29 14:42:42','8400dcdd-f668-4441-a286-fd3164aa4d29'),
	(15,11,36,2,'en_us',3,'2014-07-21 15:45:31','2014-07-29 14:42:42','413571a0-7774-4814-a772-31c00345f707'),
	(16,11,36,1,'en_us',4,'2014-07-21 15:46:13','2014-07-29 14:42:42','47828d7e-b2b8-4568-8583-11a5511e2b69'),
	(17,11,36,3,'en_us',5,'2014-07-21 15:47:52','2014-07-29 14:42:42','522efb3d-b78e-4751-bbab-0882ada9e58a'),
	(18,11,36,1,'en_us',6,'2014-07-21 15:47:52','2014-07-29 14:42:42','f32b2386-0185-48b1-8414-c6092503d441'),
	(19,11,36,2,'en_us',7,'2014-07-21 15:47:52','2014-07-29 14:42:42','9667c3da-be83-494a-97eb-970d54ebc590'),
	(22,11,36,1,'en_us',8,'2014-07-21 15:51:06','2014-07-29 14:42:42','8744ec87-382f-497b-aab7-0e97fb6b1c46'),
	(23,11,36,3,'en_us',9,'2014-07-21 15:51:06','2014-07-29 14:42:42','539965bc-56b0-4713-9b41-ba6e8beecb40'),
	(24,11,36,4,'en_us',10,'2014-07-21 15:51:06','2014-07-29 14:42:42','16f2f006-e2c3-40bd-a70a-0e70d328a016'),
	(25,11,36,6,'en_us',11,'2014-07-21 15:51:06','2014-07-29 14:42:42','505e1379-82fb-419b-b0b1-e4ea645b5a71'),
	(26,11,36,1,'en_us',12,'2014-07-21 15:52:26','2014-07-29 14:42:42','164adf7d-2759-4fe2-ba21-f53e980d7415'),
	(27,11,36,5,'en_us',13,'2014-07-21 15:52:26','2014-07-29 14:42:42','5bfe1f1b-9ae0-4d90-9f31-b68e2e72c3e1'),
	(28,11,36,1,'en_us',14,'2014-07-21 15:52:26','2014-07-29 14:42:42','696731fc-fbd6-4b8a-a760-a2a1559dbf3a'),
	(32,11,36,1,'es',1,'2014-07-21 15:54:52','2014-07-23 14:52:34','fb601824-5f60-4273-9316-9ac83d28e005'),
	(35,34,36,1,'en_us',1,'2014-07-21 22:36:20','2014-08-12 21:46:31','60eaa6a3-9f96-4769-9ec6-74f7dbe730fd'),
	(45,44,36,2,'en_us',1,'2014-07-22 16:47:22','2014-07-29 20:37:54','9b0f205b-f63d-4c7b-9490-135fef5a275d'),
	(46,44,36,1,'en_us',2,'2014-07-22 16:47:22','2014-07-29 20:37:54','d2a9ab28-8171-4b1f-822e-ee58dabd64b5'),
	(47,44,36,4,'en_us',3,'2014-07-22 16:47:22','2014-07-29 20:37:54','37a98a32-546c-424e-81f1-15011ad01d66'),
	(48,44,36,1,'es',1,'2014-07-23 13:16:14','2014-07-23 14:08:30','fd1020b3-5d0a-4290-88ba-f61c3345fa3b'),
	(50,34,36,1,'es',1,'2014-07-23 13:58:49','2014-08-05 22:33:06','4987e19e-04a5-4348-af15-d082235eacab'),
	(53,52,36,1,'en_us',1,'2014-07-23 14:38:09','2014-07-29 14:45:22','a873771b-8566-40ad-b13e-5d281b584f18'),
	(56,55,36,1,'en_us',1,'2014-07-23 14:39:37','2014-07-28 21:39:34','506b5f3e-1373-4b7f-abc9-5bd7ba43cf41'),
	(58,55,36,1,'es',1,'2014-07-23 14:59:22','2014-07-27 20:07:20','5a068b6e-bc6f-4c90-a080-dc9ef2cd980c'),
	(67,66,36,1,'en_us',1,'2014-07-27 20:16:58','2014-07-29 20:38:38','a743721c-afbe-41ff-9a40-5b9cd5c6bd2e'),
	(68,66,36,1,'es',1,'2014-07-27 20:17:36','2014-07-29 20:55:03','221420b3-c4dd-421f-b724-8fa5a2321bb7'),
	(72,71,36,1,'en_us',3,'2014-07-27 21:02:06','2014-08-07 19:27:23','73f7cf7d-3df9-4ab8-b900-a7d68e92b574'),
	(73,71,36,1,'es',1,'2014-07-27 21:02:25','2014-08-07 15:28:01','b96d3acb-c99b-40a9-9ebd-3d1efe569b0f'),
	(83,82,36,1,'en_us',1,'2014-07-29 14:56:24','2014-07-31 15:57:16','65c4e2f7-4e8c-4cfe-b3e9-53a879a38ea6'),
	(84,82,36,1,'es',1,'2014-07-29 14:57:02','2014-08-07 15:27:45','acdf9fae-ce0d-4360-af28-e90256692506'),
	(90,71,36,1,'en_us',1,'2014-07-31 12:34:06','2014-08-07 19:27:23','593bc62d-160a-4d8d-ab86-2b3cbb34150b'),
	(97,96,36,1,'en_us',1,'2014-07-31 15:58:27','2014-07-31 15:58:27','b2387943-4cea-450b-9499-144c2dad2ad7'),
	(98,96,36,1,'es',1,'2014-07-31 16:00:35','2014-08-07 15:28:20','2f29bf83-f851-43fe-a3be-722289e3c78f'),
	(100,99,36,1,'en_us',1,'2014-07-31 16:09:33','2014-07-31 16:09:33','68146216-c1bb-4e8a-8ece-93c6b730f495'),
	(101,99,36,1,'es',1,'2014-07-31 16:10:48','2014-08-07 15:27:29','f7fe0455-8ef0-47bf-a624-eca90e78830d'),
	(103,102,36,1,'en_us',1,'2014-07-31 16:12:30','2014-07-31 16:12:49','cc01786c-32af-4879-beb0-ea96bb15fcc4'),
	(104,102,36,1,'es',1,'2014-07-31 16:13:16','2014-08-07 15:28:44','e308235e-79a8-432e-8365-9d174e15c511'),
	(137,136,36,1,'en_us',1,'2014-08-05 19:08:37','2014-08-05 21:07:27','e3f01255-3f7d-46fd-8e75-6436ddec7231'),
	(139,138,36,1,'en_us',1,'2014-08-07 13:58:38','2014-08-07 14:14:51','a808bfef-d3d8-42e6-9bba-a0b41dd0ec2e'),
	(140,138,36,1,'es',1,'2014-08-07 13:58:51','2014-08-07 13:58:51','506e3e08-be35-4e35-8324-b490f71b2047'),
	(141,138,36,4,'en_us',2,'2014-08-07 14:07:09','2014-08-07 14:14:51','a0b8e3f1-8c8d-46b0-a754-9256d262f138'),
	(144,143,36,1,'en_us',1,'2014-08-07 15:43:59','2014-08-12 21:09:08','c15c75e4-c775-4281-8526-0be75c39f037'),
	(145,143,36,1,'es',1,'2014-08-07 15:45:21','2014-08-07 15:45:21','ea785ffd-f554-46be-8489-4beaad5b82b1'),
	(150,149,36,1,'en_us',1,'2014-08-07 16:14:48','2014-08-12 21:40:29','519e676c-bee5-4b6b-8ee1-dcf2439208bb'),
	(151,149,36,1,'es',1,'2014-08-07 16:16:21','2014-08-07 16:16:21','e8c8eac7-06b8-4baa-bca2-3a33d705a3d3'),
	(152,149,36,2,'en_us',2,'2014-08-07 16:18:57','2014-08-12 21:40:29','a40bec82-9076-4cf6-8467-51ee1aac9e04'),
	(153,149,36,1,'en_us',3,'2014-08-07 16:21:04','2014-08-12 21:40:29','b631e042-d6ff-4922-ad1b-2916c24dbed7'),
	(154,149,36,3,'en_us',4,'2014-08-07 16:34:28','2014-08-12 21:40:29','23270489-433f-4b85-9c7b-af5a054e014f'),
	(155,149,36,1,'en_us',5,'2014-08-07 16:34:28','2014-08-12 21:40:29','79fbac77-96c1-4cb9-a487-a7576d36505d'),
	(156,143,36,8,'en_us',2,'2014-08-07 18:31:20','2014-08-12 21:09:08','3ecc73c7-9070-4cde-bba0-95bcc586ebbb'),
	(158,71,36,8,'en_us',2,'2014-08-07 19:23:24','2014-08-07 19:27:23','e8fc31a9-3a05-4706-8968-bdb2df74f54c'),
	(159,71,36,8,'en_us',4,'2014-08-07 19:23:24','2014-08-07 19:27:23','9b743bf3-6575-448e-b799-8f7e07c7e62c'),
	(161,160,111,9,NULL,1,'2014-08-11 20:09:31','2014-08-12 17:02:29','5d63f2bd-aacb-42a7-9134-57d9df1a80e0'),
	(162,160,111,9,NULL,2,'2014-08-11 20:09:31','2014-08-12 17:02:29','a84c65b3-0221-4dda-bc25-a63fe59b0ebc'),
	(163,160,111,9,NULL,3,'2014-08-11 20:09:32','2014-08-12 17:02:29','316add3b-df54-4b46-aeb0-e456a31980f9'),
	(164,160,121,10,NULL,1,'2014-08-11 20:12:35','2014-08-12 17:02:29','d6ffa10a-e66b-4618-b808-c6bc9dac1142'),
	(165,160,121,10,NULL,2,'2014-08-11 20:12:35','2014-08-12 17:02:29','df21077d-5c6e-4635-a98d-730726c2eccb'),
	(166,160,121,10,NULL,3,'2014-08-11 20:12:35','2014-08-12 17:02:29','161874fe-40bc-4a08-adb3-ce87b2209f00'),
	(167,160,121,10,NULL,5,'2014-08-11 20:12:35','2014-08-12 17:02:29','b24ae4f7-3301-4719-8691-ce6087bc49c6'),
	(168,160,121,10,NULL,6,'2014-08-11 20:12:35','2014-08-12 17:02:29','f94cff88-4e19-4a50-a950-4ccf72115f29'),
	(169,160,121,10,NULL,7,'2014-08-11 20:12:35','2014-08-12 17:02:29','59111a14-64f0-4d0c-81b4-5025fcb5316b'),
	(170,160,121,10,NULL,8,'2014-08-11 20:12:35','2014-08-12 17:02:29','e7a9df2f-d4c5-4894-b7a4-00477fa78df6'),
	(171,160,121,10,NULL,9,'2014-08-11 20:12:35','2014-08-12 17:02:29','e4df6b44-3de8-4b3c-9a6b-0d11cc5370d3'),
	(172,160,121,10,NULL,10,'2014-08-11 20:12:35','2014-08-12 17:02:29','4044bf9f-825c-4f03-9a11-b21fe6cfab56'),
	(173,160,121,10,NULL,11,'2014-08-11 20:12:35','2014-08-12 17:02:29','8142fa9d-8df8-4b24-b481-f83dd50dc8bd'),
	(175,160,121,10,NULL,4,'2014-08-12 16:22:16','2014-08-12 17:02:29','db9fa017-0256-445c-a055-20d1d3a0ee9d');

/*!40000 ALTER TABLE `craft_matrixblocks` ENABLE KEYS */;
UNLOCK TABLES;


# Dump of table craft_matrixblocktypes
# ------------------------------------------------------------

DROP TABLE IF EXISTS `craft_matrixblocktypes`;

CREATE TABLE `craft_matrixblocktypes` (
  `id` int(11) NOT NULL AUTO_INCREMENT,
  `fieldId` int(11) NOT NULL,
  `fieldLayoutId` int(11) DEFAULT NULL,
  `name` varchar(255) COLLATE utf8_unicode_ci NOT NULL,
  `handle` varchar(255) COLLATE utf8_unicode_ci NOT NULL,
  `sortOrder` tinyint(4) DEFAULT NULL,
  `dateCreated` datetime NOT NULL,
  `dateUpdated` datetime NOT NULL,
  `uid` char(36) COLLATE utf8_unicode_ci NOT NULL DEFAULT '0',
  PRIMARY KEY (`id`),
  UNIQUE KEY `craft_matrixblocktypes_name_fieldId_unq_idx` (`name`,`fieldId`),
  UNIQUE KEY `craft_matrixblocktypes_handle_fieldId_unq_idx` (`handle`,`fieldId`),
  KEY `craft_matrixblocktypes_fieldId_fk` (`fieldId`),
  KEY `craft_matrixblocktypes_fieldLayoutId_fk` (`fieldLayoutId`),
  CONSTRAINT `craft_matrixblocktypes_fieldId_fk` FOREIGN KEY (`fieldId`) REFERENCES `craft_fields` (`id`) ON DELETE CASCADE,
  CONSTRAINT `craft_matrixblocktypes_fieldLayoutId_fk` FOREIGN KEY (`fieldLayoutId`) REFERENCES `craft_fieldlayouts` (`id`) ON DELETE SET NULL
) ENGINE=InnoDB DEFAULT CHARSET=utf8 COLLATE=utf8_unicode_ci;

LOCK TABLES `craft_matrixblocktypes` WRITE;
/*!40000 ALTER TABLE `craft_matrixblocktypes` DISABLE KEYS */;

INSERT INTO `craft_matrixblocktypes` (`id`, `fieldId`, `fieldLayoutId`, `name`, `handle`, `sortOrder`, `dateCreated`, `dateUpdated`, `uid`)
VALUES
	(1,36,283,'Text block','textBlock',1,'2014-07-21 14:49:50','2014-08-08 16:19:43','6cbe574a-7173-40e7-8481-a0c0895438cd'),
	(2,36,284,'Image block','imageBlock',2,'2014-07-21 14:49:50','2014-08-08 16:19:43','1abca8fe-460c-4959-a06e-cc7ca58e05b5'),
	(3,36,285,'Divider','dividerBlock',3,'2014-07-21 14:49:50','2014-08-08 16:19:43','5fd3cfa5-1b14-44d1-aee9-92c13dbc28bb'),
	(4,36,286,'Pullquote','pullquoteBlock',4,'2014-07-21 14:49:50','2014-08-08 16:19:43','447d147a-29ef-43c2-a218-bcd2be4f8998'),
	(5,36,287,'Stat','statBlock',5,'2014-07-21 14:49:50','2014-08-08 16:19:43','968a79b9-c223-4908-9137-72a16949f3ae'),
	(6,36,288,'Comparison','compareBlock',6,'2014-07-21 14:49:50','2014-08-08 16:19:44','db94c1e2-a98b-4821-88e8-d2456413753f'),
	(8,36,289,'Map','mapBlock',7,'2014-08-07 18:29:15','2014-08-08 16:19:44','c035dfaf-0d13-4cce-93d3-6821b57cc46f'),
	(9,111,295,'Region','region',1,'2014-08-11 19:18:20','2014-08-12 15:52:59','02829ea4-353a-4aa1-a792-94fdfad36b3a'),
	(10,121,297,'Bay','bay',1,'2014-08-11 19:27:34','2014-08-12 16:13:26','5dbb8267-e36e-4df4-a527-7769ccd67ad6');

/*!40000 ALTER TABLE `craft_matrixblocktypes` ENABLE KEYS */;
UNLOCK TABLES;


# Dump of table craft_matrixcontent_hatcherybays
# ------------------------------------------------------------

DROP TABLE IF EXISTS `craft_matrixcontent_hatcherybays`;

CREATE TABLE `craft_matrixcontent_hatcherybays` (
  `id` int(11) NOT NULL AUTO_INCREMENT,
  `elementId` int(11) NOT NULL,
  `locale` char(12) COLLATE utf8_unicode_ci NOT NULL,
  `field_bay_baySpecies` varchar(255) COLLATE utf8_unicode_ci DEFAULT NULL,
  `field_bay_bayEggs` int(10) unsigned DEFAULT '0',
  `field_bay_bayHatchlings` int(10) unsigned DEFAULT '0',
  `dateCreated` datetime NOT NULL,
  `dateUpdated` datetime NOT NULL,
  `uid` char(36) COLLATE utf8_unicode_ci NOT NULL DEFAULT '0',
  PRIMARY KEY (`id`),
  UNIQUE KEY `craft_matrixcontent_hatcherybays_elementId_locale_unq_idx` (`elementId`,`locale`),
  KEY `craft_matrixcontent_hatcherybays_locale_idx` (`locale`),
  CONSTRAINT `craft_matrixcontent_hatcherybays_elementId_fk` FOREIGN KEY (`elementId`) REFERENCES `craft_elements` (`id`) ON DELETE CASCADE,
  CONSTRAINT `craft_matrixcontent_hatcherybays_locale_fk` FOREIGN KEY (`locale`) REFERENCES `craft_locales` (`locale`) ON DELETE CASCADE ON UPDATE CASCADE
) ENGINE=InnoDB DEFAULT CHARSET=utf8 COLLATE=utf8_unicode_ci;

LOCK TABLES `craft_matrixcontent_hatcherybays` WRITE;
/*!40000 ALTER TABLE `craft_matrixcontent_hatcherybays` DISABLE KEYS */;

INSERT INTO `craft_matrixcontent_hatcherybays` (`id`, `elementId`, `locale`, `field_bay_baySpecies`, `field_bay_bayEggs`, `field_bay_bayHatchlings`, `dateCreated`, `dateUpdated`, `uid`)
VALUES
	(1,164,'en_us','leatherback',99,99,'2014-08-11 20:12:35','2014-08-12 17:02:29','53f44232-0f70-423b-9b2d-8feacfd2ab00'),
	(2,164,'es','leatherback',99,99,'2014-08-11 20:12:35','2014-08-12 17:02:29','9e0aa521-ba7f-43d6-b727-5b0fa8a94dee'),
	(3,165,'en_us','oliveridley',99,99,'2014-08-11 20:12:35','2014-08-12 17:02:29','7e6d6708-660c-4f60-8b5f-aef2bbb8f285'),
	(4,165,'es','oliveridley',99,99,'2014-08-11 20:12:35','2014-08-12 17:02:29','33cfe819-8255-41ec-a7c6-1cfdc05df37a'),
	(5,166,'en_us','green',99,99,'2014-08-11 20:12:35','2014-08-12 17:02:29','67bad1cf-26a5-44f9-ab38-86198bfd6246'),
	(6,166,'es','green',99,99,'2014-08-11 20:12:35','2014-08-12 17:02:29','4d901f74-8378-4e29-bacf-1e5c3a55fbfa'),
	(7,167,'en_us','leatherback',99,0,'2014-08-11 20:12:35','2014-08-12 17:02:29','ccfb1b8a-8160-43eb-b20e-62b0b1cb292f'),
	(8,167,'es','leatherback',99,0,'2014-08-11 20:12:35','2014-08-12 17:02:29','bb072798-a8c4-4143-bfbb-bf2803fbfab5'),
	(9,168,'en_us','oliveridley',99,0,'2014-08-11 20:12:35','2014-08-12 17:02:29','660f59aa-e893-4078-8bff-13cb0e5afe82'),
	(10,168,'es','oliveridley',99,0,'2014-08-11 20:12:35','2014-08-12 17:02:29','085ddedc-ce5c-483c-8c3c-57a9e033e720'),
	(11,169,'en_us','green',99,0,'2014-08-11 20:12:35','2014-08-12 17:02:29','e4c8ea78-2535-4423-a8ab-711107f4e66c'),
	(12,169,'es','green',99,0,'2014-08-11 20:12:35','2014-08-12 17:02:29','19e5b3ec-beb7-4b2e-b421-6d5efaea6c73'),
	(13,170,'en_us','none',99,0,'2014-08-11 20:12:35','2014-08-12 17:02:29','7a57834b-1496-44e9-bfad-8dd626930f7a'),
	(14,170,'es','none',99,0,'2014-08-11 20:12:35','2014-08-12 17:02:29','afd7d412-238a-4a2a-b43c-9fb0c67f1a2a'),
	(15,171,'en_us','leatherback',0,99,'2014-08-11 20:12:35','2014-08-12 17:02:29','f643043f-6586-4d00-8f7f-5bfc136f61b2'),
	(16,171,'es','leatherback',0,99,'2014-08-11 20:12:35','2014-08-12 17:02:29','8befbe4b-4a94-407d-8541-797d79849299'),
	(17,172,'en_us','oliveridley',0,99,'2014-08-11 20:12:35','2014-08-12 17:02:29','0d6b253e-7f02-463e-b6bb-d817df9b9c60'),
	(18,172,'es','oliveridley',0,99,'2014-08-11 20:12:35','2014-08-12 17:02:29','68b48eea-857a-45a9-96e6-4b08d9bf0474'),
	(19,173,'en_us','green',0,99,'2014-08-11 20:12:35','2014-08-12 17:02:29','5b8a96de-10c5-4b85-bb2a-8a0d009e6102'),
	(20,173,'es','green',0,99,'2014-08-11 20:12:35','2014-08-12 17:02:29','10e4412b-7012-4e5e-9b09-06643a3b0b45'),
	(23,175,'en_us','none',0,0,'2014-08-12 16:22:16','2014-08-12 17:02:29','17f9a8b6-ce10-408b-97e6-5083377e023a'),
	(24,175,'es','none',0,0,'2014-08-12 16:22:16','2014-08-12 17:02:29','d187db24-54ed-4d07-b06e-745671b12197');

/*!40000 ALTER TABLE `craft_matrixcontent_hatcherybays` ENABLE KEYS */;
UNLOCK TABLES;


# Dump of table craft_matrixcontent_nestingregions
# ------------------------------------------------------------

DROP TABLE IF EXISTS `craft_matrixcontent_nestingregions`;

CREATE TABLE `craft_matrixcontent_nestingregions` (
  `id` int(11) NOT NULL AUTO_INCREMENT,
  `elementId` int(11) NOT NULL,
  `locale` char(12) COLLATE utf8_unicode_ci NOT NULL,
  `field_region_regionName` text COLLATE utf8_unicode_ci,
  `field_region_regionLocation` text COLLATE utf8_unicode_ci,
  `field_region_regionLeatherbackTotal` int(10) unsigned DEFAULT '0',
  `field_region_regionOliveridleyTotal` int(10) unsigned DEFAULT '0',
  `field_region_regionGreenTotal` int(10) unsigned DEFAULT '0',
  `dateCreated` datetime NOT NULL,
  `dateUpdated` datetime NOT NULL,
  `uid` char(36) COLLATE utf8_unicode_ci NOT NULL DEFAULT '0',
  PRIMARY KEY (`id`),
  UNIQUE KEY `craft_matrixcontent_nestingregions_elementId_locale_unq_idx` (`elementId`,`locale`),
  KEY `craft_matrixcontent_nestingregions_locale_idx` (`locale`),
  CONSTRAINT `craft_matrixcontent_nestingregions_elementId_fk` FOREIGN KEY (`elementId`) REFERENCES `craft_elements` (`id`) ON DELETE CASCADE,
  CONSTRAINT `craft_matrixcontent_nestingregions_locale_fk` FOREIGN KEY (`locale`) REFERENCES `craft_locales` (`locale`) ON DELETE CASCADE ON UPDATE CASCADE
) ENGINE=InnoDB DEFAULT CHARSET=utf8 COLLATE=utf8_unicode_ci;

LOCK TABLES `craft_matrixcontent_nestingregions` WRITE;
/*!40000 ALTER TABLE `craft_matrixcontent_nestingregions` DISABLE KEYS */;

INSERT INTO `craft_matrixcontent_nestingregions` (`id`, `elementId`, `locale`, `field_region_regionName`, `field_region_regionLocation`, `field_region_regionLeatherbackTotal`, `field_region_regionOliveridleyTotal`, `field_region_regionGreenTotal`, `dateCreated`, `dateUpdated`, `uid`)
VALUES
	(1,161,'en_us','Playas Ventanas','{\"mapLat\":\"10.342849670809642\",\"mapLng\":\"-85.8567579810425\",\"mapZoom\":\"15\",\"pinLat\":\"10.342849670809642\",\"pinLng\":\"-85.8567579810425\",\"__model__\":\"Craft\\\\SquareBitMaps_MapModel\"}',4,4,5,'2014-08-11 20:09:31','2014-08-12 17:02:29','aa312e75-9cbb-4a8e-b22e-d18e86b40e49'),
	(2,161,'es','Playas Ventanas','{\"mapLat\":\"10.342849670809642\",\"mapLng\":\"-85.8567579810425\",\"mapZoom\":\"15\",\"pinLat\":\"10.342849670809642\",\"pinLng\":\"-85.8567579810425\",\"__model__\":\"Craft\\\\SquareBitMaps_MapModel\"}',4,4,5,'2014-08-11 20:09:31','2014-08-12 17:02:29','4ad6a0d5-077f-4ddf-a0c0-f024cd8016aa'),
	(3,162,'en_us','Playa Grande','{\"mapLat\":\"10.329972912386165\",\"mapLng\":\"-85.84738097832644\",\"mapZoom\":\"14\",\"pinLat\":\"10.329972912386165\",\"pinLng\":\"-85.84738097832644\",\"__model__\":\"Craft\\\\SquareBitMaps_MapModel\"}',8,3,5,'2014-08-11 20:09:31','2014-08-12 17:02:29','12ce7003-c869-467a-8e2c-d890664477b1'),
	(4,162,'es','Playa Grande','{\"mapLat\":\"10.329972912386165\",\"mapLng\":\"-85.84738097832644\",\"mapZoom\":\"14\",\"pinLat\":\"10.329972912386165\",\"pinLng\":\"-85.84738097832644\",\"__model__\":\"Craft\\\\SquareBitMaps_MapModel\"}',8,3,5,'2014-08-11 20:09:31','2014-08-12 17:02:29','8f98f753-38f2-4074-9d1c-0e6dacf002b9'),
	(5,163,'en_us','Playa Grande South','{\"mapLat\":\"10.313042338889323\",\"mapLng\":\"-85.84113679573977\",\"mapZoom\":\"14\",\"pinLat\":\"10.313042338889323\",\"pinLng\":\"-85.84113679573977\",\"__model__\":\"Craft\\\\SquareBitMaps_MapModel\"}',8,0,0,'2014-08-11 20:09:31','2014-08-12 17:02:29','90fe3459-ccb8-4a9f-b7b2-b522377aa4c5'),
	(6,163,'es','Playa Grande South','{\"mapLat\":\"10.313042338889323\",\"mapLng\":\"-85.84113679573977\",\"mapZoom\":\"14\",\"pinLat\":\"10.313042338889323\",\"pinLng\":\"-85.84113679573977\",\"__model__\":\"Craft\\\\SquareBitMaps_MapModel\"}',8,0,0,'2014-08-11 20:09:32','2014-08-12 17:02:29','af19ae4e-a84f-4c54-acca-9989ad9d63ff');

/*!40000 ALTER TABLE `craft_matrixcontent_nestingregions` ENABLE KEYS */;
UNLOCK TABLES;


# Dump of table craft_matrixcontent_storyblocks
# ------------------------------------------------------------

DROP TABLE IF EXISTS `craft_matrixcontent_storyblocks`;

CREATE TABLE `craft_matrixcontent_storyblocks` (
  `id` int(11) NOT NULL AUTO_INCREMENT,
  `elementId` int(11) NOT NULL,
  `locale` char(12) COLLATE utf8_unicode_ci NOT NULL,
  `field_textBlock_text` text COLLATE utf8_unicode_ci,
  `field_imageBlock_imageLayout` varchar(255) COLLATE utf8_unicode_ci DEFAULT NULL,
  `field_imageBlock_captionTitle` text COLLATE utf8_unicode_ci,
  `field_imageBlock_caption` text COLLATE utf8_unicode_ci,
  `field_dividerBlock_dividerType` varchar(255) COLLATE utf8_unicode_ci DEFAULT NULL,
  `field_pullquoteBlock_quote` text COLLATE utf8_unicode_ci,
  `field_pullquoteBlock_sourceName` text COLLATE utf8_unicode_ci,
  `field_pullquoteBlock_sourceTitle` text COLLATE utf8_unicode_ci,
  `field_statBlock_number` varchar(12) COLLATE utf8_unicode_ci DEFAULT NULL,
  `field_statBlock_description` text COLLATE utf8_unicode_ci,
  `field_statBlock_source` text COLLATE utf8_unicode_ci,
  `field_compareBlock_caption` text COLLATE utf8_unicode_ci,
  `field_compareBlock_captionTitle` text COLLATE utf8_unicode_ci,
  `field_mapBlock_mapLat` decimal(10,8) DEFAULT '0.00000000',
  `field_mapBlock_mapLon` decimal(11,8) DEFAULT '0.00000000',
  `field_mapBlock_mapZoom` varchar(255) COLLATE utf8_unicode_ci DEFAULT NULL,
  `field_mapBlock_captionTitle` text COLLATE utf8_unicode_ci,
  `field_mapBlock_caption` text COLLATE utf8_unicode_ci,
  `field_mapBlock_mapAspect` varchar(255) COLLATE utf8_unicode_ci DEFAULT NULL,
  `field_mapBlock_mapLayout` varchar(255) COLLATE utf8_unicode_ci DEFAULT NULL,
  `field_mapBlock_mapShowMarker` tinyint(1) unsigned NOT NULL DEFAULT '0',
  `field_mapBlock_mapLocation` text COLLATE utf8_unicode_ci,
  `field_mapBlockNew_mapShowMarker` tinyint(1) unsigned NOT NULL DEFAULT '0',
  `field_mapBlockNew_mapLayout` varchar(255) COLLATE utf8_unicode_ci DEFAULT NULL,
  `field_mapBlockNew_mapAspect` varchar(255) COLLATE utf8_unicode_ci DEFAULT NULL,
  `field_mapBlockNew_captionTitle` text COLLATE utf8_unicode_ci,
  `field_mapBlockNew_caption` text COLLATE utf8_unicode_ci,
  `dateCreated` datetime NOT NULL,
  `dateUpdated` datetime NOT NULL,
  `uid` char(36) COLLATE utf8_unicode_ci NOT NULL DEFAULT '0',
  PRIMARY KEY (`id`),
  UNIQUE KEY `craft_matrixcontent_storyblocks_elementId_locale_unq_idx` (`elementId`,`locale`),
  KEY `craft_matrixcontent_storyblocks_locale_fk` (`locale`),
  CONSTRAINT `craft_matrixcontent_storyblocks_elementId_fk` FOREIGN KEY (`elementId`) REFERENCES `craft_elements` (`id`) ON DELETE CASCADE,
  CONSTRAINT `craft_matrixcontent_storyblocks_locale_fk` FOREIGN KEY (`locale`) REFERENCES `craft_locales` (`locale`) ON DELETE CASCADE ON UPDATE CASCADE
) ENGINE=InnoDB DEFAULT CHARSET=utf8 COLLATE=utf8_unicode_ci;

LOCK TABLES `craft_matrixcontent_storyblocks` WRITE;
/*!40000 ALTER TABLE `craft_matrixcontent_storyblocks` DISABLE KEYS */;

INSERT INTO `craft_matrixcontent_storyblocks` (`id`, `elementId`, `locale`, `field_textBlock_text`, `field_imageBlock_imageLayout`, `field_imageBlock_captionTitle`, `field_imageBlock_caption`, `field_dividerBlock_dividerType`, `field_pullquoteBlock_quote`, `field_pullquoteBlock_sourceName`, `field_pullquoteBlock_sourceTitle`, `field_statBlock_number`, `field_statBlock_description`, `field_statBlock_source`, `field_compareBlock_caption`, `field_compareBlock_captionTitle`, `field_mapBlock_mapLat`, `field_mapBlock_mapLon`, `field_mapBlock_mapZoom`, `field_mapBlock_captionTitle`, `field_mapBlock_caption`, `field_mapBlock_mapAspect`, `field_mapBlock_mapLayout`, `field_mapBlock_mapShowMarker`, `field_mapBlock_mapLocation`, `field_mapBlockNew_mapShowMarker`, `field_mapBlockNew_mapLayout`, `field_mapBlockNew_mapAspect`, `field_mapBlockNew_captionTitle`, `field_mapBlockNew_caption`, `dateCreated`, `dateUpdated`, `uid`)
VALUES
	(1,12,'en_us','<p>\r\n	Lorem ipsum praesent purus sed. Erat mauris elit. \r\n	<a href=\"http://www.google.com\">This is a link to google</a>. Per lacinia quam dui. Mattis metus ridiculus metus lectus malesuada. Eget phasellus fermentum. Suscipit est nibh. Eget libero amet ipsum sagittis in quis primis libero feugiat. Praesent litora sollicitudin in lorem nunc ac id inceptos purus class. Volutpat massa platea sit lectus sed praesent.</p><p>\r\n	Sapien lorem aliquam quam sem non nonummy. Risus nullam magna lacinia a pellentesque massa nibh turpis. Mi mollis imperdiet condimentum diam suspendisse. In in praesent nonummy at praesent nulla. Congue pharetra amet imperdiet aptent mattis. Habitasse magnis nunc facilisis etiam. Purus scelerisque dictumst vestibulum hymenaeos neque diam orci arcu curabitur.</p><h2>Here’s a subhead lorem ipsum</h2><p>\r\n	Lorem ipsum et vulputate lobortis non quam auctor feugiat. Massa aliquam purus mattis sapien dolor erat libero lorem ligula arcu et. Eu dui commodo sapien non enim aenean donec congue rhoncus sagittis. Nostra sapien suscipit hymenaeos elit luctus sit erat amet nulla. Ac lorem per nunc ut pellentesque tellus. Eget at sapien.</p>',NULL,NULL,NULL,NULL,NULL,NULL,NULL,NULL,NULL,NULL,NULL,NULL,0.00000000,0.00000000,NULL,NULL,NULL,NULL,NULL,0,NULL,0,NULL,NULL,NULL,NULL,'2014-07-21 15:39:20','2014-07-29 14:42:42','599729b9-3f92-4a44-a22b-6155c8e4fc94'),
	(2,13,'en_us',NULL,'standard-image','Here\'s a caption title. These are optional.','<p>\r\n	Here\'s a standard image with a caption. A tourist takes photographs of a leatherback turtle as it heads to the ocean after burying her eggs in the sand at daybreak on a narrow strip of beach in Grande Riviere, Trinidad.</p>',NULL,NULL,NULL,NULL,NULL,NULL,NULL,NULL,NULL,0.00000000,0.00000000,NULL,NULL,NULL,NULL,NULL,0,NULL,0,NULL,NULL,NULL,NULL,'2014-07-21 15:40:18','2014-07-29 14:42:42','bf04d938-774e-4eac-b3e0-878b5c36528d'),
	(3,15,'en_us',NULL,'inset-right','','<p>Fisherman Ervan James untangles a net that he says can inadvertently ensnare about six leatherback turtles in a single night at the peak of six-month nesting season. (This image has no caption title and no credit).</p>',NULL,NULL,NULL,NULL,NULL,NULL,NULL,NULL,NULL,0.00000000,0.00000000,NULL,NULL,NULL,NULL,NULL,0,NULL,0,NULL,NULL,NULL,NULL,'2014-07-21 15:45:31','2014-07-29 14:42:42','f36a739f-1c12-4ac7-a3f4-dabaf8deb582'),
	(4,16,'en_us','<p>Lorem ipsum nunc nec lectus. Elit praesent adipiscing dolor. Velit accumsan at nec aliquam torquent a. Ac leo nibh nam in orci condimentum quam sem class. A curabitur mauris placerat viverra diam pulvinar nam purus at. In in viverra molestie. Augue scelerisque augue metus aliquam diam a quisque. Dolor potenti torquent ut.</p><h3>Here\'s a subhead lorem ipsum</h3><p>Lorem ipsum pretium leo tristique congue ultricies fusce duis accumsan ipsum nibh fusce class. Aliquam adipiscing purus pretium conubia interdum morbi. Tincidunt tincidunt suscipit in orci quis laoreet egestas. Neque orci libero diam. Orci nibh vulputate quisque in adipiscing. Interdum a praesent. Sed sit hendrerit ac curae; gravida orci tellus interdum amet.</p><p>Consectetuer dolor id donec. Massa imperdiet et turpis ut mollis. Vel est ullamcorper viverra habitasse neque mollis hendrerit non. Lorem curabitur arcu nostra eu turpis cum suscipit. Platea nisi vel velit suspendisse aptent turpis nec aliquam massa. Pellentesque scelerisque eget tortor a cras curabitur libero varius dolor et nisi. Lorem.</p>',NULL,NULL,NULL,NULL,NULL,NULL,NULL,NULL,NULL,NULL,NULL,NULL,0.00000000,0.00000000,NULL,NULL,NULL,NULL,NULL,0,NULL,0,NULL,NULL,NULL,NULL,'2014-07-21 15:46:13','2014-07-29 14:42:42','af8683c3-a732-438a-bc55-93d1b36a492e'),
	(5,17,'en_us',NULL,NULL,NULL,NULL,'standard-divider',NULL,NULL,NULL,NULL,NULL,NULL,NULL,NULL,0.00000000,0.00000000,NULL,NULL,NULL,NULL,NULL,0,NULL,0,NULL,NULL,NULL,NULL,'2014-07-21 15:47:52','2014-07-29 14:42:42','3c77c7c4-3ee0-44f4-92d7-857efa45b798'),
	(6,18,'en_us','<p>Lorem ipsum suscipit quam ac quisque a vel ipsum velit. Non leo risus nam ipsum ac litora gravida eu lacus. Est per scelerisque tortor orci dui id a massa per in inceptos. Fusce neque at tellus rutrum sed nam amet. Quis at accumsan a at scelerisque condimentum. Natoque conubia eget. Mollis ac.</p>',NULL,NULL,NULL,NULL,NULL,NULL,NULL,NULL,NULL,NULL,NULL,NULL,0.00000000,0.00000000,NULL,NULL,NULL,NULL,NULL,0,NULL,0,NULL,NULL,NULL,NULL,'2014-07-21 15:47:52','2014-07-29 14:42:42','fd885564-6b4f-4400-9817-f954d73abbcb'),
	(7,19,'en_us',NULL,'inset-left','​Inset left image with caption title','<p>Lorem ipsum dolor sit amet consecutat velorem dolor. Adipiscing elit vestum conscript est vacumentum.</p>',NULL,NULL,NULL,NULL,NULL,NULL,NULL,NULL,NULL,0.00000000,0.00000000,NULL,NULL,NULL,NULL,NULL,0,NULL,0,NULL,NULL,NULL,NULL,'2014-07-21 15:47:52','2014-07-29 14:42:42','fe9578d9-54a6-4c8b-a71b-cb4b5deb2cb6'),
	(8,22,'en_us','<p>Lorem ipsum sapien congue curabitur. Nibh ac volutpat semper molestie litora nulla elit erat et dapibus. Mauris nullam sit fusce lorem. Nullam vitae leo. Pede magna mollis morbi purus lacinia metus nisi aliquam praesent justo. Torquent neque sed pulvinar quisque morbi venenatis. Viverra congue tincidunt tellus morbi imperdiet aliquet. Quam lacinia sit.</p><h2>Here\'s a subhead lorem ipsum</h2><p>Lorem ipsum eu ante vestibulum eget platea consectetuer est praesent nam. Imperdiet magna posuere elit at duis magna non sit id fusce a. Quis ut erat turpis etiam amet lectus lacus. Justo imperdiet tristique duis aptent a aenean ultricies ipsum lacus sed etiam. Ut aliquet pretium donec. Elementum vitae molestie duis gravida.</p><p>Quis ut at pharetra ipsum elit et orci libero nostra. Aliquet accumsan in per elit blandit volutpat litora in. Eros morbi libero ipsum per elit scelerisque lacus tempus sed posuere. Iaculis semper convallis molestie gravida torquent class purus accumsan magna. Iaculis interdum gravida pede. Conubia libero sem suspendisse et nisl.</p>',NULL,NULL,NULL,NULL,NULL,NULL,NULL,NULL,NULL,NULL,NULL,NULL,0.00000000,0.00000000,NULL,NULL,NULL,NULL,NULL,0,NULL,0,NULL,NULL,NULL,NULL,'2014-07-21 15:51:06','2014-07-29 14:42:42','de03dba3-72c3-4544-9796-e712cbc44f85'),
	(9,23,'en_us',NULL,NULL,NULL,NULL,'standard-divider',NULL,NULL,NULL,NULL,NULL,NULL,NULL,NULL,0.00000000,0.00000000,NULL,NULL,NULL,NULL,NULL,0,NULL,0,NULL,NULL,NULL,NULL,'2014-07-21 15:51:06','2014-07-29 14:42:42','eb8f8bf5-c499-47e1-8b56-b6a498c81392'),
	(10,24,'en_us',NULL,NULL,NULL,NULL,NULL,'Here’s a very important quote that everyone should read. Lorem ipsum dolor sit amet. Dolor adipiscing.','First M. Lastname','President & CEO',NULL,NULL,NULL,NULL,NULL,0.00000000,0.00000000,NULL,NULL,NULL,NULL,NULL,0,NULL,0,NULL,NULL,NULL,NULL,'2014-07-21 15:51:06','2014-07-29 14:42:42','3f0c1327-53e5-472c-9be3-a45c872511aa'),
	(11,25,'en_us',NULL,NULL,NULL,NULL,NULL,NULL,NULL,NULL,NULL,NULL,NULL,'<p>Here\'s a caption for this comparison image.&nbsp;Cras purus pretium leo nisi pretium dolor sit ultrices sem velit. Id quisque adipiscing nibh nulla erat. Massa litora mauris malesuada a curae.</p>','Las Baulas National Marine Park',0.00000000,0.00000000,NULL,NULL,NULL,NULL,NULL,0,NULL,0,NULL,NULL,NULL,NULL,'2014-07-21 15:51:06','2014-07-29 14:42:42','7c4f3656-dc70-472c-b5fb-dd878c2f02c4'),
	(12,26,'en_us','<p>Lorem ipsum ut posuere amet habitasse pede a commodo. Cras purus pretium leo nisi pretium dolor sit ultrices sem velit. Id quisque adipiscing nibh nulla erat. Massa litora mauris malesuada a curae; nec consectetuer. Feugiat lectus turpis. Eu augue libero morbi luctus interdum turpis senectus nibh amet vulputate. Pede nullam turpis duis.</p>',NULL,NULL,NULL,NULL,NULL,NULL,NULL,NULL,NULL,NULL,NULL,NULL,0.00000000,0.00000000,NULL,NULL,NULL,NULL,NULL,0,NULL,0,NULL,NULL,NULL,NULL,'2014-07-21 15:52:26','2014-07-29 14:42:42','b3871ded-5324-4612-a37d-fc24eadd6da7'),
	(13,27,'en_us',NULL,NULL,NULL,NULL,NULL,NULL,NULL,NULL,'63%','<p>Number of times something atypical happens in some circumstance.</p>','<p>Department of the Interior</p>',NULL,NULL,0.00000000,0.00000000,NULL,NULL,NULL,NULL,NULL,0,NULL,0,NULL,NULL,NULL,NULL,'2014-07-21 15:52:26','2014-07-29 14:42:42','64d233a0-d805-47c6-9ba5-d3003bf181ef'),
	(14,28,'en_us','<p>Lorem ipsum proin arcu curabitur sed integer blandit fusce volutpat ultricies. Nibh tempor vestibulum eget amet condimentum metus gravida. Interdum inceptos accumsan dapibus ipsum neque fusce fusce posuere. Sem class nec libero integer ac tincidunt morbi aliquam proin litora. Imperdiet mi eleifend congue congue lacinia nunc tortor sollicitudin scelerisque congue. Class inceptos.</p><p>Feugiat metus proin. Libero iaculis ut dapibus sit taciti ullamcorper massa lacinia augue fermentum diam. Pellentesque turpis massa eget fermentum pretium mauris. Diam interdum sociosqu. Viverra gravida in tempus ac ut. Aliquam vulputate augue ultrices ut feugiat mauris nulla imperdiet sit per quis. Magnis lorem phasellus magna sapien aliquet turpis.</p>',NULL,NULL,NULL,NULL,NULL,NULL,NULL,NULL,NULL,NULL,NULL,NULL,0.00000000,0.00000000,NULL,NULL,NULL,NULL,NULL,0,NULL,0,NULL,NULL,NULL,NULL,'2014-07-21 15:52:26','2014-07-29 14:42:42','9b032681-419b-40a2-87c9-efb1ee2da5be'),
	(15,32,'es','<p>\r\n	Spanish story blocks start here.&nbsp;Lorem ipsum dolor sit amet, consectetur adipiscing elit. Phasellus scelerisque est vel libero tincidunt sollicitudin. Nullam vitae lobortis mauris. Maecenas tempor, odio vel fringilla luctus, metus leo pretium velit, at ornare sem arcu nec diam. Sed faucibus quis turpis non congue. Maecenas elementum magna vitae orci imperdiet interdum. Pellentesque eu pretium lacus. Aliquam ut odio nec nibh tempor consequat non a ante. Sed adipiscing massa sed metus hendrerit, at varius justo dignissim. Aenean ac mi in mi sodales volutpat ac in urna. Sed ut diam at nisl suscipit eleifend. Vivamus dignissim odio massa, et tempor tortor pellentesque at. Maecenas nec neque leo. Nam lectus eros, malesuada at orci id, ultrices lacinia ligula.</p><p>\r\n	Lorem ipsum dolor sit amet, consectetur adipiscing elit. Phasellus scelerisque est vel libero tincidunt sollicitudin. Nullam vitae lobortis mauris. Maecenas tempor, odio vel fringilla luctus, metus leo pretium velit, at ornare sem arcu nec diam. Sed faucibus quis turpis non congue. Maecenas elementum magna vitae orci imperdiet interdum. Pellentesque eu pretium lacus. Aliquam ut odio nec nibh tempor consequat non a ante. Sed adipiscing massa sed metus hendrerit, at varius justo dignissim. Aenean ac mi in mi sodales volutpat ac in urna. Sed ut diam at nisl suscipit eleifend. Vivamus dignissim odio massa, et tempor tortor pellentesque at. Maecenas nec neque leo. Nam lectus eros, malesuada at orci id, ultrices lacinia ligula.</p><h2>Subhead 2 here</h2><p>\r\n	Lorem ipsum dolor sit amet, consectetur adipiscing elit. Phasellus scelerisque est vel libero tincidunt sollicitudin. Nullam vitae lobortis mauris. Maecenas tempor, odio vel fringilla luctus, metus leo pretium velit, at ornare sem arcu nec diam. Sed faucibus quis turpis non congue. Maecenas elementum magna vitae orci imperdiet interdum. Pellentesque eu pretium lacus. Aliquam ut odio nec nibh tempor consequat non a ante. Sed adipiscing massa sed metus hendrerit, at varius justo dignissim. Aenean ac mi in mi sodales volutpat ac in urna. Sed ut diam at nisl suscipit eleifend. Vivamus dignissim odio massa, et tempor tortor pellentesque at. Maecenas nec neque leo. Nam lectus eros, malesuada at orci id, ultrices lacinia ligula.</p>',NULL,NULL,NULL,NULL,NULL,NULL,NULL,NULL,NULL,NULL,NULL,NULL,0.00000000,0.00000000,NULL,NULL,NULL,NULL,NULL,0,NULL,0,NULL,NULL,NULL,NULL,'2014-07-21 15:54:52','2014-07-23 14:52:34','92126862-e7d5-45a5-b206-fd520c96b09b'),
	(17,35,'en_us','<p>Here\'s a text block</p>',NULL,NULL,NULL,NULL,NULL,NULL,NULL,NULL,NULL,NULL,NULL,NULL,0.00000000,0.00000000,NULL,NULL,NULL,NULL,NULL,0,NULL,0,NULL,NULL,NULL,NULL,'2014-07-21 22:36:20','2014-08-12 21:46:31','117b855b-2d46-476e-b64d-a53bd2e4fc64'),
	(18,45,'en_us',NULL,'standard-image','','',NULL,NULL,NULL,NULL,NULL,NULL,NULL,NULL,NULL,0.00000000,0.00000000,NULL,NULL,NULL,NULL,NULL,0,NULL,0,NULL,NULL,NULL,NULL,'2014-07-22 16:47:22','2014-07-29 20:37:54','8d7a0ff1-6059-4525-82e5-25eb6ba502e1'),
	(19,46,'en_us','<p>Lorem ipsum dolor sit amet, consectetur adipiscing elit. Phasellus scelerisque est vel libero tincidunt sollicitudin. Nullam vitae lobortis mauris. Maecenas tempor, odio vel fringilla luctus, metus leo pretium velit, at ornare sem arcu nec diam. Sed faucibus quis turpis non congue. Maecenas elementum magna vitae orci imperdiet interdum. Pellentesque eu pretium lacus. Aliquam ut odio nec nibh tempor consequat non a ante. Sed adipiscing massa sed metus hendrerit, at varius justo dignissim. Aenean ac mi in mi sodales volutpat ac in urna. Sed ut diam at nisl suscipit eleifend. Vivamus dignissim odio massa, et tempor tortor pellentesque at. Maecenas nec neque leo. Nam lectus eros, malesuada at orci id, ultrices lacinia ligula.</p>',NULL,NULL,NULL,NULL,NULL,NULL,NULL,NULL,NULL,NULL,NULL,NULL,0.00000000,0.00000000,NULL,NULL,NULL,NULL,NULL,0,NULL,0,NULL,NULL,NULL,NULL,'2014-07-22 16:47:22','2014-07-29 20:37:54','93cb6647-d825-493a-8be3-40d5b96e2150'),
	(20,47,'en_us',NULL,NULL,NULL,NULL,NULL,'Here\'s a fancy big quote','Adam Snetman','Designer',NULL,NULL,NULL,NULL,NULL,0.00000000,0.00000000,NULL,NULL,NULL,NULL,NULL,0,NULL,0,NULL,NULL,NULL,NULL,'2014-07-22 16:47:22','2014-07-29 20:37:54','9f300bbe-5f8e-447a-9b38-aef156e7cbb4'),
	(21,48,'es','<p>Here\'s my text block.</p>',NULL,NULL,NULL,NULL,NULL,NULL,NULL,NULL,NULL,NULL,NULL,NULL,0.00000000,0.00000000,NULL,NULL,NULL,NULL,NULL,0,NULL,0,NULL,NULL,NULL,NULL,'2014-07-23 13:16:14','2014-07-23 14:08:30','8abcbb6d-83f3-41db-8b08-077ca42cd354'),
	(22,50,'es','<p>Here\'s my event story description.</p>',NULL,NULL,NULL,NULL,NULL,NULL,NULL,NULL,NULL,NULL,NULL,NULL,0.00000000,0.00000000,NULL,NULL,NULL,NULL,NULL,0,NULL,0,NULL,NULL,NULL,NULL,'2014-07-23 13:58:49','2014-08-05 22:33:06','7c0c627d-8ad3-4f22-9868-67f004446afa'),
	(23,53,'en_us','<p>My story text is here.</p>',NULL,NULL,NULL,NULL,NULL,NULL,NULL,NULL,NULL,NULL,NULL,NULL,0.00000000,0.00000000,NULL,NULL,NULL,NULL,NULL,0,NULL,0,NULL,NULL,NULL,NULL,'2014-07-23 14:38:09','2014-07-29 14:45:22','894d1c8d-8a8c-4266-90b2-31b42553379e'),
	(24,56,'en_us','<p>Here\'s the story</p>',NULL,NULL,NULL,NULL,NULL,NULL,NULL,NULL,NULL,NULL,NULL,NULL,0.00000000,0.00000000,NULL,NULL,NULL,NULL,NULL,0,NULL,0,NULL,NULL,NULL,NULL,'2014-07-23 14:39:37','2014-07-28 21:39:34','6ace8a0d-bc49-45d7-998e-d73ff164ff5a'),
	(25,58,'es','<p>Spanish block</p>',NULL,NULL,NULL,NULL,NULL,NULL,NULL,NULL,NULL,NULL,NULL,NULL,0.00000000,0.00000000,NULL,NULL,NULL,NULL,NULL,0,NULL,0,NULL,NULL,NULL,NULL,'2014-07-23 14:59:22','2014-07-27 20:07:20','0c6b19e9-5c61-41f4-922b-c8b77858aadd'),
	(26,67,'en_us','<p>Story here</p>',NULL,NULL,NULL,NULL,NULL,NULL,NULL,NULL,NULL,NULL,NULL,NULL,0.00000000,0.00000000,NULL,NULL,NULL,NULL,NULL,0,NULL,0,NULL,NULL,NULL,NULL,'2014-07-27 20:16:58','2014-07-29 20:38:38','5bd33b3a-a02a-42a9-8056-9f955af082a4'),
	(27,68,'es','<p>Spanish story</p>',NULL,NULL,NULL,NULL,NULL,NULL,NULL,NULL,NULL,NULL,NULL,NULL,0.00000000,0.00000000,NULL,NULL,NULL,NULL,NULL,0,NULL,0,NULL,NULL,NULL,NULL,'2014-07-27 20:17:36','2014-07-29 20:55:03','75144ebf-89b0-46c7-a906-5b0dffa86366'),
	(28,72,'en_us','<p>Curabitur nibh lacus, scelerisque vel quam sit amet, accumsan dignissim mi. Donec id eleifend erat. Nam velit velit, sodales eget tempus sed, euismod at magna. Donec volutpat felis vitae tortor aliquam, sit amet ornare metus placerat. Etiam ultrices ante eget nibh vehicula blandit.</p><h2>Here\'s a big header&nbsp;with a line break</h2><p>\r\n	Sed rhoncus lorem quis justo rhoncus volutpat. Praesent sit amet placerat tortor, at imperdiet purus. Donec luctus nisi nibh, nec cursus massa imperdiet ac. In hac habitasse platea dictumst. Nulla vel rhoncus augue. Praesent laoreet urna id mollis accumsan. Vivamus vehicula lectus mauris, vitae sollicitudin diam vestibulum nec. Pellentesque suscipit nisi et congue congue.</p><p>Lorem ipsum dolor sit amet, consectetur adipiscing elit. In nec imperdiet nunc. Suspendisse et lorem scelerisque, sodales lectus ut, vulputate elit. Curabitur nibh lacus, scelerisque vel quam sit amet, accumsan dignissim mi. Donec id eleifend erat. Nam velit velit, sodales eget tempus sed, euismod at magna. Donec volutpat felis vitae tortor aliquam, sit amet ornare metus placerat. Etiam ultrices ante eget nibh vehicula blandit.</p>',NULL,NULL,NULL,NULL,NULL,NULL,NULL,NULL,NULL,NULL,NULL,NULL,0.00000000,0.00000000,NULL,NULL,NULL,NULL,NULL,0,NULL,0,NULL,NULL,NULL,NULL,'2014-07-27 21:02:06','2014-08-07 19:27:23','1bd05a40-2a47-4897-b4f0-5bd35bc20d1b'),
	(29,73,'es','<p>Spanish story blocks here.</p>',NULL,NULL,NULL,NULL,NULL,NULL,NULL,NULL,NULL,NULL,NULL,NULL,0.00000000,0.00000000,NULL,NULL,NULL,NULL,NULL,0,NULL,0,NULL,NULL,NULL,NULL,'2014-07-27 21:02:25','2014-08-07 15:28:01','c0b1d515-3ccd-4c4b-9910-eff70200f2db'),
	(30,83,'en_us','<p>Here\'s the english content for the fishing threat</p>',NULL,NULL,NULL,NULL,NULL,NULL,NULL,NULL,NULL,NULL,NULL,NULL,0.00000000,0.00000000,NULL,NULL,NULL,NULL,NULL,0,NULL,0,NULL,NULL,NULL,NULL,'2014-07-29 14:56:24','2014-07-31 15:57:16','3c24c31c-fba9-4d2f-a507-f06b6acd5dfb'),
	(31,84,'es','<p>Here\'s the content for fishing in spanish.</p>',NULL,NULL,NULL,NULL,NULL,NULL,NULL,NULL,NULL,NULL,NULL,NULL,0.00000000,0.00000000,NULL,NULL,NULL,NULL,NULL,0,NULL,0,NULL,NULL,NULL,NULL,'2014-07-29 14:57:02','2014-08-07 15:27:45','6bddcea4-a1d4-437b-a34d-f44bbe65631f'),
	(35,90,'en_us','<p>Lorem ipsum dolor sit amet, consectetur adipiscing elit. In nec imperdiet nunc. Suspendisse et lorem scelerisque, sodales lectus ut, vulputate elit. Curabitur nibh lacus, scelerisque vel quam sit amet, accumsan dignissim mi. Donec id eleifend erat. Nam velit velit, sodales eget tempus sed, euismod at magna. Donec volutpat felis vitae tortor aliquam, sit amet ornare metus placerat. Etiam ultrices ante eget nibh vehicula blandit.</p>',NULL,NULL,NULL,NULL,NULL,NULL,NULL,NULL,NULL,NULL,NULL,NULL,0.00000000,0.00000000,NULL,NULL,NULL,NULL,NULL,0,NULL,0,NULL,NULL,NULL,NULL,'2014-07-31 12:34:06','2014-08-07 19:27:23','87111a06-3143-4aab-8937-87af6aa32b68'),
	(36,97,'en_us','<p>English content for nest disturbance</p>',NULL,NULL,NULL,NULL,NULL,NULL,NULL,NULL,NULL,NULL,NULL,NULL,0.00000000,0.00000000,NULL,NULL,NULL,NULL,NULL,0,NULL,0,NULL,NULL,NULL,NULL,'2014-07-31 15:58:27','2014-07-31 15:58:27','e0666a75-f9c3-44f9-91c2-a1f8f8dec698'),
	(37,98,'es','<p>Spanish content for nest disturbance here lorem ipsum.</p>',NULL,NULL,NULL,NULL,NULL,NULL,NULL,NULL,NULL,NULL,NULL,NULL,0.00000000,0.00000000,NULL,NULL,NULL,NULL,NULL,0,NULL,0,NULL,NULL,NULL,NULL,'2014-07-31 16:00:35','2014-08-07 15:28:20','cab8342c-2def-4309-ba58-f55e7d0bf4f6'),
	(38,100,'en_us','<p>English version of pollution story.</p>',NULL,NULL,NULL,NULL,NULL,NULL,NULL,NULL,NULL,NULL,NULL,NULL,0.00000000,0.00000000,NULL,NULL,NULL,NULL,NULL,0,NULL,0,NULL,NULL,NULL,NULL,'2014-07-31 16:09:33','2014-07-31 16:09:33','55c10dc9-06da-48a9-9e94-4519e6472c85'),
	(39,101,'es','<p>Spanish version of story content here.</p>',NULL,NULL,NULL,NULL,NULL,NULL,NULL,NULL,NULL,NULL,NULL,NULL,0.00000000,0.00000000,NULL,NULL,NULL,NULL,NULL,0,NULL,0,NULL,NULL,NULL,NULL,'2014-07-31 16:10:48','2014-08-07 15:27:29','7d60d50f-626e-4df9-8461-098f14594358'),
	(40,103,'en_us','<p>Spanish version of story blocks here.</p>',NULL,NULL,NULL,NULL,NULL,NULL,NULL,NULL,NULL,NULL,NULL,NULL,0.00000000,0.00000000,NULL,NULL,NULL,NULL,NULL,0,NULL,0,NULL,NULL,NULL,NULL,'2014-07-31 16:12:30','2014-07-31 16:12:49','e81a9b20-98be-4f8a-8860-e615bd67a694'),
	(41,104,'es','<p>Spanish version of story block here.</p>',NULL,NULL,NULL,NULL,NULL,NULL,NULL,NULL,NULL,NULL,NULL,NULL,0.00000000,0.00000000,NULL,NULL,NULL,NULL,NULL,0,NULL,0,NULL,NULL,NULL,NULL,'2014-07-31 16:13:16','2014-08-07 15:28:44','c5bfad3d-d5c4-42f5-964f-a16571b95a35'),
	(43,137,'en_us','<p>Here\'s my content</p>',NULL,NULL,NULL,NULL,NULL,NULL,NULL,NULL,NULL,NULL,NULL,NULL,0.00000000,0.00000000,NULL,NULL,NULL,NULL,NULL,0,NULL,0,NULL,NULL,NULL,NULL,'2014-08-05 19:08:37','2014-08-05 21:07:27','59fcbd1e-6c27-424b-b5e3-ec94ffb2435d'),
	(44,139,'en_us','<p>Unfortunately, the page you\'re looking for doesn\'t exist. Perhaps you should <a href=\"{entry:2:url}\">return to our homepage</a> and start again?</p>',NULL,NULL,NULL,NULL,NULL,NULL,NULL,NULL,NULL,NULL,NULL,NULL,0.00000000,0.00000000,NULL,NULL,NULL,NULL,NULL,0,NULL,0,NULL,NULL,NULL,NULL,'2014-08-07 13:58:38','2014-08-07 14:14:51','6773bf45-9c6c-47c0-9eec-2043a4711572'),
	(45,140,'es','<p>Here\'s the spanish content for my 404 page.</p>',NULL,NULL,NULL,NULL,NULL,NULL,NULL,NULL,NULL,NULL,NULL,NULL,0.00000000,0.00000000,NULL,NULL,NULL,NULL,NULL,0,NULL,0,NULL,NULL,NULL,NULL,'2014-08-07 13:58:51','2014-08-07 13:58:51','352cfb3e-2b3b-4761-bdfc-e69c645b37c4'),
	(46,141,'en_us',NULL,NULL,NULL,NULL,NULL,'Not until we are lost do we begin to understand ourselves.','Henry David Thoreau','',NULL,NULL,NULL,NULL,NULL,0.00000000,0.00000000,NULL,NULL,NULL,NULL,NULL,0,NULL,0,NULL,NULL,NULL,NULL,'2014-08-07 14:07:09','2014-08-07 14:14:51','6d70559b-de3e-4822-a840-e232852bcf16'),
	(47,144,'en_us','<p>There are seven species of sea turtle. All sea turtles share common life history characteristics, and face common threats throughout their lifetimes from nest disturbance, development, fishing, pollution and climate change. As the largest, deepest-diving and farthest ranging sea turtles, leatherbacks serve as a flagship species for the other six species of sea turtles negatively affected by climate change, beachfront lighting or unleashed pets disturbing nest sites. Charismatic leatherbacks can also raise awareness for other animals like albatross, which are also killed by plastic pollution, gillnets and longlines.</p>',NULL,NULL,NULL,NULL,NULL,NULL,NULL,NULL,NULL,NULL,NULL,NULL,0.00000000,0.00000000,NULL,NULL,NULL,NULL,NULL,0,NULL,0,NULL,NULL,NULL,NULL,'2014-08-07 15:43:59','2014-08-12 21:09:07','83febc96-d732-4772-a1a3-4198463dff4d'),
	(48,145,'es','<p>(Spanish)&nbsp;There are seven species of sea turtle. All sea turtles share common life history characteristics, and face common threats throughout their lifetimes from nest disturbance, development, fishing, pollution and climate change. As the largest, deepest-diving and farthest ranging sea turtles, leatherbacks serve as a flagship species for the other six species of sea turtles negatively affected by climate change, beachfront lighting or unleashed pets disturbing nest sites. Charismatic leatherbacks can also raise awareness for other animals like albatross, which are also killed by plastic pollution, gillnets and longlines.</p>',NULL,NULL,NULL,NULL,NULL,NULL,NULL,NULL,NULL,NULL,NULL,NULL,0.00000000,0.00000000,NULL,NULL,NULL,NULL,NULL,0,NULL,0,NULL,NULL,NULL,NULL,'2014-08-07 15:45:21','2014-08-07 15:45:21','ffabfa1b-7ffa-4146-baff-077bc96fff07'),
	(50,150,'en_us','<p>Sea turtles swam the oceans when dinosaurs roamed the earth. Early ocean explorers marveled at the abundance of sea turtles. [Add quote?] [Numbers afforded&hellip; Explorers / subsistence hunters collected eggs/ ate meat &hellip; human populations grew, sea turtle populations dwindled]. Now these ancient reptiles confront new threats, like pollution, industrial fishing, climate change, and large-scale coastal development.</p>',NULL,NULL,NULL,NULL,NULL,NULL,NULL,NULL,NULL,NULL,NULL,NULL,0.00000000,0.00000000,NULL,NULL,NULL,NULL,NULL,0,NULL,0,NULL,NULL,NULL,NULL,'2014-08-07 16:14:48','2014-08-12 21:40:29','5392846d-694e-45ed-96fd-40426367359f'),
	(51,151,'es','<p>Spanish story block content for this page is here.</p>',NULL,NULL,NULL,NULL,NULL,NULL,NULL,NULL,NULL,NULL,NULL,NULL,0.00000000,0.00000000,NULL,NULL,NULL,NULL,NULL,0,NULL,0,NULL,NULL,NULL,NULL,'2014-08-07 16:16:21','2014-08-07 16:16:21','72679ffc-42d9-42a3-9dd7-e0047e9baae1'),
	(52,152,'en_us',NULL,'jumbo','','<p>Historical engravings of leatherbacks leave something to be desired as to the accuracy of the representation. However, they teach us that humans have been observing leatherbacks for hundreds of years.</p>',NULL,NULL,NULL,NULL,NULL,NULL,NULL,NULL,NULL,0.00000000,0.00000000,NULL,NULL,NULL,NULL,NULL,0,NULL,0,NULL,NULL,NULL,NULL,'2014-08-07 16:18:57','2014-08-12 21:40:29','8681fe6d-19f6-4fe4-afff-0575284e7404'),
	(53,153,'en_us','<p>Lorem ipsum dolor sit amet, consectetur adipiscing elit. Aenean iaculis semper sodales. Sed tempor auctor venenatis. Integer pretium, velit vitae dictum varius, mauris tellus porta nibh, sed ornare purus nibh semper libero. Curabitur enim dui, aliquam vel convallis at, posuere a augue. In nec mi fermentum, placerat sapien eget, vehicula nisl. Pellentesque viverra neque ac massa scelerisque, et euismod neque pretium. Interdum et malesuada fames ac ante ipsum primis in faucibus. Suspendisse quis commodo erat. Mauris nec interdum mi. Aliquam ac cursus quam. Vivamus ullamcorper lectus vel nisi lacinia, vitae luctus lectus eleifend. Donec elit dui, rhoncus a scelerisque non, dignissim eget nulla.</p><p>Vivamus sit amet felis odio. Quisque volutpat nulla sit amet quam auctor tempor. Vivamus consectetur eros nec dignissim aliquam. Sed eu nulla vel massa vehicula ultrices at nec turpis. Interdum et malesuada fames ac ante ipsum primis in faucibus. Curabitur eget porta felis. Curabitur non diam bibendum, fringilla nisi et, commodo tellus. In pharetra dignissim eros, malesuada scelerisque mauris fermentum ut. Morbi vitae tincidunt urna. Integer purus orci, porta ac ullamcorper nec, eleifend lobortis lacus. Suspendisse vitae eros in sapien feugiat congue vitae at risus. Nullam luctus scelerisque nibh, eget cursus nisi faucibus sit amet.</p>',NULL,NULL,NULL,NULL,NULL,NULL,NULL,NULL,NULL,NULL,NULL,NULL,0.00000000,0.00000000,NULL,NULL,NULL,NULL,NULL,0,NULL,0,NULL,NULL,NULL,NULL,'2014-08-07 16:21:04','2014-08-12 21:40:29','4c7b9c61-9c00-4923-aaef-11ba74ff51fc'),
	(54,154,'en_us',NULL,NULL,NULL,NULL,'standard-divider',NULL,NULL,NULL,NULL,NULL,NULL,NULL,NULL,0.00000000,0.00000000,NULL,NULL,NULL,NULL,NULL,0,NULL,0,NULL,NULL,NULL,NULL,'2014-08-07 16:34:28','2014-08-12 21:40:29','cb1ffe89-e383-42fc-a1a3-6a0536750369'),
	(55,155,'en_us','<p>Vivamus sit amet felis odio. Quisque volutpat nulla sit amet quam auctor tempor. Vivamus consectetur eros nec dignissim aliquam. Sed eu nulla vel massa vehicula ultrices at nec turpis. Interdum et malesuada fames ac ante ipsum primis in faucibus. Curabitur eget porta felis. Curabitur non diam bibendum, fringilla nisi et, commodo tellus. In pharetra dignissim eros, malesuada scelerisque mauris fermentum ut. Morbi vitae tincidunt urna. Integer purus orci, porta ac ullamcorper nec, eleifend lobortis lacus. Suspendisse vitae eros in sapien feugiat congue vitae at risus. Nullam luctus scelerisque nibh, eget cursus nisi faucibus sit amet.</p>',NULL,NULL,NULL,NULL,NULL,NULL,NULL,NULL,NULL,NULL,NULL,NULL,0.00000000,0.00000000,NULL,NULL,NULL,NULL,NULL,0,NULL,0,NULL,NULL,NULL,NULL,'2014-08-07 16:34:28','2014-08-12 21:40:29','e421a50b-85c8-4727-98c4-7d207b814030'),
	(56,156,'en_us',NULL,NULL,NULL,NULL,NULL,NULL,NULL,NULL,NULL,NULL,NULL,NULL,NULL,0.00000000,0.00000000,NULL,'','','aspect-16-9','standard',1,'{\"mapLat\":\"40.71278369999998\",\"mapLng\":\"-74.00594130000002\",\"mapZoom\":\"12\",\"pinLat\":\"40.7127837\",\"pinLng\":\"-74.00594130000002\",\"__model__\":\"Craft\\\\SquareBitMaps_MapModel\"}',1,'standard','aspect-2-1','Here\'s my caption','<p>Here\'s my caption and there\'s a lot to say about it.&nbsp;<a href=\"http://www.google.com\">Here\'s a link to somewhere</a>.</p>','2014-08-07 18:31:20','2014-08-12 21:09:08','61960f6e-ab62-4a02-a26c-9baf79565f77'),
	(58,158,'en_us',NULL,NULL,NULL,NULL,NULL,NULL,NULL,NULL,NULL,NULL,NULL,NULL,NULL,0.00000000,0.00000000,NULL,'Here\'s a caption title','<p>Here\'s the caption lorem ipsum dolor sit amet.</p>','aspect-1-1','inset-far-right',0,'{\"mapLat\":\"0\",\"mapLng\":\"-85.00000000000006\",\"mapZoom\":\"5\",\"pinLat\":\"0\",\"pinLng\":\"-85\",\"__model__\":\"Craft\\\\SquareBitMaps_MapModel\"}',0,'inset-far-right','aspect-1-1','Another map here','<p>A caption here.</p>','2014-08-07 19:23:24','2014-08-07 19:27:23','33fd9b68-5ffe-47d0-a10d-06a9d34eb45a'),
	(59,159,'en_us',NULL,NULL,NULL,NULL,NULL,NULL,NULL,NULL,NULL,NULL,NULL,NULL,NULL,0.00000000,0.00000000,NULL,'','<p>Heres a caption.</p>','aspect-16-9','standard',1,'{\"mapLat\":\"10.301857840189966\",\"mapLng\":\"-85.80549606323245\",\"mapZoom\":\"13\",\"pinLat\":\"10.3\",\"pinLng\":\"-85.84000000000003\",\"__model__\":\"Craft\\\\SquareBitMaps_MapModel\"}',1,'standard','aspect-16-9','','<p>Here\'s a cool caption for this map.</p>','2014-08-07 19:23:24','2014-08-07 19:27:23','29a44b95-3da1-44cb-9f19-310bbdb455f4');

/*!40000 ALTER TABLE `craft_matrixcontent_storyblocks` ENABLE KEYS */;
UNLOCK TABLES;


# Dump of table craft_migrations
# ------------------------------------------------------------

DROP TABLE IF EXISTS `craft_migrations`;

CREATE TABLE `craft_migrations` (
  `id` int(11) NOT NULL AUTO_INCREMENT,
  `pluginId` int(11) DEFAULT NULL,
  `version` varchar(255) COLLATE utf8_unicode_ci NOT NULL,
  `applyTime` datetime NOT NULL,
  `dateCreated` datetime NOT NULL,
  `dateUpdated` datetime NOT NULL,
  `uid` char(36) COLLATE utf8_unicode_ci NOT NULL DEFAULT '0',
  PRIMARY KEY (`id`),
  UNIQUE KEY `craft_migrations_version_unq_idx` (`version`),
  KEY `craft_migrations_pluginId_fk` (`pluginId`),
  CONSTRAINT `craft_migrations_pluginId_fk` FOREIGN KEY (`pluginId`) REFERENCES `craft_plugins` (`id`) ON DELETE CASCADE
) ENGINE=InnoDB DEFAULT CHARSET=utf8 COLLATE=utf8_unicode_ci;

LOCK TABLES `craft_migrations` WRITE;
/*!40000 ALTER TABLE `craft_migrations` DISABLE KEYS */;

INSERT INTO `craft_migrations` (`id`, `pluginId`, `version`, `applyTime`, `dateCreated`, `dateUpdated`, `uid`)
VALUES
	(1,NULL,'m000000_000000_base','2014-07-16 22:00:59','2014-07-16 22:00:59','2014-07-16 22:00:59','43805e23-6b91-4349-af52-71d4312976cb'),
	(2,NULL,'m131203_000000_allow_orphan_assets','2014-07-16 22:00:59','2014-07-16 22:00:59','2014-07-16 22:00:59','a55418b3-8e2d-42cb-9abf-6e866d17de69'),
	(3,NULL,'m131212_000001_add_missing_fk_to_emailmessages','2014-07-16 22:00:59','2014-07-16 22:00:59','2014-07-16 22:00:59','74f0fdf0-b4f5-4d03-a028-a1b79ef27758'),
	(4,NULL,'m140123_000000_update_widget_sort_orders','2014-07-16 22:00:59','2014-07-16 22:00:59','2014-07-16 22:00:59','a55f1bcf-e3f6-4c7e-92e0-805981468278'),
	(5,NULL,'m140212_000000_clean_up_structures','2014-07-16 22:00:59','2014-07-16 22:00:59','2014-07-16 22:00:59','a6c6862b-ca7e-4464-a998-be0c10efcb95'),
	(6,NULL,'m140217_000000_add_missing_indexes','2014-07-16 22:00:59','2014-07-16 22:00:59','2014-07-16 22:00:59','b2f394df-9613-4c06-bd6d-715b0fcef65e'),
	(7,NULL,'m140223_000000_add_missing_element_rows','2014-07-16 22:00:59','2014-07-16 22:00:59','2014-07-16 22:00:59','10633ba3-87b7-44d5-84a2-3d194237d31c'),
	(8,NULL,'m140325_000000_fix_matrix_settings','2014-07-16 22:00:59','2014-07-16 22:00:59','2014-07-16 22:00:59','eda4e501-21fe-492c-8309-b4142b61a884'),
	(9,NULL,'m140401_000000_assignUserPermissions_permission','2014-07-16 22:00:59','2014-07-16 22:00:59','2014-07-16 22:00:59','a77162eb-322c-428d-b25b-a18b59b37dbe'),
	(10,NULL,'m140401_000000_delete_the_deleted_files','2014-07-16 22:00:59','2014-07-16 22:00:59','2014-07-16 22:00:59','22962fc3-83d0-46ba-bdfd-ebcacaffa70c'),
	(11,NULL,'m140401_000001_structures','2014-07-16 22:00:59','2014-07-16 22:00:59','2014-07-16 22:00:59','634bc78b-9a6f-4e23-a1bf-b53c442bc7a2'),
	(12,NULL,'m140401_000002_elements_i18n_tweaks','2014-07-16 22:00:59','2014-07-16 22:00:59','2014-07-16 22:00:59','a0fd3301-33dd-4fe7-afef-1e5c17ec6203'),
	(13,NULL,'m140401_000003_tag_groups','2014-07-16 22:00:59','2014-07-16 22:00:59','2014-07-16 22:00:59','5b1e318b-9195-4010-8ebe-d658f401c422'),
	(14,NULL,'m140401_000004_add_unverifiedemail_column_to_users','2014-07-16 22:00:59','2014-07-16 22:00:59','2014-07-16 22:00:59','aef6366a-04e6-4adf-b1c8-cb1211356424'),
	(15,NULL,'m140401_000005_translatable_matrix_fields','2014-07-16 22:00:59','2014-07-16 22:00:59','2014-07-16 22:00:59','3ee4f266-ba4b-4c32-874e-e3ae3bae6f4e'),
	(16,NULL,'m140401_000006_translatable_relation_fields','2014-07-16 22:00:59','2014-07-16 22:00:59','2014-07-16 22:00:59','8a2f6ca9-eb19-4b93-a557-32f151584b99'),
	(17,NULL,'m140401_000007_add_enabledbydefault_column_to_sections_i18n','2014-07-16 22:00:59','2014-07-16 22:00:59','2014-07-16 22:00:59','f804e54b-a422-4f09-b318-5cfe229a6a2c'),
	(18,NULL,'m140401_000008_fullpath_to_path','2014-07-16 22:00:59','2014-07-16 22:00:59','2014-07-16 22:00:59','d1fd54c1-4212-4426-ab2e-b8911520aed7'),
	(19,NULL,'m140401_000009_asset_field_layouts','2014-07-16 22:00:59','2014-07-16 22:00:59','2014-07-16 22:00:59','0ae13e3c-0dd0-4ae5-8a56-0f427c55829a'),
	(20,NULL,'m140401_000010_no_section_default_author','2014-07-16 22:00:59','2014-07-16 22:00:59','2014-07-16 22:00:59','01cf51ec-6959-46cb-bad0-b838be18ba5a'),
	(21,NULL,'m140401_000011_categories','2014-07-16 22:00:59','2014-07-16 22:00:59','2014-07-16 22:00:59','6213519b-2067-4eab-9f83-66b54c5401d8'),
	(22,NULL,'m140401_000012_templatecaches','2014-07-16 22:00:59','2014-07-16 22:00:59','2014-07-16 22:00:59','c76f8815-8888-42e7-9ab4-dfe5d116e79e'),
	(23,NULL,'m140401_000013_allow_temp_source_transforms','2014-07-16 22:00:59','2014-07-16 22:00:59','2014-07-16 22:00:59','009b401b-c5b6-478c-a0d0-eff3e91b95d8'),
	(24,NULL,'m140401_000014_entry_title_formats','2014-07-16 22:00:59','2014-07-16 22:00:59','2014-07-16 22:00:59','2f14ceb8-3552-4104-8a58-c14b22f45bf3'),
	(25,NULL,'m140401_000015_tasks','2014-07-16 22:00:59','2014-07-16 22:00:59','2014-07-16 22:00:59','f7786c88-4604-4ace-b3ab-9289484904ac'),
	(26,NULL,'m140401_000016_varchar_classes','2014-07-16 22:00:59','2014-07-16 22:00:59','2014-07-16 22:00:59','2cf1f36c-1074-4c53-9640-a9372e0eb0e7'),
	(27,NULL,'m140401_000017_add_transform_quality','2014-07-16 22:00:59','2014-07-16 22:00:59','2014-07-16 22:00:59','9b19dc3b-4f8e-4e4a-8ff6-f8a94253a3a3'),
	(28,NULL,'m140401_000018_locale_routes','2014-07-16 22:00:59','2014-07-16 22:00:59','2014-07-16 22:00:59','30523bbb-72a9-4fea-9027-341503b326af'),
	(29,NULL,'m140401_000019_editions','2014-07-16 22:00:59','2014-07-16 22:00:59','2014-07-16 22:00:59','6d02baaf-8326-4bf5-a9eb-8145bd42b9a6'),
	(30,NULL,'m140401_000019_rackspace_auth_api','2014-07-16 22:00:59','2014-07-16 22:00:59','2014-07-16 22:00:59','cdb51201-d71f-400b-92fb-cee682a03688'),
	(31,NULL,'m140401_000020_deprecationerrors_table','2014-07-16 22:00:59','2014-07-16 22:00:59','2014-07-16 22:00:59','bed886f0-07bd-48a7-8f96-32010512d81b'),
	(32,NULL,'m140401_000021_client_user','2014-07-16 22:00:59','2014-07-16 22:00:59','2014-07-16 22:00:59','92be67d6-ad50-408c-9e92-74e16a72afe0'),
	(33,NULL,'m140401_100000_resave_elements','2014-07-16 22:00:59','2014-07-16 22:00:59','2014-07-16 22:00:59','19208027-6bc3-4ffb-9fcc-929e71a04928'),
	(34,NULL,'m140401_100002_delete_compiled_templates','2014-07-16 22:00:59','2014-07-16 22:00:59','2014-07-16 22:00:59','7879a212-0365-47f6-a53b-328f5b13abbb'),
	(35,NULL,'m140403_000000_allow_orphan_assets_again','2014-07-16 22:00:59','2014-07-16 22:00:59','2014-07-16 22:00:59','a9b844d0-19b1-4f05-ad2a-9f0da4d7179e'),
	(36,NULL,'m140508_000000_fix_disabled_matrix_blocks','2014-07-16 22:00:59','2014-07-16 22:00:59','2014-07-16 22:00:59','2b7408f0-17e3-4c1f-aa38-4f0b6bf51844'),
	(37,NULL,'m140520_000000_add_id_column_to_templatecachecriteria','2014-07-16 22:00:59','2014-07-16 22:00:59','2014-07-16 22:00:59','89602981-7168-4b12-8bf9-14cb77cccee7'),
	(38,NULL,'m140603_000000_draft_names','2014-07-16 22:00:59','2014-07-16 22:00:59','2014-07-16 22:00:59','5ceba282-3f48-4774-ba70-1277b339c34e'),
	(39,NULL,'m140603_000001_draft_notes','2014-07-16 22:00:59','2014-07-16 22:00:59','2014-07-16 22:00:59','af02754a-4914-4b77-8b8a-d4c9fdff9d6d'),
	(40,NULL,'m140603_000002_version_nums','2014-07-16 22:00:59','2014-07-16 22:00:59','2014-07-16 22:00:59','9903b4f0-2717-4901-a26c-290c2e2d5667'),
	(41,NULL,'m140603_000003_version_toggling','2014-07-16 22:00:59','2014-07-16 22:00:59','2014-07-16 22:00:59','bf3d440c-6bbb-40e6-91de-101e3aa52a0f'),
	(42,NULL,'m140603_000004_tokens','2014-07-16 22:00:59','2014-07-16 22:00:59','2014-07-16 22:00:59','992b6629-0560-4f76-acfc-3e1ebc3c3b08'),
	(43,NULL,'m140603_000005_asset_sources','2014-07-16 22:00:59','2014-07-16 22:00:59','2014-07-16 22:00:59','bd0af830-516c-4dbe-847f-2db70e29c20c'),
	(44,NULL,'m140716_000001_allow_temp_source_transforms_again','2014-07-27 19:42:41','2014-07-27 19:42:41','2014-07-27 19:42:41','dce45f41-6162-4f15-be23-1987794fea26');

/*!40000 ALTER TABLE `craft_migrations` ENABLE KEYS */;
UNLOCK TABLES;


# Dump of table craft_plugins
# ------------------------------------------------------------

DROP TABLE IF EXISTS `craft_plugins`;

CREATE TABLE `craft_plugins` (
  `id` int(11) NOT NULL AUTO_INCREMENT,
  `class` varchar(150) COLLATE utf8_unicode_ci NOT NULL,
  `version` char(15) COLLATE utf8_unicode_ci NOT NULL,
  `enabled` tinyint(1) unsigned NOT NULL DEFAULT '0',
  `settings` text COLLATE utf8_unicode_ci,
  `installDate` datetime NOT NULL,
  `dateCreated` datetime NOT NULL,
  `dateUpdated` datetime NOT NULL,
  `uid` char(36) COLLATE utf8_unicode_ci NOT NULL DEFAULT '0',
  PRIMARY KEY (`id`)
) ENGINE=InnoDB DEFAULT CHARSET=utf8 COLLATE=utf8_unicode_ci;

LOCK TABLES `craft_plugins` WRITE;
/*!40000 ALTER TABLE `craft_plugins` DISABLE KEYS */;

INSERT INTO `craft_plugins` (`id`, `class`, `version`, `enabled`, `settings`, `installDate`, `dateCreated`, `dateUpdated`, `uid`)
VALUES
	(1,'SquareBitMaps','1.0',1,'{\"googleMapsApiKey\":\"AIzaSyArNs2ldJDQoSAnl4auiGDSmBWzmxeD6SY\"}','2014-08-07 18:25:48','2014-08-07 18:25:48','2014-08-07 18:26:05','55e8a7b9-efca-456c-9278-eaf8b8a2d99f');

/*!40000 ALTER TABLE `craft_plugins` ENABLE KEYS */;
UNLOCK TABLES;


# Dump of table craft_rackspaceaccess
# ------------------------------------------------------------

DROP TABLE IF EXISTS `craft_rackspaceaccess`;

CREATE TABLE `craft_rackspaceaccess` (
  `id` int(11) NOT NULL AUTO_INCREMENT,
  `connectionKey` varchar(255) COLLATE utf8_unicode_ci NOT NULL,
  `token` varchar(255) COLLATE utf8_unicode_ci NOT NULL,
  `storageUrl` varchar(255) COLLATE utf8_unicode_ci NOT NULL,
  `cdnUrl` varchar(255) COLLATE utf8_unicode_ci NOT NULL,
  `dateCreated` datetime NOT NULL,
  `dateUpdated` datetime NOT NULL,
  `uid` char(36) COLLATE utf8_unicode_ci NOT NULL DEFAULT '0',
  PRIMARY KEY (`id`),
  UNIQUE KEY `craft_rackspaceaccess_connectionKey_unq_idx` (`connectionKey`)
) ENGINE=InnoDB DEFAULT CHARSET=utf8 COLLATE=utf8_unicode_ci;



# Dump of table craft_relations
# ------------------------------------------------------------

DROP TABLE IF EXISTS `craft_relations`;

CREATE TABLE `craft_relations` (
  `id` int(11) NOT NULL AUTO_INCREMENT,
  `fieldId` int(11) NOT NULL,
  `sourceId` int(11) NOT NULL,
  `sourceLocale` char(12) COLLATE utf8_unicode_ci DEFAULT NULL,
  `targetId` int(11) NOT NULL,
  `sortOrder` tinyint(4) DEFAULT NULL,
  `dateCreated` datetime NOT NULL,
  `dateUpdated` datetime NOT NULL,
  `uid` char(36) COLLATE utf8_unicode_ci NOT NULL DEFAULT '0',
  PRIMARY KEY (`id`),
  UNIQUE KEY `craft_relations_fieldId_sourceId_sourceLocale_targetId_unq_idx` (`fieldId`,`sourceId`,`sourceLocale`,`targetId`),
  KEY `craft_relations_sourceId_fk` (`sourceId`),
  KEY `craft_relations_sourceLocale_fk` (`sourceLocale`),
  KEY `craft_relations_targetId_fk` (`targetId`),
  CONSTRAINT `craft_relations_fieldId_fk` FOREIGN KEY (`fieldId`) REFERENCES `craft_fields` (`id`) ON DELETE CASCADE,
  CONSTRAINT `craft_relations_sourceId_fk` FOREIGN KEY (`sourceId`) REFERENCES `craft_elements` (`id`) ON DELETE CASCADE,
  CONSTRAINT `craft_relations_sourceLocale_fk` FOREIGN KEY (`sourceLocale`) REFERENCES `craft_locales` (`locale`) ON DELETE CASCADE ON UPDATE CASCADE,
  CONSTRAINT `craft_relations_targetId_fk` FOREIGN KEY (`targetId`) REFERENCES `craft_elements` (`id`) ON DELETE CASCADE
) ENGINE=InnoDB DEFAULT CHARSET=utf8 COLLATE=utf8_unicode_ci;

LOCK TABLES `craft_relations` WRITE;
/*!40000 ALTER TABLE `craft_relations` DISABLE KEYS */;

INSERT INTO `craft_relations` (`id`, `fieldId`, `sourceId`, `sourceLocale`, `targetId`, `sortOrder`, `dateCreated`, `dateUpdated`, `uid`)
VALUES
	(159,56,41,NULL,39,1,'2014-07-22 14:35:44','2014-07-22 14:35:44','ec4de233-7283-489d-bf27-297fc9dd4c46'),
	(364,62,49,'es',44,1,'2014-07-23 14:07:03','2014-07-23 14:07:03','557855d5-c102-4029-ae73-395cabb9f121'),
	(377,20,11,'es',10,1,'2014-07-23 14:52:34','2014-07-23 14:52:34','0a50a392-db52-4351-9c72-3d5635f1fcec'),
	(413,3,55,'es',63,1,'2014-07-27 20:07:20','2014-07-27 20:07:20','8abacbcf-ce2c-43cd-a026-2a3db03a5716'),
	(414,3,55,'es',64,2,'2014-07-27 20:07:20','2014-07-27 20:07:20','70e32294-f8e0-46b3-af0b-350495bd08ed'),
	(424,3,55,'en_us',62,1,'2014-07-28 21:39:34','2014-07-28 21:39:34','bc1cf8e9-eb06-4069-9fd2-3c84f126d5b0'),
	(425,3,55,'en_us',74,2,'2014-07-28 21:39:34','2014-07-28 21:39:34','023f6b74-69ba-4a33-964f-054e48403eb2'),
	(426,29,55,NULL,54,1,'2014-07-28 21:39:34','2014-07-28 21:39:34','37582917-86d6-40a7-8114-138e2b102bc8'),
	(440,28,11,NULL,41,1,'2014-07-29 14:42:42','2014-07-29 14:42:42','1b264e4a-2232-4b2b-89aa-bf063d795ec2'),
	(441,3,11,'en_us',76,1,'2014-07-29 14:42:42','2014-07-29 14:42:42','1821dcd5-1aaf-4664-af04-f3cb927d59d7'),
	(442,3,11,'en_us',77,2,'2014-07-29 14:42:42','2014-07-29 14:42:42','b4ffdece-512b-4cda-a779-a11bb482a82c'),
	(443,3,11,'en_us',78,3,'2014-07-29 14:42:42','2014-07-29 14:42:42','5ac4b2da-c3ae-4e45-88e3-d2d4061944e3'),
	(444,3,11,'en_us',79,4,'2014-07-29 14:42:42','2014-07-29 14:42:42','25b80bf2-603a-4850-904f-38efa4a4dd0e'),
	(445,29,11,NULL,10,1,'2014-07-29 14:42:42','2014-07-29 14:42:42','3a13b961-448b-4015-ade3-9bfb657ba2a1'),
	(446,38,13,NULL,10,1,'2014-07-29 14:42:42','2014-07-29 14:42:42','a1943fd8-bc73-4f23-a750-61a966603970'),
	(447,38,15,NULL,14,1,'2014-07-29 14:42:42','2014-07-29 14:42:42','e2fee41d-ab09-41db-9cfb-03fd4f686c2f'),
	(448,38,19,NULL,14,1,'2014-07-29 14:42:42','2014-07-29 14:42:42','044fff66-bbca-4c44-b50a-368db6c1892d'),
	(449,50,25,NULL,20,1,'2014-07-29 14:42:42','2014-07-29 14:42:42','9157e07d-02e7-4be2-9927-f9cd99f5d73f'),
	(450,51,25,NULL,21,1,'2014-07-29 14:42:42','2014-07-29 14:42:42','8a3ac458-73fc-4bb8-9905-99445cf85134'),
	(451,28,52,NULL,41,1,'2014-07-29 14:45:22','2014-07-29 14:45:22','7bdb7fb4-6e1f-46f9-baf2-5afe16ff73f8'),
	(452,29,52,NULL,80,1,'2014-07-29 14:45:22','2014-07-29 14:45:22','025d45c5-d455-48c8-98da-acf9715b7066'),
	(462,3,44,'en_us',74,1,'2014-07-29 20:37:54','2014-07-29 20:37:54','0729d972-aac5-437a-b17b-dda292f5a72e'),
	(463,29,44,NULL,20,1,'2014-07-29 20:37:54','2014-07-29 20:37:54','e40fce19-59ca-48a3-8c95-ff0deedb9309'),
	(464,38,45,NULL,9,1,'2014-07-29 20:37:54','2014-07-29 20:37:54','3db3c952-f084-45ab-9c4c-d78d76ad29c5'),
	(465,3,66,'en_us',65,1,'2014-07-29 20:38:38','2014-07-29 20:38:38','0e017af3-51b9-4c82-a9f7-7c7e638678c2'),
	(466,3,66,'en_us',75,2,'2014-07-29 20:38:38','2014-07-29 20:38:38','6db6a033-0333-4a23-adf2-bd1584f40a82'),
	(467,3,66,'en_us',74,3,'2014-07-29 20:38:38','2014-07-29 20:38:38','acaedf8b-1387-46e7-9558-77b132e55eda'),
	(468,3,66,'en_us',62,4,'2014-07-29 20:38:38','2014-07-29 20:38:38','889366cd-8ad3-44e2-a50d-371772fda789'),
	(469,3,66,'en_us',77,5,'2014-07-29 20:38:38','2014-07-29 20:38:38','2ad328a4-39ae-4930-bc0b-fce8667f634d'),
	(472,3,66,'es',64,1,'2014-07-29 20:55:03','2014-07-29 20:55:03','a07e85c8-1e68-4388-a6c3-8aed1cfb30fb'),
	(473,3,66,'es',87,2,'2014-07-29 20:55:03','2014-07-29 20:55:03','132b8152-378f-461c-8a72-c03d1641dfde'),
	(474,3,66,'es',63,3,'2014-07-29 20:55:03','2014-07-29 20:55:03','36d6e0f9-f117-4d97-a05d-b29727c55518'),
	(563,56,114,NULL,113,1,'2014-08-05 14:50:12','2014-08-05 14:50:12','24cfdd7d-b8d9-4b2b-9197-0a14d0e00837'),
	(564,60,114,NULL,36,1,'2014-08-05 14:50:12','2014-08-05 14:50:12','09d47c54-ac52-41eb-8fa0-6da107b55a3e'),
	(565,56,116,NULL,115,1,'2014-08-05 14:53:31','2014-08-05 14:53:31','cd828dbc-13f6-4fa6-ace6-5bfe9747e32c'),
	(566,60,116,NULL,38,1,'2014-08-05 14:53:31','2014-08-05 14:53:31','8ecb6aa5-e031-46dc-8aef-8a1f1063fc62'),
	(567,56,118,NULL,117,1,'2014-08-05 14:54:27','2014-08-05 14:54:27','9d97d9b6-4228-4bc8-9a5c-a64390bf7f9b'),
	(568,60,118,NULL,111,1,'2014-08-05 14:54:27','2014-08-05 14:54:27','8dc7dba8-ddf8-4f78-9481-cf2174581a26'),
	(573,84,122,NULL,119,1,'2014-08-05 15:04:07','2014-08-05 15:04:07','a549e26d-8cd3-4d1b-ac9e-5b56761a2dd5'),
	(574,83,122,NULL,107,1,'2014-08-05 15:04:07','2014-08-05 15:04:07','bd62f3ff-e6e3-42b6-87a2-fe99aa970e17'),
	(577,89,126,NULL,10,1,'2014-08-05 15:09:22','2014-08-05 15:09:22','fa26d944-4d93-417c-9107-e64e2f6d88bf'),
	(579,89,130,NULL,9,1,'2014-08-05 15:12:41','2014-08-05 15:12:41','0e352ddc-d1f6-43ba-bc97-3b8ff381dd95'),
	(580,62,49,'en_us',11,1,'2014-08-05 15:47:05','2014-08-05 15:47:05','0e7ac517-f1b4-4445-9d21-2ee915fc3b2a'),
	(598,84,124,NULL,123,1,'2014-08-05 19:46:53','2014-08-05 19:46:53','872683ac-27d0-44c7-9ca3-44dba8e32507'),
	(599,83,124,NULL,105,1,'2014-08-05 19:46:53','2014-08-05 19:46:53','5bb776fe-b179-4b6d-bf84-00e879e4bf0e'),
	(600,84,120,NULL,121,1,'2014-08-05 19:47:27','2014-08-05 19:47:27','641a9915-6c0a-4393-9265-828d459963c5'),
	(601,83,120,NULL,105,1,'2014-08-05 19:47:27','2014-08-05 19:47:27','0331f9da-1882-4e86-8df2-9ab665b8ef94'),
	(607,56,112,NULL,40,1,'2014-08-05 19:55:57','2014-08-05 19:55:57','cb4c542a-20c1-48fb-9250-d8353aa63b75'),
	(608,60,112,NULL,37,1,'2014-08-05 19:55:57','2014-08-05 19:55:57','acc082ca-d4b7-4387-b859-f248f242bfa1'),
	(609,82,136,NULL,133,1,'2014-08-05 21:07:27','2014-08-05 21:07:27','f2ac74b5-edfc-4505-88a8-03fdb3e07bbb'),
	(610,82,136,NULL,66,2,'2014-08-05 21:07:27','2014-08-05 21:07:27','08ffbe75-f1e2-41e2-bfd0-d1ef148bbfe6'),
	(611,20,136,'en_us',9,1,'2014-08-05 21:07:27','2014-08-05 21:07:27','d135eb86-b955-47c1-a334-40bf310872cc'),
	(614,20,2,'en_us',8,1,'2014-08-05 22:33:41','2014-08-05 22:33:41','b53255ae-ab36-4ad1-87d9-25295408aaa7'),
	(615,95,2,'en_us',11,1,'2014-08-05 22:33:41','2014-08-05 22:33:41','49071386-d743-4f08-98a8-117f9d32adfb'),
	(616,20,2,'es',10,1,'2014-08-05 22:34:15','2014-08-05 22:34:15','83bef404-d7c1-49ed-82b2-2726ee188649'),
	(617,95,2,'es',52,1,'2014-08-05 22:34:15','2014-08-05 22:34:15','b8e9fd05-5981-46b3-b2c0-c5282a03a97d'),
	(623,64,99,NULL,95,1,'2014-08-07 15:27:29','2014-08-07 15:27:29','86e7741f-70d7-4eee-a409-96aa738d5a6a'),
	(624,64,82,NULL,93,1,'2014-08-07 15:27:45','2014-08-07 15:27:45','da2ac8dd-0068-42d4-9fa2-08d930df7e9f'),
	(628,64,96,NULL,94,1,'2014-08-07 15:28:20','2014-08-07 15:28:20','c0196403-42e2-4c80-84ff-3148a59b6fda'),
	(629,64,102,NULL,91,1,'2014-08-07 15:28:44','2014-08-07 15:28:44','224a437c-ada3-4d79-9683-b713a114e5fb'),
	(699,82,71,NULL,82,1,'2014-08-07 19:27:22','2014-08-07 19:27:22','44d21441-db58-40a5-bf2c-fd625cc73835'),
	(700,82,71,NULL,11,2,'2014-08-07 19:27:22','2014-08-07 19:27:22','22d3ddfd-05db-4564-9e64-2b2a95e00122'),
	(701,64,71,NULL,70,1,'2014-08-07 19:27:23','2014-08-07 19:27:23','9b32e62a-ebca-4fe9-bebc-2a1e36817af9'),
	(718,129,160,NULL,51,1,'2014-08-12 17:02:29','2014-08-12 17:02:29','5d353e7e-a507-48e9-9880-d977c3ece3c5'),
	(734,82,143,NULL,160,1,'2014-08-12 21:09:07','2014-08-12 21:09:07','83ca0068-2b86-4e51-8051-6fcb9e053a06'),
	(735,82,143,NULL,99,2,'2014-08-12 21:09:07','2014-08-12 21:09:07','4411fa8d-8434-4735-a5fa-66990c813541'),
	(736,82,143,NULL,134,3,'2014-08-12 21:09:07','2014-08-12 21:09:07','b36a070c-6a62-4c2b-a35a-b911f1047f81'),
	(737,29,143,NULL,146,1,'2014-08-12 21:09:07','2014-08-12 21:09:07','0ca1f826-927d-46a1-a6d8-4191ecbcc824'),
	(738,29,149,NULL,177,1,'2014-08-12 21:40:29','2014-08-12 21:40:29','c75c8d41-8799-4586-a2c6-a12bb9159b21'),
	(739,38,152,NULL,148,1,'2014-08-12 21:40:29','2014-08-12 21:40:29','d8d54677-27f2-479e-9617-065f70f109fd'),
	(740,3,34,'en_us',77,1,'2014-08-12 21:46:31','2014-08-12 21:46:31','e3058d46-0dfe-4820-9c1f-e0624caef109'),
	(741,29,34,NULL,21,1,'2014-08-12 21:46:31','2014-08-12 21:46:31','409d8471-9bb2-441f-848b-d8e8ba7a0bec');

/*!40000 ALTER TABLE `craft_relations` ENABLE KEYS */;
UNLOCK TABLES;


# Dump of table craft_routes
# ------------------------------------------------------------

DROP TABLE IF EXISTS `craft_routes`;

CREATE TABLE `craft_routes` (
  `id` int(11) NOT NULL AUTO_INCREMENT,
  `locale` char(12) COLLATE utf8_unicode_ci DEFAULT NULL,
  `urlParts` varchar(255) COLLATE utf8_unicode_ci NOT NULL,
  `urlPattern` varchar(255) COLLATE utf8_unicode_ci NOT NULL,
  `template` varchar(255) COLLATE utf8_unicode_ci NOT NULL,
  `sortOrder` tinyint(4) DEFAULT NULL,
  `dateCreated` datetime NOT NULL,
  `dateUpdated` datetime NOT NULL,
  `uid` char(36) COLLATE utf8_unicode_ci NOT NULL DEFAULT '0',
  PRIMARY KEY (`id`),
  UNIQUE KEY `craft_routes_urlPattern_unq_idx` (`urlPattern`),
  KEY `craft_routes_locale_idx` (`locale`),
  CONSTRAINT `craft_routes_locale_fk` FOREIGN KEY (`locale`) REFERENCES `craft_locales` (`locale`) ON DELETE CASCADE ON UPDATE CASCADE
) ENGINE=InnoDB DEFAULT CHARSET=utf8 COLLATE=utf8_unicode_ci;

LOCK TABLES `craft_routes` WRITE;
/*!40000 ALTER TABLE `craft_routes` DISABLE KEYS */;

INSERT INTO `craft_routes` (`id`, `locale`, `urlParts`, `urlPattern`, `template`, `sortOrder`, `dateCreated`, `dateUpdated`, `uid`)
VALUES
	(1,NULL,'[\"news-events\\/tags\\/\",[\"tag\",\"[^\\\\\\/]+\"]]','news\\-events\\/tags\\/(?P<tag>[^\\/]+)','news-events/_tag',1,'2014-07-28 21:47:50','2014-07-28 21:47:50','847389ac-f200-40aa-858a-eac6e003f2ad'),
	(2,NULL,'[\"news-events\\/tags\"]','news\\-events\\/tags','news-events/_tag-listing',2,'2014-07-28 21:57:42','2014-07-28 21:57:42','3b3c4ae2-dea6-49e2-af99-b44b1d075256');

/*!40000 ALTER TABLE `craft_routes` ENABLE KEYS */;
UNLOCK TABLES;


# Dump of table craft_searchindex
# ------------------------------------------------------------

DROP TABLE IF EXISTS `craft_searchindex`;

CREATE TABLE `craft_searchindex` (
  `elementId` int(11) NOT NULL,
  `attribute` varchar(25) COLLATE utf8_unicode_ci NOT NULL,
  `fieldId` int(11) NOT NULL,
  `locale` char(12) COLLATE utf8_unicode_ci NOT NULL,
  `keywords` text COLLATE utf8_unicode_ci NOT NULL,
  PRIMARY KEY (`elementId`,`attribute`,`fieldId`,`locale`),
  FULLTEXT KEY `craft_searchindex_keywords_idx` (`keywords`)
) ENGINE=MyISAM DEFAULT CHARSET=utf8 COLLATE=utf8_unicode_ci;

LOCK TABLES `craft_searchindex` WRITE;
/*!40000 ALTER TABLE `craft_searchindex` DISABLE KEYS */;

INSERT INTO `craft_searchindex` (`elementId`, `attribute`, `fieldId`, `locale`, `keywords`)
VALUES
	(1,'username',0,'en_us',' admin '),
	(1,'firstname',0,'en_us',' admin '),
	(1,'lastname',0,'en_us',' someone '),
	(1,'fullname',0,'en_us',' admin someone '),
	(1,'email',0,'en_us',' adam startingnow co '),
	(1,'slug',0,'en_us',''),
	(2,'field',1,'en_us',' welcome to 216 243 143 149 '),
	(2,'field',2,'en_us',' it s true this site doesn t have a whole lot of content yet but don t worry our web developers have just installed the cms and they re setting things up for the content editors this very moment soon 216 243 143 149 will be an oasis of fresh perspectives sharp analyses and astute opinions that will keep you coming back again and again '),
	(2,'slug',0,'en_us',' homepage '),
	(2,'title',0,'en_us',' homepage '),
	(3,'field',2,'en_us',' craft is the cms that s powering 216 243 143 149 it s beautiful powerful flexible and easy to use and it s made by pixel tonic we can t wait to dive in and see what it s capable of this is even more captivating content which you couldn t see on the news index page because it was entered after a page break and the news index template only likes to show the content on the first page craft a nice alternative to word if you re making a website '),
	(3,'field',3,'en_us',''),
	(3,'slug',0,'en_us',' we just installed craft '),
	(3,'title',0,'en_us',' we just installed craft '),
	(4,'slug',0,'en_us',''),
	(4,'field',4,'en_us',' why leatherbacks sea turtles matter why leatherbacks sea turtles matter '),
	(4,'field',5,'en_us',''),
	(4,'field',6,'en_us',''),
	(5,'slug',0,'en_us',''),
	(5,'field',9,'en_us',' leatherbacktrust '),
	(5,'field',8,'en_us',''),
	(5,'field',7,'en_us',' https www facebook com leatherbacktrust '),
	(5,'field',10,'en_us',''),
	(5,'field',9,'es',' leatherbacktrust '),
	(5,'field',8,'es',''),
	(5,'field',7,'es',' https www facebook com leatherbacktrust '),
	(5,'field',10,'es',''),
	(6,'slug',0,'en_us',''),
	(6,'field',11,'en_us',' ua xxxxxxxx '),
	(6,'field',12,'en_us',' the leatherback trust is a non profit organization dedicated to saving the leatherback sea turtle our mission is to promote the conservation of leatherbacks and other turtles at risk of extinction '),
	(6,'field',13,'en_us',' leatherback protection conservation sea turtles '),
	(6,'field',11,'es',' ua xxxxxxxx '),
	(7,'field',14,'en_us',' email twitter facebook '),
	(7,'slug',0,'en_us',''),
	(7,'field',14,'es',' email twitter facebook '),
	(5,'slug',0,'es',''),
	(6,'field',12,'es',' here is the spanish version of the meta description '),
	(6,'field',13,'es',' spanish meta keywords here '),
	(6,'slug',0,'es',''),
	(2,'field',15,'en_us',' 1 '),
	(2,'field',20,'en_us',' turtle robinson widescreen '),
	(2,'field',16,'en_us',' here s my alert headline '),
	(2,'field',22,'en_us',' headline for image caption here lorem ipsum dolor '),
	(2,'field',17,'en_us',' here s my alert body in english '),
	(2,'field',23,'en_us',' if there is some additional information then it will be set like this in some descriptive text that will accompany the caption like so '),
	(2,'field',18,'en_us',' google it '),
	(2,'field',24,'en_us',' the leatherback trust is a non profit organization dedicated to saving the leatherback sea turtle our mission is to promote the conservation of leatherbacks and other turtles at risk of extinction '),
	(2,'field',19,'en_us',' http www google com '),
	(2,'field',25,'en_us',' leatherback turtles are critically endangered worldwide populations of eastern pacific leatherbacks declined 90% since 1990 the leatherback trust tlt aims to reverse this trend by tackling the 5 most deadly threats to leatherbacks and other sea turtles our scientists conduct research at nesting beaches and at sea collecting critical data to support conservation interventions we partner with communities to protect nesting beaches and work with governments to inform sustainable development and fisheries management priorities '),
	(2,'field',15,'es',' 1 '),
	(8,'field',21,'en_us',' a leatherback hatchling in shallow water '),
	(8,'filename',0,'en_us',' turtle robinson widescreen jpg '),
	(8,'extension',0,'en_us',' jpg '),
	(8,'kind',0,'en_us',' image '),
	(8,'slug',0,'en_us',' turtle robinson widescreen '),
	(8,'title',0,'en_us',' turtle robinson widescreen '),
	(8,'field',21,'es',''),
	(2,'field',20,'es',' trinidad turtle '),
	(2,'field',16,'es',''),
	(2,'field',22,'es',''),
	(2,'field',17,'es',' here s my alert body in spanish with some italics and some bold '),
	(2,'field',23,'es',' spanish hero caption here lorem ipsum dolor sit amet consecutat velorem dolor adipiscing elite ventorum no caption title for the spanish version '),
	(2,'field',18,'es',''),
	(2,'field',24,'es',' spanish mission statement here lore ipsum dolor sit amet consecutat velorem dolor adipiscing elite ventorum '),
	(2,'field',19,'es',''),
	(2,'field',25,'es',' spanish mission statement body here lorem ipsum dolor sit amet consecutat velorem dolor adipiscing elite vestibulum elite ventorum '),
	(2,'slug',0,'es',' homepage '),
	(2,'title',0,'es',' homepage '),
	(10,'field',21,'en_us',' turtle on the beach '),
	(9,'field',21,'en_us',' a research team works on a leatherback in the dark of night '),
	(9,'filename',0,'en_us',' leatherback nesting full jpg '),
	(9,'extension',0,'en_us',' jpg '),
	(9,'kind',0,'en_us',' image '),
	(9,'slug',0,'en_us',' leatherback nesting full '),
	(9,'title',0,'en_us',' leatherback nesting full '),
	(9,'field',21,'es',' a team works on a leatherback at night '),
	(9,'filename',0,'es',' leatherback nesting full jpg '),
	(9,'extension',0,'es',' jpg '),
	(9,'kind',0,'es',' image '),
	(9,'slug',0,'es',' leatherback nesting full '),
	(9,'title',0,'es',' leatherback nesting full '),
	(10,'filename',0,'en_us',' trinidad turtle jpg '),
	(10,'extension',0,'en_us',' jpg '),
	(10,'kind',0,'en_us',' image '),
	(10,'slug',0,'en_us',' trinidad turtle '),
	(10,'title',0,'en_us',' trinidad turtle '),
	(10,'field',21,'es',' photo on the beach '),
	(11,'field',26,'en_us',' endangered leatherback turtles resurge '),
	(11,'field',28,'en_us',' snetman '),
	(11,'field',3,'en_us',' leatherbacks trinidad progress george shillinger '),
	(11,'field',27,'en_us',' here s my teaser lorem ipsum praesent purus sed erat mauris elit per lacinia quam dui mattis metus ridiculus metus lectus malesuada '),
	(11,'field',29,'en_us',' trinidad turtle '),
	(11,'field',20,'en_us',''),
	(11,'field',22,'en_us',''),
	(11,'field',23,'en_us',''),
	(11,'field',36,'en_us',' here s a standard image with a caption a tourist takes photographs of a leatherback turtle as it heads to the ocean after burying her eggs in the sand at daybreak on a narrow strip of beach in grande riviere trinidad here s a caption title these are optional trinidad turtle standard image lorem ipsum praesent purus sed erat mauris elit this is a link to google per lacinia quam dui mattis metus ridiculus metus lectus malesuada eget phasellus fermentum suscipit est nibh eget libero amet ipsum sagittis in quis primis libero feugiat praesent litora sollicitudin in lorem nunc ac id inceptos purus class volutpat massa platea sit lectus sed praesent sapien lorem aliquam quam sem non nonummy risus nullam magna lacinia a pellentesque massa nibh turpis mi mollis imperdiet condimentum diam suspendisse in in praesent nonummy at praesent nulla congue pharetra amet imperdiet aptent mattis habitasse magnis nunc facilisis etiam purus scelerisque dictumst vestibulum hymenaeos neque diam orci arcu curabitur here s a subhead lorem ipsum lorem ipsum et vulputate lobortis non quam auctor feugiat massa aliquam purus mattis sapien dolor erat libero lorem ligula arcu et eu dui commodo sapien non enim aenean donec congue rhoncus sagittis nostra sapien suscipit hymenaeos elit luctus sit erat amet nulla ac lorem per nunc ut pellentesque tellus eget at sapien fisherman ervan james untangles a net that he says can inadvertently ensnare about six leatherback turtles in a single night at the peak of six month nesting season this image has no caption title and no credit fisherman inset right lorem ipsum nunc nec lectus elit praesent adipiscing dolor velit accumsan at nec aliquam torquent a ac leo nibh nam in orci condimentum quam sem class a curabitur mauris placerat viverra diam pulvinar nam purus at in in viverra molestie augue scelerisque augue metus aliquam diam a quisque dolor potenti torquent ut here s a subhead lorem ipsumlorem ipsum pretium leo tristique congue ultricies fusce duis accumsan ipsum nibh fusce class aliquam adipiscing purus pretium conubia interdum morbi tincidunt tincidunt suscipit in orci quis laoreet egestas neque orci libero diam orci nibh vulputate quisque in adipiscing interdum a praesent sed sit hendrerit ac curae gravida orci tellus interdum amet consectetuer dolor id donec massa imperdiet et turpis ut mollis vel est ullamcorper viverra habitasse neque mollis hendrerit non lorem curabitur arcu nostra eu turpis cum suscipit platea nisi vel velit suspendisse aptent turpis nec aliquam massa pellentesque scelerisque eget tortor a cras curabitur libero varius dolor et nisi lorem standard divider lorem ipsum suscipit quam ac quisque a vel ipsum velit non leo risus nam ipsum ac litora gravida eu lacus est per scelerisque tortor orci dui id a massa per in inceptos fusce neque at tellus rutrum sed nam amet quis at accumsan a at scelerisque condimentum natoque conubia eget mollis ac lorem ipsum dolor sit amet consecutat velorem dolor adipiscing elit vestum conscript est vacumentum ​inset left image with caption title fisherman inset left lorem ipsum sapien congue curabitur nibh ac volutpat semper molestie litora nulla elit erat et dapibus mauris nullam sit fusce lorem nullam vitae leo pede magna mollis morbi purus lacinia metus nisi aliquam praesent justo torquent neque sed pulvinar quisque morbi venenatis viverra congue tincidunt tellus morbi imperdiet aliquet quam lacinia sit here s a subhead lorem ipsumlorem ipsum eu ante vestibulum eget platea consectetuer est praesent nam imperdiet magna posuere elit at duis magna non sit id fusce a quis ut erat turpis etiam amet lectus lacus justo imperdiet tristique duis aptent a aenean ultricies ipsum lacus sed etiam ut aliquet pretium donec elementum vitae molestie duis gravida quis ut at pharetra ipsum elit et orci libero nostra aliquet accumsan in per elit blandit volutpat litora in eros morbi libero ipsum per elit scelerisque lacus tempus sed posuere iaculis semper convallis molestie gravida torquent class purus accumsan magna iaculis interdum gravida pede conubia libero sem suspendisse et nisl standard divider here s a very important quote that everyone should read lorem ipsum dolor sit amet dolor adipiscing first m lastname president ceo here s a caption for this comparison image cras purus pretium leo nisi pretium dolor sit ultrices sem velit id quisque adipiscing nibh nulla erat massa litora mauris malesuada a curae las baulas national marine park compare satellite compare map lorem ipsum ut posuere amet habitasse pede a commodo cras purus pretium leo nisi pretium dolor sit ultrices sem velit id quisque adipiscing nibh nulla erat massa litora mauris malesuada a curae nec consectetuer feugiat lectus turpis eu augue libero morbi luctus interdum turpis senectus nibh amet vulputate pede nullam turpis duis number of times something atypical happens in some circumstance 63% department of the interior lorem ipsum proin arcu curabitur sed integer blandit fusce volutpat ultricies nibh tempor vestibulum eget amet condimentum metus gravida interdum inceptos accumsan dapibus ipsum neque fusce fusce posuere sem class nec libero integer ac tincidunt morbi aliquam proin litora imperdiet mi eleifend congue congue lacinia nunc tortor sollicitudin scelerisque congue class inceptos feugiat metus proin libero iaculis ut dapibus sit taciti ullamcorper massa lacinia augue fermentum diam pellentesque turpis massa eget fermentum pretium mauris diam interdum sociosqu viverra gravida in tempus ac ut aliquam vulputate augue ultrices ut feugiat mauris nulla imperdiet sit per quis magnis lorem phasellus magna sapien aliquet turpis '),
	(11,'slug',0,'en_us',' endangered leatherback sea turtles experience resurgence in trinidad '),
	(11,'title',0,'en_us',' endangered leatherback sea turtles experience resurgence in trinidad '),
	(11,'field',26,'es',' spanish short title here '),
	(11,'field',28,'es',' snetman '),
	(11,'field',3,'es',' turtle news resultados '),
	(11,'field',27,'es',' here s my spanish teaser lorem ipsum praesent purus sed erat mauris elit per lacinia quam dui mattis metus ridiculus metus lectus malesuada '),
	(11,'field',29,'es',' trinidad turtle '),
	(11,'field',20,'es',' trinidad turtle '),
	(11,'field',22,'es',' here s a caption title for the spanish story hero image '),
	(11,'field',23,'es',' and here s a caption for the hero image lorem ipsum dolor sit amet consecutat velorem dolor adipiscing elite ventorum '),
	(11,'field',36,'es',' spanish story blocks start here lorem ipsum dolor sit amet consectetur adipiscing elit phasellus scelerisque est vel libero tincidunt sollicitudin nullam vitae lobortis mauris maecenas tempor odio vel fringilla luctus metus leo pretium velit at ornare sem arcu nec diam sed faucibus quis turpis non congue maecenas elementum magna vitae orci imperdiet interdum pellentesque eu pretium lacus aliquam ut odio nec nibh tempor consequat non a ante sed adipiscing massa sed metus hendrerit at varius justo dignissim aenean ac mi in mi sodales volutpat ac in urna sed ut diam at nisl suscipit eleifend vivamus dignissim odio massa et tempor tortor pellentesque at maecenas nec neque leo nam lectus eros malesuada at orci id ultrices lacinia ligula lorem ipsum dolor sit amet consectetur adipiscing elit phasellus scelerisque est vel libero tincidunt sollicitudin nullam vitae lobortis mauris maecenas tempor odio vel fringilla luctus metus leo pretium velit at ornare sem arcu nec diam sed faucibus quis turpis non congue maecenas elementum magna vitae orci imperdiet interdum pellentesque eu pretium lacus aliquam ut odio nec nibh tempor consequat non a ante sed adipiscing massa sed metus hendrerit at varius justo dignissim aenean ac mi in mi sodales volutpat ac in urna sed ut diam at nisl suscipit eleifend vivamus dignissim odio massa et tempor tortor pellentesque at maecenas nec neque leo nam lectus eros malesuada at orci id ultrices lacinia ligula subhead 2 here lorem ipsum dolor sit amet consectetur adipiscing elit phasellus scelerisque est vel libero tincidunt sollicitudin nullam vitae lobortis mauris maecenas tempor odio vel fringilla luctus metus leo pretium velit at ornare sem arcu nec diam sed faucibus quis turpis non congue maecenas elementum magna vitae orci imperdiet interdum pellentesque eu pretium lacus aliquam ut odio nec nibh tempor consequat non a ante sed adipiscing massa sed metus hendrerit at varius justo dignissim aenean ac mi in mi sodales volutpat ac in urna sed ut diam at nisl suscipit eleifend vivamus dignissim odio massa et tempor tortor pellentesque at maecenas nec neque leo nam lectus eros malesuada at orci id ultrices lacinia ligula '),
	(12,'field',37,'en_us',' lorem ipsum praesent purus sed erat mauris elit this is a link to google per lacinia quam dui mattis metus ridiculus metus lectus malesuada eget phasellus fermentum suscipit est nibh eget libero amet ipsum sagittis in quis primis libero feugiat praesent litora sollicitudin in lorem nunc ac id inceptos purus class volutpat massa platea sit lectus sed praesent sapien lorem aliquam quam sem non nonummy risus nullam magna lacinia a pellentesque massa nibh turpis mi mollis imperdiet condimentum diam suspendisse in in praesent nonummy at praesent nulla congue pharetra amet imperdiet aptent mattis habitasse magnis nunc facilisis etiam purus scelerisque dictumst vestibulum hymenaeos neque diam orci arcu curabitur here s a subhead lorem ipsum lorem ipsum et vulputate lobortis non quam auctor feugiat massa aliquam purus mattis sapien dolor erat libero lorem ligula arcu et eu dui commodo sapien non enim aenean donec congue rhoncus sagittis nostra sapien suscipit hymenaeos elit luctus sit erat amet nulla ac lorem per nunc ut pellentesque tellus eget at sapien '),
	(12,'slug',0,'en_us',''),
	(13,'field',38,'en_us',' trinidad turtle '),
	(13,'field',39,'en_us',' standard image '),
	(13,'field',40,'en_us',' here s a caption title these are optional '),
	(13,'field',41,'en_us',' here s a standard image with a caption a tourist takes photographs of a leatherback turtle as it heads to the ocean after burying her eggs in the sand at daybreak on a narrow strip of beach in grande riviere trinidad '),
	(13,'field',42,'en_us',' photo by first lastname '),
	(13,'slug',0,'en_us',''),
	(14,'field',21,'en_us',' a fisherman maintaining his net '),
	(14,'filename',0,'en_us',' fisherman jpg '),
	(14,'extension',0,'en_us',' jpg '),
	(14,'kind',0,'en_us',' image '),
	(14,'slug',0,'en_us',' fisherman '),
	(14,'title',0,'en_us',' fisherman '),
	(14,'field',21,'es',''),
	(15,'field',38,'en_us',' fisherman '),
	(15,'field',39,'en_us',' inset right '),
	(15,'field',40,'en_us',''),
	(15,'field',41,'en_us',' fisherman ervan james untangles a net that he says can inadvertently ensnare about six leatherback turtles in a single night at the peak of six month nesting season this image has no caption title and no credit '),
	(15,'field',42,'en_us',''),
	(15,'slug',0,'en_us',''),
	(16,'field',37,'en_us',' lorem ipsum nunc nec lectus elit praesent adipiscing dolor velit accumsan at nec aliquam torquent a ac leo nibh nam in orci condimentum quam sem class a curabitur mauris placerat viverra diam pulvinar nam purus at in in viverra molestie augue scelerisque augue metus aliquam diam a quisque dolor potenti torquent ut here s a subhead lorem ipsumlorem ipsum pretium leo tristique congue ultricies fusce duis accumsan ipsum nibh fusce class aliquam adipiscing purus pretium conubia interdum morbi tincidunt tincidunt suscipit in orci quis laoreet egestas neque orci libero diam orci nibh vulputate quisque in adipiscing interdum a praesent sed sit hendrerit ac curae gravida orci tellus interdum amet consectetuer dolor id donec massa imperdiet et turpis ut mollis vel est ullamcorper viverra habitasse neque mollis hendrerit non lorem curabitur arcu nostra eu turpis cum suscipit platea nisi vel velit suspendisse aptent turpis nec aliquam massa pellentesque scelerisque eget tortor a cras curabitur libero varius dolor et nisi lorem '),
	(16,'slug',0,'en_us',''),
	(17,'field',43,'en_us',' standard divider '),
	(17,'slug',0,'en_us',''),
	(18,'field',37,'en_us',' lorem ipsum suscipit quam ac quisque a vel ipsum velit non leo risus nam ipsum ac litora gravida eu lacus est per scelerisque tortor orci dui id a massa per in inceptos fusce neque at tellus rutrum sed nam amet quis at accumsan a at scelerisque condimentum natoque conubia eget mollis ac '),
	(18,'slug',0,'en_us',''),
	(19,'field',38,'en_us',' fisherman '),
	(19,'field',39,'en_us',' inset left '),
	(19,'field',40,'en_us',' ​inset left image with caption title '),
	(19,'field',41,'en_us',' lorem ipsum dolor sit amet consecutat velorem dolor adipiscing elit vestum conscript est vacumentum '),
	(19,'field',42,'en_us',''),
	(19,'slug',0,'en_us',''),
	(20,'field',21,'en_us',' satellite image of lbnp '),
	(20,'filename',0,'en_us',' compare satellite jpg '),
	(20,'extension',0,'en_us',' jpg '),
	(20,'kind',0,'en_us',' image '),
	(20,'slug',0,'en_us',' compare satellite '),
	(20,'title',0,'en_us',' compare satellite '),
	(20,'field',21,'es',''),
	(21,'field',21,'en_us',' map of lbnp '),
	(21,'filename',0,'en_us',' compare map jpg '),
	(21,'extension',0,'en_us',' jpg '),
	(21,'kind',0,'en_us',' image '),
	(21,'slug',0,'en_us',' compare map '),
	(21,'title',0,'en_us',' compare map '),
	(21,'field',21,'es',''),
	(22,'field',37,'en_us',' lorem ipsum sapien congue curabitur nibh ac volutpat semper molestie litora nulla elit erat et dapibus mauris nullam sit fusce lorem nullam vitae leo pede magna mollis morbi purus lacinia metus nisi aliquam praesent justo torquent neque sed pulvinar quisque morbi venenatis viverra congue tincidunt tellus morbi imperdiet aliquet quam lacinia sit here s a subhead lorem ipsumlorem ipsum eu ante vestibulum eget platea consectetuer est praesent nam imperdiet magna posuere elit at duis magna non sit id fusce a quis ut erat turpis etiam amet lectus lacus justo imperdiet tristique duis aptent a aenean ultricies ipsum lacus sed etiam ut aliquet pretium donec elementum vitae molestie duis gravida quis ut at pharetra ipsum elit et orci libero nostra aliquet accumsan in per elit blandit volutpat litora in eros morbi libero ipsum per elit scelerisque lacus tempus sed posuere iaculis semper convallis molestie gravida torquent class purus accumsan magna iaculis interdum gravida pede conubia libero sem suspendisse et nisl '),
	(22,'slug',0,'en_us',''),
	(23,'field',43,'en_us',' standard divider '),
	(23,'slug',0,'en_us',''),
	(24,'field',44,'en_us',' here s a very important quote that everyone should read lorem ipsum dolor sit amet dolor adipiscing '),
	(24,'field',45,'en_us',' first m lastname '),
	(24,'field',46,'en_us',' president ceo '),
	(24,'slug',0,'en_us',''),
	(25,'field',50,'en_us',' compare satellite '),
	(25,'field',51,'en_us',' compare map '),
	(25,'field',53,'en_us',' las baulas national marine park '),
	(25,'field',52,'en_us',' here s a caption for this comparison image cras purus pretium leo nisi pretium dolor sit ultrices sem velit id quisque adipiscing nibh nulla erat massa litora mauris malesuada a curae '),
	(25,'field',54,'en_us',''),
	(25,'slug',0,'en_us',''),
	(26,'field',37,'en_us',' lorem ipsum ut posuere amet habitasse pede a commodo cras purus pretium leo nisi pretium dolor sit ultrices sem velit id quisque adipiscing nibh nulla erat massa litora mauris malesuada a curae nec consectetuer feugiat lectus turpis eu augue libero morbi luctus interdum turpis senectus nibh amet vulputate pede nullam turpis duis '),
	(26,'slug',0,'en_us',''),
	(27,'field',47,'en_us',' 63% '),
	(27,'field',48,'en_us',' number of times something atypical happens in some circumstance '),
	(27,'field',49,'en_us',' department of the interior '),
	(27,'slug',0,'en_us',''),
	(28,'field',37,'en_us',' lorem ipsum proin arcu curabitur sed integer blandit fusce volutpat ultricies nibh tempor vestibulum eget amet condimentum metus gravida interdum inceptos accumsan dapibus ipsum neque fusce fusce posuere sem class nec libero integer ac tincidunt morbi aliquam proin litora imperdiet mi eleifend congue congue lacinia nunc tortor sollicitudin scelerisque congue class inceptos feugiat metus proin libero iaculis ut dapibus sit taciti ullamcorper massa lacinia augue fermentum diam pellentesque turpis massa eget fermentum pretium mauris diam interdum sociosqu viverra gravida in tempus ac ut aliquam vulputate augue ultrices ut feugiat mauris nulla imperdiet sit per quis magnis lorem phasellus magna sapien aliquet turpis '),
	(28,'slug',0,'en_us',''),
	(29,'name',0,'en_us',' results progress '),
	(29,'slug',0,'en_us',''),
	(30,'name',0,'en_us',' turtle news '),
	(30,'slug',0,'en_us',''),
	(31,'name',0,'en_us',' media mentions '),
	(31,'slug',0,'en_us',''),
	(11,'slug',0,'es',' endangered leatherback sea turtles experience resurgence in trinidad '),
	(11,'title',0,'es',' spanish title leatherback sea turtles experience resurgence in trinidad '),
	(32,'field',37,'es',' spanish story blocks start here lorem ipsum dolor sit amet consectetur adipiscing elit phasellus scelerisque est vel libero tincidunt sollicitudin nullam vitae lobortis mauris maecenas tempor odio vel fringilla luctus metus leo pretium velit at ornare sem arcu nec diam sed faucibus quis turpis non congue maecenas elementum magna vitae orci imperdiet interdum pellentesque eu pretium lacus aliquam ut odio nec nibh tempor consequat non a ante sed adipiscing massa sed metus hendrerit at varius justo dignissim aenean ac mi in mi sodales volutpat ac in urna sed ut diam at nisl suscipit eleifend vivamus dignissim odio massa et tempor tortor pellentesque at maecenas nec neque leo nam lectus eros malesuada at orci id ultrices lacinia ligula lorem ipsum dolor sit amet consectetur adipiscing elit phasellus scelerisque est vel libero tincidunt sollicitudin nullam vitae lobortis mauris maecenas tempor odio vel fringilla luctus metus leo pretium velit at ornare sem arcu nec diam sed faucibus quis turpis non congue maecenas elementum magna vitae orci imperdiet interdum pellentesque eu pretium lacus aliquam ut odio nec nibh tempor consequat non a ante sed adipiscing massa sed metus hendrerit at varius justo dignissim aenean ac mi in mi sodales volutpat ac in urna sed ut diam at nisl suscipit eleifend vivamus dignissim odio massa et tempor tortor pellentesque at maecenas nec neque leo nam lectus eros malesuada at orci id ultrices lacinia ligula subhead 2 here lorem ipsum dolor sit amet consectetur adipiscing elit phasellus scelerisque est vel libero tincidunt sollicitudin nullam vitae lobortis mauris maecenas tempor odio vel fringilla luctus metus leo pretium velit at ornare sem arcu nec diam sed faucibus quis turpis non congue maecenas elementum magna vitae orci imperdiet interdum pellentesque eu pretium lacus aliquam ut odio nec nibh tempor consequat non a ante sed adipiscing massa sed metus hendrerit at varius justo dignissim aenean ac mi in mi sodales volutpat ac in urna sed ut diam at nisl suscipit eleifend vivamus dignissim odio massa et tempor tortor pellentesque at maecenas nec neque leo nam lectus eros malesuada at orci id ultrices lacinia ligula '),
	(32,'slug',0,'es',''),
	(9,'field',55,'es',' g schillinger '),
	(21,'field',55,'en_us',' adam snetman '),
	(20,'field',55,'en_us',' google maps '),
	(14,'field',55,'en_us',' first lastname '),
	(9,'field',55,'en_us',' george schillinger '),
	(10,'field',55,'en_us',' some photographer '),
	(8,'field',55,'en_us',' m robinson '),
	(33,'field',38,'en_us',' compare map '),
	(33,'field',39,'en_us',' standard image '),
	(33,'field',40,'en_us',''),
	(33,'field',41,'en_us',''),
	(33,'field',42,'en_us',''),
	(33,'slug',0,'en_us',''),
	(10,'field',55,'es',' ap photo '),
	(10,'filename',0,'es',' trinidad turtle jpg '),
	(10,'extension',0,'es',' jpg '),
	(10,'kind',0,'es',' image '),
	(10,'slug',0,'es',' trinidad turtle '),
	(10,'title',0,'es',' trinidad turtle '),
	(34,'field',3,'en_us',' trinidad '),
	(34,'field',26,'en_us',' event short title here '),
	(34,'field',30,'en_us',' 2014 08 06 '),
	(34,'field',31,'en_us',' 2014 08 09 '),
	(34,'field',27,'en_us',' here s my event teaser '),
	(34,'field',29,'en_us',' compare map '),
	(34,'field',32,'en_us',' 0 '),
	(34,'field',33,'en_us',' 1 '),
	(34,'field',36,'en_us',' here s a text block '),
	(34,'field',34,'en_us',' mailto snetman gmail com '),
	(34,'field',35,'en_us',' rsvp '),
	(34,'slug',0,'en_us',' event name here '),
	(34,'title',0,'en_us',' event long title name here '),
	(34,'field',3,'es',''),
	(34,'field',26,'es',' short title here for event '),
	(34,'field',30,'es',' 2014 08 06 '),
	(34,'field',31,'es',' 2014 08 09 '),
	(34,'field',27,'es',' here s my event teaser '),
	(34,'field',29,'es',' compare map '),
	(34,'field',32,'es',' 0 '),
	(34,'field',33,'es',' 1 '),
	(34,'field',36,'es',' here s my event story description '),
	(34,'field',34,'es',' mailto snetman gmail com '),
	(34,'field',35,'es',' rsvp '),
	(35,'field',37,'en_us',' here s a text block '),
	(35,'slug',0,'en_us',''),
	(36,'slug',0,'en_us',''),
	(36,'title',0,'en_us',' board of directors '),
	(37,'slug',0,'en_us',''),
	(37,'title',0,'en_us',' staff '),
	(38,'slug',0,'en_us',' contributing scientists '),
	(38,'title',0,'en_us',' contributing scientists '),
	(39,'filename',0,'en_us',' george headshot jpg '),
	(39,'extension',0,'en_us',' jpg '),
	(39,'kind',0,'en_us',' image '),
	(39,'slug',0,'en_us',''),
	(39,'title',0,'en_us',' george headshot '),
	(40,'filename',0,'en_us',' as sm png '),
	(40,'extension',0,'en_us',' png '),
	(40,'kind',0,'en_us',' image '),
	(40,'slug',0,'en_us',''),
	(40,'title',0,'en_us',' as sm '),
	(41,'field',56,'en_us',' george headshot '),
	(41,'field',9,'en_us',' adamsnetman '),
	(41,'username',0,'en_us',' snetman '),
	(41,'firstname',0,'en_us',' adam '),
	(41,'lastname',0,'en_us',' snetman '),
	(41,'fullname',0,'en_us',' adam snetman '),
	(41,'email',0,'en_us',' snetman gmail com '),
	(41,'slug',0,'en_us',''),
	(1,'field',9,'en_us',''),
	(42,'name',0,'en_us',' benefits '),
	(42,'slug',0,'en_us',''),
	(43,'name',0,'en_us',' spanish tag '),
	(43,'slug',0,'en_us',''),
	(29,'name',0,'es',' results progress '),
	(29,'slug',0,'es',''),
	(30,'name',0,'es',' noticias de tortugas '),
	(30,'slug',0,'es',''),
	(44,'field',20,'en_us',''),
	(44,'field',26,'en_us',' here s the short title '),
	(44,'field',28,'en_us',''),
	(44,'field',3,'en_us',' aroundness '),
	(44,'field',22,'en_us',''),
	(44,'field',27,'en_us',' here s a teaser for this story '),
	(44,'field',23,'en_us',''),
	(44,'field',29,'en_us',' compare satellite '),
	(44,'field',36,'en_us',' leatherback nesting full standard image lorem ipsum dolor sit amet consectetur adipiscing elit phasellus scelerisque est vel libero tincidunt sollicitudin nullam vitae lobortis mauris maecenas tempor odio vel fringilla luctus metus leo pretium velit at ornare sem arcu nec diam sed faucibus quis turpis non congue maecenas elementum magna vitae orci imperdiet interdum pellentesque eu pretium lacus aliquam ut odio nec nibh tempor consequat non a ante sed adipiscing massa sed metus hendrerit at varius justo dignissim aenean ac mi in mi sodales volutpat ac in urna sed ut diam at nisl suscipit eleifend vivamus dignissim odio massa et tempor tortor pellentesque at maecenas nec neque leo nam lectus eros malesuada at orci id ultrices lacinia ligula here s a fancy big quote adam snetman designer '),
	(44,'slug',0,'en_us',' heres my title '),
	(44,'title',0,'en_us',' here s my title '),
	(44,'field',20,'es',''),
	(44,'field',26,'es',' here s my spanish short title '),
	(44,'field',28,'es',''),
	(44,'field',3,'es',''),
	(44,'field',22,'es',''),
	(44,'field',27,'es',' this is the teaser for this story '),
	(44,'field',23,'es',''),
	(44,'field',29,'es',' compare satellite '),
	(44,'field',36,'es',' here s my text block '),
	(62,'slug',0,'en_us',''),
	(45,'field',38,'en_us',' leatherback nesting full '),
	(45,'field',39,'en_us',' standard image '),
	(45,'field',40,'en_us',''),
	(45,'field',41,'en_us',''),
	(45,'slug',0,'en_us',''),
	(46,'field',37,'en_us',' lorem ipsum dolor sit amet consectetur adipiscing elit phasellus scelerisque est vel libero tincidunt sollicitudin nullam vitae lobortis mauris maecenas tempor odio vel fringilla luctus metus leo pretium velit at ornare sem arcu nec diam sed faucibus quis turpis non congue maecenas elementum magna vitae orci imperdiet interdum pellentesque eu pretium lacus aliquam ut odio nec nibh tempor consequat non a ante sed adipiscing massa sed metus hendrerit at varius justo dignissim aenean ac mi in mi sodales volutpat ac in urna sed ut diam at nisl suscipit eleifend vivamus dignissim odio massa et tempor tortor pellentesque at maecenas nec neque leo nam lectus eros malesuada at orci id ultrices lacinia ligula '),
	(46,'slug',0,'en_us',''),
	(47,'field',44,'en_us',' here s a fancy big quote '),
	(47,'field',45,'en_us',' adam snetman '),
	(47,'field',46,'en_us',' designer '),
	(47,'slug',0,'en_us',''),
	(11,'field',61,'en_us',' 1 '),
	(44,'field',61,'es',' 0 '),
	(44,'slug',0,'es',' heres my title '),
	(44,'title',0,'es',' here s my spanish title '),
	(48,'field',37,'es',' here s my text block '),
	(48,'slug',0,'es',''),
	(11,'field',61,'es',' 1 '),
	(49,'slug',0,'en_us',' newsandeventsfront '),
	(49,'title',0,'en_us',' news events section front '),
	(34,'slug',0,'es',' event name here '),
	(34,'title',0,'es',' event name here '),
	(50,'field',37,'es',' here s my event story description '),
	(50,'slug',0,'es',''),
	(49,'field',62,'en_us',' endangered leatherback sea turtles experience resurgence in trinidad '),
	(49,'field',62,'es',' here s my spanish title '),
	(49,'slug',0,'es',' newsandeventsfront '),
	(49,'title',0,'es',' news events section front '),
	(51,'field',21,'en_us',' turtle illustration '),
	(51,'field',55,'en_us',' illustrator name here '),
	(51,'filename',0,'en_us',' photo 1 jpg '),
	(51,'extension',0,'en_us',' jpg '),
	(51,'kind',0,'en_us',' image '),
	(51,'slug',0,'en_us',' photo 1 '),
	(51,'title',0,'en_us',' photo 1 '),
	(51,'field',21,'es',''),
	(51,'field',55,'es',' illustrator name here '),
	(52,'field',20,'en_us',''),
	(52,'field',26,'en_us',' there s a turtle somewhere that is interesting '),
	(52,'field',28,'en_us',' snetman '),
	(52,'field',3,'en_us',''),
	(52,'field',22,'en_us',''),
	(52,'field',27,'en_us',' teaser for the interesting turtle is here '),
	(52,'field',23,'en_us',''),
	(52,'field',29,'en_us',' o sea turtle documentary facebook '),
	(52,'field',36,'en_us',' my story text is here '),
	(52,'slug',0,'en_us',' theres a turtle somewhere that is interesting '),
	(52,'title',0,'en_us',' there s a turtle somewhere that is interesting '),
	(52,'field',20,'es',''),
	(52,'field',26,'es',' interesting turtle found '),
	(52,'field',28,'es',' snetman '),
	(52,'field',3,'es',''),
	(52,'field',22,'es',''),
	(52,'field',27,'es',' teaser for the interesting turtle is here '),
	(52,'field',23,'es',''),
	(52,'field',29,'es',' photo 1 '),
	(52,'field',36,'es',''),
	(53,'field',37,'en_us',' my story text is here '),
	(53,'slug',0,'en_us',''),
	(54,'field',21,'en_us',' turtle tracks '),
	(54,'field',55,'en_us',''),
	(54,'filename',0,'en_us',' leatherback turtle nest spiral jpg '),
	(54,'extension',0,'en_us',' jpg '),
	(54,'kind',0,'en_us',' image '),
	(54,'slug',0,'en_us',' leatherback turtle nest spiral '),
	(54,'title',0,'en_us',' leatherback turtle nest spiral '),
	(54,'field',21,'es',''),
	(54,'field',55,'es',''),
	(55,'field',20,'en_us',''),
	(55,'field',26,'en_us',' turtle is around '),
	(55,'field',28,'en_us',''),
	(55,'field',3,'en_us',' turtles aroundness '),
	(55,'field',22,'en_us',''),
	(55,'field',27,'en_us',' here s a longer teaser it s about 100 characters maybe i should change this instruction to allow for longer teasers '),
	(55,'field',23,'en_us',''),
	(55,'field',29,'en_us',' leatherback turtle nest spiral '),
	(55,'field',36,'en_us',' here s the story '),
	(55,'slug',0,'en_us',' yet another turtle is around '),
	(55,'title',0,'en_us',' yet another turtle is around '),
	(55,'field',20,'es',''),
	(55,'field',26,'es',' yet another turtle is around spanish '),
	(55,'field',28,'es',''),
	(55,'field',3,'es',' tortugas cosas '),
	(55,'field',22,'es',''),
	(55,'field',27,'es',' here s a longer teaser it s about 100 characters maybe i should change this instruction to allow for longer teasers '),
	(55,'field',23,'es',''),
	(55,'field',29,'es',' leatherback turtle nest spiral '),
	(55,'field',36,'es',' spanish block '),
	(56,'field',37,'en_us',' here s the story '),
	(56,'slug',0,'en_us',''),
	(57,'name',0,'en_us',' resultados '),
	(57,'slug',0,'en_us',''),
	(55,'slug',0,'es',' yet another turtle is around '),
	(55,'title',0,'es',' yet another turtle is around spanish '),
	(58,'field',37,'es',' spanish block '),
	(58,'slug',0,'es',''),
	(59,'name',0,'en_us',' spanish only tag '),
	(59,'slug',0,'en_us',''),
	(60,'name',0,'en_us',' test tag '),
	(60,'slug',0,'en_us',''),
	(61,'name',0,'en_us',' turtles '),
	(61,'slug',0,'en_us',''),
	(61,'name',0,'es',' tortugas '),
	(61,'slug',0,'es',''),
	(62,'name',0,'en_us',' turtles '),
	(63,'name',0,'en_us',' tortugas '),
	(63,'slug',0,'en_us',''),
	(64,'name',0,'en_us',' cosas '),
	(64,'slug',0,'en_us',''),
	(65,'name',0,'en_us',' new '),
	(65,'slug',0,'en_us',''),
	(66,'field',20,'en_us',''),
	(66,'field',26,'en_us',' a new test english entry '),
	(66,'field',28,'en_us',''),
	(66,'field',3,'en_us',' new newest aroundness turtles trinidad '),
	(66,'field',22,'en_us',''),
	(66,'field',27,'en_us',' teaser here '),
	(66,'field',23,'en_us',''),
	(66,'field',29,'en_us',''),
	(66,'field',36,'en_us',' story here '),
	(66,'slug',0,'en_us',' a new test english entry '),
	(66,'title',0,'en_us',' a new test english entry '),
	(66,'field',20,'es',''),
	(66,'field',26,'es',' a new test spanish entry '),
	(66,'field',28,'es',''),
	(66,'field',3,'es',' cosas mesas tortugas '),
	(66,'field',22,'es',''),
	(66,'field',27,'es',' teaser here '),
	(66,'field',23,'es',''),
	(66,'field',29,'es',''),
	(66,'field',36,'es',' spanish story '),
	(67,'field',37,'en_us',' story here '),
	(67,'slug',0,'en_us',''),
	(66,'slug',0,'es',' a new test english entry '),
	(66,'title',0,'es',' a new test spanish entry '),
	(68,'field',37,'es',' spanish story '),
	(68,'slug',0,'es',''),
	(69,'field',65,'es',' spanish version leatherbacks face different threats specific to each stage of their lives and the habitats they occupy during those stages to save the leatherback we must reduce threats in all habitats turtles occupy across their entire life cycle for example a nest that eludes poachers may produce a hatchling lucky enough to avoid ingesting plastics the turtle will need to avoid entanglement in fishing gear as she migrates over long distances in search of jellyfish after the 15 25 years she will reach maturity and return to her natal beach to nest for the first time lights on the beach may prevent her from nesting or if she does disorient nestlings lorem ipsum dolor dit amet adipiscing ultrices sit amet vel arcu fusce tellus lectus rhoncus vel tortor id '),
	(69,'slug',0,'es',' threatsfront '),
	(69,'title',0,'es',' threats section front '),
	(69,'field',65,'en_us',' leatherbacks face different threats specific to each stage of their lives and the habitats they occupy during those stages to save the leatherback we must reduce threats in all habitats turtles occupy across their entire life cycle for example a nest that eludes poachers may produce a hatchling lucky enough to avoid ingesting plastics the turtle will need to avoid entanglement in fishing gear as she migrates over long distances in search of jellyfish after the 15 25 years she will reach maturity and return to her natal beach to nest for the first time lights on the beach may prevent her from nesting or if she does disorient nestlings lorem ipsum dolor dit amet adipiscing ultrices sit amet vel arcu fusce tellus lectus rhoncus vel tortor id '),
	(69,'slug',0,'en_us',' threatsfront '),
	(69,'title',0,'en_us',' threats section front '),
	(70,'field',21,'en_us',' development icon '),
	(70,'filename',0,'en_us',' tlt threat development png '),
	(70,'extension',0,'en_us',' png '),
	(70,'kind',0,'en_us',' image '),
	(70,'slug',0,'en_us',' tlt threat development '),
	(70,'title',0,'en_us',' tlt threat development '),
	(70,'field',21,'es',''),
	(71,'field',64,'en_us',' tlt threat development '),
	(71,'field',27,'en_us',' nunc sed felis ut elit adipiscing ultrices sit amet vel arcu fusce tellus lectus rhoncus vel tortor id bibendum molestie mi donec convallis sagittis feli '),
	(71,'field',36,'en_us',' lorem ipsum dolor sit amet consectetur adipiscing elit in nec imperdiet nunc suspendisse et lorem scelerisque sodales lectus ut vulputate elit curabitur nibh lacus scelerisque vel quam sit amet accumsan dignissim mi donec id eleifend erat nam velit velit sodales eget tempus sed euismod at magna donec volutpat felis vitae tortor aliquam sit amet ornare metus placerat etiam ultrices ante eget nibh vehicula blandit 0 85 00000000000006 5 0 85 0 curabitur nibh lacus scelerisque vel quam sit amet accumsan dignissim mi donec id eleifend erat nam velit velit sodales eget tempus sed euismod at magna donec volutpat felis vitae tortor aliquam sit amet ornare metus placerat etiam ultrices ante eget nibh vehicula blandit here s a big header with a line break sed rhoncus lorem quis justo rhoncus volutpat praesent sit amet placerat tortor at imperdiet purus donec luctus nisi nibh nec cursus massa imperdiet ac in hac habitasse platea dictumst nulla vel rhoncus augue praesent laoreet urna id mollis accumsan vivamus vehicula lectus mauris vitae sollicitudin diam vestibulum nec pellentesque suscipit nisi et congue congue lorem ipsum dolor sit amet consectetur adipiscing elit in nec imperdiet nunc suspendisse et lorem scelerisque sodales lectus ut vulputate elit curabitur nibh lacus scelerisque vel quam sit amet accumsan dignissim mi donec id eleifend erat nam velit velit sodales eget tempus sed euismod at magna donec volutpat felis vitae tortor aliquam sit amet ornare metus placerat etiam ultrices ante eget nibh vehicula blandit 10 301857840189966 85 80549606323247 13 10 3 85 84000000000003 0 '),
	(71,'slug',0,'en_us',' development '),
	(71,'title',0,'en_us',' development '),
	(71,'field',64,'es',' tlt threat development '),
	(71,'field',27,'es',' spanish teaser nunc sed felis ut elit adipiscing ultrices sit amet vel arcu fusce tellus lectus rhoncus vel tortor id bibendum molestie mi donec convallis sagittis feli '),
	(71,'field',36,'es',' spanish story blocks here '),
	(72,'field',37,'en_us',' curabitur nibh lacus scelerisque vel quam sit amet accumsan dignissim mi donec id eleifend erat nam velit velit sodales eget tempus sed euismod at magna donec volutpat felis vitae tortor aliquam sit amet ornare metus placerat etiam ultrices ante eget nibh vehicula blandit here s a big header with a line break sed rhoncus lorem quis justo rhoncus volutpat praesent sit amet placerat tortor at imperdiet purus donec luctus nisi nibh nec cursus massa imperdiet ac in hac habitasse platea dictumst nulla vel rhoncus augue praesent laoreet urna id mollis accumsan vivamus vehicula lectus mauris vitae sollicitudin diam vestibulum nec pellentesque suscipit nisi et congue congue lorem ipsum dolor sit amet consectetur adipiscing elit in nec imperdiet nunc suspendisse et lorem scelerisque sodales lectus ut vulputate elit curabitur nibh lacus scelerisque vel quam sit amet accumsan dignissim mi donec id eleifend erat nam velit velit sodales eget tempus sed euismod at magna donec volutpat felis vitae tortor aliquam sit amet ornare metus placerat etiam ultrices ante eget nibh vehicula blandit '),
	(72,'slug',0,'en_us',''),
	(71,'slug',0,'es',' urbanizacion '),
	(71,'title',0,'es',' urbanizacion '),
	(73,'field',37,'es',' spanish story blocks here '),
	(73,'slug',0,'es',''),
	(74,'name',0,'en_us',' aroundness '),
	(74,'slug',0,'en_us',''),
	(75,'name',0,'en_us',' newest '),
	(75,'slug',0,'en_us',''),
	(76,'name',0,'en_us',' leatherbacks '),
	(76,'slug',0,'en_us',''),
	(77,'name',0,'en_us',' trinidad '),
	(77,'slug',0,'en_us',''),
	(78,'name',0,'en_us',' progress '),
	(78,'slug',0,'en_us',''),
	(79,'name',0,'en_us',' george shillinger '),
	(79,'slug',0,'en_us',''),
	(80,'field',21,'en_us',''),
	(80,'field',55,'en_us',''),
	(80,'filename',0,'en_us',' o sea turtle documentary facebook jpg '),
	(80,'extension',0,'en_us',' jpg '),
	(80,'kind',0,'en_us',' image '),
	(80,'slug',0,'en_us',''),
	(80,'title',0,'en_us',' o sea turtle documentary facebook '),
	(80,'field',21,'es',''),
	(80,'field',55,'es',''),
	(81,'field',21,'en_us',''),
	(81,'filename',0,'en_us',' tlt threat fishing2x png '),
	(81,'extension',0,'en_us',' png '),
	(81,'kind',0,'en_us',' image '),
	(81,'slug',0,'en_us',''),
	(81,'title',0,'en_us',' tlt threat fishing2x '),
	(81,'field',21,'es',''),
	(82,'field',64,'en_us',' tlt threat fishing '),
	(82,'field',27,'en_us',' nunc sed felis ut elit adipiscing ultrices sit amet vel arcu fusce tellus lectus rhoncus vel tortor id bibendum molestie mi donec convallis sagittis feli '),
	(82,'field',36,'en_us',' here s the english content for the fishing threat '),
	(82,'slug',0,'en_us',' fishing '),
	(82,'title',0,'en_us',' fishing '),
	(82,'field',64,'es',' tlt threat fishing '),
	(82,'field',27,'es',' nunc sed felis ut elit adipiscing ultrices sit amet vel arcu fusce tellus lectus rhoncus vel tortor id bibendum molestie mi donec convallis sagittis feli '),
	(82,'field',36,'es',' here s the content for fishing in spanish '),
	(83,'field',37,'en_us',' here s the english content for the fishing threat '),
	(83,'slug',0,'en_us',''),
	(82,'slug',0,'es',' pesca '),
	(82,'title',0,'es',' pesca '),
	(84,'field',37,'es',' here s the content for fishing in spanish '),
	(84,'slug',0,'es',''),
	(85,'field',21,'en_us',' drawing of buildings encroaching on the water s edge '),
	(85,'filename',0,'en_us',' tlt threat development2x png '),
	(85,'extension',0,'en_us',' png '),
	(85,'kind',0,'en_us',' image '),
	(85,'slug',0,'en_us',' tlt threat development2x '),
	(85,'title',0,'en_us',' tlt threat development2x '),
	(85,'field',21,'es',''),
	(86,'field',38,'en_us',' tlt threat development2x '),
	(86,'field',39,'en_us',' inset left '),
	(86,'field',40,'en_us',''),
	(86,'field',41,'en_us',''),
	(86,'slug',0,'en_us',''),
	(87,'name',0,'en_us',' mesas '),
	(87,'slug',0,'en_us',''),
	(34,'field',20,'en_us',''),
	(34,'field',22,'en_us',''),
	(34,'field',23,'en_us',''),
	(34,'field',71,'en_us',' 11372 '),
	(34,'field',20,'es',''),
	(34,'field',22,'es',''),
	(34,'field',23,'es',''),
	(34,'field',66,'es',' mi apartamento '),
	(34,'field',67,'es',' 3420 79th street '),
	(34,'field',68,'es',' no 6d '),
	(34,'field',69,'es',' jackson heights '),
	(34,'field',70,'es',' ny '),
	(34,'field',71,'es',' 11372 '),
	(34,'field',72,'es',''),
	(34,'field',66,'en_us',' my apartment '),
	(34,'field',67,'en_us',' 3420 79th street '),
	(34,'field',68,'en_us',' no 6d '),
	(34,'field',69,'en_us',' jackson heights '),
	(34,'field',70,'en_us',' ny '),
	(34,'field',72,'en_us',''),
	(88,'field',73,'en_us',' 10 327193 '),
	(88,'field',74,'en_us',' 85 846264 '),
	(88,'field',75,'en_us',' 13 '),
	(88,'field',76,'en_us',''),
	(88,'field',77,'en_us',' here s a cool caption for this map '),
	(88,'slug',0,'en_us',''),
	(89,'field',74,'en_us',' 85 '),
	(89,'field',73,'en_us',' 0 '),
	(88,'field',78,'en_us',' aspect 16 9 '),
	(89,'field',75,'en_us',' 3 '),
	(89,'field',78,'en_us',' aspect 1 1 '),
	(89,'field',76,'en_us',' another map here '),
	(89,'field',77,'en_us',' a caption here '),
	(89,'slug',0,'en_us',''),
	(89,'field',79,'en_us',' inset far right '),
	(88,'field',79,'en_us',' standard '),
	(89,'field',80,'en_us',' 0 '),
	(88,'field',80,'en_us',' 1 '),
	(71,'field',82,'en_us',' fishing endangered leatherback sea turtles experience resurgence in trinidad '),
	(34,'field',81,'en_us',''),
	(71,'field',26,'en_us',' development '),
	(71,'field',26,'es',' urbanizacion '),
	(82,'field',26,'en_us',' fishing '),
	(82,'field',26,'es',' pesca '),
	(90,'field',37,'en_us',' lorem ipsum dolor sit amet consectetur adipiscing elit in nec imperdiet nunc suspendisse et lorem scelerisque sodales lectus ut vulputate elit curabitur nibh lacus scelerisque vel quam sit amet accumsan dignissim mi donec id eleifend erat nam velit velit sodales eget tempus sed euismod at magna donec volutpat felis vitae tortor aliquam sit amet ornare metus placerat etiam ultrices ante eget nibh vehicula blandit '),
	(90,'slug',0,'en_us',''),
	(91,'filename',0,'en_us',' tlt threat climatchange png '),
	(91,'extension',0,'en_us',' png '),
	(91,'field',21,'en_us',' climate change icon '),
	(91,'kind',0,'en_us',' image '),
	(91,'slug',0,'en_us',' tlt threat climatchange '),
	(91,'title',0,'en_us',' tlt threat climatchange '),
	(91,'field',21,'es',''),
	(92,'field',21,'en_us',''),
	(92,'filename',0,'en_us',' tlt threat development_1 png '),
	(92,'extension',0,'en_us',' png '),
	(92,'kind',0,'en_us',' image '),
	(92,'slug',0,'en_us',''),
	(92,'title',0,'en_us',' tlt threat development 1 '),
	(92,'field',21,'es',''),
	(93,'field',21,'en_us',' fishing icon '),
	(93,'filename',0,'en_us',' tlt threat fishing png '),
	(93,'extension',0,'en_us',' png '),
	(93,'kind',0,'en_us',' image '),
	(93,'slug',0,'en_us',' tlt threat fishing '),
	(93,'title',0,'en_us',' tlt threat fishing '),
	(93,'field',21,'es',''),
	(94,'field',21,'en_us',' nest disturbance icon '),
	(94,'filename',0,'en_us',' tlt threat nestdisturbance png '),
	(94,'extension',0,'en_us',' png '),
	(94,'kind',0,'en_us',' image '),
	(94,'slug',0,'en_us',' tlt threat poaching '),
	(94,'title',0,'en_us',' tlt threat nestdisturbance '),
	(94,'field',21,'es',''),
	(95,'field',21,'en_us',' pollution icon '),
	(95,'filename',0,'en_us',' tlt threat pollution png '),
	(95,'extension',0,'en_us',' png '),
	(95,'kind',0,'en_us',' image '),
	(95,'slug',0,'en_us',' tlt threat pollution '),
	(95,'title',0,'en_us',' tlt threat pollution '),
	(95,'field',21,'es',''),
	(82,'field',82,'en_us',''),
	(96,'field',26,'en_us',' nest disturbance '),
	(96,'field',82,'en_us',''),
	(96,'field',64,'en_us',' tlt threat nestdisturbance '),
	(96,'field',27,'en_us',' nunc sed felis ut elit adipiscing ultrices sit amet vel arcu fusce tellus lectus rhoncus vel tortor id bibendum molestie mi donec convallis sagittis feli '),
	(96,'field',36,'en_us',' english content for nest disturbance '),
	(96,'slug',0,'en_us',' nest disturbance '),
	(96,'title',0,'en_us',' nest disturbance '),
	(96,'field',26,'es',' perturbacion nido '),
	(96,'field',82,'es',''),
	(96,'field',64,'es',' tlt threat poaching '),
	(96,'field',27,'es',' nunc sed felis ut elit adipiscing ultrices sit amet vel arcu fusce tellus lectus rhoncus vel tortor id bibendum molestie mi donec convallis sagittis feli '),
	(96,'field',36,'es',' spanish content for nest disturbance here lorem ipsum '),
	(97,'field',37,'en_us',' english content for nest disturbance '),
	(97,'slug',0,'en_us',''),
	(96,'slug',0,'es',' perturbacion nido '),
	(96,'title',0,'es',' perturbacion nido '),
	(98,'field',37,'es',' spanish content for nest disturbance here lorem ipsum '),
	(98,'slug',0,'es',''),
	(99,'field',26,'en_us',' pollution '),
	(99,'field',82,'en_us',''),
	(99,'field',64,'en_us',' tlt threat pollution '),
	(99,'field',27,'en_us',' nunc sed felis ut elit adipiscing ultrices sit amet vel arcu fusce tellus lectus rhoncus vel tortor id bibendum molestie mi donec convallis sagittis feli '),
	(99,'field',36,'en_us',' english version of pollution story '),
	(99,'slug',0,'en_us',' pollution '),
	(99,'title',0,'en_us',' pollution '),
	(99,'field',26,'es',' polucion '),
	(99,'field',82,'es',''),
	(99,'field',64,'es',' tlt threat pollution '),
	(99,'field',27,'es',' nunc sed felis ut elit adipiscing ultrices sit amet vel arcu fusce tellus lectus rhoncus vel tortor id bibendum molestie mi donec convallis sagittis feli '),
	(99,'field',36,'es',' spanish version of story content here '),
	(100,'field',37,'en_us',' english version of pollution story '),
	(100,'slug',0,'en_us',''),
	(99,'slug',0,'es',' polucion '),
	(99,'title',0,'es',' polucion '),
	(101,'field',37,'es',' spanish version of story content here '),
	(101,'slug',0,'es',''),
	(102,'field',26,'en_us',' climate change '),
	(102,'field',82,'en_us',''),
	(102,'field',64,'en_us',' tlt threat climatchange '),
	(102,'field',27,'en_us',' nunc sed felis ut elit adipiscing ultrices sit amet vel arcu fusce tellus lectus rhoncus vel tortor id bibendum molestie mi donec convallis sagittis feli '),
	(102,'field',36,'en_us',' spanish version of story blocks here '),
	(102,'slug',0,'en_us',' climate change '),
	(102,'title',0,'en_us',' climate change '),
	(102,'field',26,'es',' el cambio climatico '),
	(102,'field',82,'es',''),
	(102,'field',64,'es',' tlt threat climatchange '),
	(102,'field',27,'es',' nunc sed felis ut elit adipiscing ultrices sit amet vel arcu fusce tellus lectus rhoncus vel tortor id bibendum molestie mi donec convallis sagittis feli '),
	(102,'field',36,'es',' spanish version of story block here '),
	(103,'field',37,'en_us',' spanish version of story blocks here '),
	(103,'slug',0,'en_us',''),
	(102,'slug',0,'es',' el cambio climatico '),
	(102,'title',0,'es',' el cambio climatico '),
	(104,'field',37,'es',' spanish version of story block here '),
	(104,'slug',0,'es',''),
	(105,'field',21,'en_us',''),
	(105,'filename',0,'en_us',' tlt threat pollution_1 png '),
	(105,'extension',0,'en_us',' png '),
	(105,'kind',0,'en_us',' image '),
	(105,'slug',0,'en_us',''),
	(105,'title',0,'en_us',' high '),
	(105,'field',21,'es',''),
	(106,'field',21,'en_us',''),
	(106,'filename',0,'en_us',' tlt threat pollution_1 png '),
	(106,'extension',0,'en_us',' png '),
	(106,'kind',0,'en_us',' image '),
	(106,'slug',0,'en_us',''),
	(106,'title',0,'en_us',' medium '),
	(106,'field',21,'es',''),
	(107,'slug',0,'en_us',''),
	(107,'title',0,'en_us',' low '),
	(108,'slug',0,'en_us',''),
	(108,'title',0,'en_us',' high '),
	(109,'slug',0,'en_us',''),
	(109,'title',0,'en_us',' medium '),
	(110,'slug',0,'en_us',''),
	(110,'title',0,'en_us',' low '),
	(111,'slug',0,'en_us',''),
	(111,'title',0,'en_us',' board of advisors '),
	(112,'field',56,'en_us',' as sm '),
	(112,'field',57,'en_us',' job title here '),
	(112,'field',59,'en_us',''),
	(112,'field',58,'en_us',' board vice president '),
	(112,'field',60,'en_us',' staff '),
	(112,'slug',0,'en_us',' adam snetman '),
	(112,'title',0,'en_us',' adam snetman '),
	(112,'field',56,'es',' as sm '),
	(112,'field',57,'es',' job title here '),
	(112,'field',59,'es',' brandeis university '),
	(112,'field',58,'es',''),
	(112,'field',60,'es',' staff '),
	(113,'field',21,'en_us',''),
	(113,'field',55,'en_us',''),
	(113,'filename',0,'en_us',' henry rollins jpg '),
	(113,'extension',0,'en_us',' jpg '),
	(113,'kind',0,'en_us',' image '),
	(113,'slug',0,'en_us',''),
	(113,'title',0,'en_us',' henry rollins '),
	(113,'field',21,'es',''),
	(113,'field',55,'es',''),
	(114,'field',56,'en_us',' henry rollins '),
	(114,'field',57,'en_us',''),
	(114,'field',59,'en_us',''),
	(114,'field',58,'en_us',' board president '),
	(114,'field',60,'en_us',' board of directors '),
	(114,'slug',0,'en_us',' henry rollins '),
	(114,'title',0,'en_us',' henry rollins '),
	(114,'field',56,'es',' henry rollins '),
	(114,'field',57,'es',' lead singer '),
	(114,'field',59,'es',' the rollins band '),
	(114,'field',58,'es',' board member '),
	(114,'field',60,'es',' board of directors '),
	(112,'field',90,'en_us',' adam '),
	(112,'field',91,'en_us',' snetman '),
	(112,'field',93,'en_us',''),
	(112,'field',90,'es',' adam '),
	(112,'field',91,'es',' snetman '),
	(114,'field',90,'en_us',' henry '),
	(114,'field',91,'en_us',' rollins '),
	(114,'field',93,'en_us',''),
	(114,'field',90,'es',' henry '),
	(114,'field',91,'es',' rollins '),
	(115,'field',21,'en_us',''),
	(115,'field',55,'en_us',''),
	(115,'filename',0,'en_us',' kristin wiig jpg '),
	(115,'extension',0,'en_us',' jpg '),
	(115,'kind',0,'en_us',' image '),
	(115,'slug',0,'en_us',''),
	(115,'title',0,'en_us',' kristin wiig '),
	(115,'field',21,'es',''),
	(115,'field',55,'es',''),
	(116,'field',57,'en_us',''),
	(116,'field',58,'en_us',''),
	(116,'field',59,'en_us',' saturday night live '),
	(116,'field',90,'en_us',' kristin '),
	(116,'field',91,'en_us',' wiig '),
	(116,'field',93,'en_us',''),
	(116,'field',56,'en_us',' kristin wiig '),
	(116,'field',60,'en_us',' contributing scientist '),
	(116,'slug',0,'en_us',''),
	(116,'title',0,'en_us',' kristin wiig '),
	(116,'field',57,'es',''),
	(116,'field',58,'es',''),
	(116,'field',59,'es',' saturday night live '),
	(116,'field',90,'es',' kristin '),
	(116,'field',91,'es',' wiig '),
	(116,'field',93,'es',''),
	(116,'field',56,'es',' kristin wiig '),
	(116,'field',60,'es',' contributing scientist '),
	(117,'field',21,'en_us',''),
	(117,'field',55,'en_us',''),
	(117,'filename',0,'en_us',' tristram jpg '),
	(117,'extension',0,'en_us',' jpg '),
	(117,'kind',0,'en_us',' image '),
	(117,'slug',0,'en_us',''),
	(117,'title',0,'en_us',' tristram '),
	(117,'field',21,'es',''),
	(117,'field',55,'es',''),
	(118,'field',57,'en_us',''),
	(118,'field',58,'en_us',''),
	(118,'field',59,'en_us',' oxford university '),
	(118,'field',90,'en_us',' tristram '),
	(118,'field',91,'en_us',' shandy '),
	(118,'field',93,'en_us',' esq '),
	(118,'field',56,'en_us',' tristram '),
	(118,'field',60,'en_us',' board of advisors '),
	(118,'slug',0,'en_us',''),
	(118,'title',0,'en_us',' tristram shandy '),
	(118,'field',57,'es',''),
	(118,'field',58,'es',''),
	(118,'field',59,'es',' oxford university '),
	(118,'field',90,'es',' tristram '),
	(118,'field',91,'es',' shandy '),
	(118,'field',93,'es',' esq '),
	(118,'field',56,'es',' tristram '),
	(118,'field',60,'es',' board of advisors '),
	(119,'field',21,'en_us',''),
	(119,'field',55,'en_us',''),
	(119,'filename',0,'en_us',' georgia tech jpg '),
	(119,'extension',0,'en_us',' jpg '),
	(119,'kind',0,'en_us',' image '),
	(119,'slug',0,'en_us',''),
	(119,'title',0,'en_us',' georgia tech '),
	(119,'field',21,'es',''),
	(119,'field',55,'es',''),
	(120,'field',84,'en_us',' moore foundation '),
	(120,'field',85,'en_us',' http www moore org '),
	(120,'field',86,'en_us',' moore org '),
	(120,'field',83,'en_us',' high '),
	(120,'slug',0,'en_us',' gordon and betty moore foundation '),
	(120,'title',0,'en_us',' gordon and betty moore foundation '),
	(120,'field',84,'es',''),
	(120,'field',85,'es',' http www moore org '),
	(120,'field',86,'es',' moore org '),
	(120,'field',83,'es',''),
	(121,'field',21,'en_us',''),
	(121,'field',55,'en_us',''),
	(121,'filename',0,'en_us',' moore foundation png '),
	(121,'extension',0,'en_us',' png '),
	(121,'kind',0,'en_us',' image '),
	(121,'slug',0,'en_us',''),
	(121,'title',0,'en_us',' moore foundation '),
	(121,'field',21,'es',''),
	(121,'field',55,'es',''),
	(122,'field',84,'en_us',' georgia tech '),
	(122,'field',85,'en_us',' http www gatech edu '),
	(122,'field',86,'en_us',' gatech edu '),
	(122,'field',83,'en_us',' low '),
	(122,'slug',0,'en_us',' georgia tech university '),
	(122,'title',0,'en_us',' georgia tech university '),
	(122,'field',84,'es',' georgia tech '),
	(122,'field',85,'es',' http www gatech edu '),
	(122,'field',86,'es',' gatech edu '),
	(122,'field',83,'es',' low '),
	(123,'field',21,'en_us',''),
	(123,'field',55,'en_us',''),
	(123,'filename',0,'en_us',' bullis_charter_school_logo jpg '),
	(123,'extension',0,'en_us',' jpg '),
	(123,'kind',0,'en_us',' image '),
	(123,'slug',0,'en_us',''),
	(123,'title',0,'en_us',' bullis charter school logo '),
	(123,'field',21,'es',''),
	(123,'field',55,'es',''),
	(124,'field',84,'en_us',' bullis charter school logo '),
	(124,'field',85,'en_us',' http bullisschool org '),
	(124,'field',86,'en_us',''),
	(124,'field',83,'en_us',' high '),
	(124,'slug',0,'en_us',' bullis charter school '),
	(124,'title',0,'en_us',' bullis charter school '),
	(124,'field',84,'es',' bullis charter school logo '),
	(124,'field',85,'es',' http bullisschool org '),
	(124,'field',86,'es',''),
	(124,'field',83,'es',' medium '),
	(125,'field',88,'en_us',' entry description lorem ipsum dolor sit amet consecutat velorem dolor sed feugiat justo vitae purus aliquet et mattis lacus porta pellentesque ac tempus nibh '),
	(125,'field',89,'en_us',''),
	(125,'slug',0,'en_us',' heres a title for this text only history entry '),
	(125,'title',0,'en_us',' here s a title for this text only history entry '),
	(125,'field',88,'es',' entry description lorem ipsum dolor sit amet consecutat velorem dolor sed feugiat justo vitae purus aliquet et mattis lacus porta pellentesque ac tempus nibh '),
	(125,'field',89,'es',''),
	(126,'field',88,'en_us',' entry description lorem ipsum dolor sit amet consecutat velorem dolor sed feugiat justo vitae purus aliquet et mattis lacus porta pellentesque ac tempus nibh fusce rutrum ante est id fringilla nibh varius ut nullam at eleifend lectus quis feugiat diam '),
	(126,'field',89,'en_us',' trinidad turtle '),
	(126,'slug',0,'en_us',' heres a title for this history entry '),
	(126,'title',0,'en_us',' here s a title for this history entry '),
	(126,'field',88,'es',' entry description lorem ipsum dolor sit amet consecutat velorem dolor sed feugiat justo vitae purus aliquet et mattis lacus porta pellentesque ac tempus nibh fusce rutrum ante est id fringilla nibh varius ut nullam at eleifend lectus quis feugiat diam '),
	(126,'field',89,'es',' trinidad turtle '),
	(127,'field',88,'en_us',' aenean id metus ut ante condimentum molestie donec luctus vitae odio vitae rutrum sed eget nibh eleifend purus feugiat fermentum nec eu libero '),
	(127,'field',89,'en_us',''),
	(127,'slug',0,'en_us',' lorem ipsum dolor sit amet '),
	(127,'title',0,'en_us',' lorem ipsum dolor sit amet '),
	(127,'field',88,'es',' aenean id metus ut ante condimentum molestie donec luctus vitae odio vitae rutrum sed eget nibh eleifend purus feugiat fermentum nec eu libero '),
	(127,'field',89,'es',''),
	(128,'field',88,'en_us',' entry description lorem ipsum dolor sit amet consecutat velorem dolor sed feugiat justo vitae purus aliquet et mattis lacus porta pellentesque ac tempus nibh '),
	(128,'field',89,'en_us',''),
	(128,'slug',0,'en_us',' lorem ipsum dolor sit amet consecutat velorem dolor adipiscing elit '),
	(128,'title',0,'en_us',' lorem ipsum dolor sit amet consecutat velorem dolor adipiscing elit '),
	(128,'field',88,'es',' entry description lorem ipsum dolor sit amet consecutat velorem dolor sed feugiat justo vitae purus aliquet et mattis lacus porta pellentesque ac tempus nibh '),
	(128,'field',89,'es',''),
	(129,'field',88,'en_us',' entry description lorem ipsum dolor sit amet consecutat velorem dolor sed feugiat justo vitae purus aliquet et mattis lacus porta pellentesque ac tempus nibh '),
	(129,'field',89,'en_us',''),
	(129,'slug',0,'en_us',' heres a title for this text only history entry '),
	(129,'title',0,'en_us',' here s a title for this text only history entry '),
	(129,'field',88,'es',' entry description lorem ipsum dolor sit amet consecutat velorem dolor sed feugiat justo vitae purus aliquet et mattis lacus porta pellentesque ac tempus nibh '),
	(129,'field',89,'es',''),
	(130,'field',88,'en_us',' entry description lorem ipsum dolor sit amet consecutat velorem dolor '),
	(130,'field',89,'en_us',' leatherback nesting full '),
	(130,'slug',0,'en_us',' heres a title for this entry '),
	(130,'title',0,'en_us',' here s a title for this entry '),
	(130,'field',88,'es',' entry description lorem ipsum dolor sit amet consecutat velorem dolor '),
	(130,'field',89,'es',' leatherback nesting full '),
	(131,'field',20,'en_us',''),
	(131,'field',26,'en_us',' about '),
	(131,'field',22,'en_us',''),
	(131,'field',27,'en_us',' here s the teaser for the about section '),
	(131,'field',23,'en_us',''),
	(131,'field',36,'en_us',' here s the story content for the about section '),
	(131,'slug',0,'en_us',' aboutfront '),
	(131,'title',0,'en_us',' about section front '),
	(132,'field',37,'en_us',' here s the story content for the about section '),
	(132,'slug',0,'en_us',''),
	(69,'field',26,'en_us',' threats '),
	(69,'field',27,'en_us',' leatherbacks face different threats specific to each stage of their lives and the habitats they occupy during those stages to save the leatherback we must reduce threats in all habitats turtles occupy across their entire life cycle '),
	(49,'field',26,'en_us',' news events '),
	(49,'field',27,'en_us',' teaser for the news and events section '),
	(133,'field',26,'en_us',' our team '),
	(133,'field',27,'en_us',' here s the teaser for the our team page '),
	(133,'field',29,'en_us',''),
	(133,'field',65,'en_us',' here s the intro to the our team page '),
	(133,'slug',0,'en_us',' our team '),
	(133,'title',0,'en_us',' our team '),
	(133,'field',26,'es',' nuestro equipo '),
	(133,'field',27,'es',' here s the spanish teaser for the our team page '),
	(133,'field',29,'es',''),
	(133,'field',65,'es',' here s the spanish intro to the our team page '),
	(133,'slug',0,'es',' our team '),
	(133,'title',0,'es',' nuestro equipo '),
	(134,'field',26,'en_us',' history of tlt '),
	(134,'field',27,'en_us',' teaser for the history page here '),
	(134,'field',29,'en_us',''),
	(134,'field',65,'en_us',' the leatherback trust is a non profit foundation established by james r spotila ph d to save the leatherback turtle and other sea turtles from extinction the leatherback trust scientists were instrumental in founding a new national park parque marino las baulas on the pacific coast of costa rica wb the leatherback trust tlt established in 2000 is an international non profit conservation organization devoted to preserving endangered leatherback turtles and other sea turtle species tlt applies a site based approach to conservation centered actively on nesting beaches in costa rica and supporting research on beaches elsewhere globally tlt uses an innovative collaborative and respectful approach to conservation working with local communities to find win win solutions for leatherback conservation tlt has earned a reputation for integrity through its emphasis on empirical work and its focus on action and results we recognize the need and opportunity to expand beyond the beaches in order to address the other elements of sea turtle habitat critical to saving the turtles these include inter nesting areas migration corridors and foraging areas sp '),
	(134,'slug',0,'en_us',' history of tlt '),
	(134,'title',0,'en_us',' history of tlt '),
	(134,'field',26,'es',' historia de tlt '),
	(134,'field',27,'es',' spanish teaser for the history page here '),
	(134,'field',29,'es',''),
	(134,'field',65,'es',' spanish intro for the history page here '),
	(134,'slug',0,'es',' history of tlt '),
	(134,'title',0,'es',' historia de tlt '),
	(135,'field',26,'en_us',' our partners '),
	(135,'field',27,'en_us',' teaser for the our partners page '),
	(135,'field',29,'en_us',''),
	(135,'field',65,'en_us',''),
	(2,'field',95,'en_us',' endangered leatherback sea turtles experience resurgence in trinidad '),
	(135,'slug',0,'en_us',' our partners '),
	(135,'title',0,'en_us',' our partners '),
	(135,'field',26,'es',' nuestros socios '),
	(135,'field',27,'es',' spanish teaser for the our partners page '),
	(135,'field',29,'es',''),
	(135,'field',65,'es',' spanish intro for the partners page '),
	(135,'slug',0,'es',' our partners '),
	(135,'title',0,'es',' nuestros socios '),
	(136,'field',23,'en_us',' here s my hero caption '),
	(136,'field',26,'en_us',' test page '),
	(136,'field',82,'en_us',' our team a new test english entry '),
	(136,'field',22,'en_us',' here s my hero title '),
	(136,'field',27,'en_us',' here s the teaser '),
	(136,'field',20,'en_us',' leatherback nesting full '),
	(136,'field',29,'en_us',''),
	(136,'field',36,'en_us',' here s my content '),
	(136,'slug',0,'en_us',' a test page in the about section '),
	(136,'title',0,'en_us',' a test page in the about section '),
	(136,'field',23,'es',''),
	(136,'field',26,'es',' test page '),
	(136,'field',82,'es',''),
	(136,'field',22,'es',''),
	(136,'field',27,'es',' here s the teaser '),
	(136,'field',20,'es',''),
	(136,'field',29,'es',''),
	(136,'field',36,'es',''),
	(137,'field',37,'en_us',' here s my content '),
	(137,'slug',0,'en_us',''),
	(2,'field',95,'es',' there s a turtle somewhere that is interesting '),
	(138,'field',36,'en_us',' unfortunately the page you re looking for doesn t exist perhaps you should return to our homepage and start again not until we are lost do we begin to understand ourselves henry david thoreau '),
	(138,'slug',0,'en_us',' page404 '),
	(138,'title',0,'en_us',' 404 page '),
	(139,'field',37,'en_us',' unfortunately the page you re looking for doesn t exist perhaps you should return to our homepage and start again '),
	(139,'slug',0,'en_us',''),
	(138,'field',36,'es',''),
	(138,'slug',0,'es',' page404 '),
	(138,'title',0,'es',' 404 page '),
	(140,'field',37,'es',' here s the spanish content for my 404 page '),
	(140,'slug',0,'es',''),
	(141,'field',44,'en_us',' not until we are lost do we begin to understand ourselves '),
	(141,'field',45,'en_us',' henry david thoreau '),
	(141,'field',46,'en_us',''),
	(141,'slug',0,'en_us',''),
	(142,'field',65,'en_us',' sea turtles swam the oceans when dinosaurs roamed the earth early ocean explorers marveled at the abundance of sea turtles add quote numbers afforded explorers subsistence hunters collected eggs ate meat human populations grew sea turtle populations dwindled now these ancient reptiles confront new threats like pollution industrial fishing climate change and large scale coastal development '),
	(142,'slug',0,'en_us',' whyleatherbacksfront '),
	(142,'title',0,'en_us',' why leatherbacks section front '),
	(142,'field',65,'es',' spanish intro sea turtles swam the oceans when dinosaurs roamed the earth early ocean explorers marveled at the abundance of sea turtles add quote numbers afforded explorers subsistence hunters collected eggs ate meat human populations grew sea turtle populations dwindled now these ancient reptiles confront new threats like pollution industrial fishing climate change and large scale coastal development '),
	(142,'slug',0,'es',' whyleatherbacksfront '),
	(142,'title',0,'es',' why leatherbacks section front '),
	(71,'field',82,'es',' pesca spanish title leatherback sea turtles experience resurgence in trinidad '),
	(82,'field',82,'es',''),
	(143,'field',23,'en_us',''),
	(143,'field',26,'en_us',' habits and habitats '),
	(143,'field',82,'en_us',' las baulas national park pollution history of tlt '),
	(143,'field',22,'en_us',''),
	(143,'field',27,'en_us',' here s a teaser for the habits and habitats page '),
	(143,'field',20,'en_us',''),
	(143,'field',29,'en_us',' turtles hatchling news '),
	(143,'field',36,'en_us',' there are seven species of sea turtle all sea turtles share common life history characteristics and face common threats throughout their lifetimes from nest disturbance development fishing pollution and climate change as the largest deepest diving and farthest ranging sea turtles leatherbacks serve as a flagship species for the other six species of sea turtles negatively affected by climate change beachfront lighting or unleashed pets disturbing nest sites charismatic leatherbacks can also raise awareness for other animals like albatross which are also killed by plastic pollution gillnets and longlines aspect 16 9 standard 40 71278369999998 74 00594130000002 12 40 7127837 74 00594130000002 1 '),
	(143,'slug',0,'en_us',' habits habitats '),
	(143,'title',0,'en_us',' habits and habitats '),
	(143,'field',23,'es',''),
	(143,'field',26,'es',' habits y habitats '),
	(143,'field',82,'es',''),
	(143,'field',22,'es',''),
	(143,'field',27,'es',' here s a spanish teaser for the habits and habitats page '),
	(143,'field',20,'es',''),
	(143,'field',29,'es',''),
	(143,'field',36,'es',''),
	(144,'field',37,'en_us',' there are seven species of sea turtle all sea turtles share common life history characteristics and face common threats throughout their lifetimes from nest disturbance development fishing pollution and climate change as the largest deepest diving and farthest ranging sea turtles leatherbacks serve as a flagship species for the other six species of sea turtles negatively affected by climate change beachfront lighting or unleashed pets disturbing nest sites charismatic leatherbacks can also raise awareness for other animals like albatross which are also killed by plastic pollution gillnets and longlines '),
	(144,'slug',0,'en_us',''),
	(143,'slug',0,'es',' habits habitats '),
	(143,'title',0,'es',' habits y habitats '),
	(145,'field',37,'es',' spanish there are seven species of sea turtle all sea turtles share common life history characteristics and face common threats throughout their lifetimes from nest disturbance development fishing pollution and climate change as the largest deepest diving and farthest ranging sea turtles leatherbacks serve as a flagship species for the other six species of sea turtles negatively affected by climate change beachfront lighting or unleashed pets disturbing nest sites charismatic leatherbacks can also raise awareness for other animals like albatross which are also killed by plastic pollution gillnets and longlines '),
	(145,'slug',0,'es',''),
	(146,'field',21,'en_us',''),
	(146,'field',55,'en_us',''),
	(146,'filename',0,'en_us',' turtles_hatchling_news jpg '),
	(146,'extension',0,'en_us',' jpg '),
	(146,'kind',0,'en_us',' image '),
	(146,'slug',0,'en_us',''),
	(146,'title',0,'en_us',' turtles hatchling news '),
	(146,'field',21,'es',''),
	(146,'field',55,'es',''),
	(147,'field',73,'en_us',' 10 327193 '),
	(147,'field',74,'en_us',' 85 846264 '),
	(147,'field',80,'en_us',' 0 '),
	(147,'field',75,'en_us',' 13 '),
	(147,'field',79,'en_us',' jumbo '),
	(147,'field',78,'en_us',' aspect 2 1 '),
	(147,'field',76,'en_us',''),
	(147,'field',77,'en_us',''),
	(147,'slug',0,'en_us',''),
	(148,'field',21,'en_us',''),
	(148,'field',55,'en_us',''),
	(148,'filename',0,'en_us',' turtle drawing gif '),
	(148,'extension',0,'en_us',' gif '),
	(148,'kind',0,'en_us',' image '),
	(148,'slug',0,'en_us',''),
	(148,'title',0,'en_us',' turtle drawing '),
	(148,'field',21,'es',''),
	(148,'field',55,'es',''),
	(149,'field',23,'en_us',''),
	(149,'field',26,'en_us',' ancient animals '),
	(149,'field',82,'en_us',''),
	(149,'field',22,'en_us',''),
	(149,'field',27,'en_us',' here s a teaser to my ancient animals page lorem ipsum dolor sit amet consecutat velorem dolor adipiscing elite ventorum '),
	(149,'field',20,'en_us',''),
	(149,'field',29,'en_us',' cropped turtle drawing '),
	(149,'field',36,'en_us',' sea turtles swam the oceans when dinosaurs roamed the earth early ocean explorers marveled at the abundance of sea turtles add quote numbers afforded explorers subsistence hunters collected eggs ate meat human populations grew sea turtle populations dwindled now these ancient reptiles confront new threats like pollution industrial fishing climate change and large scale coastal development historical engravings of leatherbacks leave something to be desired as to the accuracy of the representation however they teach us that humans have been observing leatherbacks for hundreds of years turtle drawing jumbo lorem ipsum dolor sit amet consectetur adipiscing elit aenean iaculis semper sodales sed tempor auctor venenatis integer pretium velit vitae dictum varius mauris tellus porta nibh sed ornare purus nibh semper libero curabitur enim dui aliquam vel convallis at posuere a augue in nec mi fermentum placerat sapien eget vehicula nisl pellentesque viverra neque ac massa scelerisque et euismod neque pretium interdum et malesuada fames ac ante ipsum primis in faucibus suspendisse quis commodo erat mauris nec interdum mi aliquam ac cursus quam vivamus ullamcorper lectus vel nisi lacinia vitae luctus lectus eleifend donec elit dui rhoncus a scelerisque non dignissim eget nulla vivamus sit amet felis odio quisque volutpat nulla sit amet quam auctor tempor vivamus consectetur eros nec dignissim aliquam sed eu nulla vel massa vehicula ultrices at nec turpis interdum et malesuada fames ac ante ipsum primis in faucibus curabitur eget porta felis curabitur non diam bibendum fringilla nisi et commodo tellus in pharetra dignissim eros malesuada scelerisque mauris fermentum ut morbi vitae tincidunt urna integer purus orci porta ac ullamcorper nec eleifend lobortis lacus suspendisse vitae eros in sapien feugiat congue vitae at risus nullam luctus scelerisque nibh eget cursus nisi faucibus sit amet standard divider vivamus sit amet felis odio quisque volutpat nulla sit amet quam auctor tempor vivamus consectetur eros nec dignissim aliquam sed eu nulla vel massa vehicula ultrices at nec turpis interdum et malesuada fames ac ante ipsum primis in faucibus curabitur eget porta felis curabitur non diam bibendum fringilla nisi et commodo tellus in pharetra dignissim eros malesuada scelerisque mauris fermentum ut morbi vitae tincidunt urna integer purus orci porta ac ullamcorper nec eleifend lobortis lacus suspendisse vitae eros in sapien feugiat congue vitae at risus nullam luctus scelerisque nibh eget cursus nisi faucibus sit amet '),
	(149,'slug',0,'en_us',' ancient animals '),
	(149,'title',0,'en_us',' ancient animals '),
	(149,'field',23,'es',''),
	(149,'field',26,'es',' animales antiguos '),
	(149,'field',82,'es',''),
	(149,'field',22,'es',''),
	(149,'field',27,'es',' spanish here s a teaser to my ancient animals page lorem ipsum dolor sit amet consecutat velorem dolor adipiscing elite ventorum '),
	(149,'field',20,'es',''),
	(149,'field',29,'es',' turtle drawing '),
	(149,'field',36,'es',''),
	(150,'field',37,'en_us',' sea turtles swam the oceans when dinosaurs roamed the earth early ocean explorers marveled at the abundance of sea turtles add quote numbers afforded explorers subsistence hunters collected eggs ate meat human populations grew sea turtle populations dwindled now these ancient reptiles confront new threats like pollution industrial fishing climate change and large scale coastal development '),
	(150,'slug',0,'en_us',''),
	(149,'slug',0,'es',' animales antiguos '),
	(149,'title',0,'es',' animales antiguos '),
	(151,'field',37,'es',' spanish story block content for this page is here '),
	(151,'slug',0,'es',''),
	(152,'field',38,'en_us',' turtle drawing '),
	(152,'field',39,'en_us',' jumbo '),
	(152,'field',40,'en_us',''),
	(152,'field',41,'en_us',' historical engravings of leatherbacks leave something to be desired as to the accuracy of the representation however they teach us that humans have been observing leatherbacks for hundreds of years '),
	(152,'slug',0,'en_us',''),
	(153,'field',37,'en_us',' lorem ipsum dolor sit amet consectetur adipiscing elit aenean iaculis semper sodales sed tempor auctor venenatis integer pretium velit vitae dictum varius mauris tellus porta nibh sed ornare purus nibh semper libero curabitur enim dui aliquam vel convallis at posuere a augue in nec mi fermentum placerat sapien eget vehicula nisl pellentesque viverra neque ac massa scelerisque et euismod neque pretium interdum et malesuada fames ac ante ipsum primis in faucibus suspendisse quis commodo erat mauris nec interdum mi aliquam ac cursus quam vivamus ullamcorper lectus vel nisi lacinia vitae luctus lectus eleifend donec elit dui rhoncus a scelerisque non dignissim eget nulla vivamus sit amet felis odio quisque volutpat nulla sit amet quam auctor tempor vivamus consectetur eros nec dignissim aliquam sed eu nulla vel massa vehicula ultrices at nec turpis interdum et malesuada fames ac ante ipsum primis in faucibus curabitur eget porta felis curabitur non diam bibendum fringilla nisi et commodo tellus in pharetra dignissim eros malesuada scelerisque mauris fermentum ut morbi vitae tincidunt urna integer purus orci porta ac ullamcorper nec eleifend lobortis lacus suspendisse vitae eros in sapien feugiat congue vitae at risus nullam luctus scelerisque nibh eget cursus nisi faucibus sit amet '),
	(153,'slug',0,'en_us',''),
	(154,'field',43,'en_us',' standard divider '),
	(154,'slug',0,'en_us',''),
	(155,'field',37,'en_us',' vivamus sit amet felis odio quisque volutpat nulla sit amet quam auctor tempor vivamus consectetur eros nec dignissim aliquam sed eu nulla vel massa vehicula ultrices at nec turpis interdum et malesuada fames ac ante ipsum primis in faucibus curabitur eget porta felis curabitur non diam bibendum fringilla nisi et commodo tellus in pharetra dignissim eros malesuada scelerisque mauris fermentum ut morbi vitae tincidunt urna integer purus orci porta ac ullamcorper nec eleifend lobortis lacus suspendisse vitae eros in sapien feugiat congue vitae at risus nullam luctus scelerisque nibh eget cursus nisi faucibus sit amet '),
	(155,'slug',0,'en_us',''),
	(156,'field',96,'en_us',' 40 71278369999998 74 00594130000002 12 40 7127837 74 00594130000002 '),
	(156,'slug',0,'en_us',''),
	(156,'field',97,'en_us',' 1 '),
	(156,'field',98,'en_us',' standard '),
	(156,'field',99,'en_us',' aspect 16 9 '),
	(156,'field',100,'en_us',''),
	(156,'field',101,'en_us',''),
	(160,'slug',0,'en_us',' las baulas '),
	(160,'title',0,'en_us',' las baulas national park '),
	(157,'field',96,'en_us',' 10 320589000000007 85 8491098 5 10 320589 85 84910980000001 '),
	(157,'field',97,'en_us',' 0 '),
	(157,'field',98,'en_us',' jumbo '),
	(157,'field',99,'en_us',' aspect 16 9 '),
	(157,'field',100,'en_us',''),
	(157,'field',101,'en_us',''),
	(157,'slug',0,'en_us',''),
	(158,'field',96,'en_us',' 0 85 00000000000006 5 0 85 '),
	(158,'field',97,'en_us',' 0 '),
	(158,'field',98,'en_us',' inset far right '),
	(158,'field',99,'en_us',' aspect 1 1 '),
	(158,'field',100,'en_us',' here s a caption title '),
	(158,'field',101,'en_us',' here s the caption lorem ipsum dolor sit amet '),
	(158,'slug',0,'en_us',''),
	(159,'field',96,'en_us',' 10 301857840189966 85 80549606323245 13 10 3 85 84000000000003 '),
	(159,'field',97,'en_us',' 1 '),
	(159,'field',98,'en_us',' standard '),
	(159,'field',99,'en_us',' aspect 16 9 '),
	(159,'field',100,'en_us',''),
	(159,'field',101,'en_us',' heres a caption '),
	(159,'slug',0,'en_us',''),
	(160,'field',118,'en_us',' 1 '),
	(160,'field',108,'en_us',' 1 '),
	(160,'field',106,'en_us',' 1 '),
	(160,'field',109,'en_us',' nests at las baulas national park '),
	(160,'field',119,'en_us',' in the las baulas hatchery '),
	(160,'field',104,'en_us',' turtles nests in decline title '),
	(160,'field',105,'en_us',' description here explaining graphic below lorem ipsum dolor sit amet consecutat velorem dolor adipiscing elit ventorum est caricula verti optum english '),
	(160,'field',120,'en_us',' description here explaining graphic below lorem ipsum dolor sit amet consecutat velorem dolor adipiscing elit ventorum est caricula verti optum '),
	(160,'field',110,'en_us',' description here explaining graphic below lorem ipsum dolor sit amet consecutat velorem dolor adipiscing elit ventorum est caricula verti optum '),
	(160,'field',117,'en_us',' 2014 08 10 '),
	(160,'field',102,'en_us',' 1988 1230 600 1100 1988 1230 600 1100 1989 1480 500 1000 1989 1480 500 1000 1990 720 400 1200 1990 720 400 1200 1991 800 700 850 1991 800 700 850 '),
	(160,'field',107,'en_us',' 2014 08 10 '),
	(160,'field',111,'en_us',' 5 4 4 10 342849670809642 85 8567579810425 15 10 342849670809642 85 8567579810425 playas ventanas 5 8 3 10 329972912386165 85 84738097832644 14 10 329972912386165 85 84738097832644 playa grande 0 8 0 10 313042338889323 85 84113679573977 14 10 313042338889323 85 84113679573977 playa grande south '),
	(160,'field',103,'en_us',' 1988 100 50 40 1988 100 50 40 1989 90 45 35 1989 90 45 35 1990 80 40 30 1990 80 40 30 1991 70 35 25 1991 70 35 25 '),
	(160,'field',121,'en_us',' leatherback 99 99 oliveridley 99 99 green 99 99 none 0 0 leatherback 99 0 oliveridley 99 0 green 99 0 none 99 0 leatherback 0 99 oliveridley 0 99 green 0 99 '),
	(160,'field',118,'es',' 1 '),
	(160,'field',108,'es',' 1 '),
	(160,'field',106,'es',' 1 '),
	(160,'field',117,'es',' 2014 08 10 '),
	(160,'field',102,'es',' 1988 1230 600 1100 1988 1230 600 1100 1989 1480 500 1000 1989 1480 500 1000 1990 720 400 1200 1990 720 400 1200 1991 800 700 850 1991 800 700 850 '),
	(160,'field',107,'es',' 2014 08 10 '),
	(160,'field',103,'es',' 1988 100 50 40 1988 100 50 40 1989 90 45 35 1989 90 45 35 1990 80 40 30 1990 80 40 30 1991 70 35 25 1991 70 35 25 '),
	(160,'field',65,'en_us',' page intro here lorem ipsum ante a suspendisse nunc et morbi hac lectus massa nullam ultrices hymenaeos scelerisque pede velit curabitur ut praesent donec praesent curabitur lacus nulla arcu ultrices cras libero purus condimentum nulla vivamus elit tempor tempor in amet conubia hymenaeos facilisis mollis sed felis enim id integer eu id condimentum turpis nec '),
	(161,'field',112,'en_us',' playas ventanas '),
	(161,'field',113,'en_us',' 10 342849670809642 85 8567579810425 15 10 342849670809642 85 8567579810425 '),
	(161,'field',114,'en_us',' 4 '),
	(161,'field',115,'en_us',' 4 '),
	(161,'field',116,'en_us',' 5 '),
	(161,'slug',0,'en_us',''),
	(161,'field',112,'es',' playas ventanas '),
	(161,'field',113,'es',' 10 342849670809642 85 8567579810425 15 10 342849670809642 85 8567579810425 '),
	(161,'field',114,'es',' 4 '),
	(161,'field',115,'es',' 4 '),
	(161,'field',116,'es',' 5 '),
	(162,'field',112,'en_us',' playa grande '),
	(162,'field',113,'en_us',' 10 329972912386165 85 84738097832644 14 10 329972912386165 85 84738097832644 '),
	(162,'field',114,'en_us',' 8 '),
	(162,'field',115,'en_us',' 3 '),
	(162,'field',116,'en_us',' 5 '),
	(162,'slug',0,'en_us',''),
	(162,'field',112,'es',' playa grande '),
	(162,'field',113,'es',' 10 329972912386165 85 84738097832644 14 10 329972912386165 85 84738097832644 '),
	(162,'field',114,'es',' 8 '),
	(162,'field',115,'es',' 3 '),
	(162,'field',116,'es',' 5 '),
	(163,'field',112,'en_us',' playa grande south '),
	(163,'field',113,'en_us',' 10 313042338889323 85 84113679573977 14 10 313042338889323 85 84113679573977 '),
	(163,'field',114,'en_us',' 8 '),
	(163,'field',115,'en_us',' 0 '),
	(163,'field',116,'en_us',' 0 '),
	(163,'slug',0,'en_us',''),
	(163,'field',112,'es',' playa grande south '),
	(163,'field',113,'es',' 10 313042338889323 85 84113679573977 14 10 313042338889323 85 84113679573977 '),
	(163,'field',114,'es',' 8 '),
	(163,'field',115,'es',' 0 '),
	(163,'field',116,'es',' 0 '),
	(164,'field',122,'en_us',' leatherback '),
	(164,'field',123,'en_us',' 99 '),
	(164,'field',124,'en_us',' 99 '),
	(164,'slug',0,'en_us',''),
	(164,'field',122,'es',' leatherback '),
	(164,'field',123,'es',' 99 '),
	(164,'field',124,'es',' 99 '),
	(165,'field',122,'en_us',' oliveridley '),
	(165,'field',123,'en_us',' 99 '),
	(165,'field',124,'en_us',' 99 '),
	(165,'slug',0,'en_us',''),
	(165,'field',122,'es',' oliveridley '),
	(165,'field',123,'es',' 99 '),
	(165,'field',124,'es',' 99 '),
	(166,'field',122,'en_us',' green '),
	(166,'field',123,'en_us',' 99 '),
	(166,'field',124,'en_us',' 99 '),
	(166,'slug',0,'en_us',''),
	(166,'field',122,'es',' green '),
	(166,'field',123,'es',' 99 '),
	(166,'field',124,'es',' 99 '),
	(167,'field',122,'en_us',' leatherback '),
	(167,'field',123,'en_us',' 99 '),
	(167,'field',124,'en_us',' 0 '),
	(167,'slug',0,'en_us',''),
	(167,'field',122,'es',' leatherback '),
	(167,'field',123,'es',' 99 '),
	(167,'field',124,'es',' 0 '),
	(168,'field',122,'en_us',' oliveridley '),
	(168,'field',123,'en_us',' 99 '),
	(168,'field',124,'en_us',' 0 '),
	(168,'slug',0,'en_us',''),
	(168,'field',122,'es',' oliveridley '),
	(168,'field',123,'es',' 99 '),
	(168,'field',124,'es',' 0 '),
	(169,'field',122,'en_us',' green '),
	(169,'field',123,'en_us',' 99 '),
	(169,'field',124,'en_us',' 0 '),
	(169,'slug',0,'en_us',''),
	(169,'field',122,'es',' green '),
	(169,'field',123,'es',' 99 '),
	(169,'field',124,'es',' 0 '),
	(170,'field',122,'en_us',' none '),
	(170,'field',123,'en_us',' 99 '),
	(170,'field',124,'en_us',' 0 '),
	(170,'slug',0,'en_us',''),
	(170,'field',122,'es',' none '),
	(170,'field',123,'es',' 99 '),
	(170,'field',124,'es',' 0 '),
	(171,'field',122,'en_us',' leatherback '),
	(171,'field',123,'en_us',' 0 '),
	(171,'field',124,'en_us',' 99 '),
	(171,'slug',0,'en_us',''),
	(171,'field',122,'es',' leatherback '),
	(171,'field',123,'es',' 0 '),
	(171,'field',124,'es',' 99 '),
	(172,'field',122,'en_us',' oliveridley '),
	(172,'field',123,'en_us',' 0 '),
	(172,'field',124,'en_us',' 99 '),
	(172,'slug',0,'en_us',''),
	(172,'field',122,'es',' oliveridley '),
	(172,'field',123,'es',' 0 '),
	(172,'field',124,'es',' 99 '),
	(173,'field',122,'en_us',' green '),
	(173,'field',123,'en_us',' 0 '),
	(173,'field',124,'en_us',' 99 '),
	(173,'slug',0,'en_us',''),
	(173,'field',122,'es',' green '),
	(173,'field',123,'es',' 0 '),
	(173,'field',124,'es',' 99 '),
	(174,'field',122,'en_us',' green '),
	(174,'field',123,'en_us',' 0 '),
	(174,'field',124,'en_us',' 99 '),
	(174,'slug',0,'en_us',''),
	(174,'field',122,'es',' green '),
	(174,'field',123,'es',' 0 '),
	(174,'field',124,'es',' 99 '),
	(160,'field',65,'es',' spanish page intro here '),
	(160,'field',119,'es',' hatchery exhibit title es '),
	(160,'field',109,'es',' nesting exhibit title es '),
	(160,'field',104,'es',' turtles and nests in decline es '),
	(160,'field',105,'es',' history spanish intro here '),
	(160,'field',110,'es',' nesting spanish intro here '),
	(160,'field',120,'es',' hatchery spanish intro here '),
	(160,'field',111,'es',' 5 4 4 10 342849670809642 85 8567579810425 15 10 342849670809642 85 8567579810425 playas ventanas 5 8 3 10 329972912386165 85 84738097832644 14 10 329972912386165 85 84738097832644 playa grande 0 8 0 10 313042338889323 85 84113679573977 14 10 313042338889323 85 84113679573977 playa grande south '),
	(160,'field',121,'es',' leatherback 99 99 oliveridley 99 99 green 99 99 none 0 0 leatherback 99 0 oliveridley 99 0 green 99 0 none 99 0 leatherback 0 99 oliveridley 0 99 green 0 99 '),
	(160,'slug',0,'es',' las baulas '),
	(160,'title',0,'es',' parcas nationales las baulas '),
	(161,'slug',0,'es',''),
	(162,'slug',0,'es',''),
	(163,'slug',0,'es',''),
	(164,'slug',0,'es',''),
	(165,'slug',0,'es',''),
	(166,'slug',0,'es',''),
	(167,'slug',0,'es',''),
	(168,'slug',0,'es',''),
	(169,'slug',0,'es',''),
	(170,'slug',0,'es',''),
	(171,'slug',0,'es',''),
	(172,'slug',0,'es',''),
	(173,'slug',0,'es',''),
	(174,'slug',0,'es',''),
	(160,'field',125,'en_us',' 10 323797780014518 85 84687820209962 13 10 320589000000007 85 84910980000001 '),
	(160,'field',125,'es',' 10 323797780014518 85 84687820209962 13 10 320589000000007 85 84910980000001 '),
	(175,'field',122,'en_us',' none '),
	(175,'field',123,'en_us',' 0 '),
	(175,'field',124,'en_us',' 0 '),
	(175,'slug',0,'en_us',''),
	(175,'field',122,'es',' none '),
	(175,'field',123,'es',' 0 '),
	(175,'field',124,'es',' 0 '),
	(160,'field',128,'en_us',' 1 '),
	(160,'field',126,'en_us',' comparing turtles and people '),
	(160,'field',127,'en_us',' integer pellentesque et lectus vitae ultrices morbi rhoncus lorem ipsum eu accumsan augue scelerisque vel duis vitae pulvinar justo rutrum congue ipsum curabitur dictum vulputate dignissim quisque condimentum est mi pretium rhoncus arcu tempus dapibus curabitur posuere odio eu est pretium dignissim integer pellentesque et lectus vitae ultrices morbi rhoncus lorem ipsum eu accumsan augue scelerisque vel duis vitae pulvinar justo rutrum congue ipsum curabitur dictum vulputate dignissim '),
	(160,'field',129,'en_us',' photo 1 '),
	(160,'field',128,'es',' 1 '),
	(160,'field',126,'es',' comparing turtles es '),
	(160,'field',127,'es',' comparison spanish intro here '),
	(160,'field',129,'es',' photo 1 '),
	(175,'slug',0,'es',''),
	(160,'field',26,'en_us',' las baulas national park '),
	(160,'field',27,'en_us',' here s a teaser for this graphic data page in english '),
	(160,'field',26,'es',' parcas nationales las baulas '),
	(160,'field',27,'es',' here s a teaser for this graphic data page in spanish '),
	(131,'field',65,'en_us',' the leatherback trust tlt is an international non profit conservation organization devoted to preserving endangered leatherback turtles and other sea turtle species in 2000 turtle biologists jim spotila and frank paladino founded tlt to engage local communities in protection of nesting beaches critical to saving leatherback turtles while we continue to safeguard nesting beaches we are now extending our focus beyond beaches to combat threats and protect sea turtles in the oceans tlt s reputation for integrity is grounded in data driven scientific research and community action programs delivering measurable results '),
	(131,'field',26,'es',' acerca '),
	(131,'field',27,'es',' here s the spanish teaser for the about section '),
	(131,'field',65,'es',' spanish the leatherback trust tlt is an international non profit conservation organization devoted to preserving endangered leatherback turtles and other sea turtle species in 2000 turtle biologists jim spotila and frank paladino founded tlt to engage local communities in protection of nesting beaches critical to saving leatherback turtles while we continue to safeguard nesting beaches we are now extending our focus beyond beaches to combat threats and protect sea turtles in the oceans tlt s reputation for integrity is grounded in data driven scientific research and community action programs delivering measurable results '),
	(131,'field',36,'es',' spanish story blocks here '),
	(131,'slug',0,'es',' aboutfront '),
	(131,'title',0,'es',' about section front '),
	(176,'field',37,'es',' spanish story blocks here '),
	(176,'slug',0,'es',''),
	(142,'field',26,'en_us',' why leatherbacks '),
	(142,'field',27,'en_us',' teaser for the why leatherbacks section here '),
	(142,'field',26,'es',' porque leatherbacks '),
	(142,'field',27,'es',' spanish teaser for this section front here '),
	(177,'field',21,'en_us',' engraving of a turtle '),
	(177,'field',55,'en_us',''),
	(177,'filename',0,'en_us',' turtle drawing_1 gif '),
	(177,'extension',0,'en_us',' gif '),
	(177,'kind',0,'en_us',' image '),
	(177,'slug',0,'en_us',' turtle drawing 1 '),
	(177,'title',0,'en_us',' cropped turtle drawing '),
	(177,'field',21,'es',''),
	(177,'field',55,'es','');

/*!40000 ALTER TABLE `craft_searchindex` ENABLE KEYS */;
UNLOCK TABLES;


# Dump of table craft_sections
# ------------------------------------------------------------

DROP TABLE IF EXISTS `craft_sections`;

CREATE TABLE `craft_sections` (
  `id` int(11) NOT NULL AUTO_INCREMENT,
  `structureId` int(11) DEFAULT NULL,
  `name` varchar(255) COLLATE utf8_unicode_ci NOT NULL,
  `handle` varchar(255) COLLATE utf8_unicode_ci NOT NULL,
  `type` enum('single','channel','structure') COLLATE utf8_unicode_ci NOT NULL DEFAULT 'channel',
  `hasUrls` tinyint(1) unsigned NOT NULL DEFAULT '1',
  `template` varchar(500) COLLATE utf8_unicode_ci DEFAULT NULL,
  `enableVersioning` tinyint(1) unsigned NOT NULL DEFAULT '0',
  `dateCreated` datetime NOT NULL,
  `dateUpdated` datetime NOT NULL,
  `uid` char(36) COLLATE utf8_unicode_ci NOT NULL DEFAULT '0',
  PRIMARY KEY (`id`),
  UNIQUE KEY `craft_sections_name_unq_idx` (`name`),
  UNIQUE KEY `craft_sections_handle_unq_idx` (`handle`),
  KEY `craft_sections_structureId_fk` (`structureId`),
  CONSTRAINT `craft_sections_structureId_fk` FOREIGN KEY (`structureId`) REFERENCES `craft_structures` (`id`) ON DELETE SET NULL
) ENGINE=InnoDB DEFAULT CHARSET=utf8 COLLATE=utf8_unicode_ci;

LOCK TABLES `craft_sections` WRITE;
/*!40000 ALTER TABLE `craft_sections` DISABLE KEYS */;

INSERT INTO `craft_sections` (`id`, `structureId`, `name`, `handle`, `type`, `hasUrls`, `template`, `enableVersioning`, `dateCreated`, `dateUpdated`, `uid`)
VALUES
	(1,NULL,'Homepage','homepage','single',1,'index',1,'2014-07-16 22:01:00','2014-07-17 14:48:51','18c528ee-0bf8-49b3-a1e9-579b20bb7684'),
	(3,NULL,'News & Events','newsAndEvents','channel',1,'news-events/_entry',1,'2014-07-21 13:43:23','2014-08-07 15:01:16','327b9346-4108-4317-a7af-39a976e491eb'),
	(4,NULL,'News & Events section front','newsAndEventsFront','single',1,'news-events/index.html',1,'2014-07-23 13:46:44','2014-08-07 15:01:24','5bd1728d-a4a5-4c78-b8f1-56aa15b3b049'),
	(5,NULL,'Threats section front','threatsFront','single',1,'threats/index.html',1,'2014-07-27 20:47:31','2014-08-07 14:55:13','929a7b0b-5ba2-463f-8e0f-165b63742f24'),
	(6,2,'Threats','threats','structure',1,'threats/_entry',1,'2014-07-27 20:48:22','2014-08-07 14:53:23','352e5884-d1f7-4e45-a754-e7730cd50fce'),
	(7,NULL,'People','people','channel',0,NULL,1,'2014-08-05 13:29:04','2014-08-05 14:42:41','e55db9ba-c88c-4960-9594-9c3c762f14c6'),
	(8,NULL,'Partners','partners','channel',0,NULL,1,'2014-08-05 14:16:12','2014-08-05 14:47:56','50b69def-69ac-40c5-bfb7-23fd5ddb1168'),
	(9,NULL,'Sponsors','sponsors','channel',0,NULL,1,'2014-08-05 14:16:29','2014-08-05 14:47:48','cf488821-1c2c-4d33-a5eb-238942a492fc'),
	(10,NULL,'History of TLT','historyOfTlt','channel',0,NULL,1,'2014-08-05 14:44:12','2014-08-05 19:31:17','85276d3b-f2e2-4aee-a781-6b8069b725c4'),
	(11,NULL,'About section front','aboutFront','single',1,'about/index.html',1,'2014-08-05 15:22:58','2014-08-07 15:00:17','996c815f-5bbc-4b55-b4c5-acb19c614845'),
	(12,7,'About','about','structure',1,'about/_entry',1,'2014-08-05 16:02:08','2014-08-07 15:00:08','4e8d10af-b899-404b-b543-e7fd58896317'),
	(13,NULL,'404 page','page404','single',1,'404.html',1,'2014-08-07 13:57:29','2014-08-07 13:57:29','1857251c-1391-4caf-b3b3-de28f90d5302'),
	(14,NULL,'Why Leatherbacks section front','whyLeatherbacksFront','single',1,'why-leatherbacks/index.html',1,'2014-08-07 14:23:44','2014-08-07 14:23:44','4e7b7d5e-d2ab-47f0-ab90-67d8018b13d5'),
	(15,8,'Why Leatherbacks','whyLeatherbacks','structure',1,'why-leatherbacks/_entry',1,'2014-08-07 14:26:38','2014-08-07 14:26:38','2954f32e-f9c3-4a54-8003-02f3e624c713'),
	(16,9,'Graphic data','graphicData','structure',1,'graphic-data/_entry.html',1,'2014-08-08 19:16:39','2014-08-11 20:14:16','24edbbbf-f33a-4216-afb7-c7f8395015f3');

/*!40000 ALTER TABLE `craft_sections` ENABLE KEYS */;
UNLOCK TABLES;


# Dump of table craft_sections_i18n
# ------------------------------------------------------------

DROP TABLE IF EXISTS `craft_sections_i18n`;

CREATE TABLE `craft_sections_i18n` (
  `id` int(11) NOT NULL AUTO_INCREMENT,
  `sectionId` int(11) NOT NULL,
  `locale` char(12) COLLATE utf8_unicode_ci NOT NULL,
  `enabledByDefault` tinyint(1) unsigned NOT NULL DEFAULT '1',
  `urlFormat` varchar(255) COLLATE utf8_unicode_ci DEFAULT NULL,
  `nestedUrlFormat` varchar(255) COLLATE utf8_unicode_ci DEFAULT NULL,
  `dateCreated` datetime NOT NULL,
  `dateUpdated` datetime NOT NULL,
  `uid` char(36) COLLATE utf8_unicode_ci NOT NULL DEFAULT '0',
  PRIMARY KEY (`id`),
  UNIQUE KEY `craft_sections_i18n_sectionId_locale_unq_idx` (`sectionId`,`locale`),
  KEY `craft_sections_i18n_locale_fk` (`locale`),
  CONSTRAINT `craft_sections_i18n_locale_fk` FOREIGN KEY (`locale`) REFERENCES `craft_locales` (`locale`) ON DELETE CASCADE ON UPDATE CASCADE,
  CONSTRAINT `craft_sections_i18n_sectionId_fk` FOREIGN KEY (`sectionId`) REFERENCES `craft_sections` (`id`) ON DELETE CASCADE
) ENGINE=InnoDB DEFAULT CHARSET=utf8 COLLATE=utf8_unicode_ci;

LOCK TABLES `craft_sections_i18n` WRITE;
/*!40000 ALTER TABLE `craft_sections_i18n` DISABLE KEYS */;

INSERT INTO `craft_sections_i18n` (`id`, `sectionId`, `locale`, `enabledByDefault`, `urlFormat`, `nestedUrlFormat`, `dateCreated`, `dateUpdated`, `uid`)
VALUES
	(1,1,'en_us',1,'__home__',NULL,'2014-07-16 22:01:00','2014-07-16 22:01:00','9f76a05a-fcd5-47bb-9d75-ecac81bc453f'),
	(3,1,'es',1,'__home__',NULL,'2014-07-17 14:48:51','2014-07-17 14:48:51','80a674d8-237c-4c3f-8388-6e03842e7739'),
	(4,3,'en_us',1,'news-events/{postDate.year}/{slug}',NULL,'2014-07-21 13:43:23','2014-07-21 13:43:23','c331e07c-fedc-46ee-84bd-99ee6a8388b6'),
	(5,3,'es',1,'noticias-eventos/{postDate.year}/{slug}',NULL,'2014-07-21 13:43:23','2014-08-07 15:01:16','6f180ed6-a537-4c2a-913a-01a1984d1035'),
	(6,4,'en_us',1,'news-events',NULL,'2014-07-23 13:46:44','2014-07-23 13:53:43','a17fab64-449d-4cbf-b289-711adc0dac60'),
	(7,4,'es',1,'noticias-eventos',NULL,'2014-07-23 13:46:44','2014-08-07 15:01:24','0b578a9b-9a29-4b73-ad31-c46a312436ba'),
	(8,5,'en_us',1,'threats',NULL,'2014-07-27 20:47:31','2014-08-07 14:55:13','f29e1621-88b6-4b4d-a072-5971e0a17d5f'),
	(9,5,'es',1,'amenazas',NULL,'2014-07-27 20:47:31','2014-08-07 14:55:13','e4cda3a8-9b00-4e35-879b-ca47fac48626'),
	(10,6,'en_us',1,'threats/{slug}',NULL,'2014-07-27 20:48:22','2014-07-27 20:48:22','047e7302-e9be-4066-b524-4c62947b3a66'),
	(11,6,'es',1,'amenazas/{slug}',NULL,'2014-07-27 20:48:22','2014-08-07 14:53:23','d70a292d-a1ea-4990-af3b-eefb8dd4a7cc'),
	(12,7,'en_us',1,NULL,NULL,'2014-08-05 13:29:04','2014-08-05 13:29:04','56d8b9ae-d2ec-4af2-8090-50a38c6866f2'),
	(13,7,'es',1,NULL,NULL,'2014-08-05 13:29:04','2014-08-05 13:29:04','db036146-906a-4805-8c68-47c4ec38d488'),
	(14,8,'en_us',1,NULL,NULL,'2014-08-05 14:16:12','2014-08-05 14:16:12','9fc60891-fa05-4d72-b4f2-4b97080559f1'),
	(15,8,'es',1,NULL,NULL,'2014-08-05 14:16:12','2014-08-05 14:16:12','a13c47bd-18fd-4e15-9d21-282c58f61b3c'),
	(16,9,'en_us',1,NULL,NULL,'2014-08-05 14:16:29','2014-08-05 14:16:29','35f32147-9cb7-4ce8-a429-82d5782146ed'),
	(17,9,'es',1,NULL,NULL,'2014-08-05 14:16:29','2014-08-05 14:16:29','729137e0-5f72-43c7-9c36-805310cb739f'),
	(18,10,'en_us',1,NULL,NULL,'2014-08-05 14:44:12','2014-08-05 14:44:12','f997e1a0-33ba-4cfb-bd0f-4497b5449a13'),
	(19,10,'es',1,NULL,NULL,'2014-08-05 14:44:12','2014-08-05 14:44:12','fb4e3cc8-0391-47ef-a54a-374042c8ab49'),
	(20,11,'en_us',1,'about',NULL,'2014-08-05 15:22:58','2014-08-05 15:22:58','1d774632-fdea-4e18-a2ca-ec4dd71cfd2a'),
	(21,11,'es',1,'acerca',NULL,'2014-08-05 15:22:58','2014-08-07 15:00:17','ffb197ed-a22f-4ff2-af31-54788a345cbf'),
	(22,12,'en_us',1,'about/{slug}',NULL,'2014-08-05 16:02:08','2014-08-05 16:02:08','f0c8e7b8-d424-4c13-b2e0-c7ead2386477'),
	(23,12,'es',1,'acerca/{slug}',NULL,'2014-08-05 16:02:08','2014-08-07 15:00:08','755e8c73-f74c-43c0-b78a-a356e3dc4e7d'),
	(24,13,'en_us',1,'404',NULL,'2014-08-07 13:57:29','2014-08-07 13:57:29','27fa5227-bf92-4d6e-82f0-08f9fda34989'),
	(25,13,'es',1,'404',NULL,'2014-08-07 13:57:29','2014-08-07 13:57:29','1dfcb285-7f54-45dd-901c-b98378aea232'),
	(26,14,'en_us',1,'why-leatherbacks',NULL,'2014-08-07 14:23:44','2014-08-07 14:23:44','b39a0a0c-2df3-4cd3-9e43-085513c5377d'),
	(27,14,'es',1,'porque-leatherbacks',NULL,'2014-08-07 14:23:44','2014-08-07 14:23:44','2402c9cf-7b02-45f2-beda-bb7c39412bda'),
	(28,15,'en_us',1,'why-leatherbacks/{slug}',NULL,'2014-08-07 14:26:38','2014-08-07 14:26:38','ab97faf7-bcd0-4d5c-8c4f-ce4a6c7348d9'),
	(29,15,'es',1,'porque-leatherbacks/{slug}',NULL,'2014-08-07 14:26:38','2014-08-07 14:26:38','4aeda8fe-cfa7-4ec8-81df-0ff666275e0e'),
	(30,16,'en_us',1,'data/{slug}',NULL,'2014-08-08 19:16:39','2014-08-11 20:14:16','74b28d8f-180b-4792-89ae-25a3027dd5cd'),
	(31,16,'es',1,'datos/{slug}',NULL,'2014-08-08 19:16:39','2014-08-11 20:14:16','a279b0f8-1845-44e5-8003-ac7de266a87a');

/*!40000 ALTER TABLE `craft_sections_i18n` ENABLE KEYS */;
UNLOCK TABLES;


# Dump of table craft_sessions
# ------------------------------------------------------------

DROP TABLE IF EXISTS `craft_sessions`;

CREATE TABLE `craft_sessions` (
  `id` int(11) NOT NULL AUTO_INCREMENT,
  `userId` int(11) NOT NULL,
  `token` char(100) COLLATE utf8_unicode_ci NOT NULL,
  `dateCreated` datetime NOT NULL,
  `dateUpdated` datetime NOT NULL,
  `uid` char(36) COLLATE utf8_unicode_ci NOT NULL DEFAULT '0',
  PRIMARY KEY (`id`),
  KEY `craft_sessions_uid_idx` (`uid`),
  KEY `craft_sessions_token_idx` (`token`),
  KEY `craft_sessions_dateUpdated_idx` (`dateUpdated`),
  KEY `craft_sessions_userId_fk` (`userId`),
  CONSTRAINT `craft_sessions_userId_fk` FOREIGN KEY (`userId`) REFERENCES `craft_users` (`id`) ON DELETE CASCADE
) ENGINE=InnoDB DEFAULT CHARSET=utf8 COLLATE=utf8_unicode_ci;

LOCK TABLES `craft_sessions` WRITE;
/*!40000 ALTER TABLE `craft_sessions` DISABLE KEYS */;

INSERT INTO `craft_sessions` (`id`, `userId`, `token`, `dateCreated`, `dateUpdated`, `uid`)
VALUES
	(1,1,'bb65aed9c359a6b59275e3d07b465e5a85818b14czozNjoiNTAxOGU4ODMtYmY5MS00MDc2LWEyZWUtOWU2MWRhZGY5MjU0Ijs=','2014-07-16 22:01:00','2014-07-16 22:01:00','982fcca7-f811-46d9-9742-66e0745b8335'),
	(3,1,'2fae3aad34bf865fe088bf8d2e6e28bae391c03bczozNjoiOWZiOGY4ZmMtYzNhNi00NzVmLThiYTYtMjNiNWJlMzE5MDY1Ijs=','2014-07-17 14:10:56','2014-07-17 14:28:57','c036cfce-b6a6-4667-94bf-d9d5d6403cd0'),
	(13,41,'9665df1852ca2b1c1f3e0046752e7d8fc0902e88czozNjoiNmZlZjc4MGItZWFhOC00NjJhLWE3NDAtNjA4Y2QxMWEzZmM1Ijs=','2014-07-22 16:33:56','2014-07-22 17:52:02','6005cc1b-2889-4336-a9ee-4a98188b6131'),
	(14,1,'9f4cbeb76b10edc9fda8d15629d9882aea8bdbaeczozNjoiMDBlMGNhZjYtN2Q2Yi00ZmZiLTlhNzAtZDFmNWFkMzVkYjExIjs=','2014-07-22 21:23:37','2014-07-22 21:23:37','e3eac211-fab0-425c-9932-2af6c592e2bf'),
	(15,1,'411a7de992eb97a715dfe226a0f2ddd551beb1e1czozNjoiYTcwMTVlOGYtOWJlMy00MWI5LWEwZDAtMTg0YTIzODUwMmFhIjs=','2014-07-23 10:49:53','2014-07-23 10:49:53','c2c9f5c3-f282-4ae3-bb5c-e1ebc37941b9'),
	(16,1,'d036569524f6769590b2726388791fe18e81c7edczozNjoiYzdiYWE1N2QtYjNlYS00M2I5LTk3YjAtZWQyNTNlNTM3NGJjIjs=','2014-07-23 12:36:25','2014-07-23 12:36:25','acf52690-b201-4263-93ef-3fdd9fc5f931'),
	(17,1,'ded81a7eef0036feda05eb8c860a76fef89d38c5czozNjoiNDcxMGIyN2EtZmE4ZC00ZWU4LWE2YTAtYTkxYTRlN2VmODM5Ijs=','2014-07-23 19:17:41','2014-07-23 19:17:41','46eaef60-744e-49b1-8588-9c4d7e14c280'),
	(18,1,'735dae24c68703270848221292fd8aaeec755474czozNjoiMjY0NDY0M2MtZjllNC00MDI1LWIxNWMtY2FmM2RjNzI2NWU5Ijs=','2014-07-27 19:37:23','2014-07-27 19:37:23','39c1cef5-b12d-4b86-87e7-6b4a61fd40de'),
	(19,1,'18d51cc9e4b386d5ae83b62723b20f34e3a8f0fdczozNjoiOWNjN2Y3ODMtYjY1Ny00OGQyLWE5ZGUtNjNhMzUwNjM4N2NhIjs=','2014-07-28 21:29:54','2014-07-28 21:29:54','220124ef-fddd-43fe-aa7a-d287c28b264a'),
	(21,1,'4b9ce9c3f5d56689c19a2ed36edc8e1ba7897014czozNjoiMDRhOTYzNDEtOWFkYS00Y2NlLTg2NjktNmVlZThkZWZiZDVmIjs=','2014-07-29 15:24:45','2014-07-29 15:24:45','5e27e20b-dd45-4ca6-ae53-530a11135b64'),
	(22,1,'3d9fe1d5afbcfdd7b1c32860dae36818f48b447cczozNjoiYTRhMjNhNTItOTQyYi00YjUwLTgxYjEtNjM0ZDY4MGJhZTQzIjs=','2014-07-29 20:37:39','2014-07-29 20:37:39','8ac134bb-94f5-49aa-acd3-987e90341fa3'),
	(23,1,'a12d636a184d329e54dc92a482fd284a3666c313czozNjoiNTgxZTdjNTktNzU5Zi00YWQzLWFmOTEtMjFjZDFmM2QzODZkIjs=','2014-07-30 13:03:16','2014-07-30 13:03:16','7ec8dea7-bb15-489d-8a26-a71f6bafecae'),
	(26,1,'7c81029fa7da7320a706bba7d121f752c518e957czozNjoiODk4OWFmZWItOTg5Ny00MGUxLTg5MWMtZjhjMjAxYWZmNzViIjs=','2014-08-05 22:56:32','2014-08-05 22:56:32','f72ef28e-dab0-4dae-80c1-f9d9f9848c26'),
	(27,1,'ae389a9693ef519c13e5fe03b1f57c2b6291c2f7czozNjoiMDhmZTk0YzQtMWQyYy00NmM1LWIwOGItODFlNzhmZGU3MGUwIjs=','2014-08-07 13:42:25','2014-08-07 13:42:25','442c91b9-2db4-4604-85c8-7ab3a15348ef'),
	(28,1,'ab4274cdb4dd7cdd327a27507c79f337dccd68c7czozNjoiNjE1ZjVhNmYtMmRhMi00MzUyLTlhZjQtMWFlNmRkN2Q0NTMyIjs=','2014-08-07 18:25:37','2014-08-07 18:25:37','26861ba1-6df8-454d-b445-bff3b184522f'),
	(29,1,'b122e4b5baefef3353a9bd7e25a72876554382dcczozNjoiMjExYzYxNzItZmI5Ni00ODJkLTk1ZmItNDExYmI1OTVmODJmIjs=','2014-08-08 16:17:54','2014-08-08 16:17:54','394b997c-c6ea-4579-ac40-ca4f0f51113b'),
	(30,1,'75f59017137668efd0173838d220368de6da9d56czozNjoiZDE0YTk0ZmMtOGVmNC00OTFlLWE2NWItY2QzOWY2MzE0ZWRlIjs=','2014-08-08 19:13:29','2014-08-08 19:13:29','b77901d3-87a3-45b3-a237-c7684b65bef3'),
	(31,1,'ba025f9dac8aa642a9efebc586f1bf6ae0ebe25bczozNjoiMDFmOTg0NmYtNjQ2OS00NTA5LTg0OGItZmQ1NDdjM2U3ZmQxIjs=','2014-08-11 18:51:13','2014-08-11 20:25:28','edeb0345-2855-44a5-918d-577609c72766'),
	(32,1,'ebdb1699bbbd443a2253d2d82b1d999e43d1b353czozNjoiZjhkMmFiMWYtZmVmYi00MjE3LTg4NWMtODhiMzE0NDlkNzhhIjs=','2014-08-12 13:42:41','2014-08-12 13:42:41','03216546-e78b-4fc9-8618-16a7d17ac25a'),
	(33,1,'79c27ca6ec021b66f583eba3bfba4fdeac13daaaczozNjoiN2ZjZTIwMzctOTQyMS00MjYwLThmOGYtOWY1N2MzNWM4OTk5Ijs=','2014-08-12 15:50:33','2014-08-12 15:50:33','9a74d14a-e67d-4976-be62-356504477997'),
	(34,1,'7468445d40214c49823882c22d8fcf5bd07f91d2czozNjoiODkzM2ExMDUtZWM1YS00ZTljLTkwYTQtYzg3ZTAwZGU1NWVmIjs=','2014-08-12 21:04:12','2014-08-12 21:04:12','4a67e4cb-ba3e-4231-9087-d735f35c7b87'),
	(35,1,'4e52898bbbcb6f33dee50e4ec516bd431564ca7aczozNjoiNjI4YTFlNmMtNzZmNS00MDQ2LWI1MTktYTc3MWY1NGQyM2Y4Ijs=','2014-08-14 20:24:12','2014-08-14 20:24:12','f18afd1f-b7b0-411e-9513-e896bbe6055e'),
	(36,1,'136752b3203bcb3466aeb06ffef178028433c97dczozNjoiYzljNzY0YjctMTg5OS00Mzk1LWJlMTAtNjYzODI5NjVlOGE4Ijs=','2014-08-15 21:54:38','2014-08-15 21:54:38','784ac7d7-caac-49ba-9399-76a12c9cce0e');

/*!40000 ALTER TABLE `craft_sessions` ENABLE KEYS */;
UNLOCK TABLES;


# Dump of table craft_shunnedmessages
# ------------------------------------------------------------

DROP TABLE IF EXISTS `craft_shunnedmessages`;

CREATE TABLE `craft_shunnedmessages` (
  `id` int(11) NOT NULL AUTO_INCREMENT,
  `userId` int(11) NOT NULL,
  `message` varchar(255) COLLATE utf8_unicode_ci NOT NULL,
  `expiryDate` datetime DEFAULT NULL,
  `dateCreated` datetime NOT NULL,
  `dateUpdated` datetime NOT NULL,
  `uid` char(36) COLLATE utf8_unicode_ci NOT NULL DEFAULT '0',
  PRIMARY KEY (`id`),
  UNIQUE KEY `craft_shunnedmessages_userId_message_unq_idx` (`userId`,`message`),
  CONSTRAINT `craft_shunnedmessages_userId_fk` FOREIGN KEY (`userId`) REFERENCES `craft_users` (`id`) ON DELETE CASCADE
) ENGINE=InnoDB DEFAULT CHARSET=utf8 COLLATE=utf8_unicode_ci;



# Dump of table craft_structureelements
# ------------------------------------------------------------

DROP TABLE IF EXISTS `craft_structureelements`;

CREATE TABLE `craft_structureelements` (
  `id` int(11) NOT NULL AUTO_INCREMENT,
  `structureId` int(11) NOT NULL,
  `elementId` int(11) DEFAULT NULL,
  `root` int(11) unsigned DEFAULT NULL,
  `lft` int(11) unsigned NOT NULL,
  `rgt` int(11) unsigned NOT NULL,
  `level` smallint(6) unsigned NOT NULL,
  `dateCreated` datetime NOT NULL,
  `dateUpdated` datetime NOT NULL,
  `uid` char(36) COLLATE utf8_unicode_ci NOT NULL DEFAULT '0',
  PRIMARY KEY (`id`),
  UNIQUE KEY `craft_structureelements_structureId_elementId_unq_idx` (`structureId`,`elementId`),
  KEY `craft_structureelements_root_idx` (`root`),
  KEY `craft_structureelements_lft_idx` (`lft`),
  KEY `craft_structureelements_rgt_idx` (`rgt`),
  KEY `craft_structureelements_level_idx` (`level`),
  KEY `craft_structureelements_elementId_fk` (`elementId`),
  CONSTRAINT `craft_structureelements_elementId_fk` FOREIGN KEY (`elementId`) REFERENCES `craft_elements` (`id`) ON DELETE CASCADE,
  CONSTRAINT `craft_structureelements_structureId_fk` FOREIGN KEY (`structureId`) REFERENCES `craft_structures` (`id`) ON DELETE CASCADE
) ENGINE=InnoDB DEFAULT CHARSET=utf8 COLLATE=utf8_unicode_ci;

LOCK TABLES `craft_structureelements` WRITE;
/*!40000 ALTER TABLE `craft_structureelements` DISABLE KEYS */;

INSERT INTO `craft_structureelements` (`id`, `structureId`, `elementId`, `root`, `lft`, `rgt`, `level`, `dateCreated`, `dateUpdated`, `uid`)
VALUES
	(1,1,NULL,1,1,10,0,'2014-07-22 14:13:50','2014-07-22 14:13:50','a3016b8c-3891-46d5-9105-3b3c0b466f2f'),
	(2,1,36,1,2,3,1,'2014-07-22 14:13:50','2014-07-22 14:13:50','09c2bb85-da35-4909-9750-d7b2d781463a'),
	(3,1,37,1,4,5,1,'2014-07-22 14:14:01','2014-07-22 14:14:01','d1907bbd-290d-44d4-b8fb-9d00bdbd9167'),
	(4,1,38,1,6,7,1,'2014-07-22 14:14:06','2014-07-22 14:14:06','59b8b5d2-b7c3-4f03-8924-9e91067f33c8'),
	(5,2,NULL,5,1,12,0,'2014-07-27 21:02:06','2014-07-27 21:02:06','13ccaec3-4418-41a3-b213-4d607e69c2f6'),
	(6,2,71,5,2,3,1,'2014-07-27 21:02:06','2014-07-27 21:02:06','a4a90a3f-6305-4a6f-aa53-fe1830784885'),
	(7,2,82,5,4,5,1,'2014-07-29 14:56:24','2014-07-29 14:56:24','d376cc3f-8991-47ac-a527-c34ec1f668f1'),
	(8,2,96,5,6,7,1,'2014-07-31 15:58:27','2014-07-31 15:58:27','11077e62-6c9b-4c19-b81b-53042a95babb'),
	(9,2,99,5,8,9,1,'2014-07-31 16:09:33','2014-07-31 16:09:33','bf867e11-4a94-45ed-88ef-13b927797b45'),
	(10,2,102,5,10,11,1,'2014-07-31 16:12:30','2014-07-31 16:12:30','6e5f570d-4fc3-49ed-852c-f166f471b527'),
	(11,4,NULL,11,1,8,0,'2014-08-05 13:36:44','2014-08-05 13:36:44','70b1f557-b855-40ec-b049-7963f7f9a266'),
	(12,4,105,11,2,3,1,'2014-08-05 13:36:44','2014-08-05 13:36:44','1036acf8-738c-481f-8e90-742b81765daa'),
	(13,4,106,11,4,5,1,'2014-08-05 13:36:46','2014-08-05 13:36:46','eeb2d70f-7fbf-4488-a70f-9014f9d27327'),
	(14,4,107,11,6,7,1,'2014-08-05 13:36:48','2014-08-05 13:36:48','9dc239ce-e957-4ed6-b44e-afec48163548'),
	(15,3,NULL,15,1,8,0,'2014-08-05 13:37:04','2014-08-05 13:37:04','b7528d0e-edec-4ef8-832a-7afc22f4679d'),
	(16,3,108,15,2,3,1,'2014-08-05 13:37:04','2014-08-05 13:37:04','df0d5266-f5d8-46ea-a864-340b09ed760d'),
	(17,3,109,15,4,5,1,'2014-08-05 13:37:06','2014-08-05 13:37:06','931a5cac-dcf6-4a0c-ab87-5610cda8ffcf'),
	(18,3,110,15,6,7,1,'2014-08-05 13:37:07','2014-08-05 13:37:07','0b49f977-c579-4352-a97a-33fffc7f0af2'),
	(19,1,111,1,8,9,1,'2014-08-05 13:37:58','2014-08-05 13:37:58','d91884b9-a2a9-47e3-8d32-5cadd64f954c'),
	(20,7,NULL,20,1,10,0,'2014-08-05 17:26:53','2014-08-05 17:26:53','f0ef46a5-6734-4356-af70-0873463998cd'),
	(21,7,133,20,2,3,1,'2014-08-05 17:26:53','2014-08-05 17:26:53','92e03625-901b-4fe7-8bb8-a96fbd334b01'),
	(22,7,134,20,6,7,1,'2014-08-05 17:29:51','2014-08-05 17:29:51','d358a36c-fb03-4e38-9d5a-ade9c53ec5a2'),
	(23,7,135,20,4,5,1,'2014-08-05 17:35:15','2014-08-05 17:35:15','0b583648-d2b5-45d1-849a-6b68fa0501b0'),
	(24,7,136,20,8,9,1,'2014-08-05 19:08:37','2014-08-05 19:08:37','f0b5940b-e40e-4b21-b196-30f485dffaf1'),
	(25,8,NULL,25,1,6,0,'2014-08-07 15:43:59','2014-08-07 15:43:59','5f8688a0-7a8e-41c7-a017-3cebef607221'),
	(26,8,143,25,4,5,1,'2014-08-07 15:43:59','2014-08-07 15:43:59','8b2c7445-a41a-4032-b98d-331973346a31'),
	(27,8,149,25,2,3,1,'2014-08-07 16:14:48','2014-08-07 16:14:48','1e35a319-c932-4232-b768-00aab1337135'),
	(28,9,NULL,28,1,4,0,'2014-08-08 19:18:17','2014-08-08 19:18:17','862ce006-e580-4ddf-9038-98d510e07a49'),
	(29,9,160,28,2,3,1,'2014-08-08 19:18:17','2014-08-08 19:18:17','612eb1c2-f347-469b-ae74-58ac67347faa');

/*!40000 ALTER TABLE `craft_structureelements` ENABLE KEYS */;
UNLOCK TABLES;


# Dump of table craft_structures
# ------------------------------------------------------------

DROP TABLE IF EXISTS `craft_structures`;

CREATE TABLE `craft_structures` (
  `id` int(11) NOT NULL AUTO_INCREMENT,
  `maxLevels` smallint(6) unsigned DEFAULT NULL,
  `movePermission` varchar(255) COLLATE utf8_unicode_ci DEFAULT NULL,
  `dateCreated` datetime NOT NULL,
  `dateUpdated` datetime NOT NULL,
  `uid` char(36) COLLATE utf8_unicode_ci NOT NULL DEFAULT '0',
  PRIMARY KEY (`id`)
) ENGINE=InnoDB DEFAULT CHARSET=utf8 COLLATE=utf8_unicode_ci;

LOCK TABLES `craft_structures` WRITE;
/*!40000 ALTER TABLE `craft_structures` DISABLE KEYS */;

INSERT INTO `craft_structures` (`id`, `maxLevels`, `movePermission`, `dateCreated`, `dateUpdated`, `uid`)
VALUES
	(1,1,NULL,'2014-07-22 14:13:21','2014-08-05 13:18:17','d5c469d7-fa5e-4819-8a93-401fb962e512'),
	(2,1,NULL,'2014-07-27 20:48:22','2014-08-07 14:53:23','44f7fc71-89b9-4134-bdb0-55d80299d28f'),
	(3,1,NULL,'2014-08-05 13:17:29','2014-08-05 13:17:29','104180dd-bf61-491c-8cfa-9d6a4a615262'),
	(4,1,NULL,'2014-08-05 13:17:59','2014-08-05 13:17:59','fcc9cde7-0b80-4e5a-aca9-377cc9f8d12a'),
	(7,1,NULL,'2014-08-05 16:02:08','2014-08-07 15:00:08','28359c93-8c52-4398-ab4a-31d9d7b778d8'),
	(8,1,NULL,'2014-08-07 14:26:38','2014-08-07 14:26:38','3056307f-960c-46f3-849c-9cb317aad724'),
	(9,1,NULL,'2014-08-08 19:18:17','2014-08-11 20:14:16','b7e25e96-d204-4112-b400-0dd6e7ebb6b5');

/*!40000 ALTER TABLE `craft_structures` ENABLE KEYS */;
UNLOCK TABLES;


# Dump of table craft_systemsettings
# ------------------------------------------------------------

DROP TABLE IF EXISTS `craft_systemsettings`;

CREATE TABLE `craft_systemsettings` (
  `id` int(11) NOT NULL AUTO_INCREMENT,
  `category` varchar(15) COLLATE utf8_unicode_ci NOT NULL,
  `settings` text COLLATE utf8_unicode_ci,
  `dateCreated` datetime NOT NULL,
  `dateUpdated` datetime NOT NULL,
  `uid` char(36) COLLATE utf8_unicode_ci NOT NULL DEFAULT '0',
  PRIMARY KEY (`id`),
  UNIQUE KEY `craft_systemsettings_category_unq_idx` (`category`)
) ENGINE=InnoDB DEFAULT CHARSET=utf8 COLLATE=utf8_unicode_ci;

LOCK TABLES `craft_systemsettings` WRITE;
/*!40000 ALTER TABLE `craft_systemsettings` DISABLE KEYS */;

INSERT INTO `craft_systemsettings` (`id`, `category`, `settings`, `dateCreated`, `dateUpdated`, `uid`)
VALUES
	(1,'email','{\"protocol\":\"php\",\"emailAddress\":\"adam@startingnow.co\",\"senderName\":\"The Leatherback Trust\"}','2014-07-16 22:01:00','2014-07-16 22:01:00','70544593-d2bc-4465-bb09-d43af330a1c7');

/*!40000 ALTER TABLE `craft_systemsettings` ENABLE KEYS */;
UNLOCK TABLES;


# Dump of table craft_taggroups
# ------------------------------------------------------------

DROP TABLE IF EXISTS `craft_taggroups`;

CREATE TABLE `craft_taggroups` (
  `id` int(11) NOT NULL AUTO_INCREMENT,
  `name` varchar(255) COLLATE utf8_unicode_ci NOT NULL,
  `handle` varchar(255) COLLATE utf8_unicode_ci NOT NULL,
  `fieldLayoutId` int(10) DEFAULT NULL,
  `dateCreated` datetime NOT NULL,
  `dateUpdated` datetime NOT NULL,
  `uid` char(36) COLLATE utf8_unicode_ci NOT NULL DEFAULT '0',
  PRIMARY KEY (`id`),
  UNIQUE KEY `craft_taggroups_name_unq_idx` (`name`),
  UNIQUE KEY `craft_taggroups_handle_unq_idx` (`handle`),
  KEY `craft_taggroups_fieldLayoutId_fk` (`fieldLayoutId`),
  CONSTRAINT `craft_taggroups_fieldLayoutId_fk` FOREIGN KEY (`fieldLayoutId`) REFERENCES `craft_fieldlayouts` (`id`) ON DELETE SET NULL
) ENGINE=InnoDB DEFAULT CHARSET=utf8 COLLATE=utf8_unicode_ci;

LOCK TABLES `craft_taggroups` WRITE;
/*!40000 ALTER TABLE `craft_taggroups` DISABLE KEYS */;

INSERT INTO `craft_taggroups` (`id`, `name`, `handle`, `fieldLayoutId`, `dateCreated`, `dateUpdated`, `uid`)
VALUES
	(2,'News tags','newsTags',82,'2014-07-23 19:33:13','2014-07-27 19:45:04','983263ba-be6f-40f9-aa61-a18e30851121');

/*!40000 ALTER TABLE `craft_taggroups` ENABLE KEYS */;
UNLOCK TABLES;


# Dump of table craft_tags
# ------------------------------------------------------------

DROP TABLE IF EXISTS `craft_tags`;

CREATE TABLE `craft_tags` (
  `id` int(11) NOT NULL,
  `groupId` int(11) NOT NULL,
  `name` varchar(255) COLLATE utf8_unicode_ci NOT NULL,
  `dateCreated` datetime NOT NULL,
  `dateUpdated` datetime NOT NULL,
  `uid` char(36) COLLATE utf8_unicode_ci NOT NULL DEFAULT '0',
  PRIMARY KEY (`id`),
  UNIQUE KEY `craft_tags_name_groupId_unq_idx` (`name`,`groupId`),
  KEY `craft_tags_groupId_fk` (`groupId`),
  CONSTRAINT `craft_tags_groupId_fk` FOREIGN KEY (`groupId`) REFERENCES `craft_taggroups` (`id`) ON DELETE CASCADE,
  CONSTRAINT `craft_tags_id_fk` FOREIGN KEY (`id`) REFERENCES `craft_elements` (`id`) ON DELETE CASCADE
) ENGINE=InnoDB DEFAULT CHARSET=utf8 COLLATE=utf8_unicode_ci;

LOCK TABLES `craft_tags` WRITE;
/*!40000 ALTER TABLE `craft_tags` DISABLE KEYS */;

INSERT INTO `craft_tags` (`id`, `groupId`, `name`, `dateCreated`, `dateUpdated`, `uid`)
VALUES
	(62,2,'Turtles','2014-07-27 19:48:57','2014-07-27 19:48:57','8291efef-b821-47ce-b3fa-47f36778012c'),
	(63,2,'Tortugas','2014-07-27 19:49:28','2014-07-27 19:49:28','24fa7a97-16fd-4dad-982d-0e81f02fff2a'),
	(64,2,'Cosas','2014-07-27 20:07:17','2014-07-27 20:07:17','6f9f68d3-551f-4e77-a807-7677d886c551'),
	(65,2,'New','2014-07-27 20:16:55','2014-07-27 20:16:55','c0ee2cfa-6b90-4982-8d3d-7df4dfcf0d37'),
	(74,2,'Aroundness','2014-07-28 21:39:31','2014-07-28 21:39:31','d8e17731-2198-4e9d-9560-127c4a7c89f8'),
	(75,2,'Newest','2014-07-28 21:42:19','2014-07-28 21:42:19','415a8538-6f7e-4522-b0f0-6c9090d2f2e6'),
	(76,2,'Leatherbacks','2014-07-29 14:41:45','2014-07-29 14:41:45','164e6fd8-205f-4eb9-a308-956de6bb2801'),
	(77,2,'Trinidad','2014-07-29 14:41:50','2014-07-29 14:41:50','52001f8c-b1bf-4b9c-b24a-7b505255d133'),
	(78,2,'Progress','2014-07-29 14:42:12','2014-07-29 14:42:12','64e46f0e-edf1-42eb-8c55-5fed5f36e628'),
	(79,2,'George Shillinger','2014-07-29 14:42:40','2014-07-29 14:42:40','d954e951-8e51-4f2a-8398-ca2601fc02fa'),
	(87,2,'Mesas','2014-07-29 20:54:20','2014-07-29 20:54:20','de12bbc0-6fda-43e8-afac-1f3e35d93efa');

/*!40000 ALTER TABLE `craft_tags` ENABLE KEYS */;
UNLOCK TABLES;


# Dump of table craft_tasks
# ------------------------------------------------------------

DROP TABLE IF EXISTS `craft_tasks`;

CREATE TABLE `craft_tasks` (
  `id` int(11) NOT NULL AUTO_INCREMENT,
  `root` int(11) unsigned DEFAULT NULL,
  `lft` int(11) unsigned NOT NULL,
  `rgt` int(11) unsigned NOT NULL,
  `level` smallint(6) unsigned NOT NULL,
  `currentStep` int(11) unsigned DEFAULT NULL,
  `totalSteps` int(11) unsigned DEFAULT NULL,
  `status` enum('pending','error','running') COLLATE utf8_unicode_ci DEFAULT NULL,
  `type` varchar(150) COLLATE utf8_unicode_ci NOT NULL,
  `description` varchar(255) COLLATE utf8_unicode_ci DEFAULT NULL,
  `settings` text COLLATE utf8_unicode_ci,
  `dateCreated` datetime NOT NULL,
  `dateUpdated` datetime NOT NULL,
  `uid` char(36) COLLATE utf8_unicode_ci NOT NULL DEFAULT '0',
  PRIMARY KEY (`id`),
  KEY `craft_tasks_root_idx` (`root`),
  KEY `craft_tasks_lft_idx` (`lft`),
  KEY `craft_tasks_rgt_idx` (`rgt`),
  KEY `craft_tasks_level_idx` (`level`)
) ENGINE=InnoDB DEFAULT CHARSET=utf8 COLLATE=utf8_unicode_ci;



# Dump of table craft_templatecachecriteria
# ------------------------------------------------------------

DROP TABLE IF EXISTS `craft_templatecachecriteria`;

CREATE TABLE `craft_templatecachecriteria` (
  `id` int(11) NOT NULL AUTO_INCREMENT,
  `cacheId` int(11) NOT NULL,
  `type` varchar(150) COLLATE utf8_unicode_ci NOT NULL,
  `criteria` text COLLATE utf8_unicode_ci NOT NULL,
  PRIMARY KEY (`id`),
  KEY `craft_templatecachecriteria_cacheId_fk` (`cacheId`),
  KEY `craft_templatecachecriteria_type_idx` (`type`),
  CONSTRAINT `craft_templatecachecriteria_cacheId_fk` FOREIGN KEY (`cacheId`) REFERENCES `craft_templatecaches` (`id`) ON DELETE CASCADE
) ENGINE=InnoDB DEFAULT CHARSET=utf8 COLLATE=utf8_unicode_ci;



# Dump of table craft_templatecacheelements
# ------------------------------------------------------------

DROP TABLE IF EXISTS `craft_templatecacheelements`;

CREATE TABLE `craft_templatecacheelements` (
  `cacheId` int(11) NOT NULL,
  `elementId` int(11) NOT NULL,
  KEY `craft_templatecacheelements_cacheId_fk` (`cacheId`),
  KEY `craft_templatecacheelements_elementId_fk` (`elementId`),
  CONSTRAINT `craft_templatecacheelements_cacheId_fk` FOREIGN KEY (`cacheId`) REFERENCES `craft_templatecaches` (`id`) ON DELETE CASCADE,
  CONSTRAINT `craft_templatecacheelements_elementId_fk` FOREIGN KEY (`elementId`) REFERENCES `craft_elements` (`id`) ON DELETE CASCADE
) ENGINE=InnoDB DEFAULT CHARSET=utf8 COLLATE=utf8_unicode_ci;



# Dump of table craft_templatecaches
# ------------------------------------------------------------

DROP TABLE IF EXISTS `craft_templatecaches`;

CREATE TABLE `craft_templatecaches` (
  `id` int(11) NOT NULL AUTO_INCREMENT,
  `cacheKey` varchar(36) COLLATE utf8_unicode_ci NOT NULL,
  `locale` char(12) COLLATE utf8_unicode_ci NOT NULL,
  `path` varchar(255) COLLATE utf8_unicode_ci DEFAULT NULL,
  `expiryDate` datetime NOT NULL,
  `body` mediumtext COLLATE utf8_unicode_ci NOT NULL,
  PRIMARY KEY (`id`),
  KEY `craft_templatecaches_expiryDate_cacheKey_locale_path_idx` (`expiryDate`,`cacheKey`,`locale`,`path`),
  KEY `craft_templatecaches_locale_fk` (`locale`),
  CONSTRAINT `craft_templatecaches_locale_fk` FOREIGN KEY (`locale`) REFERENCES `craft_locales` (`locale`) ON DELETE CASCADE ON UPDATE CASCADE
) ENGINE=InnoDB DEFAULT CHARSET=utf8 COLLATE=utf8_unicode_ci;



# Dump of table craft_tokens
# ------------------------------------------------------------

DROP TABLE IF EXISTS `craft_tokens`;

CREATE TABLE `craft_tokens` (
  `id` int(11) NOT NULL AUTO_INCREMENT,
  `token` char(32) COLLATE utf8_unicode_ci NOT NULL,
  `route` text COLLATE utf8_unicode_ci,
  `usageLimit` tinyint(3) unsigned DEFAULT NULL,
  `usageCount` tinyint(3) unsigned DEFAULT NULL,
  `expiryDate` datetime NOT NULL,
  `dateCreated` datetime NOT NULL,
  `dateUpdated` datetime NOT NULL,
  `uid` char(36) COLLATE utf8_unicode_ci NOT NULL DEFAULT '0',
  PRIMARY KEY (`id`),
  UNIQUE KEY `craft_tokens_token_unq_idx` (`token`),
  KEY `craft_tokens_expiryDate_idx` (`expiryDate`)
) ENGINE=InnoDB DEFAULT CHARSET=utf8 COLLATE=utf8_unicode_ci;

LOCK TABLES `craft_tokens` WRITE;
/*!40000 ALTER TABLE `craft_tokens` DISABLE KEYS */;

INSERT INTO `craft_tokens` (`id`, `token`, `route`, `usageLimit`, `usageCount`, `expiryDate`, `dateCreated`, `dateUpdated`, `uid`)
VALUES
	(1,'rxifSRCHMbvOpZ5SW~WbxJs7mQz6I4qH','{\"action\":\"entries\\/viewSharedEntry\",\"params\":{\"draftId\":\"1\"}}',NULL,NULL,'2014-07-23 16:46:55','2014-07-22 16:46:55','2014-07-22 16:46:55','501eac85-b8f2-4e53-8463-e63833a560bc');

/*!40000 ALTER TABLE `craft_tokens` ENABLE KEYS */;
UNLOCK TABLES;


# Dump of table craft_usergroups
# ------------------------------------------------------------

DROP TABLE IF EXISTS `craft_usergroups`;

CREATE TABLE `craft_usergroups` (
  `id` int(11) NOT NULL AUTO_INCREMENT,
  `name` varchar(255) COLLATE utf8_unicode_ci NOT NULL,
  `handle` varchar(255) COLLATE utf8_unicode_ci NOT NULL,
  `dateCreated` datetime NOT NULL,
  `dateUpdated` datetime NOT NULL,
  `uid` char(36) COLLATE utf8_unicode_ci NOT NULL DEFAULT '0',
  PRIMARY KEY (`id`)
) ENGINE=InnoDB DEFAULT CHARSET=utf8 COLLATE=utf8_unicode_ci;

LOCK TABLES `craft_usergroups` WRITE;
/*!40000 ALTER TABLE `craft_usergroups` DISABLE KEYS */;

INSERT INTO `craft_usergroups` (`id`, `name`, `handle`, `dateCreated`, `dateUpdated`, `uid`)
VALUES
	(1,'News & events author','newsEventsAuthor','2014-07-22 13:55:10','2014-08-05 23:00:41','309622ec-017e-433f-8080-2b75d0065ba0'),
	(2,'Editor','editor','2014-07-22 13:56:29','2014-08-05 22:59:10','97c36181-d4cf-444e-8f3f-d3077d8edc64'),
	(3,'News & events editor','newsEventsEditor','2014-08-05 23:00:19','2014-08-05 23:00:19','84beca95-fa06-4bb5-b8fb-7ec9c31bd007'),
	(4,'Graphic data editor','graphicDataEditor','2014-08-12 16:56:41','2014-08-12 16:56:41','2821b293-9827-44c1-b846-b98768f33a87');

/*!40000 ALTER TABLE `craft_usergroups` ENABLE KEYS */;
UNLOCK TABLES;


# Dump of table craft_usergroups_users
# ------------------------------------------------------------

DROP TABLE IF EXISTS `craft_usergroups_users`;

CREATE TABLE `craft_usergroups_users` (
  `id` int(11) NOT NULL AUTO_INCREMENT,
  `groupId` int(11) NOT NULL,
  `userId` int(11) NOT NULL,
  `dateCreated` datetime NOT NULL,
  `dateUpdated` datetime NOT NULL,
  `uid` char(36) COLLATE utf8_unicode_ci NOT NULL DEFAULT '0',
  PRIMARY KEY (`id`),
  UNIQUE KEY `craft_usergroups_users_groupId_userId_unq_idx` (`groupId`,`userId`),
  KEY `craft_usergroups_users_userId_fk` (`userId`),
  CONSTRAINT `craft_usergroups_users_groupId_fk` FOREIGN KEY (`groupId`) REFERENCES `craft_usergroups` (`id`) ON DELETE CASCADE,
  CONSTRAINT `craft_usergroups_users_userId_fk` FOREIGN KEY (`userId`) REFERENCES `craft_users` (`id`) ON DELETE CASCADE
) ENGINE=InnoDB DEFAULT CHARSET=utf8 COLLATE=utf8_unicode_ci;

LOCK TABLES `craft_usergroups_users` WRITE;
/*!40000 ALTER TABLE `craft_usergroups_users` DISABLE KEYS */;

INSERT INTO `craft_usergroups_users` (`id`, `groupId`, `userId`, `dateCreated`, `dateUpdated`, `uid`)
VALUES
	(3,2,41,'2014-07-22 14:35:44','2014-07-22 14:35:44','4c735b32-56ce-48d7-b959-8007a82ec3ef');

/*!40000 ALTER TABLE `craft_usergroups_users` ENABLE KEYS */;
UNLOCK TABLES;


# Dump of table craft_userpermissions
# ------------------------------------------------------------

DROP TABLE IF EXISTS `craft_userpermissions`;

CREATE TABLE `craft_userpermissions` (
  `id` int(11) NOT NULL AUTO_INCREMENT,
  `name` varchar(255) COLLATE utf8_unicode_ci NOT NULL,
  `dateCreated` datetime NOT NULL,
  `dateUpdated` datetime NOT NULL,
  `uid` char(36) COLLATE utf8_unicode_ci NOT NULL DEFAULT '0',
  PRIMARY KEY (`id`),
  UNIQUE KEY `craft_userpermissions_name_unq_idx` (`name`)
) ENGINE=InnoDB DEFAULT CHARSET=utf8 COLLATE=utf8_unicode_ci;

LOCK TABLES `craft_userpermissions` WRITE;
/*!40000 ALTER TABLE `craft_userpermissions` DISABLE KEYS */;

INSERT INTO `craft_userpermissions` (`id`, `name`, `dateCreated`, `dateUpdated`, `uid`)
VALUES
	(1,'accesscp','2014-07-22 13:55:10','2014-07-22 13:55:10','0fe88a09-2990-4068-ae0e-97f71647a2e1'),
	(2,'editlocale:en_us','2014-07-22 13:55:10','2014-07-22 13:55:10','07a4b23d-1939-474d-b5d3-ec10d64ddbab'),
	(3,'editlocale:es','2014-07-22 13:55:10','2014-07-22 13:55:10','a17d3500-7418-4c4d-83ec-64cc6d018074'),
	(4,'editentries:3','2014-07-22 13:55:10','2014-07-22 13:55:10','9f829181-3261-4498-b389-48cb44ad7fb1'),
	(5,'createentries:3','2014-07-22 13:55:10','2014-07-22 13:55:10','ad12b2c8-b77a-4a10-8eec-cd53d76eba09'),
	(6,'publishentries:3','2014-07-22 13:55:10','2014-07-22 13:55:10','ea498658-960f-4e8e-b2e2-a639fd45d300'),
	(7,'deleteentries:3','2014-07-22 13:55:10','2014-07-22 13:55:10','06b936a1-dcaf-40a6-9979-e39a85eac67f'),
	(8,'viewassetsource:1','2014-07-22 13:55:10','2014-07-22 13:55:10','f07dac32-a4dc-4299-af38-f0495c7c3036'),
	(9,'uploadtoassetsource:1','2014-07-22 13:55:10','2014-07-22 13:55:10','9bbf57a3-0d71-4f2e-acf9-d09e88d9b15c'),
	(10,'createsubfoldersinassetsource:1','2014-07-22 13:55:10','2014-07-22 13:55:10','a0eab440-ba58-4862-a4e0-531f41f0fdd5'),
	(11,'editusers','2014-07-22 13:56:29','2014-07-22 13:56:29','80430679-2be7-452b-b711-1db514fdda4c'),
	(12,'registerusers','2014-07-22 13:56:29','2014-07-22 13:56:29','90e1953f-0f47-4d73-ba38-346766a5aa1f'),
	(13,'assignuserpermissions','2014-07-22 13:56:29','2014-07-22 13:56:29','dba6ae74-8c47-4237-89bc-e4b380e242ea'),
	(14,'administrateusers','2014-07-22 13:56:29','2014-07-22 13:56:29','33fface7-cf48-4298-9faa-bdc111a87a4b'),
	(15,'deleteusers','2014-07-22 13:56:29','2014-07-22 13:56:29','a6f5450d-c285-43ea-b9c7-4281fe3fe2de'),
	(16,'editentries:1','2014-07-22 13:56:29','2014-07-22 13:56:29','39880366-1272-4356-add2-b759b27b5f30'),
	(17,'publishentries:1','2014-07-22 13:56:29','2014-07-22 13:56:29','9688af29-60d5-49d2-993a-bbeec1bcb2c3'),
	(18,'editpeerentrydrafts:1','2014-07-22 13:56:29','2014-07-22 13:56:29','d287d99a-55da-48cc-926c-a3224e1c84fb'),
	(19,'publishpeerentrydrafts:1','2014-07-22 13:56:29','2014-07-22 13:56:29','1d5630b6-48ae-4696-9c62-61d4c95133c0'),
	(20,'deletepeerentrydrafts:1','2014-07-22 13:56:29','2014-07-22 13:56:29','4910fd9e-f3d1-4868-be67-57d7135b9752'),
	(21,'editentries:2','2014-07-22 13:56:29','2014-07-22 13:56:29','5116f0fb-c426-4870-99b2-ea671bfe3ce8'),
	(22,'createentries:2','2014-07-22 13:56:29','2014-07-22 13:56:29','5f35c367-35f9-41cd-ab22-01b915ea9b14'),
	(23,'publishentries:2','2014-07-22 13:56:29','2014-07-22 13:56:29','d7e70ca3-cb77-419e-a8ba-8d721dc71eef'),
	(24,'deleteentries:2','2014-07-22 13:56:29','2014-07-22 13:56:29','bb2f4a10-b29f-4098-9a55-bf8dfcac63c9'),
	(25,'editpeerentries:2','2014-07-22 13:56:29','2014-07-22 13:56:29','7115437f-4193-445d-9471-98506ea62645'),
	(26,'publishpeerentries:2','2014-07-22 13:56:29','2014-07-22 13:56:29','a2f85143-729d-43e0-91f5-2ce812c3bd74'),
	(27,'deletepeerentries:2','2014-07-22 13:56:29','2014-07-22 13:56:29','4c1c7c13-7e2b-4d85-81bd-6f214bf25800'),
	(28,'editpeerentrydrafts:2','2014-07-22 13:56:29','2014-07-22 13:56:29','3c3dd0b7-dba4-448a-b9e4-000d829c66e0'),
	(29,'publishpeerentrydrafts:2','2014-07-22 13:56:29','2014-07-22 13:56:29','3fc26950-6226-4118-827a-4c9c35578ffc'),
	(30,'deletepeerentrydrafts:2','2014-07-22 13:56:29','2014-07-22 13:56:29','2b287d78-bdfd-4dbc-97d6-e64b684c52e0'),
	(31,'editpeerentries:3','2014-07-22 13:56:29','2014-07-22 13:56:29','eadf2ad7-50ad-480a-9bb5-987145a40d8e'),
	(32,'publishpeerentries:3','2014-07-22 13:56:29','2014-07-22 13:56:29','7367b9ee-235d-432a-a6d9-04246f029587'),
	(33,'deletepeerentries:3','2014-07-22 13:56:29','2014-07-22 13:56:29','13d08e9a-5966-4bd9-89e4-f47dc1cf3182'),
	(34,'editpeerentrydrafts:3','2014-07-22 13:56:29','2014-07-22 13:56:29','c3b43ec2-f58f-4894-a942-4de87f2058af'),
	(35,'publishpeerentrydrafts:3','2014-07-22 13:56:29','2014-07-22 13:56:29','d57e6573-d7d7-4495-9809-5929ab15b669'),
	(36,'deletepeerentrydrafts:3','2014-07-22 13:56:29','2014-07-22 13:56:29','785b7d34-565f-4a9a-8490-fef7b44d80bb'),
	(37,'editglobalset:6','2014-07-22 13:56:29','2014-07-22 13:56:29','ec4ff6c1-f9ea-4845-bcef-1d4fb3e9706f'),
	(38,'editglobalset:7','2014-07-22 13:56:29','2014-07-22 13:56:29','63a9dae9-98cb-458b-980a-50f6eed5014e'),
	(39,'editglobalset:5','2014-07-22 13:56:29','2014-07-22 13:56:29','0a82375a-5f34-43b7-a98d-e688acd4e796'),
	(40,'removefromassetsource:1','2014-07-22 13:56:29','2014-07-22 13:56:29','65837474-cc61-45ec-9119-c63a6d22a3c2'),
	(41,'editentries:4','2014-07-29 15:07:51','2014-07-29 15:07:51','435bd280-17cf-4cf9-88f7-7f612e07e054'),
	(42,'publishentries:4','2014-07-29 15:07:51','2014-07-29 15:07:51','0b7c3d6c-1eab-4264-8dcc-1a5278336704'),
	(43,'editpeerentrydrafts:4','2014-07-29 15:07:51','2014-07-29 15:07:51','27de92da-6da6-4cd8-a742-618909571b31'),
	(44,'publishpeerentrydrafts:4','2014-07-29 15:07:51','2014-07-29 15:07:51','95f75155-dea1-4aed-9186-3199dd27a2b2'),
	(45,'deletepeerentrydrafts:4','2014-07-29 15:07:51','2014-07-29 15:07:51','62bac95d-b0d1-4836-9d64-79639a4df670'),
	(46,'editentries:6','2014-07-29 15:07:51','2014-07-29 15:07:51','bc71c228-5d62-4650-b462-d9f568f29731'),
	(47,'createentries:6','2014-07-29 15:07:51','2014-07-29 15:07:51','3bf6e4ac-1925-485e-bd0a-20d42c9f7f78'),
	(48,'publishentries:6','2014-07-29 15:07:51','2014-07-29 15:07:51','e59a15c7-6e63-4aea-818c-974a715e7749'),
	(49,'deleteentries:6','2014-07-29 15:07:51','2014-07-29 15:07:51','f643dd44-d14a-4ffa-8e46-fcc78aa8edac'),
	(50,'editpeerentries:6','2014-07-29 15:07:51','2014-07-29 15:07:51','b435faef-bd49-4ee8-9eb8-08c23d385b47'),
	(51,'publishpeerentries:6','2014-07-29 15:07:51','2014-07-29 15:07:51','da21c535-0b7b-4672-ac50-263bd08926c8'),
	(52,'deletepeerentries:6','2014-07-29 15:07:51','2014-07-29 15:07:51','3783423f-eb97-4dc2-968d-ebcf2e92cb5f'),
	(53,'editpeerentrydrafts:6','2014-07-29 15:07:51','2014-07-29 15:07:51','208932ee-ffb2-4173-b906-0ab0b97daac5'),
	(54,'publishpeerentrydrafts:6','2014-07-29 15:07:51','2014-07-29 15:07:51','24f2f546-2583-4fa4-8648-7cf87c5b9f3e'),
	(55,'deletepeerentrydrafts:6','2014-07-29 15:07:51','2014-07-29 15:07:51','ef7daf9f-93eb-4ab3-b852-a69fce49bccd'),
	(56,'editentries:5','2014-07-29 15:07:51','2014-07-29 15:07:51','61de1992-18aa-411e-9b91-50cc7eb288c5'),
	(57,'publishentries:5','2014-07-29 15:07:51','2014-07-29 15:07:51','c8828503-33e1-4d64-8c64-9c1c97c49ac2'),
	(58,'editpeerentrydrafts:5','2014-07-29 15:07:51','2014-07-29 15:07:51','e2320371-9eb9-44e6-ac41-3bb35f6d439c'),
	(59,'publishpeerentrydrafts:5','2014-07-29 15:07:51','2014-07-29 15:07:51','0ccc13d6-3aa2-40fd-8116-04ba2acf02b8'),
	(60,'deletepeerentrydrafts:5','2014-07-29 15:07:51','2014-07-29 15:07:51','885ac356-4eb9-414e-b034-f0d9dbbccdef'),
	(61,'editcategories:1','2014-07-29 15:07:51','2014-07-29 15:07:51','77925a18-78f2-4a05-9bef-bfec10a10df6'),
	(62,'viewassetsource:2','2014-07-29 15:07:51','2014-07-29 15:07:51','dedf5e3b-ed87-4d5e-8adc-2affa8dfa5d1'),
	(63,'uploadtoassetsource:2','2014-07-29 15:07:51','2014-07-29 15:07:51','5821b234-82d3-4791-91e7-1a2c9e2fa737'),
	(64,'createsubfoldersinassetsource:2','2014-07-29 15:07:51','2014-07-29 15:07:51','e1bb5e43-d244-4561-81fb-2bad97b4d275'),
	(65,'removefromassetsource:2','2014-07-29 15:07:51','2014-07-29 15:07:51','c225f687-44e3-4644-ade2-4fe906edb64c'),
	(66,'viewassetsource:3','2014-07-29 15:07:51','2014-07-29 15:07:51','5f4c0985-3143-49bf-80ac-c9d004f251c8'),
	(67,'uploadtoassetsource:3','2014-07-29 15:07:51','2014-07-29 15:07:51','40124428-90c8-4e17-9ec8-65fcdb6dbd84'),
	(68,'createsubfoldersinassetsource:3','2014-07-29 15:07:51','2014-07-29 15:07:51','d6f9addf-cd95-4f0b-8148-1e75031fd38c'),
	(69,'removefromassetsource:3','2014-07-29 15:07:51','2014-07-29 15:07:51','012c466d-e6be-4c8f-85e1-e5d393a6f5f4'),
	(70,'editcategories:3','2014-08-05 22:59:10','2014-08-05 22:59:10','2864e2f9-51ea-47dc-bd02-d881e374b6fb'),
	(71,'editcategories:2','2014-08-05 22:59:10','2014-08-05 22:59:10','bfec9adf-736c-43fb-9062-8631feb5f0e7'),
	(72,'editentries:16','2014-08-12 16:56:41','2014-08-12 16:56:41','e6652dec-e061-4968-8159-877f445bc868'),
	(73,'createentries:16','2014-08-12 16:56:41','2014-08-12 16:56:41','0ff4ec6e-b51a-44e8-9f2f-9f6cb10a7b0e'),
	(74,'publishentries:16','2014-08-12 16:56:41','2014-08-12 16:56:41','fa2cdc6b-ddca-4733-9f71-735a79eaaba3'),
	(75,'deleteentries:16','2014-08-12 16:56:41','2014-08-12 16:56:41','ea9080d1-861f-4dd2-a5e8-8e5718141f05'),
	(76,'editpeerentries:16','2014-08-12 16:56:41','2014-08-12 16:56:41','c452fbfd-aff0-4c2e-a664-ab160f0135f3'),
	(77,'publishpeerentries:16','2014-08-12 16:56:41','2014-08-12 16:56:41','dc21f376-7634-41d8-a2c1-9743c266e2f8'),
	(78,'deletepeerentries:16','2014-08-12 16:56:41','2014-08-12 16:56:41','707167d2-5761-422c-a734-3111db2d396d'),
	(79,'editpeerentrydrafts:16','2014-08-12 16:56:41','2014-08-12 16:56:41','270b01f9-0663-44ac-9eea-bb0c226dec57'),
	(80,'publishpeerentrydrafts:16','2014-08-12 16:56:41','2014-08-12 16:56:41','e4785a67-d091-461f-9455-21693bb6f811'),
	(81,'deletepeerentrydrafts:16','2014-08-12 16:56:41','2014-08-12 16:56:41','66c1b060-10c3-42fe-a395-63b272117446');

/*!40000 ALTER TABLE `craft_userpermissions` ENABLE KEYS */;
UNLOCK TABLES;


# Dump of table craft_userpermissions_usergroups
# ------------------------------------------------------------

DROP TABLE IF EXISTS `craft_userpermissions_usergroups`;

CREATE TABLE `craft_userpermissions_usergroups` (
  `id` int(11) NOT NULL AUTO_INCREMENT,
  `permissionId` int(11) NOT NULL,
  `groupId` int(11) NOT NULL,
  `dateCreated` datetime NOT NULL,
  `dateUpdated` datetime NOT NULL,
  `uid` char(36) COLLATE utf8_unicode_ci NOT NULL DEFAULT '0',
  PRIMARY KEY (`id`),
  UNIQUE KEY `craft_userpermissions_usergroups_permissionId_groupId_unq_idx` (`permissionId`,`groupId`),
  KEY `craft_userpermissions_usergroups_groupId_fk` (`groupId`),
  CONSTRAINT `craft_userpermissions_usergroups_groupId_fk` FOREIGN KEY (`groupId`) REFERENCES `craft_usergroups` (`id`) ON DELETE CASCADE,
  CONSTRAINT `craft_userpermissions_usergroups_permissionId_fk` FOREIGN KEY (`permissionId`) REFERENCES `craft_userpermissions` (`id`) ON DELETE CASCADE
) ENGINE=InnoDB DEFAULT CHARSET=utf8 COLLATE=utf8_unicode_ci;

LOCK TABLES `craft_userpermissions_usergroups` WRITE;
/*!40000 ALTER TABLE `craft_userpermissions_usergroups` DISABLE KEYS */;

INSERT INTO `craft_userpermissions_usergroups` (`id`, `permissionId`, `groupId`, `dateCreated`, `dateUpdated`, `uid`)
VALUES
	(171,1,2,'2014-08-05 22:59:11','2014-08-05 22:59:11','a34ac56d-fe5f-4154-b481-18b4d9456757'),
	(172,2,2,'2014-08-05 22:59:11','2014-08-05 22:59:11','f906f750-0260-4038-8500-144e317c75f5'),
	(173,3,2,'2014-08-05 22:59:11','2014-08-05 22:59:11','fc621ad1-5fe8-460a-b65d-13b87bac5c61'),
	(174,16,2,'2014-08-05 22:59:11','2014-08-05 22:59:11','0735be50-b6de-48e9-89c9-f54b8d3ccd16'),
	(175,17,2,'2014-08-05 22:59:11','2014-08-05 22:59:11','dd2acd3d-9edd-47d9-8731-c1bf5f109fe8'),
	(176,18,2,'2014-08-05 22:59:11','2014-08-05 22:59:11','498a7fd5-4754-4aae-87a2-13bb41c4f90a'),
	(177,19,2,'2014-08-05 22:59:11','2014-08-05 22:59:11','21ff4a72-6374-41bf-a386-e5bdd3cf1649'),
	(178,20,2,'2014-08-05 22:59:11','2014-08-05 22:59:11','f1d68bf1-dd69-412a-88e1-9c76245519a7'),
	(179,4,2,'2014-08-05 22:59:11','2014-08-05 22:59:11','adecc667-f6ad-48a8-ba8a-d77e8b164a6e'),
	(180,5,2,'2014-08-05 22:59:11','2014-08-05 22:59:11','38d15b03-bd00-4ad1-981d-ad3c86622b5d'),
	(181,6,2,'2014-08-05 22:59:11','2014-08-05 22:59:11','ec831a3e-22bd-4637-8a20-690caecdfc2b'),
	(182,7,2,'2014-08-05 22:59:11','2014-08-05 22:59:11','5af15367-8b76-43db-a3c1-6d1e812b0efc'),
	(183,31,2,'2014-08-05 22:59:11','2014-08-05 22:59:11','5ef18ad4-9cb3-4d19-8b3c-c8b880dac90e'),
	(184,32,2,'2014-08-05 22:59:11','2014-08-05 22:59:11','9664928d-f70d-4925-921b-62f017d6b46b'),
	(185,33,2,'2014-08-05 22:59:11','2014-08-05 22:59:11','4f2a9fdd-ca15-4a6e-8da9-58a976b28bb4'),
	(186,34,2,'2014-08-05 22:59:11','2014-08-05 22:59:11','44008eaa-dea0-4290-8767-6beab48ccaa4'),
	(187,35,2,'2014-08-05 22:59:11','2014-08-05 22:59:11','caa4b07e-db18-4c10-a517-19f069aaf850'),
	(188,36,2,'2014-08-05 22:59:11','2014-08-05 22:59:11','838daf6e-0edd-4f40-a675-5e7ec67a88f3'),
	(189,41,2,'2014-08-05 22:59:11','2014-08-05 22:59:11','798e73ee-ccb8-4334-9d0e-d20092310c27'),
	(190,42,2,'2014-08-05 22:59:11','2014-08-05 22:59:11','223bd2a1-50db-497f-90bc-4a9a834d7292'),
	(191,43,2,'2014-08-05 22:59:11','2014-08-05 22:59:11','f65261c6-dc04-4303-9c20-13d65e8c2f28'),
	(192,44,2,'2014-08-05 22:59:11','2014-08-05 22:59:11','24f7aeeb-5f71-448d-b224-bd990d233402'),
	(193,45,2,'2014-08-05 22:59:11','2014-08-05 22:59:11','f56b629f-485d-4a51-9b9e-9fadaecad06b'),
	(194,46,2,'2014-08-05 22:59:11','2014-08-05 22:59:11','02d40482-9689-4fff-8ed4-be06fba181ec'),
	(195,47,2,'2014-08-05 22:59:11','2014-08-05 22:59:11','1f8a2977-adbf-4ed9-aee9-e62724a7008b'),
	(196,48,2,'2014-08-05 22:59:11','2014-08-05 22:59:11','bdf46ec4-359c-4d47-b488-d1f86b8243d4'),
	(197,49,2,'2014-08-05 22:59:11','2014-08-05 22:59:11','ba363ed0-e3a5-415f-8109-7311b7db2ba1'),
	(198,50,2,'2014-08-05 22:59:11','2014-08-05 22:59:11','7eeba8fa-b4e9-4b80-8ace-6d8b8e024cb3'),
	(199,51,2,'2014-08-05 22:59:11','2014-08-05 22:59:11','61b55f46-3308-4f81-a244-229cda87c2a1'),
	(200,52,2,'2014-08-05 22:59:11','2014-08-05 22:59:11','6a0bc464-9b1f-4a18-ac01-d7a11418a438'),
	(201,53,2,'2014-08-05 22:59:11','2014-08-05 22:59:11','5eb598b4-10db-4fdb-8aee-3201911ad1af'),
	(202,54,2,'2014-08-05 22:59:11','2014-08-05 22:59:11','666d8877-b71b-429b-833f-840f93c29b2b'),
	(203,55,2,'2014-08-05 22:59:11','2014-08-05 22:59:11','8012711c-314b-4851-837b-8eace9b6aee9'),
	(204,56,2,'2014-08-05 22:59:11','2014-08-05 22:59:11','9def05b1-2bc6-418a-9fa3-60dac594afc4'),
	(205,57,2,'2014-08-05 22:59:11','2014-08-05 22:59:11','57afb49d-7520-4234-820f-0b4c211b09af'),
	(206,58,2,'2014-08-05 22:59:11','2014-08-05 22:59:11','a88e2790-6e2d-47b0-9871-ab7d5809727f'),
	(207,59,2,'2014-08-05 22:59:11','2014-08-05 22:59:11','e328278c-2d28-4858-84c0-1cf4ba4b3503'),
	(208,60,2,'2014-08-05 22:59:11','2014-08-05 22:59:11','9b8f8072-726b-4d19-af08-561e06588781'),
	(209,37,2,'2014-08-05 22:59:11','2014-08-05 22:59:11','35f05ac3-8c7c-46d5-befd-c46836b74170'),
	(210,38,2,'2014-08-05 22:59:11','2014-08-05 22:59:11','7f8cae7d-e9f6-415b-b7f4-54dfca86f20f'),
	(211,39,2,'2014-08-05 22:59:11','2014-08-05 22:59:11','a9d4567e-47db-4314-942e-e1a3ef0d3773'),
	(212,70,2,'2014-08-05 22:59:11','2014-08-05 22:59:11','f05c673d-3087-4dda-9e7e-492de16ff694'),
	(213,61,2,'2014-08-05 22:59:11','2014-08-05 22:59:11','06721c23-3b3c-4f8b-9e47-2c57a0d2d316'),
	(214,71,2,'2014-08-05 22:59:11','2014-08-05 22:59:11','72acfaef-25d2-43c0-a1ce-aafdec113e70'),
	(215,8,2,'2014-08-05 22:59:11','2014-08-05 22:59:11','963d187b-aba2-4672-bd58-c041ee5987b4'),
	(216,9,2,'2014-08-05 22:59:11','2014-08-05 22:59:11','db643f7a-c22f-4fc7-b529-900323edde5e'),
	(217,10,2,'2014-08-05 22:59:11','2014-08-05 22:59:11','19ad32a8-6efe-4508-b81e-a2caafd3e286'),
	(218,40,2,'2014-08-05 22:59:11','2014-08-05 22:59:11','1eceef3d-f17c-45bb-b9f4-5a2d44c74cdb'),
	(219,62,2,'2014-08-05 22:59:11','2014-08-05 22:59:11','662b2c6b-67f3-47a4-ac20-f95880b0d3e6'),
	(220,63,2,'2014-08-05 22:59:11','2014-08-05 22:59:11','23eca0d0-61a1-4f4f-a0ff-99b344fa43fc'),
	(221,64,2,'2014-08-05 22:59:11','2014-08-05 22:59:11','c1bece42-1b89-4c41-aa3c-0d16a9e8a2cd'),
	(222,65,2,'2014-08-05 22:59:11','2014-08-05 22:59:11','870a0e20-cfe6-44c9-b6db-3b8ed2cd305c'),
	(223,66,2,'2014-08-05 22:59:11','2014-08-05 22:59:11','3fb446ae-712e-4b84-a148-90e888da59e4'),
	(224,67,2,'2014-08-05 22:59:11','2014-08-05 22:59:11','0a0252da-f470-4580-a171-0e227c4a5148'),
	(225,68,2,'2014-08-05 22:59:11','2014-08-05 22:59:11','106bac5d-af50-4d89-b0a7-4d632aa28558'),
	(226,69,2,'2014-08-05 22:59:11','2014-08-05 22:59:11','81a3cbac-e1d1-479d-97ea-f395387a4dbc'),
	(227,1,3,'2014-08-05 23:00:19','2014-08-05 23:00:19','c20388c0-17cf-4703-b04e-25168f0ae763'),
	(228,2,3,'2014-08-05 23:00:19','2014-08-05 23:00:19','e8ad5836-b0db-4103-836b-af5348f0de06'),
	(229,3,3,'2014-08-05 23:00:19','2014-08-05 23:00:19','335f9709-8ead-4254-9143-e2a423e6522c'),
	(230,4,3,'2014-08-05 23:00:19','2014-08-05 23:00:19','67b41678-f536-41c4-9220-64811a4dcc47'),
	(231,5,3,'2014-08-05 23:00:19','2014-08-05 23:00:19','12dba6b5-cc79-49ea-b90d-43f53f455a2a'),
	(232,6,3,'2014-08-05 23:00:19','2014-08-05 23:00:19','c8744f3b-654e-4e40-8962-85bb0721e069'),
	(233,7,3,'2014-08-05 23:00:19','2014-08-05 23:00:19','8f004f16-4f66-4b45-bfc3-ad0245a2bdb4'),
	(234,31,3,'2014-08-05 23:00:19','2014-08-05 23:00:19','00d1d710-95fa-4115-aa21-6bd56b6107bb'),
	(235,32,3,'2014-08-05 23:00:19','2014-08-05 23:00:19','f663d2a4-6684-4252-aeae-11d0422cfdd0'),
	(236,33,3,'2014-08-05 23:00:19','2014-08-05 23:00:19','1decd20f-1922-4ad2-aa97-5b9859bf1220'),
	(237,34,3,'2014-08-05 23:00:19','2014-08-05 23:00:19','056c08db-0c21-4a0d-b50a-1c8e80e5adec'),
	(238,35,3,'2014-08-05 23:00:19','2014-08-05 23:00:19','207875a0-6ece-4191-a1eb-e9a79072730c'),
	(239,36,3,'2014-08-05 23:00:19','2014-08-05 23:00:19','c6362c54-d2e5-484e-813c-928d51aefdfd'),
	(240,41,3,'2014-08-05 23:00:19','2014-08-05 23:00:19','ad67f506-58d9-423a-a37e-5ef9caab7c81'),
	(241,42,3,'2014-08-05 23:00:19','2014-08-05 23:00:19','5b158034-6c6e-410b-aaf8-7adad6e72c6d'),
	(242,43,3,'2014-08-05 23:00:19','2014-08-05 23:00:19','abc77deb-f9e0-4062-ba64-8e6b2212785e'),
	(243,44,3,'2014-08-05 23:00:19','2014-08-05 23:00:19','1c2e48ae-2e4d-4700-88c0-8ee056ba04f1'),
	(244,45,3,'2014-08-05 23:00:19','2014-08-05 23:00:19','7f5d6d38-b616-4cae-a09f-0eef3bf86611'),
	(245,8,3,'2014-08-05 23:00:19','2014-08-05 23:00:19','a511f5a4-0aae-4969-b696-5982283e1418'),
	(246,9,3,'2014-08-05 23:00:19','2014-08-05 23:00:19','c0eb5bc9-2216-4c66-96c7-33ca42a29426'),
	(247,10,3,'2014-08-05 23:00:19','2014-08-05 23:00:19','5fedb94b-aa20-45bd-a8c5-babf38354ce9'),
	(248,40,3,'2014-08-05 23:00:19','2014-08-05 23:00:19','4c2de6dc-3b73-4fb0-a3b6-9754238c74c2'),
	(249,1,1,'2014-08-05 23:00:41','2014-08-05 23:00:41','30a5d87f-9bcb-498e-807b-df841136fa1e'),
	(250,2,1,'2014-08-05 23:00:41','2014-08-05 23:00:41','84a94df6-c2f0-441b-a841-72176543b6cb'),
	(251,3,1,'2014-08-05 23:00:41','2014-08-05 23:00:41','65e0b678-320e-4342-b6bb-2aacbe160b14'),
	(252,4,1,'2014-08-05 23:00:41','2014-08-05 23:00:41','eb47e9bc-658d-417f-b2d4-566596be27dc'),
	(253,5,1,'2014-08-05 23:00:41','2014-08-05 23:00:41','c339f2ef-5c25-4460-b91e-bb81818df3de'),
	(254,7,1,'2014-08-05 23:00:41','2014-08-05 23:00:41','aeb47cab-b590-4546-9cb4-6a29af87077d'),
	(255,8,1,'2014-08-05 23:00:41','2014-08-05 23:00:41','875d1afd-af18-4c86-ad2e-0fa2158da515'),
	(256,9,1,'2014-08-05 23:00:41','2014-08-05 23:00:41','18a43b4f-b76b-4f9d-b5db-c16f1b407fdf'),
	(257,1,4,'2014-08-12 16:56:41','2014-08-12 16:56:41','eaee5947-c08e-4e22-94b6-97801646d9af'),
	(258,2,4,'2014-08-12 16:56:41','2014-08-12 16:56:41','c1382744-b101-4759-bceb-b8a31df43eb1'),
	(259,3,4,'2014-08-12 16:56:41','2014-08-12 16:56:41','c805cd24-a136-43e1-be1a-8201421b0ab0'),
	(260,72,4,'2014-08-12 16:56:41','2014-08-12 16:56:41','0d9fb787-7824-4dca-98b6-ac7bb5614719'),
	(261,73,4,'2014-08-12 16:56:41','2014-08-12 16:56:41','ae27f90f-f4c8-407c-afb6-6e6d383b2053'),
	(262,74,4,'2014-08-12 16:56:41','2014-08-12 16:56:41','529858db-ed8f-4500-998a-5d2c37dbdd46'),
	(263,75,4,'2014-08-12 16:56:41','2014-08-12 16:56:41','22b47672-fc3e-4df0-9530-dc003f2a5282'),
	(264,76,4,'2014-08-12 16:56:41','2014-08-12 16:56:41','b00156f5-52a4-460b-ae66-4f0f5825850a'),
	(265,77,4,'2014-08-12 16:56:41','2014-08-12 16:56:41','2ed329f3-90d4-421e-a856-3f214aa716a3'),
	(266,78,4,'2014-08-12 16:56:41','2014-08-12 16:56:41','f3e3d5f5-7059-4af6-abb1-00090e2706da'),
	(267,79,4,'2014-08-12 16:56:41','2014-08-12 16:56:41','1f61aedf-036c-4256-b66f-9b0784159d39'),
	(268,80,4,'2014-08-12 16:56:41','2014-08-12 16:56:41','ce7da64b-3fad-47c4-acbc-25506fa8b825'),
	(269,81,4,'2014-08-12 16:56:41','2014-08-12 16:56:41','d05caf16-0ac9-4fef-8345-f39705b437df');

/*!40000 ALTER TABLE `craft_userpermissions_usergroups` ENABLE KEYS */;
UNLOCK TABLES;


# Dump of table craft_userpermissions_users
# ------------------------------------------------------------

DROP TABLE IF EXISTS `craft_userpermissions_users`;

CREATE TABLE `craft_userpermissions_users` (
  `id` int(11) NOT NULL AUTO_INCREMENT,
  `permissionId` int(11) NOT NULL,
  `userId` int(11) NOT NULL,
  `dateCreated` datetime NOT NULL,
  `dateUpdated` datetime NOT NULL,
  `uid` char(36) COLLATE utf8_unicode_ci NOT NULL DEFAULT '0',
  PRIMARY KEY (`id`),
  UNIQUE KEY `craft_userpermissions_users_permissionId_userId_unq_idx` (`permissionId`,`userId`),
  KEY `craft_userpermissions_users_userId_fk` (`userId`),
  CONSTRAINT `craft_userpermissions_users_permissionId_fk` FOREIGN KEY (`permissionId`) REFERENCES `craft_userpermissions` (`id`) ON DELETE CASCADE,
  CONSTRAINT `craft_userpermissions_users_userId_fk` FOREIGN KEY (`userId`) REFERENCES `craft_users` (`id`) ON DELETE CASCADE
) ENGINE=InnoDB DEFAULT CHARSET=utf8 COLLATE=utf8_unicode_ci;



# Dump of table craft_users
# ------------------------------------------------------------

DROP TABLE IF EXISTS `craft_users`;

CREATE TABLE `craft_users` (
  `id` int(11) NOT NULL,
  `username` varchar(100) COLLATE utf8_unicode_ci NOT NULL,
  `photo` varchar(50) COLLATE utf8_unicode_ci DEFAULT NULL,
  `firstName` varchar(100) COLLATE utf8_unicode_ci DEFAULT NULL,
  `lastName` varchar(100) COLLATE utf8_unicode_ci DEFAULT NULL,
  `email` varchar(255) COLLATE utf8_unicode_ci NOT NULL,
  `password` char(255) COLLATE utf8_unicode_ci DEFAULT NULL,
  `preferredLocale` char(12) COLLATE utf8_unicode_ci DEFAULT NULL,
  `admin` tinyint(1) unsigned NOT NULL DEFAULT '0',
  `client` tinyint(1) unsigned NOT NULL DEFAULT '0',
  `status` enum('active','locked','suspended','pending','archived') COLLATE utf8_unicode_ci DEFAULT 'pending',
  `lastLoginDate` datetime DEFAULT NULL,
  `lastLoginAttemptIPAddress` varchar(45) COLLATE utf8_unicode_ci DEFAULT NULL,
  `invalidLoginWindowStart` datetime DEFAULT NULL,
  `invalidLoginCount` tinyint(4) unsigned DEFAULT NULL,
  `lastInvalidLoginDate` datetime DEFAULT NULL,
  `lockoutDate` datetime DEFAULT NULL,
  `verificationCode` char(100) COLLATE utf8_unicode_ci DEFAULT NULL,
  `verificationCodeIssuedDate` datetime DEFAULT NULL,
  `unverifiedEmail` varchar(255) COLLATE utf8_unicode_ci DEFAULT NULL,
  `passwordResetRequired` tinyint(1) unsigned NOT NULL DEFAULT '0',
  `lastPasswordChangeDate` datetime DEFAULT NULL,
  `dateCreated` datetime NOT NULL,
  `dateUpdated` datetime NOT NULL,
  `uid` char(36) COLLATE utf8_unicode_ci NOT NULL DEFAULT '0',
  PRIMARY KEY (`id`),
  UNIQUE KEY `craft_users_username_unq_idx` (`username`),
  UNIQUE KEY `craft_users_email_unq_idx` (`email`),
  KEY `craft_users_verificationCode_idx` (`verificationCode`),
  KEY `craft_users_uid_idx` (`uid`),
  KEY `craft_users_preferredLocale_fk` (`preferredLocale`),
  CONSTRAINT `craft_users_id_fk` FOREIGN KEY (`id`) REFERENCES `craft_elements` (`id`) ON DELETE CASCADE,
  CONSTRAINT `craft_users_preferredLocale_fk` FOREIGN KEY (`preferredLocale`) REFERENCES `craft_locales` (`locale`) ON DELETE SET NULL ON UPDATE CASCADE
) ENGINE=InnoDB DEFAULT CHARSET=utf8 COLLATE=utf8_unicode_ci;

LOCK TABLES `craft_users` WRITE;
/*!40000 ALTER TABLE `craft_users` DISABLE KEYS */;

INSERT INTO `craft_users` (`id`, `username`, `photo`, `firstName`, `lastName`, `email`, `password`, `preferredLocale`, `admin`, `client`, `status`, `lastLoginDate`, `lastLoginAttemptIPAddress`, `invalidLoginWindowStart`, `invalidLoginCount`, `lastInvalidLoginDate`, `lockoutDate`, `verificationCode`, `verificationCodeIssuedDate`, `unverifiedEmail`, `passwordResetRequired`, `lastPasswordChangeDate`, `dateCreated`, `dateUpdated`, `uid`)
VALUES
	(1,'admin',NULL,'Admin','Someone','adam@startingnow.co','$2a$13$J40EoT0l.rRACLOAFD7vS.qTKqlefUuNUo1OzH1iVdn0OYWsfTIEG','en_us',1,0,'active','2014-08-15 21:54:38','fe80::1',NULL,NULL,'2014-07-22 14:32:52',NULL,NULL,NULL,NULL,0,'2014-07-16 22:00:59','2014-07-16 22:01:00','2014-08-15 21:54:38','f96abbab-162c-4122-b33b-6c618638b67c'),
	(41,'snetman','as-sm.png','Adam','Snetman','snetman@gmail.com','$2a$13$nlItkWPbRgzVshqv8Qf1mOoOK0VuiK.xgf4u6DNGDD4QpX9mvam5y','en_us',0,0,'active','2014-07-22 16:33:56','::1',NULL,NULL,NULL,NULL,NULL,NULL,NULL,0,'2014-07-22 14:33:52','2014-07-22 14:30:29','2014-07-22 16:33:56','ffd8c633-bab2-43eb-b76f-3cfe2c89d85a');

/*!40000 ALTER TABLE `craft_users` ENABLE KEYS */;
UNLOCK TABLES;


# Dump of table craft_widgets
# ------------------------------------------------------------

DROP TABLE IF EXISTS `craft_widgets`;

CREATE TABLE `craft_widgets` (
  `id` int(11) NOT NULL AUTO_INCREMENT,
  `userId` int(11) NOT NULL,
  `type` varchar(150) COLLATE utf8_unicode_ci NOT NULL,
  `sortOrder` tinyint(4) DEFAULT NULL,
  `settings` text COLLATE utf8_unicode_ci,
  `enabled` tinyint(1) unsigned NOT NULL DEFAULT '1',
  `dateCreated` datetime NOT NULL,
  `dateUpdated` datetime NOT NULL,
  `uid` char(36) COLLATE utf8_unicode_ci NOT NULL DEFAULT '0',
  PRIMARY KEY (`id`),
  KEY `craft_widgets_userId_fk` (`userId`),
  CONSTRAINT `craft_widgets_userId_fk` FOREIGN KEY (`userId`) REFERENCES `craft_users` (`id`) ON DELETE CASCADE
) ENGINE=InnoDB DEFAULT CHARSET=utf8 COLLATE=utf8_unicode_ci;

LOCK TABLES `craft_widgets` WRITE;
/*!40000 ALTER TABLE `craft_widgets` DISABLE KEYS */;

INSERT INTO `craft_widgets` (`id`, `userId`, `type`, `sortOrder`, `settings`, `enabled`, `dateCreated`, `dateUpdated`, `uid`)
VALUES
	(1,1,'QuickPost',1,'{\"section\":\"2\"}',1,'2014-07-16 22:01:04','2014-07-16 22:01:04','de28a0c5-9f70-4680-9992-ffd3caf4ca98'),
	(2,1,'RecentEntries',2,NULL,1,'2014-07-16 22:01:04','2014-07-16 22:01:04','4121288c-6032-4821-83b9-00ba8281ba0b'),
	(3,1,'GetHelp',3,NULL,1,'2014-07-16 22:01:04','2014-07-16 22:01:04','60fc29c6-aab6-4a02-8205-f526b7204fec'),
	(4,1,'Updates',4,NULL,1,'2014-07-16 22:01:04','2014-07-16 22:01:04','25f8ba8d-e591-44c8-84f3-2ebeb787eff1'),
	(5,1,'Feed',5,'{\"url\":\"http:\\/\\/feeds.feedburner.com\\/blogandtonic\",\"title\":\"Blog & Tonic\"}',0,'2014-07-16 22:01:04','2014-07-17 20:21:31','2a7b6816-99bf-4730-9193-2b6db23d3934'),
	(6,41,'QuickPost',1,'{\"section\":\"3\"}',1,'2014-07-22 14:31:10','2014-07-22 14:31:10','66fb1d60-d528-4e64-8b31-0b2b34681b8b'),
	(7,41,'RecentEntries',2,NULL,1,'2014-07-22 14:31:10','2014-07-22 14:31:10','cfcf9378-a834-4f1f-af1d-b60779adc02b'),
	(8,41,'Feed',3,'{\"url\":\"http:\\/\\/feeds.feedburner.com\\/blogandtonic\",\"title\":\"Blog & Tonic\"}',0,'2014-07-22 14:31:10','2014-07-22 14:31:38','c6d3f189-4e9e-4582-91a9-694b320b4ec1');

/*!40000 ALTER TABLE `craft_widgets` ENABLE KEYS */;
UNLOCK TABLES;



/*!40111 SET SQL_NOTES=@OLD_SQL_NOTES */;
/*!40101 SET SQL_MODE=@OLD_SQL_MODE */;
/*!40014 SET FOREIGN_KEY_CHECKS=@OLD_FOREIGN_KEY_CHECKS */;
/*!40101 SET CHARACTER_SET_CLIENT=@OLD_CHARACTER_SET_CLIENT */;
/*!40101 SET CHARACTER_SET_RESULTS=@OLD_CHARACTER_SET_RESULTS */;
/*!40101 SET COLLATION_CONNECTION=@OLD_COLLATION_CONNECTION */;
